judul_listing,harga,luas_tanah,luas_bangunan,kamar_tidur,kamar_mandi,lantai,carport,furnished,latitude,longitude,sumber_data
Dijual Rumah Komersil Tengah Kota Surabaya,23000000000,571.0,600.0,9.0,3.0,2.0,2.0,Unfurnished,-7.28917,112.734,rumah123
"Dijual Rumah Baru Gress Dharmahusada Indah, Surabaya Timur",18000000000,600.0,450.0,4.0,5.0,2.0,2.0,Unfurnished,-7.27396,112.748192,rumah123
"Rumah untuk Usaha Jl Sumbawa, Gubeng Sby Utk Kantor, Usaha Lain2",18000000000,571.0,638.0,17.0,3.0,2.0,2.0,Unfurnished,-7.27396,112.74819,rumah123
Rumah Hitung Tanah Jln Biliton Pusat Kota Dimensi 12X45 Meter Bangunan 1 Lantai Dekat Stasiun Gubeng,14000000000,540.0,500.0,2.0,1.0,1.0,4.0,Unfurnished,-7.271999100118336,112.7505408507024,rumah123
"Rumah Komersial Gubeng,Biliton Kertajaya",6600000000,440.0,550.0,5.0,4.0,2.0,1.0,Unfurnished,-7.27396,112.748192,rumah123
"Murah Siap Huni Mojoarum, Dekat Unair, Galaxy Mall, Merr",3250000000,300.0,500.0,2.0,4.0,2.0,,Unfurnished,,,rumah123
"Tinggal 3 Unit ❗❗Dijual Rumah Japandi Modern, Semi Furnished, Siap Huni",2750000000,100.0,175.0,3.0,3.0,2.0,2.0,Semi Furnished,-7.27396,112.748192,rumah123
Jual Rumah Mewah di Graha Family,21000000000,731.0,1000.0,5.0,5.0,5.0,1.0,Unfurnished,,,rumah123
"Dijual Rumah L200m Mojoklangru Surabaya Dekat Rs Mitra, Stasiun - Bandara",3700000000,200.0,320.0,6.0,4.0,2.0,2.0,Unfurnished,-7.27396,112.748192,rumah123
Dijual Rumah Second 2Lt Mojoklamgru,2400000000,150.0,200.0,4.0,3.0,2.0,1.0,Unfurnished,-7.27396,112.748192,rumah123
Dijual cepat rumah di jalan Nias,23500000000,928.0,700.0,5.0,4.0,1.0,,Unfurnished,-7.27396,112.74819,rumah123
Mojoklanggru Kidul Besar 2Lt Area Dharmahusada,10200000000,1000.0,1000.0,6.0,7.0,2.0,4.0,Unfurnished,-7.27396,112.74819,rumah123
Dijual Cepat Rumah Ngagel Wasana Siap Huni dengan Lokasi Strategis,1250000000,60.0,50.0,2.0,2.0,1.0,1.0,Unfurnished,-7.27396,112.748192,rumah123
"Rumah Lama Terawat di Bratang, Kec Gubeng Dekat Pusat Kota Surabaya Surat Ijo 2 Lantai",2000000000,297.0,250.0,6.0,2.0,2.0,2.0,Unfurnished,-7.27396,112.748192,rumah123
"Rumah Ngagel Jaya - Cocok Cafe, Pujasera, Klinik, Kos & Depot",2800000000,238.0,300.0,,3.0,1.0,,Unfurnished,-7.292659637005286,112.755213052194,rumah123
"Murah Dijual Rumah Pusat Kota Jalan Sumatra, Gubeng, Surabaya",14000000000,437.0,388.0,,6.0,1.0,2.0,Unfurnished,-7.27396,112.748192,rumah123
"Murah Dijual Rumah Ex Kantor Jalan Lombok, Gubeng. Flores Bawean",11000000000,396.0,410.0,6.0,3.0,2.0,3.0,Unfurnished,-7.27396,112.74819,rumah123
"Rumah Pondok Benowo Indah, On Progress, SHM, Dekat Tol",875000000,97.0,140.0,3.0,3.0,2.0,1.0,Unfurnished,-7.23213,112.630142,rumah123
Rumah Baru Ready Unit Benowo Surabaya Dekat Gelora Bung Tomo,550000000,66.0,36.0,2.0,1.0,1.0,1.0,Unfurnished,-7.23213,112.630142,rumah123
"Dijual Rumah Jl. Klakah Rejo , Kelurahan Kandangan Kecamatan Benowo. Surabaya",1750000000,150.0,150.0,3.0,1.0,1.0,1.0,Unfurnished,-7.23213,112.630142,rumah123
Rumah Baru Minimalis Pondok Benowo Indah Jalan Lebar & Strategis,975000000,99.0,150.0,3.0,3.0,2.0,,Unfurnished,-7.24168197366096,112.62865145766892,rumah123
Rumah 3 Lantai Di Perumahan Surabaya Barat Dijual Murah,1800000000,119.0,200.0,4.0,5.0,4.0,,Unfurnished,-7.23213,112.63014,rumah123
Perumahan Tanpa DP Dekat Gelora Bung Tomo,633000000,60.0,36.0,2.0,1.0,1.0,1.0,Unfurnished,-7.23213,112.630142,rumah123
Rumah Siap Huni di Perumahan Dekat Stadion Gelora Bung Tomo,550000000,96.0,84.0,3.0,1.0,1.0,1.0,Unfurnished,-7.23213,112.63014,rumah123
Rumah Mewah Dekat Gelora Bung Tomo,863000000,84.0,45.0,2.0,1.0,1.0,1.0,Unfurnished,-7.23213,112.630142,rumah123
Rumah Baru Gress SHM Selangkah ke Citraland Northwest,285000000,48.0,38.0,2.0,1.0,1.0,1.0,Unfurnished,-7.23213,112.630142,rumah123
Harga Ambyar-Jual Serius-Rmh Jl Kendung Benowo!!,700000000,67.0,134.0,3.0,3.0,2.0,1.0,Unfurnished,-7.23213,112.630142,rumah123
Dijual Rumah 1 Lantai Daerah Sememi Kondisi Bagus,550000000,62.0,40.0,2.0,1.0,1.0,1.0,Unfurnished,-7.23213,112.630142,rumah123
Gading Mutiara Permai. Mepet Benowo Sby Siap Huni Ekonomis,550000000,84.0,63.0,2.0,2.0,1.0,1.0,Unfurnished,-7.23213,112.63014,rumah123
Dijual Rumah 2 Lantai Lokasi Strategis di Palm Oasis Surabaya Barat,1100000000,84.0,108.0,3.0,2.0,2.0,1.0,Unfurnished,-7.23213,112.630142,rumah123
Dijual Rumah 2 Lantai Griya Citra Asri Benowo Surabaya,900000000,72.0,131.0,2.0,2.0,2.0,1.0,Unfurnished,-7.23213,112.63014,rumah123
Dijual Rumah 2.lantai Lokasi Pondok Benowo Indah,790000000,90.0,160.0,4.0,2.0,2.0,1.0,Unfurnished,-7.23213,112.630142,rumah123
"Rumah di Benowo Kepatihan Perbatasan Surabaya Barat Type Lyra Hadap Selatan, Row Jalan 8 Meter Kabel Underground",519000000,60.0,36.0,2.0,1.0,1.0,,Unfurnished,-7.23213,112.630142,rumah123
Butuh Cepat Laku Rumah SHM Murah Swp Residence Benowo,450000000,72.0,42.0,2.0,1.0,1.0,1.0,Unfurnished,,,rumah123
Rumah 2 Lantai Pantai Mentari Lantai Granit Rangka Galvalum Row Jalan Lebar,2000000000,136.0,146.0,4.0,3.0,2.0,1.0,Unfurnished,-7.240977,112.79512,rumah123
Rumah Pantai Mentari Baru Gress 2 Lantai Siap Huni SHM Sanitary Toto,1850000000,90.0,135.0,5.0,4.0,2.0,2.0,Unfurnished,-7.240977,112.79512,rumah123
"Dijual Rumah Modern Minimalis, Pantai Mentari",1770000000,102.0,101.0,3.0,2.0,2.0,2.0,Semi Furnished,-7.240977,112.79512,rumah123
Dijual Rumah Pantai Mentari! 2 LT! Nego!,1850000000,90.0,135.0,4.0,3.0,2.0,2.0,Unfurnished,-7.240977,112.79512,rumah123
"Dijual Rumah Baru - Setro Utara, Tambaksari Surabaya Timur",600000000,65.0,60.0,2.0,1.0,1.0,1.0,Unfurnished,-7.240977,112.79512,rumah123
Dijual Rumah Gading Intang Utara Bulak Surabaya,950000000,166.0,125.0,3.0,1.0,1.0,1.0,Unfurnished,-7.28917,112.734,rumah123
"Dijual Rumah Pantai Mentari 2 Lantai Terawat, Bersih & Siap Huni Surabaya",2350000000,153.0,194.0,4.0,3.0,2.0,2.0,Semi Furnished,-7.240977,112.79512,rumah123
Dijual Rumah Pantai Mentari Cluster Depan Dekat Kenjeran,1000000000,72.0,50.0,3.0,1.0,1.0,1.0,Unfurnished,-7.28917,112.734,rumah123
"Dijual disewakan Rumah Pantai Mentari Hampton Regency, Surabaya",3500000000,187.0,200.0,3.0,2.0,2.0,1.0,Semi Furnished,-7.2409767,112.7951194,rumah123
"Rumah 1 Lantaisiap Huni Pantai Mentari Row Jalan Besar Dekat Raya Kenjeran, Pakuwon City",1600000000,120.0,120.0,2.0,1.0,1.0,2.0,Unfurnished,-7.240977,112.79512,rumah123
Rumah Pantai Mentari NEW GRESS MINIMALIS STRATEGIS MODERN,1950000000,90.0,135.0,4.0,3.0,2.0,,Unfurnished,-7.240977,112.79512,rumah123
Dijual Rumah 2Lt Baru Renovasi di Pantai Mentari Siap Huni,1500000000,108.0,150.0,2.0,2.0,2.0,1.0,Unfurnished,-7.240977,112.79512,rumah123
Jual Rumah Surabaya di Pantai Mentari,3500000000,250.0,300.0,3.0,2.0,2.0,,Unfurnished,-7.240977,112.79512,rumah123
"Dijual Rumah Bagus, Kokoh,Gress di Pantai Mentari Kenjeran",5000000000,240.0,300.0,4.0,3.0,2.0,2.0,Unfurnished,-7.28917,112.734,rumah123
Dijual Rumah Pantai Mentari Baru Gress,1850000000,90.0,135.0,4.0,3.0,2.0,2.0,Unfurnished,-7.240977,112.79512,rumah123
"Rumah Pantai Mentari Claster Pasific Regency , Sby ( Rumah Sebelahan)",2200000000,102.0,156.0,3.0,3.0,2.0,2.0,Unfurnished,-7.240977,112.79512,rumah123
"Rumah Pantai Mentari Claster Pasific Regency , Sby",2200000000,102.0,156.0,3.0,3.0,2.0,2.0,Unfurnished,-7.240977,112.79512,rumah123
"Pantai Mentari, Rumah, Butuh Renovasi, SHM - Sertifikat Hak Milik",1450000000,120.0,120.0,3.0,2.0,1.0,1.0,Unfurnished,-7.2409768104553,112.79512023926,rumah123
"Pantai Mentari, Rumah, SHM - Sertifikat Hak Milik",2350000000,153.0,194.0,4.0,3.0,2.0,2.0,Unfurnished,-7.2409768104553,112.79512023926,rumah123
"Dijual Rumah Tengah Kota Jalan Kapuas, Surabaya",30000000000,685.0,252.0,6.0,3.0,2.0,2.0,Semi Furnished,-7.304,112.731598,rumah123
Rumah Usaha Jual Raya Diponegoro Sebelah Hotel Oval Murah,31900000000,800.0,1000.0,2.0,2.0,1.0,5.0,Unfurnished,-7.304,112.731598,rumah123
"RUMAH DIJUAL, Jl.Progo no.16 Surabaya, dekat Taman Bungkul",28000000000,827.0,475.0,4.0,2.0,1.0,1.0,Unfurnished,-7.304,112.731598,rumah123
Dijual Rumah Belanda di Pusat Kota Surabaya Raya Darmo Siap Huni,9000000000,420.0,300.0,6.0,2.0,1.0,,Unfurnished,-7.304,112.731598,rumah123
Jual Rumah Dekat Royal Plaza Di Surabaya,3000000000,240.0,300.0,5.0,5.0,2.0,2.0,Unfurnished,-7.304,112.731598,rumah123
Jual Rumah 2 Lantai Di Mangkunegara Surabaya,8000000000,426.0,600.0,5.0,5.0,2.0,6.0,Unfurnished,-7.304,112.731598,rumah123
Jual Rumah 2 Lantai Dekat Mall Royal Plaza Surabaya,2700000000,240.0,200.0,6.0,4.0,2.0,1.0,Unfurnished,-7.304,112.731598,rumah123
Jual Rumah Hook Ngagel 1 Lantai,1100000000,144.0,80.0,3.0,2.0,1.0,1.0,Unfurnished,-7.304,112.731598,rumah123
"Termurah Dijual Rumah Regency Kuda Dua, Jagir, Wonokromo",1750000000,144.0,200.0,3.0,3.0,2.0,,Unfurnished,-7.304,112.731598,rumah123
Rumah Strategis 2 Lantai Dekat Plaza Marina,1800000000,135.0,200.0,5.0,4.0,2.0,1.0,Unfurnished,-7.304,112.731598,rumah123
RUMAH 1.5 LT DI JL BENGAWAN SURABAYA,53000000000,1511.0,1000.0,13.0,4.0,1.0,,Unfurnished,,,rumah123
Dijual Rumah Cocok untuk Usaha Jalan Raya Tengah Kota Surabaya Rev.a1132,12000000000,437.0,339.0,8.0,4.0,1.0,,Unfurnished,-7.304,112.731598,rumah123
Dijual Rumah Mewah di Jalan Prapanca Surabaya Pusat,20000000000,708.0,500.0,20.0,1.0,3.0,,Unfurnished,-7.304,112.731598,rumah123
Dijual Rumah Purimas,1100000000,81.0,60.0,2.0,2.0,1.0,,Unfurnished,-7.304,112.731598,rumah123
"Rumah Lama Strategis di Jalan Bengawan, Butuh Renov, Strategis Dekat Perkantoran",9250000000,306.0,150.0,3.0,4.0,1.0,,Unfurnished,-7.304,112.731598,rumah123
Dijual Rumah Murah di Pusat Kota Jl Ogan (N N),4000000000,253.0,260.0,6.0,1.0,1.0,1.0,Unfurnished,-7.304,112.731598,rumah123
"For Sale! Rumah Jl Ciliwung, Surabaya Pusat - Bangunan 1 Lantai",20000000000,626.0,300.0,5.0,2.0,1.0,2.0,Unfurnished,-7.304,112.7316,rumah123
Dijual Rumah Pusat Kota Surabaya Daerah Wr Supratman,12000000000,486.0,165.0,3.0,2.0,2.0,1.0,Semi Furnished,-7.27355,112.737457,rumah123
Dijual Rumah 2 Lantai Daerah Pusat Kota Surabaya Daerah Kedungsari,7000000000,399.0,500.0,6.0,3.0,2.0,2.0,Unfurnished,-7.27355,112.737457,rumah123
Dijual Rumah Pusat Kota Surabaya,22000000000,619.0,302.0,8.0,4.0,1.0,4.0,Unfurnished,-7.27355,112.737457,rumah123
Dijual Rumah 1 Lantai Pusat Kota Surabaya Area Komersial,20000000000,670.0,535.0,2.0,2.0,1.0,2.0,Unfurnished,-7.27355,112.737457,rumah123
"Rumah Sam Ratulangi Surabaya Kota, SHM, Cocok untuk Gudang Tempat Tinggal Cafe Kantor",11000000000,556.0,480.0,4.0,2.0,1.0,4.0,Unfurnished,-7.27355,112.737457,rumah123
"Rumah Jl. Dinoyo 633.m2- Super Strategis Surabaya Pusat. Hitung Tanah. Lt 633 M² ± 15 X 40 | Lb ± 600 M² ( 1.5 Lantai ) | Shm | Hdp Timur. Sederet Suzana Bakery. Univ Widya Mandala. Rumah Rumah di Jl. Dinoyo, Keputran, Kec. Tegalsari, Surabaya, Jawa Timur",16000000000,633.0,500.0,7.0,6.0,2.0,1.0,Semi Furnished,-7.27355,112.73746,rumah123
"Paling Murah Rumah Hitung Tanah Jalan Raya Kartini, Surabaya",17000000000,660.0,400.0,4.0,3.0,1.0,2.0,Unfurnished,-7.27355,112.737457,rumah123
Jual Rumah Mewah Cokroaminoto Surabaya Bangunan Baru,17000000000,580.0,750.0,9.0,9.0,2.0,2.0,Furnished,-7.27355,112.737457,rumah123
"Rumah Murah Hitung Tanah & Strategis di Tegalsari, Surabaya",27000000000,799.0,573.0,3.0,1.0,1.0,,Unfurnished,-7.27355,112.737457,rumah123
Cempaka Pusat Kota Surabaya,30000000000,1080.0,1200.0,6.0,5.0,2.0,2.0,Unfurnished,-7.27355,112.737457,rumah123
Raya Pandegiling Pusat Kota Surabaya,8600000000,745.0,300.0,2.0,2.0,1.0,,Unfurnished,-7.27355,112.737457,rumah123
Rumah Di Raya Darmo,16500000000,580.0,750.0,8.0,8.0,2.0,,Unfurnished,-7.27355,112.73746,rumah123
Edisi Rumah Pusat Kota Cocok Buat Kost² An,13000000000,434.0,524.0,14.0,6.0,3.0,1.0,Unfurnished,-7.267185814193013,112.7355234665797,rumah123
JUAL/SEWA RUMAH RAYA DARMO,52000000000,832.0,260.0,4.0,2.0,2.0,,Unfurnished,,,rumah123
Dijual Rumah Dijalan Kedungsari Surabaya,7500000000,396.0,500.0,6.0,2.0,1.0,,Unfurnished,-7.27355,112.73746,rumah123
Dijual Rumah Dijalan Imam Bonjol Surabaya Pusat Kota,13440000000,480.0,494.0,8.0,4.0,2.0,,Unfurnished,-7.2802172,112.7351999,rumah123
Rumah Dijual Dijalan Blambangan Surabaya Pusat,9000000000,420.0,420.0,4.0,2.0,1.0,,Unfurnished,-7.28409,112.74288,rumah123
Rumah di Bukit Palma Citraland Surabaya Bagus Lingkungan Nyaman,1500000000,120.0,100.0,5.0,2.0,2.0,1.0,Unfurnished,-7.252538181224906,112.62760877609252,rumah123
Dijual Rumah Nortwest Lake Citraland Surabaya Murah,975000000,72.0,69.0,2.0,2.0,2.0,1.0,Unfurnished,-7.24268,112.629807,rumah123
Rumah Tinggal di Perumahan Pondok Benowo Indah Kota Surabaya,478197000,107.0,70.0,,1.0,1.0,1.0,Unfurnished,-7.24268,112.62981,rumah123
Rumah Tinggal di Perumahan Pondok Benowo Indah Kota Surabaya,478197000,107.0,70.0,,1.0,1.0,1.0,Unfurnished,-7.24268,112.62981,rumah123
Turun Harga! Rumah Minimalist 2Lt Pakal Madya Asri,1600000000,89.0,128.0,3.0,3.0,2.0,1.0,Semi Furnished,-7.24268,112.629807,rumah123
Rumah Homey 1 Lantai Citraland Northwest Park Siap Huni Bersih,750000000,72.0,42.0,2.0,1.0,1.0,1.0,Unfurnished,-7.24268,112.629807,rumah123
Jual Rumah Bukit Palma Gress 2 Lantai 2 M,2000000000,120.0,170.0,4.0,4.0,2.0,2.0,Unfurnished,-7.24268,112.629807,rumah123
Rumah Baru Gress Jual Pakal Madya Jaya Minimalis 2 Lantai,1300000000,89.0,128.0,3.0,3.0,2.0,1.0,Unfurnished,-7.24268,112.629807,rumah123
Rumah 2 Unit Griya Surabaya Asri Pakal Benowo,580000000,59.0,63.0,2.0,2.0,2.0,1.0,Unfurnished,-7.24268,112.629807,rumah123
Dijual Rumah Northwest Park,750000000,72.0,46.0,2.0,1.0,1.0,1.0,Unfurnished,-7.24268,112.629807,rumah123
"Rumah Pelican Hill Citraland, Type Favorit, Harga Termurah",4100000000,200.0,250.0,4.0,3.0,2.0,2.0,Unfurnished,-7.24268,112.629807,rumah123
Northwest Citraland,975000000,55.0,80.0,2.0,2.0,2.0,,Unfurnished,,,rumah123
North West Lake Citraland Pakal,760000000,55.0,45.0,1.0,2.0,2.0,1.0,Unfurnished,-7.24268,112.629807,rumah123
Pakal Madya Asri Baru 2Lt,1300000000,94.0,150.0,3.0,3.0,2.0,1.0,Unfurnished,-7.24268,112.62981,rumah123
Dijual Rumah Northwest Park,1800000000,120.0,100.0,3.0,2.0,2.0,1.0,Unfurnished,-7.24268,112.629807,rumah123
Rumah SHM Furnished Siap Huni Grand Pakuwon Dekat Toll Margomulyo,1680000000,90.0,100.0,4.0,2.0,2.0,2.0,Furnished,-7.24268,112.629807,rumah123
Murah Hanya Bulan Ini Baru Gress Amesta Living,950000000,84.0,90.0,3.0,2.0,2.0,,Unfurnished,,,rumah123
Rumah Perum Grand Tirta Agung,525000000,36.0,60.0,2.0,2.0,2.0,1.0,Unfurnished,-7.33182,112.80822,rumah123
Rumah Central Park Gunung Anyar Regency Surabaya Murah. Ron.a1250,2350000000,210.0,139.0,2.0,2.0,1.0,1.0,Unfurnished,-7.28917,112.734,rumah123
Amesta Living 2 Lantai Cluster Sora,1400000000,60.0,90.0,2.0,1.0,2.0,1.0,Unfurnished,-7.33182,112.80822,rumah123
"Rumah Baru Minimalis, Lokasi Strategis di Gununganyar Rungkut Modern",700000000,40.0,55.0,3.0,2.0,2.0,1.0,Unfurnished,-7.33182,112.80822,rumah123
Dijual Rumah Ready The Casual Purimas Regency Surabaya Timur,1400000000,60.0,99.0,4.0,3.0,1.0,1.0,Unfurnished,-7.33182,112.80822,rumah123
"Rumah Baru Amesta Living 3 Kamar, Ada Prabotan, Murah",1150000000,60.0,75.0,3.0,2.0,2.0,1.0,Semi Furnished,-7.33182,112.80822,rumah123
Rumah SHM Ready Siap Huni Gununganyar Dekat Kampus Upn Surabaya,1670000000,81.0,115.0,3.0,2.0,2.0,1.0,Unfurnished,-7.33182,112.80822,rumah123
Rumah Strategis Row 15M Rungkut Menanggal Harapan Surabaya 198 M2,2200000000,198.0,275.0,3.0,2.0,2.0,2.0,Unfurnished,-7.33182,112.80822,rumah123
Amesta Living Surabaya Timur Murah Poll Rumah Baru Gress 1M-An,1300000000,84.0,90.0,3.0,2.0,2.0,1.0,Unfurnished,-7.28917,112.734,rumah123
Dijual Cepat Rumah Royal Park Residence Surabaya Timur,1500000000,120.0,120.0,3.0,3.0,2.0,1.0,Furnished,-7.33182,112.80822,rumah123
Perumahan Murah Ready Unit Di Selatan Surabaya,600000000,90.0,36.0,2.0,1.0,,1.0,Unfurnished,-7.33182,112.80822,rumah123
Rumah SHM 2 Lantai Jual Murah Dekat Upn,650000000,48.0,45.0,2.0,2.0,2.0,1.0,Unfurnished,-7.33182,112.80822,rumah123
Rumah di Gunung Anyar Surabaya 1 Lantai Minimalis Siap Huni,665000000,75.0,50.0,2.0,1.0,1.0,1.0,Unfurnished,-7.339678,112.784519,rumah123
"Rumah Wiguna Timur, Dekat Merr, Tol, Kampus Upn",1500000000,120.0,102.0,3.0,2.0,1.0,2.0,Unfurnished,-7.33182,112.80822,rumah123
"Rumah Gunung Anyar, Dekat Merr, Tol, Upn, Galaxy Mall",1390000000,134.0,91.0,3.0,2.0,1.0,1.0,Unfurnished,-7.33182,112.80822,rumah123
Rumah On Gate On Progress Renov Dekat Ry Gununganyar Surabaya,650000000,60.0,50.0,2.0,1.0,1.0,1.0,Unfurnished,-7.33182,112.80822,rumah123
"Rumah Baru Ready One Gate Gununganyar Surabaya Dekat U P N, I T S",700000000,50.0,36.0,2.0,1.0,1.0,1.0,Unfurnished,-7.33182,112.80822,rumah123
RUMAH DIJUAL HITUNG TANAH WIGUNA TENGAH MURAH BEBAS BANJIR,999000000,135.0,90.0,3.0,1.0,1.0,1.0,Unfurnished,-7.33182,112.80822,rumah123
"Jual Rumah di Sidotopo Wetan Baru, Kenjeran Cocok untuk Usaha Home Industri, 3 SHM",7000000000,812.0,620.0,4.0,3.0,2.0,8.0,Unfurnished,-7.23563,112.786163,rumah123
Rumah 1 Lantai Siap Huni Gading Indah Dekat Kenjeran Suramadu Mulyosari,830000000,90.0,80.0,2.0,1.0,1.0,1.0,Unfurnished,-7.23563,112.786163,rumah123
Rumah Asri Siap Huni di Pantai Mentari - Ocean Park di Kenjeran Surabaya,1950000000,153.0,96.0,3.0,2.0,1.0,1.0,Unfurnished,-7.23563,112.786163,rumah123
Dijual Rumah Usaha Lebak Jaya Surabaya Timur,2900000000,354.0,490.0,3.0,3.0,2.0,1.0,Unfurnished,-7.23563,112.786163,rumah123
Rumah Pantai Mentari Surabaya Murah. Ron.a367,1700000000,102.0,120.0,3.0,3.0,2.0,1.0,Semi Furnished,-7.28917,112.734,rumah123
Pantai Mentari Hook 2 Lantai Cluster Depan,4000000000,219.0,280.0,7.0,8.0,2.0,1.0,Unfurnished,-7.23563,112.786163,rumah123
Termurah Hitung Tanah Rumah Lebak Jaya 2 Nembus Lebak Jaya 1,4500000000,610.0,300.0,4.0,3.0,1.0,,Unfurnished,-7.23563,112.786163,rumah123
Rumah 1 Lantai di Area Lebak Timur Indah Gading Kenjeran.,2950000000,200.0,200.0,2.0,2.0,1.0,,Unfurnished,-7.28917,112.734,rumah123
Rumah 2 Lantai Di Daerah Lebak Murah Bagus Shm,700000000,50.0,100.0,3.0,2.0,2.0,,Unfurnished,-7.23563,112.78616,rumah123
Rumah Baru Gress 2 Lantai Dekat Unair dan Its One Gate Sistem,2300000000,80.0,120.0,3.0,3.0,2.0,1.0,Unfurnished,-7.23563,112.786163,rumah123
"Bebas Banjir, Rumah, 2 Lantai, SHM, Dekat Pusat Perbelanjaan, bisa KPR, Lokasi Kenjeran",1850000000,90.0,135.0,3.0,3.0,2.0,1.0,Unfurnished,-7.23563,112.786163,rumah123
Dijual Rumah Baru Babatan Pantai Utara Surabaya,2550000000,146.0,280.0,4.0,3.0,3.0,2.0,Unfurnished,-7.28917,112.734,rumah123
Dijual Rumah Baru Renov - Lebak Indah Town House,1250000000,92.0,92.0,3.0,2.0,2.0,1.0,Unfurnished,-7.243586,112.781764,rumah123
RUMAH BABATAN PANTAI MODEL SCANDINAVIAN NEW DEKAT KENJERAN SURABAYA,3700000000,165.0,225.0,4.0,3.0,2.0,2.0,Unfurnished,,,rumah123
Rumah Baru Lebak Indah Regensi Dkt Kenjeran,1300000000,63.0,90.0,3.0,2.0,2.0,,Unfurnished,,,rumah123
Rumah One Gate Jual Dibawah Pasaran Pogot Surabaya Dekat Pelabuhan,700000000,84.0,65.0,2.0,,1.0,1.0,Unfurnished,-7.28917,112.734,rumah123
New House Semi Classic Babatan Pantai Utara Kenjeran Dkt Pakuwon,2850000000,150.0,210.0,4.0,4.0,2.0,2.0,Unfurnished,-7.28917,112.734,rumah123
Rumah Murah Sidotopo Wetan Mulia - Akses Mudah,1250000000,70.0,140.0,3.0,2.0,2.0,,Semi Furnished,-7.23121980002,112.762286,rumah123
Rumah Mewah 2 Lantai Dekat Pakuwon City dan Mulyosari,3500000000,204.0,400.0,4.0,3.0,2.0,2.0,Semi Furnished,-7.23563,112.786163,rumah123
Rumah Hook 2 Lantai di Margorejo Indah Surabaya,10000000000,559.0,450.0,8.0,5.0,2.0,6.0,Unfurnished,,,rumah123
Rumah Dijual Wonocolo,223282000,87.0,80.0,,,,,Unfurnished,-7.3273,112.7372,rumah123
"Wow, Rumah MURAH Dekat Plaza Marina Surabaya",2000000000,106.0,62.0,,1.0,1.0,,Furnished,-7.327112899999999,112.7370565,rumah123
"Rumah Sidosermopdk, Dekat Plaza Marina, Royal Plaza, Polda",3500000000,200.0,340.0,5.0,5.0,2.0,2.0,Semi Furnished,-7.3273,112.737198,rumah123
"Rumah Hitung Tanah Perum Bendul Merisi Surabaya Dekat Polda, Plaza Marina",775000000,90.0,75.0,4.0,2.0,2.0,1.0,Unfurnished,-7.3273,112.737198,rumah123
Dijual Rumah Jemur Andayani,2900000000,250.0,204.0,3.0,2.0,1.0,1.0,Semi Furnished,-7.3273,112.737198,rumah123
Dijual Rumah 2 Lantai Daerah Sidosermo,1000000000,31.0,31.0,2.0,2.0,2.0,1.0,Semi Furnished,-7.3273,112.737198,rumah123
Dijual Cepat Rumah Mewah di Jemur Andayani,29000000000,1410.0,722.0,4.0,4.0,1.0,4.0,Unfurnished,-7.3273,112.737198,rumah123
Jual Rumah di Jemur Andayani Surabaya Dekat Sekolah dan Gereja,11500000000,600.0,700.0,8.0,5.0,2.0,2.0,Unfurnished,-7.3273,112.737198,rumah123
Jual Rumah Baru 2 Lantai Sidosermo Surabaya,525000000,48.0,90.0,2.0,1.0,2.0,1.0,Unfurnished,-7.3273,112.737198,rumah123
Turun Harga Jual Rumah Sidosermo Turun Harga Dekat Plasa Marina,4000000000,400.0,350.0,5.0,4.0,2.0,1.0,Unfurnished,-7.3273,112.737198,rumah123
Rumah 2 Lantai bisa untuk kost Di Bendul Merisi dekat RSAL,1700000000,156.0,267.0,6.0,4.0,2.0,1.0,Furnished,-7.3273,112.7372,rumah123
Jual Rumah Bagus Shm Lebar 11m Bangunan 1 Lantai,4000000000,264.0,220.0,4.0,2.0,,1.0,Unfurnished,-7.3273,112.7372,rumah123
Jual Rumah 3 Lantai Bendul Merisi Surabaya,1900000000,120.0,300.0,4.0,4.0,3.0,2.0,Unfurnished,-7.3273,112.737198,rumah123
Rumah Shm 2 Lantai Dekat Mcdonald'S Margorejo Jual Murah,1700000000,100.0,128.0,3.0,3.0,2.0,1.0,Unfurnished,-7.3273,112.7372,rumah123
Rumah Mewah Dekat Plaza Marina Surabaya,1600000000,72.0,129.0,4.0,3.0,2.0,2.0,Unfurnished,-7.3273,112.7372,rumah123
Selangkah ke Jemursari Rumah Siap Huni Bendul Merisi Surabaya,3400000000,288.0,200.0,3.0,2.0,1.0,1.0,Unfurnished,-7.3273,112.737198,rumah123
Dijual Murah Rumah 1 Lantai Jemur Andayani Dekat Sma Petra Jemursari A Yani Rungkut Industri Siwalankerto Surabaya,3200000000,300.0,250.0,4.0,2.0,1.0,4.0,Unfurnished,-7.3273,112.737198,rumah123
Rumah Nyaman & Strategis di Bendul Merisi Surabaya,3500000000,288.0,288.0,8.0,5.0,2.0,,Unfurnished,-7.305717109252754,112.73822066656813,rumah123
"Jual Rumah 2Lt Hitung Tanah di Donokerto, Masih bisa Ditinggali",850000000,75.0,135.0,3.0,2.0,2.0,,Unfurnished,-7.23983,112.755432,rumah123
Rumah 2 Lantai Tambak Rejo Dekat Rs. Soewandhi,2000000000,144.0,150.0,6.0,4.0,2.0,,Unfurnished,-7.23983,112.755432,rumah123
Dijual Rumah Hitung Tanah Jl Sidoyoso Surabaya,5400000000,900.0,900.0,3.0,2.0,1.0,,Unfurnished,-7.23983,112.75543,rumah123
Rumah Hitung Tanah Gembong,1300000000,102.0,70.0,2.0,2.0,1.0,,Unfurnished,-7.23983,112.755432,rumah123
"Rumah Hitung Tanah Donokerto -Lokasi Strategis,Harga Kompetitif",850000000,75.0,135.0,3.0,2.0,2.0,,Unfurnished,-7.24256,112.75237,rumah123
Rumah Usaha Lokasi Nol Jalan,2300000000,160.0,184.0,5.0,3.0,2.0,1.0,Unfurnished,-7.23983,112.755432,rumah123
Rumah di Gembong,1300000000,102.0,90.0,2.0,2.0,1.0,1.0,Unfurnished,-7.23983,112.755432,rumah123
"Rumah Jual di Simolawang Baru Surabaya, Daerah Kapasan",2200000000,110.0,250.0,3.0,2.0,3.0,,Unfurnished,-7.239108929239137,112.75035449002633,rumah123
Rumah Kapasan Dalam Mummer,800000000,100.0,105.0,3.0,2.0,,,Unfurnished,,,rumah123
RUMAH TAMBAK JATI SURABAYA MURAH (VIN.A218),1500000000,147.0,180.0,5.0,4.0,2.0,,Unfurnished,,,rumah123
Rumah Sidodadi Gang Iv Surabaya Utara,3000000000,213.0,307.0,1.0,1.0,1.0,,Unfurnished,-7.23983,112.75543,rumah123
"Rumah Dijual Cepat Simokerto Surabaya Harga Turun Rp 1,3 M",1300000000,183.0,75.0,2.0,1.0,1.0,1.0,Semi Furnished,-7.23983,112.75543,rumah123
Dijual Rumah 3 LT Baru Tambak Rejo,2500000000,144.0,144.0,5.0,5.0,2.0,1.0,Unfurnished,-7.23983,112.755432,rumah123
"Rumah Hitung Tanah di Donokerto - Lokasi Strategis, Siap Bangun",850000000,75.0,135.0,3.0,2.0,2.0,1.0,Unfurnished,-7.24256,112.75237,rumah123
Rumah di Surabaya Utara,2800000000,150.0,300.0,7.0,3.0,3.0,1.0,Furnished,-7.23983,112.75543,rumah123
Dijual Rumah Dijalan Gembong Sawah Surabaya,1500000000,170.0,170.0,1.0,1.0,1.0,,Unfurnished,-7.2423770588816065,112.7498742352562,rumah123
"Rumah Ngantong Dan Strategis, Kapasan Lor, Surabaya Timur, Jawa Timur Rumah SHM di Jl. Kapasan Lor no 10, Sidodadi, Simokerto, Kota Surabaya, Jawa Timur, Indonesia, 60145, Simokerto",7000000000,842.0,750.0,8.0,3.0,2.0,3.0,Unfurnished,-7.23983,112.755432,rumah123
Dijual Rumah Dijalan Tambak Adi Surabaya,1600000000,100.0,300.0,4.0,3.0,3.0,,Unfurnished,-7.247169,112.754765,rumah123
Rumah Mewah di Perumahan Elite Puri Galaxy,4950000000,375.0,500.0,5.0,4.0,2.0,,Unfurnished,-7.28813,112.8029,rumah123
Rumah Puri Galaxy 2 Lantai Baru ITS WM UNAIR PAKUWON CITY,1900000000,96.0,114.0,3.0,3.0,2.0,2.0,Unfurnished,-7.28813,112.8029,rumah123
Dijual Rumah Sukolilo Dian Regency 2 Keputih Surabaya Timur,1350000000,119.0,119.0,5.0,2.0,1.0,,Unfurnished,-7.28813,112.802902,rumah123
Mewah Rumah Araya New Classic Modern Surabaya,5100000000,186.0,350.0,4.0,4.0,2.0,1.0,Unfurnished,-7.28813,112.8029,rumah123
Rumah Puri Galaxy Minimalis Siap Huni,5650000000,300.0,307.0,4.0,3.0,2.0,,Unfurnished,-7.28813,112.802902,rumah123
Rumah Wisma Permai Strategis Murah,1800000000,162.0,250.0,3.0,3.0,2.0,,Unfurnished,-7.28813,112.802902,rumah123
"Rumah Kertajaya Indah Minimalis, Strategis, Siap Huni",4500000000,300.0,240.0,4.0,3.0,2.0,,Unfurnished,-7.28813,112.802902,rumah123
"Rumah Kertajaya Indah Minimalis, Strategis, Siap Huni",4500000000,300.0,240.0,4.0,3.0,2.0,,Unfurnished,-7.28813,112.802902,rumah123
Dijual Rumah 2 Lantai Perumahan Araya Surabaya Timur,13000000000,490.0,600.0,5.0,5.0,2.0,4.0,Semi Furnished,-7.28813,112.802902,rumah123
"Dijual Rumah 2 Lantai Perumahan Puri Galaxy, Surabaya Timur",6900000000,360.0,400.0,5.0,4.0,2.0,2.0,Unfurnished,-7.28813,112.802902,rumah123
Rumah Keputih Permai Sukolilo Surabaya Timur Murah. Ron.a1199,1300000000,66.0,100.0,4.0,2.0,2.0,2.0,Furnished,-7.28813,112.802902,rumah123
Rumah Keputih Permai Surabaya Murah. Ron.a1199,1300000000,66.0,100.0,4.0,2.0,2.0,2.0,Furnished,-7.28917,112.734,rumah123
Dijual Rumah Daerah Wisma Mukti Surabaya Timur,8500000000,555.0,500.0,6.0,3.0,2.0,1.0,Unfurnished,-7.28813,112.802902,rumah123
"Dijual Rumah 2 Lantai Raya Manyar Jaya, Surabaya Timur",6500000000,450.0,300.0,6.0,5.0,2.0,1.0,Unfurnished,-7.28813,112.802902,rumah123
Perumahan Wisma Mukti,3700000000,135.0,210.0,4.0,2.0,2.0,2.0,Semi Furnished,-7.28917,112.734,rumah123
2072. Dijual Rumah Siap Huni Manyar Tirtomoyo Sukolilo Surabaya,4300000000,269.0,200.0,3.0,2.0,1.0,1.0,Semi Furnished,-7.28813,112.802902,rumah123
"Dijual Rumah Hook American Classic Baru Gress, Manyar Tirtoyoso",2850000000,120.0,160.0,4.0,3.0,2.0,2.0,Unfurnished,-7.28813,112.802902,rumah123
"Turun Harga ❗❗Dijual Cepat Rumah Tipe Modern, 2 Lantai, Manyar Rejo, Siap Huni",4600000000,336.0,500.0,5.0,3.0,2.0,2.0,Unfurnished,-7.28813,112.802902,rumah123
"Rumah Elit di Perumahan Galaxy Bumi Permai Araya 2, Surabaya",1950000000,67.0,100.0,3.0,3.0,2.0,1.0,Unfurnished,-7.302905,112.783052,rumah123
Perumahan Citra Graha Mandiri ~ Asem Rowo Sby Barat,625000000,84.0,84.0,3.0,1.0,1.0,,Unfurnished,-7.24736,112.707764,rumah123
"Rumah Full Renov Jual Murah Asem Rowo Surabaya Dekat Perak, Margomulyo",625000000,84.0,65.0,3.0,2.0,1.0,1.0,Unfurnished,-7.24736,112.707764,rumah123
Rumah 1Lantai Citra Graha Mandiri Asemrowo Murah,590000000,84.0,60.0,3.0,2.0,1.0,1.0,Unfurnished,-7.24736,112.707764,rumah123
"Rumah Asemrowo Dekat Margomulyo, Sukomanunggal",590000000,84.0,84.0,3.0,1.0,1.0,1.0,Unfurnished,-7.24736,112.707764,rumah123
"*Jual Cepat‼️Perumahan Citra Graha Mandiri, Asem Rowo, Surabaya Barat*",590000000,84.0,84.0,1.0,3.0,1.0,1.0,Unfurnished,-7.24736,112.707764,rumah123
Flash Sale!! Dekat Margomulyo & Tanjung Perak! Rumah 3 KT 7×12 Renov Baru - Asemrowo,590000000,84.0,60.0,3.0,1.0,1.0,1.0,Unfurnished,-7.24736,112.707764,rumah123
"Jual Murah Rumah Perumahan Citra Graha Mandiri ~ Asem Rowo, Surabaya Barat",590000000,84.0,60.0,3.0,1.0,1.0,,Unfurnished,-7.24736,112.707764,rumah123
Rumah Murah Citra Graha Mandiri Asemrowo Tandes Surabaya Barat,590000000,84.0,60.0,3.0,1.0,1.0,1.0,Unfurnished,-7.28917,112.734,rumah123
"Citra Graha Mandiri, Turun Harga, Full Renov, Asemrowo, Surabaya Barat",625000000,84.0,84.0,3.0,1.0,1.0,1.0,Unfurnished,-7.24736,112.707764,rumah123
Dijual Cepat Rumah Minimalis Modern Grand Pakuwon Dekat Tol SHM,2400000000,144.0,160.0,3.0,3.0,2.0,2.0,Unfurnished,-7.2348842,112.6703892,rumah123
Dijual Cepat Rumah Baru Gress 2 Lantai Jalan Asem,3000000000,173.0,243.0,5.0,5.0,2.0,,Unfurnished,-7.249687,112.7127946,rumah123
Rumah 2 lantai Dijual di Jl Asem Raya Mulya Surabaya,3500000000,177.0,354.0,4.0,3.0,2.0,,Unfurnished,-7.24736,112.707764,rumah123
Dijual Rumah Dijalan Masjid Asemrowo Surabaya,3900000000,345.0,345.0,4.0,2.0,1.0,,Unfurnished,-7.2492874,112.7134166,rumah123
Rumah Baru SHM Hanya Rp900 Juta di Citraland Surabaya Barat!,900000000,90.0,80.0,3.0,2.0,1.0,1.0,Unfurnished,-7.24736,112.707764,rumah123
Rumah Hook Siap Huni Asem Rowo Surabaya Barat,2800000000,469.0,168.0,3.0,2.0,1.0,1.0,Unfurnished,-7.24736,112.707764,rumah123
Rumah Disewakan Somerset Citraland With Pool,13750000000,375.0,800.0,4.0,5.0,3.0,,Unfurnished,,,rumah123
(2904) Jual Dibawah Harga Rumah Luas Dekat Apartemen Gunawangsa Surabaya,763000000,225.0,225.0,,,1.0,,Unfurnished,-7.24736,112.707764,rumah123
Rumah Dijual Asemrowo,3250000000,386.0,100.0,4.0,2.0,1.0,,Unfurnished,-7.24736,112.707764,rumah123
Rumah Baru Gress Modern Semampir 30 Detik ke Merr,930000000,97.0,70.0,3.0,2.0,1.0,2.0,Unfurnished,-7.28917,112.734,rumah123
"Rumah Baru On Progress Semampir Surabaya Dekat Merr, Untag, Unitomo",940000000,97.0,85.0,3.0,2.0,1.0,1.0,Unfurnished,-7.2149,112.748787,rumah123
Rumah Semampir Tengah Dekat Raya Merr,2190000000,200.0,150.0,3.0,1.0,1.0,2.0,Unfurnished,-7.2149,112.748787,rumah123
Rumah Sudah Renov Sidotopo Wetan Siap.huni,2100000000,300.0,250.0,6.0,3.0,2.0,2.0,Unfurnished,-7.2149,112.748787,rumah123
Dijual Rumah Central Park Juanda Posisi Pojok Bagus Hdp Selatan,2300000000,135.0,120.0,3.0,2.0,2.0,2.0,Unfurnished,-7.367681219178706,112.77530227083436,rumah123
Dijual Rumah Semampir Tengah Sukolilo Surabaya Ron.a1948,1600000000,100.0,175.0,4.0,3.0,3.0,1.0,Unfurnished,-7.2149,112.748787,rumah123
Rumah 2 Lantai Bebas Banjir di Semampir Tengah Surabaya,1300000000,60.0,60.0,2.0,2.0,2.0,,Unfurnished,-7.2149,112.748787,rumah123
Banting Harga Butuh Laku Poll Rumah Semampir Surabaya Timur,1150000000,100.0,175.0,4.0,3.0,2.0,1.0,Unfurnished,-7.30722329,112.78138936666666,rumah123
"Murah, Semampir Minimalis Siap Huni, Hanya 5 Menit ke Merr",1140000000,100.0,175.0,4.0,3.0,2.0,,Unfurnished,-7.2149,112.74879,rumah123
Rumah Siap Huni Semampir Surabaya Timur - Dekat Raya Merr,2390000000,200.0,150.0,3.0,1.0,1.0,2.0,Unfurnished,-7.3073763,112.79466,rumah123
Rumah Murah Siap Tinggal Griyo Semampir Surabaya Timur,875000000,96.0,80.0,3.0,1.0,1.0,,Unfurnished,-7.2149,112.74879,rumah123
Dijual Murah Rumah Puri Galaxy Surabaya,8000000000,450.0,400.0,4.0,3.0,2.0,1.0,Unfurnished,,,rumah123
Jual Rumah Murah di Semampir Barat Sukolilo Surabaya,1200000000,120.0,120.0,4.0,2.0,1.0,,Unfurnished,-7.2149,112.748787,rumah123
Rumah di Semampir Praja. Dekat MERR. Siap Huni,750000000,100.0,98.0,3.0,2.0,1.0,,Semi Furnished,-7.2149,112.748787,rumah123
Rumah Semampir Tengah Bagus Dan Terawat,1990000000,200.0,150.0,5.0,3.0,2.0,1.0,Semi Furnished,-7.2149,112.748787,rumah123
"Dijual Cepat Rumah Siap Huni Semampir Tengah Dekat Akses Merr, Dekat Kampus Ubaya, Its, Unair",1990000000,200.0,150.0,4.0,2.0,2.0,1.0,Semi Furnished,-7.2149,112.748787,rumah123
"Semampir Minimalis Bagus, Hanya 5 mnt dr Raya Merr!",1350000000,100.0,200.0,4.0,3.0,1.0,,Unfurnished,,,rumah123
Dijual Rumah Baru Wisata Bukit Mas 2 Lantai,2910000000,96.0,122.0,5.0,3.0,2.0,2.0,Unfurnished,-7.31097,112.698067,rumah123
Rumah Wiyung Dekat Graha Famili Citraland Pakuwon Indah,1800000000,135.0,170.0,3.0,3.0,2.0,2.0,Furnished,-7.31097,112.698067,rumah123
Rumah Lokasi Strategis Royal Residence Luar Cluster - Turun Harga,5000000000,240.0,300.0,4.0,3.0,2.0,2.0,Unfurnished,-7.31097,112.69807,rumah123
"Dijual Rumah Siap Huni,Baru Renovasi,Cluster Depan Grand Harvest",1700000000,102.0,67.0,2.0,2.0,2.0,2.0,Unfurnished,-7.327923,112.692586,rumah123
Rumah Darmo Sentosa Raya Baru Renov Turun Harga Nego Sampe Deal,2590000000,199.0,210.0,3.0,2.0,1.0,1.0,Unfurnished,-7.31097,112.69807,rumah123
Rumah Mungil Grand Village Royal Residence - Free Canopy,599000000,41.0,65.0,2.0,1.0,2.0,1.0,Unfurnished,-7.31097,112.69807,rumah123
Rumah Graha Green Garden- New & Minimalis - Siap Huni - AC 3 Units - Kanopi - Sanyo - Tandon Atas,2150000000,150.0,120.0,3.0,3.0,2.0,,Unfurnished,-7.31097,112.698067,rumah123
"Dijual Rumah di Taman Pondok Indah Wiyung, Surabaya Barat Dekat Tol Gunungsari, dan Supermall Pakuwon",1400000000,96.0,105.0,3.0,2.0,,,Unfurnished,,,rumah123
Rumah Tinggal Taman Pondok Indah Surabaya,1770000000,250.0,174.0,1.0,1.0,1.0,,Unfurnished,-7.31097,112.698067,rumah123
Dijual Rumah Lokasi Strategis Diwiyung Surabaya Barat,975000000,135.0,100.0,3.0,3.0,1.0,2.0,Unfurnished,-7.31097,112.698067,rumah123
Dijual Rumah Murah Strategis di Dian Istana The White House,1950000000,85.0,130.0,3.0,3.0,2.0,,Unfurnished,-7.304401987265948,112.6942053812486,rumah123
Dijual Rumah Baru Murah 2 LT Wiyung Surabaya Mepet Graha Famili,3000000000,126.0,158.0,3.0,3.0,2.0,2.0,Unfurnished,-7.31097,112.698067,rumah123
Dijual Rumah Mepet Graha Famili Surabaya Free Kanopi & 3 Ac Murah,2600000000,105.0,140.0,3.0,3.0,2.0,2.0,Unfurnished,-7.31097,112.698067,rumah123
Dijual Rumah Graha Family Golf View Lengkap dengan Pool,43500000000,900.0,850.0,5.0,5.0,2.0,2.0,Semi Furnished,-7.31097,112.698067,rumah123
Rumah Grand Harvest Wiyung Surabaya Barat Timur Murah. Ric.a300,1200000000,102.0,100.0,2.0,1.0,1.0,2.0,Unfurnished,-7.31097,112.698067,rumah123
Rumah Royal Residence Surabaya Murah. Edd.a012,3500000000,175.0,250.0,4.0,3.0,2.0,,Unfurnished,-7.28917,112.734,rumah123
Rumah Modern Wiyung Surabaya SHM Split Lokasi Setrategis,670000000,94.0,36.0,2.0,1.0,1.0,1.0,Unfurnished,-7.31097,112.698067,rumah123
*dijual Rumah Hook 1 Lantai Taman Pondok Indah Wiyung*,2200000000,243.0,140.0,4.0,2.0,1.0,2.0,Unfurnished,-7.28917,112.734,rumah123
Rumah Royal Residence Termurah di Kelasnya Siap Huni,4800000000,240.0,285.0,5.0,3.0,2.0,,Unfurnished,-7.31097,112.698067,rumah123
"Dijual Rumah Daerah Pengampon, Surabaya",16000000000,610.0,625.0,3.0,2.0,1.0,1.0,Unfurnished,-7.26125,112.742767,rumah123
Rumah Peneleh Tengah Kota SHM IMB Lengkap,390000000,115.0,120.0,4.0,2.0,2.0,,Unfurnished,-7.26125,112.742767,rumah123
Jual Rumah Hitung Tanah di Peneleh. Cocok untuk Dibangun Cafe Heritage atau Kos [Ed],690000000,115.0,120.0,4.0,2.0,1.0,,Unfurnished,-7.26125,112.742767,rumah123
Rumah Peneleh Surabaya Murah. Ron.a3126,550000000,148.0,140.0,3.0,2.0,1.0,,Unfurnished,-7.28917,112.734,rumah123
"Rumah 1 Lantai Sederhana Diarea Peneleh, Surabaya.",590000000,148.0,140.0,3.0,2.0,1.0,,Unfurnished,-7.28917,112.734,rumah123
"Rumah Jl. Pudak, Kec. Genteng, Surabaya Pusat. Dekat Raya Kusuma Bangsa, Jaksa Agung Suprapto, Ambengan, Walikota Mustajab, Undaan Wetan - Kulon, Seruni, Ketupa, Kalianyar, Ngaglik, Jagalan, Dll.",8000000000,436.0,351.0,4.0,3.0,1.0,1.0,Unfurnished,-7.26125,112.742767,rumah123
Dijual Rumah Lokasi Strategis LT 403 M2 di Jalan Kayun Surabaya Jawa Timur,8600000000,403.0,403.0,3.0,3.0,1.0,1.0,Unfurnished,-7.266461200005225,112.74964360003035,rumah123
Dijual Cepatt Rumah Raya Kecilung Surabaya Pusat,8500000000,426.0,405.0,7.0,4.0,2.0,2.0,Unfurnished,-7.26125,112.742767,rumah123
"Jual Rumah Hitung Harga Tanah di Area Kalianyar, Surabaya Pusat",800000000,198.0,175.0,2.0,1.0,1.0,,Unfurnished,-7.26125,112.742767,rumah123
"Rumah Jalan Ogan, Pusat Kota Surabaya, Strategis, Hadap Utara",5250000000,253.0,250.0,6.0,2.0,1.0,,Unfurnished,-7.26125,112.742767,rumah123
"Rumah Jalan Ogan, Pusat Kota Surabaya, Strategis, Hadap Utara",5250000000,231.0,200.0,1.0,1.0,1.0,,Unfurnished,-7.26125,112.742767,rumah123
Dijual Rumah Tengah Kota Surabaya Lokasi Komersial,39900000000,877.0,670.0,4.0,4.0,1.0,4.0,Unfurnished,-7.264832450696147,112.74386646797892,rumah123
"Rumah Siap Huni di Ambengan, Surabaya Utara - Lokasi Strategis",19000000000,676.0,600.0,4.0,3.0,1.0,,Unfurnished,-7.2558094,112.7493067,rumah123
Dijual Rumah Lama Strategis di Jalan Raya Kapasari Surabaya,18000000000,666.0,350.0,9.0,4.0,1.0,,Unfurnished,-7.26125,112.742767,rumah123
Dijual Murah Rumah Hook di Jl Jaksa Agung Suprapto Surabaya Pusat,12000000000,612.0,734.0,4.0,2.0,2.0,,Unfurnished,-7.26125,112.742767,rumah123
Harga Seperti Hitung Tanah Kondisi Rumah Perlu Renov,1360000000,170.0,170.0,3.0,1.0,1.0,,Furnished,-7.26125,112.742767,rumah123
"Rumah Bagus 2 Lantai di Claster Village Garden, Kalikepiting Sby.",1950000000,92.0,100.0,3.0,3.0,2.0,1.0,Unfurnished,-7.28917,112.734,rumah123
Dijual Rumah Daerah Tambaksari Surabaya Harga Terjangkau,600000000,91.0,91.0,2.0,1.0,1.0,,Unfurnished,-7.25371,112.753212,rumah123
Dijual Rumah Siap Huni di Ploso Baru Tambak Sari Surabaya,750000000,54.0,108.0,3.0,2.0,2.0,1.0,Unfurnished,-7.25371,112.753212,rumah123
Dijual Dibawah Pasar Rumah Minimalis Lebak Arum (Furnished),1360000000,170.0,170.0,4.0,2.0,1.0,1.0,Furnished,-7.25371,112.753212,rumah123
Dijual Rumah Tengah Kota di Kesumba Tambaksari Surabaya,3200000000,265.0,216.0,4.0,2.0,1.0,2.0,Unfurnished,-7.28917,112.734,rumah123
Rumah di Lebak Arum Surabaya Baru Modern Minimalis dan Bagus,1700000000,125.0,140.0,3.0,3.0,2.0,1.0,Unfurnished,-7.2506540781213715,112.77887112752916,rumah123
Rumah Baru 2lt Lebak Indah Regency Scandinavian Minimalis,1300000000,62.0,100.0,3.0,2.0,2.0,1.0,Semi Furnished,-7.28917,112.734,rumah123
"Rumah, SHM, Murah 2 Lantai di Jl Kanser _ Tambaksari Surabaya.",1200000000,97.0,135.0,5.0,3.0,2.0,2.0,Unfurnished,-7.25371,112.753212,rumah123
"Dijual Rumah Modern Minimalis Siap Huni, di Lebak Arum",2200000000,188.0,138.0,4.0,3.0,2.0,2.0,Unfurnished,-7.25371,112.753212,rumah123
"Dijual Rumah Minimalis (2 Lantai) Lebak Inda Regency, Furnished (Cluster Queen Victoria)",1900000000,144.0,120.0,4.0,3.0,2.0,1.0,Semi Furnished,-7.25371,112.753212,rumah123
"Dijual Rumah Minimalis Lebak Indah, Siap Huni, Cocok Juga untuk Rumah Usaha",1650000000,188.0,160.0,4.0,3.0,1.0,1.0,Unfurnished,-7.25371,112.753212,rumah123
Rumah Siap Huni di Ploso Timur - Akses Mudah,875000000,50.0,105.0,3.0,4.0,2.0,1.0,Unfurnished,-7.25843159012129,112.77446653733024,rumah123
Jual Rumah Aset Bank di Tambak Sari Surabaya,500000000,59.0,55.0,2.0,1.0,1.0,1.0,Unfurnished,-7.25371,112.753212,rumah123
Rumah Hitung Tanah Bronggalan Pacar Kembang Tambaksari Surabaya,950000000,106.0,86.0,3.0,1.0,1.0,,Unfurnished,-7.25371,112.753212,rumah123
Villa Kalijudan Indah 2Lt,2900000000,395.0,390.0,4.0,2.0,2.0,2.0,Unfurnished,-7.25371,112.753212,rumah123
Dijual Cepat Rumah Usaha di Kusuma Bangsa,11900000000,465.0,350.0,12.0,3.0,1.0,1.0,Unfurnished,-7.25371,112.753212,rumah123
Rumah di Lebak Arum - Lokasi Strategis & Potensial,2850000000,208.0,300.0,4.0,2.0,1.0,,Unfurnished,-7.250167040966247,112.779335767585,rumah123
"Rumah Lebak Indah Regency Dekat Kenjeran, Merr, Suramadu",1300000000,64.0,129.0,3.0,2.0,2.0,1.0,Unfurnished,-7.25371,112.753212,rumah123
"Dijual Rumah Jolotundo Pacarkeling Dekat Unair, Deltaplaza,T P",1800000000,185.0,225.0,6.0,3.0,2.0,1.0,Unfurnished,-7.25371,112.753212,rumah123
Rumah Tinggal Simo Gunung Barat,1870000000,159.0,239.0,1.0,1.0,1.0,,Unfurnished,-7.26548,112.698799,rumah123
"Dijual Rumah Area Komersial Raya Satelit, Surabaya Barat",10500000000,600.0,870.0,8.0,4.0,2.0,1.0,Unfurnished,-7.26548,112.698799,rumah123
"Dijual Rumah 2 Lantai Daerah Satelit Dekat Rumah Sakit Mitra Keluarga,Surabaya Barat",6500000000,375.0,400.0,6.0,4.0,2.0,2.0,Unfurnished,-7.28917,112.734,rumah123
Ema412 Dijual Rumah Siap Huni Besar Strategis SHM di Raya Satelit Indah Surabaya,7900000000,450.0,300.0,5.0,2.0,2.0,2.0,Unfurnished,-7.26548,112.698799,rumah123
Rumah Siap Huni SHM Luas 200 2 1/4 Lantai Darmo Satelit Sby Barat,2950000000,200.0,320.0,4.0,4.0,3.0,2.0,Semi Furnished,-7.26548,112.698799,rumah123
Dijual Rumah Hitung Tanah Darmo Harapan Hanya 10 Jutaan Per Meter,5500000000,480.0,352.0,4.0,2.0,1.0,1.0,Unfurnished,-7.28917,112.734,rumah123
Rumah Murah Jual Kupang Baru Dekat Kupang Indah,1800000000,200.0,150.0,4.0,1.0,1.0,1.0,Unfurnished,-7.26548,112.698799,rumah123
Rumah Komersil Raya Satelit Sukomanunggal Surabaya Barat,10500000000,600.0,870.0,7.0,3.0,2.0,4.0,Unfurnished,-7.26548,112.698799,rumah123
Dijual Tanah Bonus Bangunan Donowati Sukomanunggal Lt216m,1200000000,216.0,216.0,4.0,2.0,2.0,,Unfurnished,,,rumah123
Dijual Rumah Raya Sukomanunggal jaya (Nol Jalan),6500000000,360.0,300.0,3.0,3.0,1.0,1.0,Furnished,-7.26548,112.698799,rumah123
Rumah Baru 2 LT Good Quality Darmo Indah,1850000000,105.0,145.0,3.0,3.0,2.0,,Unfurnished,,,rumah123
Strategis Dkt Pakuwon Supermall Rumah Jl. Darmo Harapan,2650000000,195.0,133.0,3.0,3.0,1.0,,Unfurnished,,,rumah123
"Taman Hunian Satelit 2, Lokasi Premium One Gate Sistem, Menghadap Jalan Kembar, Jl. Sukomanunggal Indah Surabaya Barat. Shm. Luas Tanah 450 M² = 15x30,  Luas Bangunan ± 500 M² Hadap Timur. Ktidur 4 + 1, Ktidur Utama Di Lantai 1. Ex Rumah Contoh. Sangat Te",9250000000,450.0,550.0,4.0,3.0,2.0,2.0,Semi Furnished,-7.26548,112.6988,rumah123
Rumah Mainroad Jalan Raya Sukomanunggal Surabaya Barat Dkt Chofa,6000000000,351.0,250.0,3.0,3.0,1.0,2.0,Unfurnished,-7.28917,112.734,rumah123
Rumah Darmo Harapan Murah Poll Luas 400 Hanya 3.6M Hitung Tanah,3600000000,400.0,250.0,4.0,3.0,1.0,2.0,Unfurnished,-7.28917,112.734,rumah123
Dijual 600 M2 Rumah Raya Satelit - Sukomanunggal - Surabaya Barat - Hadap Nol Jalan Raya Cocok Buat Segala Usaha - Surat SHM,10500000000,600.0,870.0,7.0,3.0,2.0,4.0,Semi Furnished,-7.26548,112.698799,rumah123
Rumah Asri & Tenang Sukomanunggal Surabaya Barat,2200000000,195.0,202.0,6.0,2.0,2.0,1.0,Furnished,-7.253606,112.70735,rumah123
Rumah Alma Regency Hunian Nyaman Tinggal 10 Unit,1500000000,60.0,76.0,4.0,2.0,2.0,2.0,Unfurnished,-7.26548,112.698799,rumah123
Taman Hunian Satelit Bagus 2Lt,16000000000,684.0,750.0,5.0,5.0,2.0,2.0,Unfurnished,-7.26548,112.698799,rumah123
Rumah Murah Hitung Tanah di Satelit Timur,1750000000,181.0,180.0,3.0,3.0,1.0,,Unfurnished,-7.26548,112.6988,rumah123
"Rumah Komersial Kh Mas Mansyur, Surabaya Utara",25000000000,750.0,500.0,8.0,4.0,1.0,,Unfurnished,,,rumah123
"Raya Pengampon Tengah Kota Surabaya, Hanya 20Jt An Per Meter",16000000000,610.0,610.0,,,1.0,,Unfurnished,-7.2248,112.73217,rumah123
Dijual Rumah Jl Kelasi Surabaya,3000000000,98.0,50.0,2.0,1.0,2.0,,Unfurnished,-7.2248,112.73217,rumah123
Dijual Rumah Jl Kebalen Surabaya,6500000000,196.0,150.0,4.0,2.0,2.0,,Unfurnished,-7.2248,112.73217,rumah123
Dijual Rumah Kh Mas Mansyur Pabean Cantikan Surabaya,17500000000,468.0,468.0,7.0,7.0,2.0,,Unfurnished,-7.229260001,112.74082,rumah123
"Dijual Rumah Siap Huni Perum Merpati Ketuhanan Jln Sonokeling, Pabean Sedati Sidoarjo",1100000000,175.0,175.0,5.0,2.0,1.0,,Unfurnished,-7.2248,112.73217,rumah123
Jual Cepat ..Ingin Laku.rumah Area Tengah Kota..Jl Pecindilan,2500000000,220.0,220.0,4.0,2.0,1.0,,Unfurnished,-7.2248,112.73217,rumah123
Rumah Tinggal di Pusat Kota Pusat Usaha,650000000,53.0,60.0,2.0,3.0,3.0,,Unfurnished,,,rumah123
Flash Sale Drop 250jt - Hadap Jalan Raya Rumah 2 Lantai Slompretan Surabaya Cocok Utk Gudang Grosir Dkt Pasar Bong Pgs,6750000000,184.0,320.0,,1.0,2.0,2.0,Unfurnished,-7.2248,112.73217,rumah123
Dijual Rumah di Perkampungan.row Jalan Cukup Lebar.bisa Bangun untuk Kost Kost An Maupun Rumah Tinggal. Bangunan Sangat Terawat.,800000000,168.0,181.0,3.0,2.0,2.0,,Unfurnished,-7.2248,112.73217,rumah123
Dijual Rumah Murah Tambak Gringsing Sby Utara,650000000,111.0,200.0,4.0,2.0,2.0,,Furnished,-7.2248,112.73217,rumah123
Dijual Rumah di Jalan Besuki Dekat Rajawali Pabean Perak Timur,1950000000,294.0,165.0,3.0,1.0,1.0,2.0,Unfurnished,-7.2248,112.73217,rumah123
Dijual Rumah Kalianyar Hitung Tanah .Masuk Gang,800000000,198.0,190.0,2.0,1.0,1.0,1.0,Unfurnished,-7.2248,112.73217,rumah123
Rumah Langka Siap Huni Row Lebar Johor Perak Cocok Untuk Kantor,3800000000,253.0,170.0,3.0,3.0,1.0,,Unfurnished,-7.2248,112.73217,rumah123
Rumah 2 Lantai Butuh Cepat Dekat Pelabuhan Tanjung Priok,650000000,111.0,200.0,3.0,2.0,2.0,1.0,Unfurnished,-7.2248,112.73217,rumah123
Rumah Dijual Jalan Jakarta Pabean Cantikan Surabaya,2600000000,320.0,320.0,5.0,3.0,2.0,,Unfurnished,-7.220997253333333,112.73263748666668,rumah123
"Dijual Cepat Rumah, Turun Harga, Murah, Langka, Strategis, Rumah di Jl. Petukangan, Dekat Makam Sunan Ampel",4000000000,238.0,200.0,5.0,2.0,1.0,2.0,Unfurnished,-7.2248,112.73217,rumah123
Rumah Dijual Dijalan Dapuan Kidul Surabaya,600000000,43.0,43.0,2.0,2.0,1.0,,Unfurnished,-7.23028251666667,112.73547635,rumah123
Flash Sale Drop 250jt - Hadap Jalan Raya Rumah 2 Lantai Slompretan Surabaya Cocok Utk Gudang Grosir Dkt Pasar Bong Pgs,6750000000,184.0,320.0,,1.0,2.0,2.0,Unfurnished,-7.2248,112.73217,rumah123
Rumah Tinggal Perumahan Gunung Sari Indah,1290000000,132.0,110.0,1.0,1.0,1.0,,Unfurnished,-7.34304,112.697388,rumah123
Rumah Baru Gress 1man Di Alana Regency Gunung Sari Indah Surabaya Barat,1050000000,50.0,48.0,2.0,2.0,2.0,1.0,Unfurnished,-7.34304,112.697388,rumah123
Rumah Dijual di Gunungsari Indah Surabaya Selatan,1100000000,96.0,180.0,,2.0,2.0,,Unfurnished,-7.34304,112.697388,rumah123
Rumah 2 LT Relatif Baru Alana Gunungsari Surabaya Dekat Tol Gunungsari,1150000000,50.0,100.0,2.0,2.0,2.0,1.0,Unfurnished,-7.34304,112.697388,rumah123
Jual/Sewa Rumah Siap Huni Grand Harvest,1250000000,108.0,49.0,2.0,1.0,1.0,2.0,Unfurnished,-7.34304,112.697388,rumah123
Rumah 2 Lantai Shm Jalan Mastrip Surabaya,750000000,60.0,75.0,3.0,2.0,2.0,,Unfurnished,-7.34304,112.69739,rumah123
Rumah American Style Kemlaten Surabaya Dekat Tol Karangpilang & Royal Plaza,700000000,50.0,36.0,2.0,1.0,1.0,1.0,Unfurnished,-7.34304,112.697388,rumah123
Dijual Rumah Gunungsari Indah,2700000000,120.0,120.0,4.0,3.0,3.0,1.0,Unfurnished,-7.34304,112.697388,rumah123
Rumah di Raya Mastrip,10000000000,1239.0,800.0,3.0,2.0,1.0,,Unfurnished,-7.34304,112.697388,rumah123
Rumah Siap Huni Bagus Dekat Wiyung Surabaya Barat,2900000000,192.0,384.0,6.0,4.0,1.0,,Unfurnished,-7.34304,112.697388,rumah123
Butuh Uang Rumah di Kebraon (Ada Tempat Utk Usaha),1300000000,96.0,144.0,4.0,2.0,1.0,,Semi Furnished,-7.342444,112.691977,rumah123
Butuh Uang Rumah di Kebraon (Ada Tempat Utk Usaha),1300000000,96.0,144.0,4.0,2.0,1.0,,Semi Furnished,-7.342444,112.691977,rumah123
Dijual Rumah Alana Gunung Sari Surabaya,1050000000,50.0,48.0,2.0,2.0,2.0,,Unfurnished,-7.34304,112.69739,rumah123
"Murah di Bawah Harga Pasaran Rumah 2 Lantai, Surabaya Barat",950000000,101.0,101.0,4.0,4.0,2.0,1.0,Unfurnished,-7.34304,112.69739,rumah123
Dijual Rumah Baru Selesai di Bangun Perumahan Taman Sejahtera,1200000000,105.0,210.0,5.0,4.0,2.0,1.0,Unfurnished,-7.28917,112.734,rumah123
557 Dijual Rumah Grand Harvest Kebraon Tipe Apple Lb 50m Lt 123m,1200000000,123.0,50.0,2.0,1.0,1.0,1.0,Unfurnished,-7.34304,112.69739,rumah123
"Dijual: Rumah Minimalis Strategis di Bubutan Surabaya Pusat - Tepat di Belakang Mall Bg Junction, SHM, 2 KT / 2 KM, Harga 500 Juta!",500000000,40.0,40.0,2.0,2.0,1.0,,Semi Furnished,-7.25331,112.732857,rumah123
Rumah Nol Jalan Raya Tengah Kota Surabaya bisa untuk Usaha,3500000000,143.0,180.0,3.0,2.0,1.0,,Unfurnished,-7.252567500165725,112.71617503336677,rumah123
Rumah Strategis Dekat Raya Dupak Cocok untuk Gudang & Kos,5500000000,601.0,400.0,6.0,6.0,1.0,1.0,Semi Furnished,-7.2451151,112.723905,rumah123
Rumah Dijual Strategis di Surabaya Pusat Bubutan,900000000,139.0,139.0,2.0,2.0,1.0,,Unfurnished,-7.25331,112.732857,rumah123
Northwest Park,1700000000,75.0,100.0,3.0,2.0,2.0,1.0,Unfurnished,,,rumah123
Northwest Park ~ 3 Lantai,1750000000,90.0,200.0,6.0,2.0,3.0,1.0,Unfurnished,,,rumah123
"Rumah Hitung Tanah, SHM",7000000000,401.0,360.0,5.0,3.0,2.0,,Unfurnished,-7.28917,112.734,rumah123
Dijual Rumah Modern Smart Home di Northwest Park (H Y),1100000000,55.0,78.0,2.0,2.0,1.0,,Unfurnished,-7.25331,112.732857,rumah123
JUAL RUMAH JALAN TULUNGAGUNG GUNDIH SURABAYA,2900000000,303.0,175.0,6.0,2.0,1.0,3.0,Unfurnished,-7.25331,112.732857,rumah123
"Dijual Rumah Ki Bie Wongso, Semarang, Jawa Tengah",3000000000,1001.0,232.0,4.0,3.0,,,Unfurnished,,,rumah123
Rumah Dijual di Jalan Kawatan Bubutan Surabaya Pusat,1500000000,128.0,128.0,3.0,1.0,1.0,,Unfurnished,-7.25331,112.732857,rumah123
Rumah Dijual Jalan Tuban Bubutan Surabaya,1100000000,75.0,150.0,4.0,2.0,2.0,,Unfurnished,-7.241041221764334,112.72309537921348,rumah123
Rumah Lama  Praban Wetan Surabaya Pusatt,1495000000,141.0,396.0,4.0,2.0,2.0,1.0,Unfurnished,-7.25331,112.73286,rumah123
Rumah Usaha Jalan Tembok Surabaya,3500000000,509.0,509.0,16.0,9.0,1.0,,Unfurnished,-7.25331,112.732857,rumah123
Dijual Rumah di Jl Pajajaran Tegalsari Surabaya Pusat,18000000000,540.0,223.0,3.0,1.0,1.0,,Unfurnished,-7.25331,112.732857,rumah123
Rumah Belanda Tenggah Kota,20000000000,520.0,400.0,8.0,3.0,1.0,1.0,Semi Furnished,-7.25331,112.732857,rumah123
Rumah Northwest Park,1790000000,120.0,100.0,3.0,2.0,2.0,1.0,Semi Furnished,-7.25331,112.732857,rumah123
Dijual Rumah Sutorejo Zona Komersil Dekat Pusat Bisnis,12500000000,369.0,400.0,3.0,3.0,1.0,1.0,Unfurnished,-7.27049,112.780548,rumah123
"Dijual Rumah 2 Lantai Perumahan Virginia Regency, Surabaya Timur",7000000000,300.0,360.0,5.0,5.0,2.0,2.0,Unfurnished,-7.27049,112.780548,rumah123
"Dijual Rumah 2 Lantai Daerah Dharmahusada Mas, Surabaya Timur",7500000000,450.0,625.0,5.0,5.0,2.0,2.0,Unfurnished,-7.27049,112.780548,rumah123
Rumah Mulyasari Utara 2 Lantai Siap Huni,2500000000,165.0,250.0,5.0,4.0,2.0,2.0,Unfurnished,-7.27049,112.780548,rumah123
"Rumah Baru 2 Lantai Modern Dekat Galaxy Mall, Unair C SHM",3400000000,135.0,195.0,5.0,4.0,2.0,2.0,Unfurnished,-7.27049,112.780548,rumah123
Rumah 2 Lantai Pakuwon City Villa Royal Cluster Elite Dekat Pcm SHM,6000000000,375.0,500.0,5.0,4.0,2.0,2.0,Unfurnished,-7.27049,112.780548,rumah123
"Rumah Siap Huni Minimalis Modern - Sutorejo, Dekat Galaxy Mall",1750000000,75.0,100.0,4.0,3.0,2.0,1.0,Unfurnished,-7.260144160238426,112.79272015029296,rumah123
Rumah Dijual di Mulyosari Surabaya Timur Dekat Kampus Its,1550000000,82.0,115.0,3.0,3.0,2.0,1.0,Unfurnished,-7.261975,112.79978,rumah123
"‼️Turun Harga‼️ Mulyosari Utara, Dekat Merr, Its, Galaxy Mall",2200000000,120.0,170.0,5.0,5.0,2.0,2.0,Unfurnished,-7.27049,112.780548,rumah123
"Rumah Sutorejo Prima Indah Utara Dekat Merr, Galaxy Mall",1990000000,90.0,160.0,5.0,4.0,2.0,2.0,Unfurnished,-7.27049,112.780548,rumah123
"Babatan Pantai Utara, SHM, Dekat Grand Kenjeran, Merr",2850000000,150.0,210.0,5.0,5.0,2.0,2.0,Unfurnished,-7.27049,112.780548,rumah123
Dijual Rumah Vila Kalijudan Indah - Boulevard -Double Way,8500000000,827.0,1000.0,7.0,7.0,2.0,1.0,Unfurnished,-7.27049,112.780548,rumah123
No Blusuk2 Row Besar Lebak Kenjeran Dkt Unair Its Pakuwon,1650000000,188.0,160.0,3.0,3.0,1.0,1.0,Unfurnished,-7.27049,112.780548,rumah123
Rumah Full Furnish Mulyorejo Surabaya Timur Dekat Kampus C Unair,5100000000,160.0,186.0,3.0,3.0,2.0,2.0,Furnished,-7.27049,112.780548,rumah123
Rumah 2 LT Siap Huni Lokasi Tengah Kota Surabaya Royal Dharmahusada,1700000000,40.0,80.0,2.0,2.0,2.0,1.0,Unfurnished,-7.28917,112.734,rumah123
"Rumah Semi Furnised Full Renov Villa Kalijudan Surabaya Dekat I T S, Unair, Rs Dr Soetomo",1650000000,120.0,180.0,4.0,3.0,2.0,1.0,Semi Furnished,-7.27049,112.780548,rumah123
Dijual / Disewakan Rumah Mewah Perumahan Sinar Galaxy - Vila Galaxy - Surabaya Timur,7500000000,300.0,350.0,5.0,4.0,2.0,1.0,Unfurnished,-7.27049,112.780548,rumah123
Mayar Sambongan 2 Lantai Bangunan Baru Gress,500000000,32.0,64.0,3.0,2.0,2.0,1.0,Unfurnished,-7.27049,112.780548,rumah123
"Rumah 1 Lantai Terawat di Mulyosari Prima, Mulyorejo",1700000000,121.0,121.0,3.0,1.0,1.0,1.0,Semi Furnished,-7.27049,112.780548,rumah123
"Rumah Minimalis di Grand Pakuwon, Include Furnish Ex Rumah Contoh",2100000000,112.0,160.0,3.0,3.0,1.0,,Unfurnished,-7.25834,112.67898,rumah123
Darmo Indah Timur Siap Huni,1600000000,108.0,200.0,4.0,2.0,2.0,1.0,Unfurnished,-7.25834,112.678978,rumah123
Dijual Rumah Siap Huni di Grand Pakuwon Cluster Queensland,1300000000,60.0,79.0,3.0,2.0,2.0,1.0,Furnished,-7.25834,112.67898,rumah123
Rumah Jual Darmo Harapan Indah Surabaya Barat,1800000000,102.0,132.0,3.0,3.0,2.0,2.0,Unfurnished,-7.28917,112.734,rumah123
Murah! Rumah Baru Siap Huni Grand Pakuwon Tandes Surabaya Jatim,1100000000,72.0,78.0,2.0,2.0,2.0,1.0,Unfurnished,-7.28917,112.734,rumah123
2 Lantai Rumah Darmo Indah Barat - Strategis Area,1750000000,105.0,135.0,3.0,3.0,1.0,1.0,Unfurnished,-7.25834,112.67898,rumah123
Rumah 2 Lantai Grand Pakuwon Tandes Murah 1.25 M Dekat Margomulyo,1250000000,72.0,70.0,2.0,1.0,2.0,1.0,Unfurnished,-7.25834,112.678978,rumah123
Grand Pakuwon Adelaide Furnish,1350000000,72.0,70.0,2.0,2.0,2.0,,Semi Furnished,,,rumah123
For Sale Rumah 2 lantai Grand Pakuwon - Tandes.,1250000000,72.0,70.0,2.0,2.0,2.0,,Unfurnished,-7.25834,112.678978,rumah123
Darmo Indah Selatan Baru Gres 2lt,1850000000,105.0,145.0,3.0,3.0,2.0,1.0,Unfurnished,-7.25834,112.678978,rumah123
Dijual Rumah Grand Pakuwon South Victoria 2 Lantai Surabaya,2700000000,160.0,200.0,4.0,3.0,2.0,2.0,Unfurnished,-7.2551295,112.6616806,rumah123
Dijual Rumah Siap Huni di Cluster Depani Grand Pakuwon,1800000000,90.0,100.0,3.0,2.0,2.0,2.0,Semi Furnished,-7.24131139,112.6716747,rumah123
Dijual Rumah Grand Pakuwon Type Sanders Tandes Dkt Margomulyo,1350000000,72.0,70.0,2.0,2.0,2.0,,Semi Furnished,-7.25834,112.678978,rumah123
Jual Rumah Minimalis 1 Lantai Darmo Indah Bagus Siap Huni Sby,1100000000,90.0,72.0,2.0,2.0,1.0,2.0,Unfurnished,-7.25834,112.678978,rumah123
Dijual Rumah Darmo Indah Selatan Surabaya,1100000000,90.0,72.0,2.0,2.0,1.0,2.0,Unfurnished,-7.25834,112.678978,rumah123
Rumah Murah Grand Pakuwon Bawah Harga Pasar Dekat Darmo Harapan,1050000000,72.0,78.0,2.0,2.0,2.0,1.0,Unfurnished,-7.25834,112.67898,rumah123
Rumah 2 Lantai Baru Grand Pakuwon 1.2M Nego,1050000000,72.0,70.0,2.0,2.0,2.0,2.0,Unfurnished,-7.25834,112.67898,rumah123
Rumah Darmo Indah Minimalis 2 Lantai Terawat Siap Huni,2500000000,135.0,200.0,4.0,4.0,2.0,1.0,Semi Furnished,,,rumah123
Jual Rumah Hitung Tanah Di Krembangan Surabaya Utara,1700000000,196.0,196.0,4.0,2.0,1.0,1.0,Unfurnished,-7.22996,112.724159,rumah123
Rumah Dijual Dijalan Kutilang Krembangan Surabaya,4000000000,481.0,481.0,10.0,4.0,1.0,,Unfurnished,-7.233431999999999,112.73530999999998,rumah123
Dijual Rumah Krembangan! 2 Lantai! SHM! Terbatas!!,3000000000,160.0,310.0,4.0,3.0,2.0,1.0,Semi Furnished,-7.28917,112.734,rumah123
DIJUAL RUMAH SIAP HUNI TERLETAK DI SURABAYA UTARA,2250000000,100.0,75.0,3.0,3.0,3.0,1.0,Unfurnished,-7.238249728089116,112.73039758275256,rumah123
Dijual Rumah Strategis di Krembangan Surabaya Kota Ad 81,1290000000,123.0,86.0,2.0,1.0,1.0,,Unfurnished,-7.22996,112.724159,rumah123
For Sale Rumah Strategis di Krembangan Surabaya Kota Ad 81,1290000000,123.0,86.0,2.0,1.0,1.0,,Unfurnished,-7.22996,112.724159,rumah123
Forsale Rumah Krembangan Strategis Surabaya Kota Ad 81,1290000000,123.0,86.0,2.0,1.0,1.0,,Unfurnished,-7.22996,112.724159,rumah123
Dijual Rumah Dijalan Gadukan Krembangan Surabaya,5000000000,300.0,300.0,7.0,4.0,1.0,,Unfurnished,-7.231250001,112.71593,rumah123
Dijual Rumah Dijalan Krembangan Kidul Surabaya,1750000000,200.0,200.0,4.0,2.0,1.0,,Unfurnished,-7.22996,112.72416,rumah123
Dijual Bangunan 1.5 Lantai di Jalan Raya Perak Barat,2500000000,284.0,271.0,6.0,3.0,2.0,2.0,Unfurnished,-7.28917,112.734,rumah123
Rumah Ikan Duyung sekali dayung sampai ke Pelabuhan Perak,3000000000,382.0,200.0,4.0,3.0,,,Unfurnished,-7.230002000000001,112.72416,rumah123
Dijual Rumah Lama Jalan Nelayan Pesapen Surabaya Super Strategis!,900000000,70.0,140.0,2.0,1.0,2.0,,Unfurnished,-7.22996,112.724159,rumah123
Rumah Strategis Kalongan Besar Dekat Indrapura Surabaya,2250000000,250.0,400.0,3.0,2.0,3.0,2.0,Unfurnished,-7.2408248,112.7331724,rumah123
Dijual Rumah Dijalan Rembang Selatan Surabaya,1700000000,399.0,399.0,4.0,2.0,1.0,,Unfurnished,-7.2417,112.71817,rumah123
Ex Kantor Strategis di Jl. Ikan Mungsing Surabaya Utara,1400000000,102.0,100.0,2.0,2.0,1.0,1.0,Unfurnished,,,rumah123
Dijual Rumah Dijalan Dapuan Krembangan Surabaya,1300000000,139.0,194.0,3.0,1.0,2.0,,Unfurnished,-7.22960378090909,112.734411504545,rumah123
Dijual Rumah Tengah Kota Surabaya Jalan Adas Krembangan Surabaya,1500000000,90.0,180.0,,,,,Unfurnished,,,rumah123
"Bebas Banjir, Rumah, 2 Lantai, Dekat Sekolah Negeri, Akses Tol,",1500000000,136.0,130.0,7.0,3.0,2.0,2.0,Unfurnished,-7.22996,112.724159,rumah123
Rumah Siap Huni 3 KT Dekat Cito Mall,1100000000,112.0,75.0,3.0,1.0,1.0,2.0,Unfurnished,-7.37436,112.70717,rumah123
Rumah 4 Kamar Tidur Dekat Bunderan Waru,1830000000,130.0,112.0,4.0,3.0,2.0,2.0,Unfurnished,-7.31747,112.71664,rumah123
"Rumah Murah 2 Lantai, dengan Lokasi Strategis di Karah Agung",1200000000,72.0,98.0,3.0,3.0,2.0,1.0,Unfurnished,-7.31747,112.71664,rumah123
Rumah Murah Hitung Tanah Saja di Ketintang Permai,3900000000,375.0,375.0,4.0,4.0,1.0,,Unfurnished,-7.31747,112.71664,rumah123
Rumah Taman Gayungsari Barat Baru Gress Mewah,2800000000,180.0,190.0,4.0,3.0,2.0,2.0,Unfurnished,,,rumah123
Rumah 2 Lantai Jambangan Surabaya Selatan Harga 1M-An,1600000000,102.0,150.0,3.0,3.0,2.0,1.0,Unfurnished,-7.28917,112.734,rumah123
Rumah Siap Huni Palm Spring Regency Jambangan,1700000000,150.0,100.0,3.0,2.0,1.0,2.0,Unfurnished,-7.31747,112.716637,rumah123
Rumah Dekat Masjid Agung Al-Akbar Jambangan Ketintang Surabaya,550000000,77.0,50.0,2.0,,1.0,,Unfurnished,-7.31747,112.71664,rumah123
"Rumah L 135M Jambangan Surabaya Dekat Stikes, Al Akbar, Polda",1300000000,135.0,95.0,2.0,2.0,2.0,1.0,Unfurnished,-7.31747,112.716637,rumah123
Rumah Murah Area Kebonsari Elveka - Best Deal!,3600000000,360.0,100.0,3.0,2.0,2.0,2.0,Semi Furnished,-7.3279952,112.7162067,rumah123
Jual Rumah Jambangan Surabaya 2.5 Lantai 5 KT,1300000000,84.0,200.0,5.0,2.0,2.0,1.0,Unfurnished,-7.319192457,112.7157701,rumah123
Rumah Gayungsari Barat Surabaya. Ron.a391,11000000000,594.0,1100.0,5.0,5.0,3.0,2.0,Furnished,-7.28917,112.734,rumah123
Rumah Lux Modern Siap Huni Strategis di Komplek Ketintang Permai Surabaya SHM,5750000000,375.0,300.0,4.0,4.0,2.0,1.0,Semi Furnished,-7.28917,112.734,rumah123
"2067. Dijual Hunian Nyaman Ketintang Permai, Jambangan Surabaya Selatan",3500000000,190.0,140.0,3.0,1.0,1.0,2.0,Semi Furnished,-7.31747,112.716637,rumah123
"2066. Dijual Rumah Ketintang Permai, Hitung Tanah Murah Jambangan Surabaya Selatan",3800000000,300.0,300.0,5.0,1.0,1.0,1.0,Unfurnished,-7.31747,112.716637,rumah123
"2057. Gayungsari Barat, Jambangan Surabaya Selatan",2500000000,175.0,150.0,1.0,2.0,1.0,2.0,Unfurnished,-7.31747,112.716637,rumah123
"2037. Dijual Rumah Karah Indah, Jambangan Surabaya Selatan",4500000000,300.0,500.0,4.0,3.0,2.0,2.0,Semi Furnished,-7.311807544177526,112.71881616307525,rumah123
Rumah 2 Lantai Siap Huni di Kebonsari Jambangan Dekat dengan Cito,1200000000,90.0,160.0,3.0,3.0,2.0,1.0,Furnished,-7.328492,112.717051,rumah123
Dijual Rumah Griya Permata Pagesangan Jambangan Surabaya Ron.a2272,750000000,51.0,60.0,2.0,1.0,2.0,1.0,Unfurnished,-7.31747,112.716637,rumah123
Dijual Rumah 3 Lantai Daerah Rungkut Menanggal Harapan,5400000000,198.0,600.0,4.0,3.0,3.0,2.0,Unfurnished,-7.31434,112.800232,rumah123
Rumah Premium 2 Lantai Siap Huni Dekat Bandara Juanda,1830000000,130.0,112.0,4.0,3.0,2.0,2.0,Unfurnished,-7.377194,112.707117,rumah123
Rumah Scandinavian Bebas Banjir 13 Menit ke Bandara Juanda,975000000,77.0,75.0,2.0,2.0,2.0,1.0,Unfurnished,-7.31434,112.800232,rumah123
"Promo NUP Tahap 2 Extension Rumah Dekat Merr Surabaya Timur Cicilan 2,5 Juta Free DP di Wonorejo Rungkut",399000000,30.0,36.0,2.0,1.0,2.0,,Unfurnished,-7.31434,112.80023,rumah123
✨ Dijual Rumah Wiskai (Wisma Kedung Asem Indah Tahap 2),950000000,72.0,126.0,3.0,2.0,2.0,1.0,Semi Furnished,-7.31434,112.800232,rumah123
"Rumah Murah Aset Bank Syariah Nasional di Kota Surabaya, Surabaya",1428000000,72.0,55.0,2.0,1.0,1.0,,Unfurnished,-7.31434,112.80023,rumah123
Rumah Mewah 2 Lantai Perum Rungkut Harapan Raya Merr,1750000000,120.0,150.0,4.0,3.0,2.0,1.0,Unfurnished,-7.31434,112.80023,rumah123
Rumah Cantik Murah Perum Gunung Anyar Dekat Kampus Upn,395000000,30.0,60.0,2.0,2.0,2.0,1.0,Unfurnished,-7.31434,112.80023,rumah123
Rumah Cantik Nol DP Rungkut,495000000,54.0,48.0,2.0,1.0,,1.0,Unfurnished,-7.31434,112.80023,rumah123
"Rumah Baru Minimalis di Rungkut, Selangkah ke Merr & Upn (Sisa 1 Unit!)",695000000,84.0,50.0,2.0,1.0,1.0,1.0,Unfurnished,-7.31434,112.800232,rumah123
Dijual Rumah Cantik Wonorejo Pandugo di Perum Rungkut Surabaya,875000000,100.0,65.0,3.0,2.0,1.0,1.0,Unfurnished,-7.3051308047501,112.8082729876,rumah123
Rumah Baru di Wonorejo Selatan Dekat Superindo Merr Rungkut,875000000,95.0,60.0,3.0,2.0,1.0,1.0,Unfurnished,-7.31434,112.80023,rumah123
Rumah Mewah Wonorejo Selatan Rungkut,800000000,100.0,70.0,3.0,2.0,1.0,1.0,Unfurnished,-7.31434,112.80023,rumah123
Rumah Mewah Perumahan Rungkut Barata,1050000000,75.0,100.0,3.0,2.0,2.0,2.0,Unfurnished,-7.31434,112.80023,rumah123
Rumah 1 Lantai Siap Huni di Rungkut Asri Barat,2200000000,283.0,175.0,5.0,2.0,,,Unfurnished,,,rumah123
Dijual Rumah Baruk Utara Strategis Selangkah Menuju Merr,1700000000,180.0,116.0,2.0,1.0,1.0,1.0,Unfurnished,-7.31434,112.80023,rumah123
Rumah Rungkut Asri Tengah Surabaya Timur Murah. Ron.a2282,1500000000,120.0,150.0,4.0,3.0,2.0,1.0,Unfurnished,-7.31434,112.800232,rumah123
Rumah Rungkut Mapan Surabaya Murah. Ron.a468,1150000000,48.0,92.0,2.0,3.0,2.0,1.0,Unfurnished,-7.28917,112.734,rumah123
Rumah Grand Alana Wonorejo Baru Gress Murah Upn Oerr Rungkut,400000000,60.0,48.0,2.0,1.0,1.0,1.0,Unfurnished,-7.31434,112.80023,rumah123
"Dijual Rumah 2 Lantai Perumahan Graha Family Blok U, Surabaya Barat",13500000000,487.0,600.0,5.0,5.0,2.0,2.0,Unfurnished,-7.27993,112.654648,rumah123
Dijual Rumah Lokasi Strategis di Citraland Waterfront Surabaya,5000000000,240.0,300.0,5.0,3.0,1.0,,Unfurnished,,,rumah123
"Dijual Rumah 2 Lantai Perumahan Graha Natura, Surabaya Barat",6800000000,375.0,400.0,5.0,5.0,2.0,2.0,Semi Furnished,-7.27993,112.654648,rumah123
"Dijual Rumah 4 Lantai Perumahan Villa Valencia, Lontar, Surabaya Barat",6000000000,308.0,400.0,5.0,6.0,4.0,3.0,Unfurnished,-7.27993,112.654648,rumah123
"Dijual Rumah Supermewah Siap Huni Perumahan Graha Family, Surabaya Barat",28000000000,450.0,650.0,4.0,5.0,2.0,2.0,Semi Furnished,-7.27993,112.654648,rumah123
Rumah Pakuwon Indah 3 Lantai Full Furnished Siap Huni SHM,6000000000,144.0,432.0,5.0,4.0,3.0,2.0,Furnished,-7.27993,112.654648,rumah123
Rumah Hook 2 Lantai Pakuwon Indah Full Furnish Bagus Row Luas,8000000000,360.0,500.0,5.0,4.0,2.0,2.0,Unfurnished,-7.27993,112.654648,rumah123
"Rumah 2,5 Lantai Split Level Full Furnish Villa Bukit Regency Dekat Pakuwon Mall",7250000000,275.0,400.0,5.0,5.0,3.0,2.0,Unfurnished,-7.27993,112.654648,rumah123
Jual Rumah Graha Natura Luas 90M2 Bangunan 2 Lantai,1800000000,90.0,140.0,3.0,3.0,2.0,1.0,Unfurnished,-7.27993,112.654648,rumah123
Dijual Murah Rumah Strategis Manukan Dekat Citraland & Margomulyo,950000000,84.0,90.0,3.0,2.0,2.0,1.0,Unfurnished,-7.27993,112.654648,rumah123
Satu-Satunya Rumah di Jl. Hr Muhammad Surabaya Dekat Pakuwon Mall,1500000000,60.0,89.0,3.0,3.0,2.0,2.0,Unfurnished,-7.27993,112.654648,rumah123
Rumah Siap Huni Graha Natura Surabaya Dekat Pakuwon & Skolah Ciputra,3300000000,144.0,117.0,4.0,4.0,1.0,2.0,Unfurnished,-7.27993,112.654648,rumah123
"Turun Harga Termurah Rumah Pojok 2 Lantai Citraland Villa Sentra Raya. Bagus HGB di Villa Sentra Raya, Jl. Balerina Lontar, Sambikerep, Sambikerep, Kota Surabaya, Jawa Timur, Indonesia, 60217, Sambikerep Rumah di D, Villa Sentra Raya, Jl. Balerina Lontar,",4950000000,333.0,450.0,5.0,4.0,2.0,2.0,Unfurnished,-7.27993,112.654648,rumah123
Dijual Rumah Murah Minimalis 3 Lantai Citraland Alam Hijau Surabaya. Bangun Sendiri Kokoh. Selangkah Ke▪️ Taipei International Schooll▪️ G Walk▪️ Pasar Modern Lt 8x15 M2 / Lb 250 M2 / Kt 4 / Shm / Rp 2.700.000.000 Murah. Rumah Bagus SHM,2700000000,120.0,250.0,4.0,3.0,3.0,3.0,Semi Furnished,-7.27993,112.654648,rumah123
"Rumah Graha Natura Termurah, Ada Pool, Mewah Banget",5000000000,225.0,229.0,4.0,4.0,2.0,2.0,Semi Furnished,-7.27993,112.654648,rumah123
Graha Natura Rumah Murah Only 1.9m Nego Dkt Citraland Alam Galaxy,1900000000,72.0,84.0,2.0,2.0,2.0,2.0,Semi Furnished,-7.28917,112.734,rumah123
"Rumah Lokasi Ciamik Dekat Citraland, Graha Natura Surabaya Barat",2700000000,144.0,170.0,4.0,3.0,2.0,1.0,Unfurnished,-7.27993,112.654648,rumah123
Dijual Rumah Mewah di Graha Family Surabaya Barat.shm,23500000000,731.0,1000.0,5.0,5.0,1.0,1.0,Unfurnished,-7.27993,112.654648,rumah123
Jual Rumah Baru Woodland Surabaya Nomer Cantik 8 Lebar 9,4200000000,153.0,268.0,5.0,6.0,2.0,2.0,Unfurnished,-7.27993,112.654648,rumah123
(Ada Lebihan Tanah) Rumah 2 Lantai Dekat Bundaran Waru,1355000000,96.0,86.0,2.0,2.0,2.0,1.0,Unfurnished,-7.33,112.72602,rumah123
Rumah Scandinavian 2 Lantai Dekat Bunderan Waru,995000000,78.0,79.0,2.0,2.0,2.0,1.0,Unfurnished,-7.33,112.72602,rumah123
Rumah Tinggal Kartomenanggal 5A,5840000000,516.0,756.0,1.0,1.0,1.0,,Unfurnished,-7.33,112.726021,rumah123
Rumah Nol Jalan Raya Gayungsari,5300000000,305.0,250.0,4.0,4.0,1.0,2.0,Unfurnished,-7.33,112.726021,rumah123
Rumah Baru Gayungsari 2 Lantai Free Desain,2300000000,162.0,125.0,4.0,3.0,2.0,1.0,Unfurnished,-7.33,112.726021,rumah123
Rumah Mewah Gayungsari Timur,4500000000,200.0,240.0,4.0,3.0,2.0,2.0,Unfurnished,-7.33,112.726021,rumah123
Rumah Surabaya Selatan Gayungsari,5300000000,305.0,305.0,5.0,4.0,1.0,1.0,Unfurnished,-7.333525000009971,112.7219849999968,rumah123
"Rumah Gayung Kebonsari Dekat Gate Tol, Trans Icon Mall, Polda",1850000000,96.0,90.0,2.0,3.0,2.0,1.0,Unfurnished,-7.33,112.726021,rumah123
"Rumah Gayungsari  Barat, dekat TOL, Masjid Agung Surabaya, Cito Royal Plaza",6500000000,452.0,216.0,5.0,3.0,1.0,2.0,Semi Furnished,-7.33,112.726021,rumah123
"Rumah Graha Indah Surabaya, Dekat Perkantoran Injoko, Tol, Polda",2200000000,136.0,154.0,5.0,2.0,2.0,1.0,Unfurnished,-7.33,112.726021,rumah123
Dijual Rumah Gayungsari Barat - Baru Gress,3100000000,133.0,200.0,5.0,5.0,2.0,1.0,Unfurnished,-7.33,112.726021,rumah123
Rumah di Gayung Kebonsari Surabaya Mewah Full Furnsh Strategis,11500000000,670.0,550.0,5.0,5.0,2.0,4.0,Semi Furnished,-7.32515904375,112.7248388175,rumah123
Rumah di Gayungsari Surabaya Siap Huni dan Mewah Lokasi Strategis,5000000000,506.0,480.0,6.0,5.0,2.0,4.0,Unfurnished,-7.335758,112.720602,rumah123
Rumah 1 Lantai Full Furnish di Dukuh Menanggal,2300000000,144.0,144.0,4.0,2.0,1.0,1.0,Unfurnished,-7.33,112.726021,rumah123
RUMAH MURAH GAYUNGSARI GAYUNG KEBONSARI SURABAYA,2200000000,136.0,200.0,4.0,3.0,,,Unfurnished,,,rumah123
RUMAH CENTRAL PARK A. YANI REGENCY KETINTANG GAYUNGSARI SURABAYA,3150000000,144.0,240.0,3.0,3.0,2.0,,Unfurnished,-7.33,112.72602,rumah123
RUMAH BARU GAYUNG KEBONSARI INJOKO GAYUNGSARI SURABAYA,2250000000,136.0,192.0,4.0,3.0,2.0,,Unfurnished,-7.33,112.72602,rumah123
Jual Rumah Hook Di Gayungsari Dekat Masjid Al Akbar Surabaya,7200000000,450.0,650.0,7.0,6.0,2.0,1.0,Unfurnished,-7.33,112.72602,rumah123
Turun Harga Rumah Di Gayungsari Surabaya Lokasi Strategis,11000000000,594.0,1400.0,5.0,5.0,3.0,2.0,Furnished,-7.33,112.72602,rumah123
Rumah Tinggal Kutisari Indah,2700000000,240.0,224.0,1.0,1.0,2.0,,Unfurnished,-7.31943,112.755386,rumah123
"Dijual Rumah 1 Lantai Prapen Indah, Surabaya",8000000000,600.0,400.0,6.0,3.0,1.0,2.0,Unfurnished,-7.31943,112.755386,rumah123
Rumah Tinggal Jalan Saronojiwo Iii,1290000000,70.0,81.0,,,1.0,,Unfurnished,-7.31943,112.755386,rumah123
Rumah di Tenggilis Surabaya,2950000000,144.0,230.0,4.0,3.0,2.0,1.0,Unfurnished,-7.28917,112.734,rumah123
"Dijual Rumah Hook Prapen, Surabaya",8000000000,600.0,400.0,4.0,4.0,1.0,2.0,Unfurnished,-7.31943,112.755386,rumah123
Rumah Kutisari Selatan Surabaya Kota Murah. Ron.a808,2300000000,320.0,320.0,5.0,3.0,1.0,,Unfurnished,-7.31943,112.755386,rumah123
Rumah Hoek Dekat Kampus Ubaya Cocok Dibuat Kost,4300000000,420.0,300.0,6.0,5.0,1.0,2.0,Unfurnished,-7.31943,112.755386,rumah123
"Dijual Rumah Hook Lebar dan Luas Prapen, Siap Huni (Semi Furnished)",3500000000,225.0,167.0,4.0,3.0,1.0,4.0,Semi Furnished,-7.31943,112.755386,rumah123
"Dijual Cepat Rumah Usaha (Segera Lepas Asset) 2 Lantai, SHM, Kendangsari",3800000000,384.0,480.0,7.0,4.0,2.0,4.0,Furnished,-7.31943,112.755386,rumah123
"Tenggilis Utara Dekat ke Excelso, Starbucks dan ke Ubaya",2850000000,137.0,165.0,3.0,3.0,3.0,2.0,Furnished,-7.31943,112.755386,rumah123
Rumah Prapen Jemursari Surabaya Dijual,9500000000,600.0,400.0,4.0,3.0,1.0,2.0,Semi Furnished,,,rumah123
"Rumah Gress 2 LT Ready Prapen Tenggilis Surabaya Dekat Polda, Petra",1300000000,50.0,61.0,3.0,2.0,2.0,1.0,Unfurnished,-7.31943,112.755386,rumah123
"Dijual Rumah Minimalis Modern di Tenggilis Mejoyo, Dekat Ubaya",1390000000,51.0,74.0,3.0,2.0,2.0,1.0,Unfurnished,-7.3212278343891,112.7609620388,rumah123
Dijual Rumah Panjang Jiwo,2700000000,144.0,200.0,3.0,4.0,2.0,2.0,Semi Furnished,-7.31943,112.755386,rumah123
Dijual Rumah Second Terawat Kutisari Indah Rumah,3000000000,287.0,250.0,4.0,3.0,2.0,1.0,Semi Furnished,-7.31943,112.755386,rumah123
"Rumah di Tenggilis Mejoyo , Surabaya ( De 7870 )",3300000000,200.0,300.0,4.0,3.0,2.0,1.0,Unfurnished,-7.31943,112.755386,rumah123
"Dijual Rumah Minimalis, Layout Open Space, Siap Huni, Kutisari Selatan",3200000000,284.0,284.0,4.0,2.0,1.0,3.0,Unfurnished,-7.31943,112.755386,rumah123
Rumah Kutisari Surabaya Terawat Siap Huni,3000000000,347.0,300.0,4.0,2.0,1.0,1.0,Semi Furnished,-7.334898189365958,112.7469680087545,rumah123
Rumah Hitung Tanah,4300000000,450.0,400.0,5.0,3.0,2.0,4.0,Unfurnished,-7.28917,112.734,rumah123
Rumah Ready Unit 2 Lantai Raya Prapen Surabaya Selatan,1350000000,50.0,61.0,3.0,2.0,2.0,1.0,Unfurnished,-7.31943,112.75539,rumah123
Dijual Rumah 2 Lantai Royal Park Citraland,3700000000,180.0,185.0,4.0,2.0,2.0,1.0,Semi Furnished,-7.30073,112.63566,rumah123
Harga Rugi & Termurah ! Dijual Rumah Royal Residence Wiyung,2550000000,99.0,125.0,4.0,3.0,2.0,1.0,Semi Furnished,-7.30073,112.635658,rumah123
"Dijual Rumah Modern Minimalis, Lebar 15, Loss Open Space - Raffles Garden, Citraland",8500000000,330.0,425.0,4.0,4.0,2.0,2.0,Unfurnished,-7.30073,112.635658,rumah123
Citraland Greenlake Baru Renov Bagus Semi Interior Furnish Murah,6500000000,264.0,294.0,4.0,3.0,2.0,2.0,Semi Furnished,-7.30073,112.63566,rumah123
Dijual Rumah Siap Huni Prambanan Mainroad,6250000000,388.0,311.0,4.0,3.0,2.0,,Unfurnished,-7.30073,112.635658,rumah123
Rumah Premium Di Barat Surabaya Type Mezanine.dengan Pondasi Rumah.2.lantai,835000000,60.0,68.0,2.0,1.0,2.0,1.0,Unfurnished,-7.30073,112.635658,rumah123
Rumah Type Grand Lyndon Di Barat Surabaya. Gate Perumahan Wilayah Surabaya  Cluster Nya Ikut Wilayah Gresik. Rumah 2 Lantai Di Nol.jalan Raya Memganti,1289000000,60.0,76.0,3.0,3.0,,1.0,Unfurnished,-7.30073,112.63566,rumah123
Dijual Rumah Royal Residence Greenwich Siap Huni Semi Furnish Row Jalan 4 Mobil SHM,3950000000,160.0,192.0,4.0,4.0,1.0,2.0,Semi Furnished,-7.30073,112.63566,rumah123
Jual Rumah Wisata Bukit Mas Luas 220M2 Bangunan 3 Lantai Samping Lapangan Tennis,2900000000,220.0,265.0,3.0,2.0,3.0,2.0,Unfurnished,-7.30073,112.635658,rumah123
"Murah Luas Dijual Rumah Pinus Asri - Hook - Samping Perum Wisata Bukit Mas - Modern Luas 225 M2 Dekat Pakuwon Mall, Surabaya Grammer School, Sekolah Binus",2700000000,225.0,230.0,5.0,2.0,2.0,2.0,Semi Furnished,-7.30073,112.635658,rumah123
Rumah Hitung Tanah Bukit Bali Citraland Dkt Crystal Golf Fulerton,2250000000,210.0,65.0,2.0,1.0,1.0,1.0,Unfurnished,-7.28917,112.734,rumah123
Dijual Rumah Wisata Bukit Mas 2 Notredame,1800000000,66.0,198.0,3.0,3.0,3.0,1.0,Unfurnished,-7.30073,112.635658,rumah123
Murah Citraland Fullerton Dekat Raffles Garden Luas 210 Only 3.5,3500000000,210.0,310.0,4.0,4.0,2.0,2.0,Semi Furnished,-7.28917,112.734,rumah123
Rumah Mewah Ready Unit Di Barat Surabaya,994000000,60.0,60.0,3.0,2.0,2.0,1.0,Unfurnished,-7.30073,112.63566,rumah123
Royal Residence Cluster Greenwich Lebar 7 Harga 2M,2150000000,112.0,100.0,3.0,3.0,2.0,1.0,Unfurnished,,,rumah123
Bukit Golf Mediterania Somerset di Area Golf Citraland,9950000000,300.0,600.0,5.0,5.0,3.0,1.0,Unfurnished,,,rumah123
Wisata Bukit Mas 2,2999999999,180.0,190.0,3.0,3.0,2.0,,Unfurnished,,,rumah123
Crystal Golf Citraland,4000000000,280.0,200.0,4.0,2.0,2.0,,Unfurnished,,,rumah123
District 9 Citraland Full Furnish,4500000000,126.0,176.0,3.0,3.0,2.0,,Unfurnished,,,rumah123
"Dijual Cepat Rumah 2 Lantai Perumahan Graha Family Blok D, Surabaya Barat",13990000000,416.0,500.0,5.0,5.0,2.0,2.0,Unfurnished,-7.29503,112.710739,rumah123
Murah Luas 653 M2 Dijual Rumah Graha Famili Blok D Surabaya - Hook - Full Furnished - Spesial Row Jalan Lebar Istimewa - Baru Renov Cantik Siap Huni,16000000000,653.0,650.0,4.0,4.0,2.0,2.0,Furnished,-7.29503,112.710739,rumah123
"Dijual Rumah 2 Lantai Daerah Perumahan Graha Famili , Surabaya Barat",15000000000,450.0,500.0,5.0,4.0,2.0,2.0,Unfurnished,-7.29503,112.710739,rumah123
"Dijual Rumah 2 Lantai Perumahan Graha Family, Surabaya Barat",13500000000,375.0,500.0,5.0,5.0,2.0,2.0,Semi Furnished,-7.29503,112.710739,rumah123
"Dijual Rumah 2 Lantai Villa Bukit Mas, Surabaya Barat",6500000000,312.0,400.0,5.0,4.0,2.0,2.0,Furnished,-7.29503,112.710739,rumah123
"Dijual Rumah 2 Lantai Perumahan Graha Family, Surabaya Barat",13500000000,375.0,500.0,5.0,5.0,2.0,2.0,Unfurnished,-7.29503,112.710739,rumah123
Commercial Resto Dijual Jalan Musi Tengah Kota Surabaya - Under Market. Lokasi Bagus & Investasi Menarik,20500000000,525.0,525.0,2.0,2.0,1.0,10.0,Semi Furnished,-7.29503,112.710739,rumah123
Rumah Mewah di Jalan Kembar Bukit Darmo Golf,3300000000,956.0,1300.0,5.0,4.0,1.0,,Unfurnished,-7.29503,112.71074,rumah123
"Dijual Cepat Rumah Kupang Indah, Surabaya Barat",8900000000,528.0,650.0,8.0,3.0,2.0,3.0,Unfurnished,-7.29503,112.710739,rumah123
"Dijual Rumah 2 Lantai Villa Bukit Mas, Surabaya Barat",6500000000,281.0,500.0,8.0,6.0,2.0,3.0,Unfurnished,-7.29503,112.710739,rumah123
Rumah Butuh Renov Di Villa Bukit Mas Surabaya Barat,2500000000,160.0,140.0,3.0,2.0,2.0,1.0,Unfurnished,-7.29503,112.710739,rumah123
"Dijual Rumah Siap Huni 2,5 Lantai Villa Bukit Mas Cluster Mediterian",6000000000,281.0,500.0,6.0,4.0,2.0,2.0,Semi Furnished,-7.28917,112.734,rumah123
Dukuh Kupang Barat 2 Lantai Siap Huni,5500000000,216.0,230.0,10.0,4.0,2.0,2.0,Unfurnished,-7.29503,112.710739,rumah123
Rumah 2 Lantai Dekat Mayjen Sungkono di Dukuh Kupang Barat,4350000000,216.0,260.0,10.0,4.0,2.0,2.0,Unfurnished,,,rumah123
Rumah Graha Family Minimalis Surabaya Barat Dekat Pakuwon Indah,21000000000,731.0,1000.0,5.0,5.0,2.0,,Unfurnished,-7.29503,112.71074,rumah123
Rumah Bukit Darmo Golf Dekat Graha Family Dan Pakuwon Indah Surabaya Barat,12000000000,663.0,600.0,5.0,5.0,2.0,,Unfurnished,-7.29503,112.71074,rumah123
"Dijual Rumah Baru Graha Family - Graha Famili Full Furnished Plus Unit Private Lift - Siap Huni Ready - Dekat Pakuwon Mall, Sma Petra 1, Citraland, Dian Istana, Bukit Darmo Golf, National Hospital",11700000000,240.0,332.0,4.0,3.0,2.0,2.0,Furnished,-7.29503,112.710739,rumah123
Dijual Rumah Darmo Villa Hook Terawat,7750000000,570.0,250.0,4.0,3.0,2.0,2.0,Unfurnished,-7.29503,112.710739,rumah123
Rumah Mewah Pakis Argosari Dekat Shangrila Hotel Surabaya,20000000000,800.0,750.0,5.0,5.0,2.0,4.0,Semi Furnished,,,rumah123
Rumah Komersial 2 Lantai Darmo Permai Selatan,5100000000,306.0,400.0,5.0,3.0,2.0,4.0,Unfurnished,-7.29503,112.710739,rumah123
"Dijual Rumah Nol Jalan Kawi, Tengah Kota Surabaya",6750000000,634.0,287.0,2.0,2.0,2.0,2.0,Unfurnished,-7.26502,112.731003,rumah123
Muraah! Tengah Kota! Utk Kost Homestay Rumah Tinggal Kinibalu Sby,4700000000,479.0,234.0,3.0,2.0,1.0,4.0,Unfurnished,-7.28917,112.734,rumah123
Rumah Hitung Tanah Jalan Anjasmoro Surabaya Dekat Kedungdoro,17000000000,624.0,400.0,5.0,3.0,1.0,1.0,Unfurnished,-7.26502,112.731003,rumah123
Rumah Jual Pusat Kota Jalan Anjasmoro Surabaya Dekat Kedungdoro,17000000000,573.0,400.0,5.0,3.0,1.0,1.0,Unfurnished,-7.26502,112.731003,rumah123
Rumah Murah Jln Tidar 180m2 Strategis Pusat Kota Surabaya,2750000000,180.0,135.0,3.0,2.0,1.0,3.0,Unfurnished,-7.26502,112.731003,rumah123
Dijual Rumah Asri Jl Tokala 608 M2 Dekat Pengadilan Negri Surabaya SHM Full Jati Murah,7900000000,608.0,300.0,5.0,4.0,2.0,4.0,Unfurnished,-7.26502,112.731003,rumah123
Dijual Cepat Rumah Besar Luas 1400 Nol Jalan Raya Surabaya Pusat Dekat Tunjungan Balai Pemuda Alun Alun Pgs Mall Stasiun Pasar Turi Cocok Usaha Bengkel Resto Cafe Guest House Hotel Ruko Harga Nego Keras,22500000000,1455.0,600.0,,,1.0,10.0,Unfurnished,-7.26502,112.731003,rumah123
Rumah Murah Dijual di Surabaya Kota Dekat Pasar Kembang,210000000,39.0,39.0,2.0,1.0,1.0,,Unfurnished,-7.26502,112.731003,rumah123
Murah Argopuro Pusat Kota Surabaya,11000000000,589.0,399.0,3.0,3.0,2.0,,Unfurnished,,,rumah123
Termurah Rumah Pusat Kota Hitung Tanah Jln Kawi. Dkt Raya Arjuna,6500000000,634.0,287.0,4.0,3.0,1.0,,Unfurnished,-7.26502,112.731003,rumah123
Rumah Petemon Sawahan Surabaya Pusat Kota Murah. Ron.a2909,1400000000,118.0,118.0,3.0,2.0,2.0,1.0,Unfurnished,-7.26502,112.731003,rumah123
Rumah di Mayjend Sungkono Surabaya Lokasi Strategis Harga Terbaik,1950000000,100.0,200.0,3.0,2.0,2.0,1.0,Unfurnished,-7.2921044,112.719142,rumah123
Petemon I,3800000000,523.0,600.0,8.0,4.0,2.0,1.0,Unfurnished,,,rumah123
Rumah Tengah Kota Kinibalu Petemon Surabaya,3000000000,423.0,300.0,5.0,4.0,1.0,,Unfurnished,-7.26502,112.731003,rumah123
Rumah Hitung Tanah Shm Di Surabaya Pusat Jalan Petemon,1200000000,154.0,100.0,1.0,1.0,1.0,1.0,Unfurnished,-7.28917,112.734,rumah123
For Sale Rumah Strategis di Pusat Kota Argopuro Surabaya Bw 336,9000000000,472.0,400.0,7.0,5.0,1.0,,Unfurnished,-7.26502,112.731003,rumah123
RUMAH HITUNG TANAH PUSAT KOTA DI PETEMON,1200000000,154.0,100.0,,,,,Unfurnished,,,rumah123
Jual Rumah Kranggan Pusat Kota Dekat Mall Bg Junction Pasar Blauran Tunjungan Bubutan,2200000000,488.0,200.0,4.0,2.0,1.0,2.0,Unfurnished,-7.26502,112.731003,rumah123
Gubeng Kertajaya Siap Huni 2Lt,1950000000,128.0,200.0,4.0,3.0,2.0,1.0,Unfurnished,-7.27396,112.748192,rumah123
Baratajaya,4500000000,240.0,240.0,2.0,2.0,1.0,,Unfurnished,,,rumah123
"Dijual Rumah 2 Lantai Daerah Kertajaya Indah, Surabaya Timur",5200000000,200.0,270.0,6.0,5.0,2.0,2.0,Unfurnished,-7.27396,112.748192,rumah123
Dijual Rumah Dijalan Biliton Surabaya Pusat Kota,17820000000,540.0,200.0,3.0,2.0,1.0,,Unfurnished,-7.2736702,112.7498552,rumah123
Rumah Dijual Dijalan Sumatra Surabaya Pusat,40500000000,900.0,500.0,2.0,2.0,1.0,,Unfurnished,-7.274332597494549,112.7451533607753,rumah123
Dijual Rumah Dijalan Sulawesi Surabaya Pusat,15000000000,420.0,420.0,4.0,2.0,1.0,,Unfurnished,-7.2765571,112.7467607,rumah123
Dijual Rumah Dijalan Lombok Surabaya Pusat,18500000000,648.0,648.0,7.0,6.0,1.0,,Unfurnished,-7.27821,112.74642,rumah123
Dijual Rumah Pusat Kota Hitung Tanah Jl. Sulawesi Sh,23000000000,571.0,600.0,8.0,2.0,2.0,2.0,Unfurnished,-7.2766331,112.74773765,rumah123
"Di Jual Cepat Rumah 2 Lantai,Rumah Dharmahusada Mas",8500000000,450.0,625.0,5.0,5.0,2.0,2.0,Unfurnished,-7.27396,112.748192,rumah123
Jual Rumah Kosongan Barata Jaya Hadap Barat,4500000000,240.0,300.0,5.0,4.0,2.0,,Unfurnished,-7.27396,112.748192,rumah123
Rumah Gubeng Kertajaya Surabaya Murah. Ron.a377,500000000,81.0,160.0,6.0,2.0,2.0,,Unfurnished,-7.28917,112.734,rumah123
Termurah Rumah 2 Lantai di Gubeng Kertajaya Selangkah ke Pusat Kota Surabaya,900000000,110.0,90.0,3.0,1.0,2.0,,Unfurnished,-7.27396,112.748192,rumah123
Dijual Rumah 1 Lantai Manyar Rejo Unfurnish,3800000000,250.0,250.0,3.0,2.0,1.0,1.0,Unfurnished,-7.27396,112.74819,rumah123
Dijual Rumah 2 Lantai Manyar Kertoarjo,6500000000,360.0,520.0,4.0,5.0,2.0,1.0,Unfurnished,-7.27396,112.74819,rumah123
Hitung Tanah! Lokasi Premium SHM Dekat Gubeng Pusat Kota Surabaya,9200000000,575.0,200.0,6.0,2.0,1.0,2.0,Unfurnished,-7.27396,112.748192,rumah123
Rumah Usaha Nol Jalan Raya Gubeng Dekat Pemuda Plaza Surabaya,9500000000,399.0,399.0,,3.0,2.0,4.0,Unfurnished,-7.27396,112.748192,rumah123
Harga Spesial Dan Langka Dharmahusada Indah Timur Semi Furnished,12000000000,500.0,715.0,3.0,4.0,2.0,2.0,Semi Furnished,-7.27396,112.74819,rumah123
Rumah 1 Lantai Di Gubeng Kertajaya Surabaya Timur.,750000000,114.0,130.0,3.0,1.0,1.0,,Unfurnished,-7.27396,112.74819,rumah123
Dijual Rumah Jalan Juwingan Pucang Anom,1900000000,147.0,220.0,6.0,3.0,2.0,2.0,Unfurnished,-7.27396,112.748192,rumah123
[ Dijual ] Rumah Raya Pucang Anom - Surabaya Timur,50000000000,1023.0,1023.0,1.0,1.0,1.0,,Unfurnished,-7.28459022941176,112.753042113235,rumah123
Rumah di Palma Grandia Citraland Utara Surabaya Modern Minimalis,2500000000,136.0,110.0,3.0,2.0,2.0,1.0,Unfurnished,-7.253608108934742,112.63071349979953,rumah123
Rumah Double Way Siap Huni Raya Tengger Kandangan Surabaya Barat,1500000000,200.0,130.0,4.0,2.0,1.0,1.0,Unfurnished,-7.255978762248248,112.6592269929954,rumah123
Rumah Murah di Benowo Surabaya langsung huni,570000000,46.0,62.0,2.0,2.0,1.0,1.0,Unfurnished,-7.238487750875125,112.60649614221538,rumah123
Di jual  Cepat Rumah Griya Citra Asri Benowo,900000000,72.0,131.0,2.0,2.0,2.0,1.0,Unfurnished,-7.2572168,112.6452481,rumah123
"Dijual Rumah Bagus,murah Daerah Pondok Benowo Indah",790000000,90.0,160.0,4.0,4.0,2.0,1.0,Unfurnished,-7.23213,112.63014,rumah123
Dempsey Hill Subsidi DP 5% Citra Land Utara Surabaya,3820000000,170.0,217.0,4.0,3.0,1.0,2.0,Unfurnished,-7.23213,112.630142,rumah123
Tenggilis Mejoyo Selatan New Gres Minimalis 2 LT,1650000000,90.0,145.0,4.0,4.0,2.0,1.0,Unfurnished,-7.23213,112.63014,rumah123
Dijual Rumah di Raya Bumi Tengger Kandangan Benowo,1250000000,144.0,180.0,3.0,2.0,2.0,1.0,Unfurnished,-7.23213,112.63014,rumah123
Rumah Minimalis di Griya Citra Asri Benowo,998000000,140.0,200.0,3.0,3.0,2.0,2.0,Unfurnished,-7.23213,112.63014,rumah123
Rumah Minimalis di Griya Citra Asri Benowo,998000000,140.0,200.0,3.0,3.0,2.0,2.0,Unfurnished,-7.23213,112.63014,rumah123
Dijual Pelican Hill Furnish Mewah Citraland Surabaya,2000000000,105.0,120.0,3.0,3.0,2.0,2.0,Semi Furnished,-7.23213,112.630142,rumah123
"Harga Khusus 1,5M di April-Mei**Rumah Cantik Furnished di Northwest Central, Citraland Sby**Dekat ke Kampus Uc, Sekolah Al Azhar*",1500000000,60.0,73.0,3.0,2.0,2.0,1.0,Unfurnished,-7.28917,112.734,rumah123
Rumah Griya Citra Asri Kandangan Benowo Surabaya Barat,1500000000,120.0,100.0,3.0,2.0,1.0,2.0,Unfurnished,-7.23213,112.630142,rumah123
Rumah Minimalis Sememi Rejo Asri Surabaya,490000000,62.0,40.0,2.0,1.0,1.0,1.0,Unfurnished,,,rumah123
Rumah 2 Lantai Siap Huni di Kawasan Tengger Siap Jadi Milik Anda,1100000000,108.0,200.0,4.0,2.0,2.0,2.0,Unfurnished,-7.23213,112.630142,rumah123
"Rumah, Pantai Mentari, Dijual, Semi Furnished SHM - Sertifikat Hak Milik, Murah",1900000000,136.0,155.0,3.0,1.0,1.0,1.0,Semi Furnished,-7.2409768104553,112.79512023926,rumah123
Dijual Rumah di Jl Libra Kondisi Bagus 700Jt An Aja,700000000,40.0,60.0,2.0,2.0,2.0,,Unfurnished,-7.240977,112.79512,rumah123
Dijual Rumah di Libra Harga 600Juta An Aja Masih bisa Nego,600000000,39.0,59.0,2.0,2.0,2.0,,Unfurnished,-7.240977,112.79512,rumah123
Dijusl.pantai.mentari.luxury,1850000000,90.0,135.0,5.0,4.0,2.0,2.0,Unfurnished,-7.28917,112.734,rumah123
Jual Rumah Baru Minimalis 2 & 3 Kamar Tidur Pantai Mentari,993000000,50.0,50.0,2.0,1.0,2.0,2.0,Unfurnished,,,rumah123
Jual Rumah Baru Gress Minimalis Berkualitas Pantai Mentari,2450000000,140.0,200.0,4.0,3.0,,1.0,Unfurnished,,,rumah123
Rumah Modern Siap Huni Pantai Mentari Lingkungan Asri,1770000000,102.0,101.0,3.0,2.0,1.0,1.0,Unfurnished,-7.240913969298788,112.79403772452036,rumah123
Dijual Rumah Mewah Hook Full Interior dan Furnish Surabaya Timur,1300000000,122.0,250.0,3.0,2.0,2.0,1.0,Unfurnished,,,rumah123
Dijual Rumah Dijalan Gading Indah Utara Surabaya,950000000,105.0,105.0,3.0,2.0,1.0,,Unfurnished,-7.234212,112.783239,rumah123
Dijual Rumah 2 Lantai Pantai Mentari Surabaya Semi Furnish,1750000000,102.0,140.0,4.0,3.0,2.0,,Semi Furnished,-7.240977,112.79512,rumah123
Rumah Mewah di Gading Indah Regency (Ln),1300000000,122.0,250.0,3.0,3.0,2.0,1.0,Unfurnished,,,rumah123
JUAL RUMAH BARU SCANDINAVIAN 3 LANTAI + ROOFTOP PANTAI MENTARI,2232000000,65.0,128.0,3.0,2.0,3.0,2.0,Unfurnished,,,rumah123
Raya Kedung Cowek Bangunan Komersial. Hadap Jalan Raya.,8500000000,630.0,500.0,1.0,1.0,1.0,1.0,Unfurnished,-7.2409767,112.7951194,rumah123
"Rumah Di Pantai Mentari Shm, Baru",2200000000,102.0,156.0,3.0,3.0,,2.0,Unfurnished,-7.2409767,112.7951194,rumah123
"Rumah Shm Di Pantai Mentari, Dijual, Bagus.",1200000000,102.0,72.0,3.0,2.0,,1.0,Unfurnished,-7.2409767,112.7951194,rumah123
"Dijual Rumah Modern Minimalis (Baru Gress), Pantai Mentari",2200000000,102.0,156.0,3.0,3.0,2.0,2.0,Unfurnished,-7.240977,112.79512,rumah123
Dijual Rumah Luas 3 LT di Bulak Surabaya Dekat Kemanapun,3500000000,168.0,504.0,7.0,3.0,3.0,,Unfurnished,-7.240977,112.79512,rumah123
For Sale Jl. Kyai Tambah Deres,3500000000,168.0,504.0,6.0,2.0,3.0,1.0,Semi Furnished,-7.2409767,112.7951194,rumah123
"Dijual Rumah Pantai Mentari 1,5 Lantai Row Jalan Lebar 4 Ada Gudang dan Jemuran SHM PDAM",1700000000,136.0,150.0,3.0,2.0,1.0,1.0,Unfurnished,-7.240913969298788,112.79403772452036,rumah123
Dijual Rumah 2 Lantai Pantai Mentari Hadap Utara Ada AC Ada Halaman Kosong Luas Dibelakang,1650000000,102.0,100.0,2.0,1.0,2.0,1.0,Unfurnished,-7.240913969298788,112.79403772452036,rumah123
"Rumah Murah di Pusat Kota Jl Progo, Dekat Taman Bungkul Surabaya",19900000000,805.0,805.0,2.0,2.0,2.0,,Unfurnished,-7.304,112.731598,rumah123
Murah Rumah di Pusat Kota Hitung Harga Tanah Saja,24880000000,1130.0,1400.0,2.0,2.0,2.0,,Unfurnished,-7.304,112.7316,rumah123
Dijual Rumah Pusat Kota Surabaya Jalan Musi,12000000000,757.0,400.0,,,1.0,,Unfurnished,-7.304,112.731598,rumah123
Forsale Rumah Ngagel Strategis Pusat Kota Surabaya Vg 114,4000000000,358.0,400.0,7.0,3.0,1.0,1.0,Unfurnished,-7.304,112.731598,rumah123
Dijual Rumah Strategis 2 Lantai di Jalan Bratang Wonokromo Surabaya,3100000000,276.0,136.0,3.0,5.0,2.0,1.0,Unfurnished,-7.304,112.731598,rumah123
Rumah Hook Raya Diponegoro Murah Strategis,59500000000,1240.0,700.0,9.0,5.0,1.0,4.0,Unfurnished,-7.304,112.731598,rumah123
"Rumah Murah Pulo Wonokromo,rungkut,jemursari,surabayakota,nginden",1250000000,150.0,100.0,4.0,1.0,1.0,1.0,Unfurnished,-7.304,112.7316,rumah123
"JARANG ADA LANGKA, RUMAH JL BENGAWAN HOOK STRATEGIS",55000000000,1511.0,500.0,8.0,3.0,1.0,,Unfurnished,-7.304,112.731598,rumah123
"Dijual Rumah Usaha Jalan Kutai Cocok untuk Cafe atau Ruko, Lokasi Strategis",6500000000,287.0,200.0,1.0,1.0,1.0,,Unfurnished,-7.304,112.731598,rumah123
"Rumah Perumahan Palm Spring Regency Strategis, Semi Furnish",1800000000,150.0,100.0,2.0,1.0,1.0,,Semi Furnished,-7.304,112.731598,rumah123
Dijual Rumah Tengah Kota Strategis di Jalan Progo Dekat Taman Bungkul,28000000000,827.0,475.0,5.0,3.0,1.0,,Unfurnished,-7.304,112.731598,rumah123
Rumah Hitung Tanah Lokasi Super Strategis Empu Tantular Surabaya,6900000000,533.0,134.0,,,2.0,,Unfurnished,-7.29423,112.73832,rumah123
Rumah Dijual Dijalan Darmokali Surabaya Pusat,8500000000,505.0,340.0,4.0,5.0,1.0,,Unfurnished,-7.297456,112.740094,rumah123
Dijual Rumah Hitung Tanah Komersil Jl Sulawesi Surabaya Pusat Lokasi Strategis untuk Usaha dan Investasi,23000000000,571.0,600.0,8.0,2.0,,2.0,Unfurnished,-7.27701,112.74473,rumah123
Dijual Rumah Nol Jalan Raya Surabaya Pusat Jalan Nias,9200000000,575.0,575.0,1.0,1.0,1.0,,Unfurnished,-7.304,112.731598,rumah123
Rumah Darmokali Surabaya,8500000000,505.0,340.0,4.0,3.0,1.0,,Unfurnished,,,rumah123
Rumah Dijual Dijalan Kedungsari Surabaya Pusat Kota,7500000000,396.0,500.0,6.0,2.0,1.0,,Unfurnished,-7.2672151,112.7334399,rumah123
Rumah Dijual Dijalan Anwari Surabaya Pusat Kota,10500000000,475.0,300.0,1.0,1.0,1.0,,Unfurnished,-7.2793697,112.7320192,rumah123
Rumah Murah Lokasi Tengah Kota Surabaya Komersil Area,16000000000,638.0,530.0,6.0,6.0,1.0,,Unfurnished,-7.27355,112.737457,rumah123
Rumah Pandegiling Tegalsari Surabaya Murah.ron.a2321,14110000000,641.0,640.0,4.0,3.0,2.0,6.0,Unfurnished,-7.28917,112.734,rumah123
Jual Rumah Jl. Raya Kedungsari Pusat Kota Lokasi Strategis,6900000000,399.0,500.0,5.0,3.0,2.0,,Unfurnished,-7.27355,112.737457,rumah123
Rumah Dijual Tengah Kota Bagus Terawat Dua Lantai,12000000000,467.0,290.0,4.0,3.0,2.0,3.0,Unfurnished,-7.27355,112.737457,rumah123
Dijual Rumah di Jalan Pajajaran Surabaya Pusat,18000000000,540.0,223.0,3.0,1.0,1.0,,Unfurnished,-7.27355,112.737457,rumah123
Rumah Mewah di Pusat Kota Dekat Tunjungan Plaza,30000000000,1080.0,1500.0,6.0,5.0,3.0,7.0,Unfurnished,-7.28917,112.734,rumah123
Rumah 2 Lantai Bagus SHM di Pandegiling Lokasi Strategis,10000000000,482.0,482.0,13.0,13.0,2.0,,Unfurnished,-7.27355,112.737457,rumah123
Dijual Rumah di Jalan Dr Cipto Tegalsari Surabaya Pusat,12000000000,332.0,263.0,6.0,3.0,2.0,,Unfurnished,-7.27355,112.737457,rumah123
Wr Supratman Rumah Hitung Tanah,33000000000,587.0,400.0,3.0,2.0,1.0,1.0,Unfurnished,-7.27355,112.737457,rumah123
Rumah Komersial Pusat Kota Surabaya Jl Kartini Dr Soetomo Tegalsari,22000000000,530.0,350.0,8.0,4.0,2.0,4.0,Semi Furnished,-7.27932,112.73675,rumah123
Rumah Dijual Dijalan Bedadung Surabaya Pusat,4500000000,206.0,206.0,6.0,4.0,1.0,,Unfurnished,-7.289470161583047,112.74198153937316,rumah123
Rumah Dijual Dijalan Wr Supratman Surabaya Pusat,33000000000,587.0,587.0,3.0,1.0,1.0,,Unfurnished,-7.2805,112.73826,rumah123
Dijual Rumah Dijalan Imam Bonjol Surabaya,19000000000,650.0,650.0,5.0,2.0,1.0,,Unfurnished,-7.2802172,112.7351999,rumah123
Jual Rumah Lama Tegalsari Surabaya Pusat,14000000000,470.0,280.0,5.0,3.0,,,Unfurnished,,,rumah123
Dijual Murah Rumah di Jalan Trunojoyo Surabaya Pusat,7000000000,260.0,160.0,2.0,1.0,1.0,,Unfurnished,-7.27355,112.737457,rumah123
Dijual Rumah Cocok untuk Usaha di Jalan Mh Thamrin Surabaya Pusat,37100000000,1060.0,700.0,7.0,7.0,1.0,,Unfurnished,-7.27355,112.737457,rumah123
Dijual Rumah Gununganyar Jaya,3500000000,154.0,370.0,4.0,2.0,2.0,1.0,Unfurnished,-7.33182,112.80822,rumah123
Rumah Gunung Anyar Harapan Dekat Merr Upn,1700000000,200.0,200.0,4.0,3.0,1.0,,Unfurnished,-7.33182,112.80822,rumah123
Dijual Rumah Jl Modern Tengah Surabaya Timur New Minimalis,810000000,100.0,70.0,3.0,2.0,1.0,2.0,Unfurnished,-7.33182,112.80822,rumah123
"Rumah Baru American Style Purimas Rungkut, Surabaya Timur - 3+1 KT, SHM, Siap Huni & Dekat Tol/Merr",3400000000,152.0,160.0,3.0,3.0,2.0,2.0,Unfurnished,-7.33242965,112.78535523636364,rumah123
Rumah Baru SHM 2 Lantai Murah di Gununganyar Hanya 700 Juta - Ada 3 Kamar & Include Pagar,700000000,50.0,60.0,3.0,3.0,2.0,2.0,Unfurnished,-7.33182,112.80822,rumah123
"Rumah Baru di Alana Dekat Gununganyar 495 Juta LT 6X12 2 Kamar - bisa KPR Tanpa DP, Angsuran 2Jutaan",495000000,72.0,32.0,2.0,1.0,1.0,1.0,Unfurnished,-7.33182,112.80822,rumah123
Rumah Dijual SHM Baru Siap Huni di Wiguna Gununganyar Lt.6x15 3Kt Hanya 975 Juta Nego,975000000,90.0,60.0,3.0,2.0,1.0,2.0,Unfurnished,-7.33182,112.80822,rumah123
"Rumah Baru 2 Lantai 3 Kamar 5X13,5 di Central Park Gununganyar Merr Hanya 1,3 Man",1390000000,68.0,90.0,3.0,2.0,2.0,1.0,Unfurnished,-7.341572,112.791954,rumah123
Rumah Baru Amesta Living Gununagnyar 6X15 SHM Siap Huni 3 Kamar Free Biaya & bisa KPR Tanpa DP,1300000000,90.0,84.0,3.0,2.0,2.0,2.0,Unfurnished,-7.340095226520887,112.80898104386564,rumah123
Rumah Puri Mas Gunung Anyar Surabaya Timur Murah. Ric.a189,2100000000,144.0,144.0,3.0,3.0,2.0,1.0,Furnished,-7.33182,112.80822,rumah123
Rumah Taman Wiguna Surabaya Murah. Ron.a341,1900000000,181.0,181.0,3.0,2.0,1.0,,Unfurnished,-7.28917,112.734,rumah123
Rumah Pesona Alam Gunung Anyar Surabaya Murah. Ron.a364,2000000000,242.0,242.0,10.0,4.0,1.0,2.0,Unfurnished,-7.28917,112.734,rumah123
Rumah Gunung Anyar Harapan Surabaya Murah. Ron.a390,1800000000,234.0,234.0,4.0,2.0,1.0,1.0,Unfurnished,-7.28917,112.734,rumah123
Rumah The Royal Park Gunung Anyar Surabaya Murah. Ron.a313,1200000000,120.0,120.0,4.0,4.0,2.0,2.0,Unfurnished,-7.28917,112.734,rumah123
Termurah Rumah 2 Lantai Ceiling Tinggi di Gunung Ayar Tambak Modern Surabaya,1280000000,100.0,90.0,3.0,2.0,2.0,2.0,Semi Furnished,-7.33182,112.80822,rumah123
Paling Murah Rumah bisa Nego di Wiguna Surabaya Timur,800000000,90.0,90.0,2.0,1.0,1.0,1.0,Unfurnished,-7.33182,112.80822,rumah123
Rumah Siap Huni Purimas,2900000000,187.0,150.0,3.0,2.0,1.0,,Unfurnished,-7.33182,112.80822,rumah123
"Rumah Gunung Anyar Emas, Dekat Merr, Tol, Upn",1550000000,100.0,152.0,3.0,3.0,2.0,2.0,Unfurnished,-7.33182,112.80822,rumah123
Dijual Cepat Rumah Pelican Hill Citraland Utara Baru Gress,4100000000,200.0,250.0,4.0,3.0,2.0,2.0,Unfurnished,-7.24268,112.629807,rumah123
Palm Oasis Sememi Sby Barat Rmh 2Lt Ekonomis Strategis,1350000000,84.0,100.0,3.0,2.0,2.0,1.0,Unfurnished,-7.24268,112.62981,rumah123
Rumah 2 Lantai Siap Huni di Pakal Benowo Surabaya Barat,1050000000,114.0,114.0,5.0,4.0,2.0,,Unfurnished,,,rumah123
Rumah Murah Blok Favorit Nwp Citraland 120M² SHM Surabaya Barat,1650000000,120.0,100.0,3.0,2.0,2.0,2.0,Unfurnished,-7.24268,112.629807,rumah123
"Beji Residence , Pakal Surabaya, Rumah Baru 1lt & 2lt Di Pakal Surabaya",675000000,72.0,45.0,2.0,1.0,,1.0,Unfurnished,-7.24268,112.62981,rumah123
Jual Rumah Minimalis Bukit Palma,1300000000,120.0,104.0,3.0,2.0,1.0,1.0,Unfurnished,-7.24268,112.62981,rumah123
Jual Rumah Northwest Park Citraland.bisa By Request Furniture,950000000,72.0,46.0,2.0,1.0,1.0,1.0,Semi Furnished,-7.24268,112.629807,rumah123
"Dijual Murah Rumah Northwest Hill Citraland. Sudah di Modif, Fasilitas Cluster Lengkap",1050000000,60.0,62.0,2.0,2.0,2.0,1.0,Unfurnished,-7.24268,112.629807,rumah123
Jual Rumah 2 Lantai Minimalis di Bukit Palma Blok F,2050000000,120.0,170.0,4.0,4.0,2.0,1.0,Unfurnished,-7.24268,112.629807,rumah123
Dijual Rumah Siap Huni Termurah 2 Lantai di Northwest Surabaya Barat,1250000000,75.0,80.0,3.0,2.0,2.0,1.0,Semi Furnished,-7.24268,112.629807,rumah123
Rumah 2 Lantai Bagus Northwest Lake Citraland Dekat Fasum,1000000000,72.0,60.0,2.0,2.0,2.0,1.0,Unfurnished,-7.24268,112.629807,rumah123
Dijual Rumah Baru 2 Lantai Lokasi Pakal Madya Asri,1600000000,94.0,150.0,3.0,2.0,2.0,1.0,Unfurnished,-7.24268,112.629807,rumah123
Dijual Rumah Modern Minimalis (Full Furnished) Northwest Park,1950000000,90.0,130.0,3.0,2.0,2.0,1.0,Furnished,-7.24268,112.629807,rumah123
"Dijual Rumah Modern Minimalis, Full Furnished, Northwest Lake",1100000000,55.0,56.0,2.0,2.0,2.0,1.0,Furnished,-7.24268,112.629807,rumah123
Rumah Baru Gress 2 Lantai SHM One Gate Selangkag ke Citraland Sby,1300000000,89.0,128.0,3.0,3.0,2.0,1.0,Semi Furnished,-7.24268,112.629807,rumah123
Pakal Madya Asri Rumah New Minimalis Row Jalan 2 Mobil Longgar,1300000000,89.0,128.0,3.0,3.0,2.0,,Unfurnished,-7.24268,112.629807,rumah123
Di Jual Rumah Baru di Bukit Palma Pakal Surabaya Jawa Timur,2000000000,120.0,170.0,5.0,5.0,2.0,2.0,Unfurnished,-7.24268,112.629807,rumah123
Bukit Palma Gress Siap Huni,2000000000,120.0,178.0,4.0,4.0,2.0,,Unfurnished,,,rumah123
Dijual Rumah Pakal Madya Asri Surabaya Ron.a2191,1600000000,94.0,150.0,3.0,3.0,2.0,,Unfurnished,-7.24268,112.629807,rumah123
Dijual Cepat Rumah di Lebak Permai Utara‼️,1400000000,140.0,210.0,3.0,3.0,1.0,1.0,Unfurnished,-7.23563,112.786163,rumah123
Cocok Untuk Semua Bidang Usaha Rumah Kapas Krampung SHM,17500000000,656.0,200.0,3.0,2.0,2.0,1.0,Unfurnished,-7.23563,112.786163,rumah123
"Rumah Kenjeran - Akses Mudah, Ruas Jalan Lebar",2300000000,216.0,200.0,4.0,3.0,1.0,2.0,Unfurnished,-7.2382,112.79527,rumah123
Rumah Shm Hitung Tanah Di Babatan Pantai 1 Lokasi Dengan Grand Kenjeran Dekat Pakuwon City,2000000000,200.0,150.0,3.0,2.0,1.0,1.0,Unfurnished,-7.23563,112.78616,rumah123
Jual Rumah Pantai Mentari Surabaya Timur,1200000000,72.0,100.0,2.0,2.0,2.0,1.0,Unfurnished,-7.232224099879009,112.7868466455078,rumah123
"Raya Kenjeran Jual Tanah Bonus Rumah Turun Harga Bisa Nego!!  Cocok Untuk Gudang, Cafe",6900000000,388.0,388.0,6.0,3.0,,1.0,Unfurnished,-7.23563,112.78616,rumah123
Rumah Kenjeran Pogot Surabya Utara Dekat Jalan Raya,966000000,65.0,52.0,2.0,2.0,2.0,1.0,Unfurnished,-7.23563,112.786163,rumah123
Rumah SHM Ready Unit Dekat Pantai Kenjeran,525000000,28.0,56.0,2.0,2.0,2.0,1.0,Unfurnished,-7.23563,112.78616,rumah123
Rumah Modern Shm Dekat Wisata Pantai Kenjeran,790000000,85.0,65.0,3.0,2.0,1.0,1.0,Unfurnished,-7.23563,112.78616,rumah123
Rumah Mewah Ready Unitbabatan Pantai Kenjeran,3450000000,153.0,230.0,5.0,4.0,2.0,2.0,Unfurnished,-7.23563,112.786163,rumah123
Rumah Shm Ready Unit Mewah Kenjeran Dijual Murah,890000000,60.0,55.0,3.0,2.0,2.0,2.0,Unfurnished,-7.28917,112.734,rumah123
Rumah Murah Kenjeran Dekat Sunan Ampel,1100000000,65.0,65.0,3.0,2.0,2.0,1.0,Unfurnished,-7.23563,112.78616,rumah123
Semi Furnish. Rumah Pantai Mentari Dkt Hokky. Pakuwon City Mall. Shabghai Park Dll,2450000000,126.0,125.0,3.0,3.0,2.0,2.0,Furnished,-7.23563,112.786163,rumah123
Di Jual Rumah Modern Minimalis Pantai Mentari,1400000000,119.0,125.0,3.0,2.0,1.0,1.0,Semi Furnished,-7.23816451666667,112.794598333333,rumah123
Hunian Modern 2 Lantai di Lebak Indah - Cocok untuk Keluarga,1100000000,84.0,120.0,3.0,3.0,1.0,,Unfurnished,-7.23563,112.786163,rumah123
Rumah Pantai.mentari 2Lt Minimalis.dan.nyaman.surabaya,1570000000,90.0,120.0,3.0,3.0,2.0,1.0,Unfurnished,-7.23563,112.786163,rumah123
"Rumah Murah 2 Lantai Pantai Mentari Kenjeran Galaxy Mall, Merr",1500000000,108.0,150.0,3.0,2.0,2.0,1.0,Unfurnished,-7.23563,112.786163,rumah123
"Rumah 1 Lantai Di Daerah Lebak Kenjeran, Surabaya.",1300000000,140.0,210.0,4.0,3.0,1.0,1.0,Unfurnished,-7.28917,112.734,rumah123
Siwalankerto Permai 1 LT Hit Tanah,1850000000,170.0,130.0,3.0,2.0,1.0,1.0,Unfurnished,-7.3273,112.737198,rumah123
Rumah Jemur Andayani,3600000000,301.0,225.0,5.0,3.0,2.0,1.0,Unfurnished,,,rumah123
"Dijual Rumah 2 Lantai Daerah Jemursari, Surabaya Timur",3450000000,187.0,225.0,5.0,5.0,2.0,2.0,Unfurnished,-7.3273,112.737198,rumah123
"Dijual Rumah 2 Lantai Bendul Merisi, Surabaya Selatan",3500000000,288.0,550.0,8.0,5.0,2.0,1.0,Unfurnished,-7.3273,112.737198,rumah123
Dijual Rumah 2 Lantai di Bendul Merisi,1900000000,135.0,200.0,5.0,4.0,2.0,,Unfurnished,-7.28917,112.734,rumah123
Dijual Rumah Hitung Tanah Bendul Merisi,3500000000,288.0,450.0,8.0,5.0,2.0,,Unfurnished,-7.3273,112.7372,rumah123
Dijual Rumah Unit A Araya Minimalis di Boulevard Surabaya,2600000000,91.0,120.0,4.0,4.0,2.0,,Unfurnished,-7.3273,112.737198,rumah123
Rumah Siwalankerto Permai Wonocolo Surabaya Selatan Murah. Edd.a001,2700000000,199.0,350.0,8.0,3.0,2.0,,Furnished,-7.3273,112.737198,rumah123
Rumah Sidosermo Surabaya Murah. Ron.a339,2500000000,209.0,209.0,3.0,2.0,2.0,1.0,Semi Furnished,-7.28917,112.734,rumah123
"Rumah Mewah Harga Tanah di Wonocolo, Surabaya",27500000000,1410.0,722.0,4.0,4.0,2.0,4.0,Semi Furnished,-7.3273,112.737198,rumah123
Jarang Ada Rumah Bendul Merisi Dekat Rsal A Yani Bungurasih,2300000000,200.0,135.0,3.0,2.0,1.0,1.0,Unfurnished,-7.3273,112.737198,rumah123
Rumah Siap Huni di Bendul Merisi Wonocolo Surabaya,2000000000,96.0,96.0,3.0,2.0,2.0,2.0,Unfurnished,-7.3273,112.737198,rumah123
Hunian Nyaman & Terawat di Bendul Merisi,3000000000,288.0,250.0,6.0,3.0,1.0,,Unfurnished,-7.3273,112.7372,rumah123
Dijual Rumah Sidosermo Wonocolo Surabaya,1500000000,100.0,120.0,3.0,2.0,2.0,,Unfurnished,-7.3132339,112.7508489,rumah123
Tanah Dijual Sidosermo Wonocolo Surabaya,3300000000,360.0,360.0,,,1.0,,Unfurnished,-7.311058720806926,112.75389118650868,rumah123
Dijual Rumah Bendul Merisi Indah Wonocolo Surabaya,7500000000,630.0,630.0,6.0,4.0,2.0,,Unfurnished,-7.307176500000216,112.74465600000391,rumah123
Dijual Rumah Dijalan Sidodadi Surabaya,1300000000,170.0,170.0,5.0,1.0,1.0,,Unfurnished,-7.237631,112.747381,rumah123
Dijual Rumah Dijalan Sombo Simokerto Surabaya,2000000000,264.0,264.0,5.0,2.0,3.0,,Unfurnished,-7.2325716,112.7472998,rumah123
RUMAH DI GEMBONG SAYURAN SURABAYA,1450000000,126.0,90.0,2.0,1.0,1.0,,Unfurnished,-7.23983,112.755432,rumah123
Dijual Rumah Dijalan Donokerto Surabaya,2340000000,171.0,200.0,3.0,3.0,1.0,,Unfurnished,-7.24151,112.7534,rumah123
Dijual Rumah Hitung Tanah Di Gembong,1000000000,110.0,110.0,2.0,1.0,1.0,,Unfurnished,-7.23983,112.75543,rumah123
Dijual Rumah 2Lt Hook,1550000000,107.0,214.0,4.0,3.0,2.0,,Unfurnished,-7.242060299803356,112.74861836459792,rumah123
Rumah di Jual Murah Free Furnished di Dekat Kenjeran Surabaya,790000000,87.0,42.0,2.0,1.0,1.0,1.0,Furnished,-7.23983,112.755432,rumah123
Rumah Bagus 3 Kamar Simokerto Surabaya Gmk00023,1800000000,115.0,200.0,3.0,3.0,2.0,1.0,Unfurnished,-7.24297021926678,112.757539451635,rumah123
"Rumah Murah Pusat Surabaya Kota di Simokerto, Surabaya",1900000000,300.0,408.0,6.0,4.0,2.0,1.0,Unfurnished,-7.23788,112.76038,rumah123
Dijual Rumah di Jl Simolawang Baru,920000000,150.0,150.0,3.0,2.0,1.0,1.0,Unfurnished,-7.23983,112.755432,rumah123
Dijual Rumah Siap Huni Simolawang Baru,900000000,150.0,120.0,2.0,2.0,1.0,,Unfurnished,-7.28917,112.734,rumah123
Di Jual Rumah Kel. : Tambakrejo Kec. : Simokerto Kab : Surabaya,860000000,165.0,165.0,3.0,2.0,2.0,1.0,Unfurnished,-7.23983,112.755432,rumah123
Rumah Panjang Simokerto Dkt Kapasan Kenjeran,1900000000,165.0,150.0,3.0,2.0,1.0,1.0,Unfurnished,-7.23983,112.755432,rumah123
Dijual Rumah 3 LT Baru Tambak Rejo,2500000000,144.0,144.0,5.0,5.0,3.0,1.0,Unfurnished,-7.23983,112.755432,rumah123
Dijual Rumah Daerah Simo Surabaya (At),1300000000,126.0,140.0,2.0,2.0,1.0,,Unfurnished,-7.23983,112.75543,rumah123
Jual Rumah Komersil Strategis di Surabaya Simokerto,1250000000,183.0,150.0,3.0,1.0,1.0,1.0,Unfurnished,-7.23983,112.755432,rumah123
Kapasan Kidul Surabaya Kota,2300000000,210.0,210.0,5.0,4.0,2.0,1.0,Unfurnished,,,rumah123
Rumah Mewah 5 Kt Siap Huni Di Jalan Residen Sudirman ( Pacar Keling ),10000000000,330.0,525.0,5.0,5.0,2.0,2.0,Unfurnished,-7.23983,112.755432,rumah123
Dijual Rumah Dijalan Simolawang Surabaya,1350000000,78.0,78.0,4.0,2.0,2.0,,Unfurnished,-7.23645830001,112.754335,rumah123
Dijual rumah Dijalan Sido Kapasan Surabaya,1100000000,105.0,105.0,4.0,2.0,2.0,,Unfurnished,-7.2390539,112.7495744,rumah123
Araya Minimalis 3 Lantai Baru Gress,3900000000,135.0,330.0,5.0,4.0,3.0,2.0,Unfurnished,-7.28813,112.802902,rumah123
Rumah Hook Mewah Klasik di Araya Full Furnished 3 Lantai SHM,16000000000,592.0,900.0,6.0,6.0,3.0,3.0,Furnished,-7.28813,112.802902,rumah123
Rumah Hook Puri Galaxy Siap Huni Sudah Renov Layout Los Dapat 9 AC,8000000000,436.0,500.0,5.0,4.0,2.0,2.0,Semi Furnished,-7.28813,112.802902,rumah123
"Jual Rumah Klampis Harapan Luas 180M2 Bangunan 1,5 Lantai SHM",2600000000,180.0,200.0,3.0,2.0,1.0,1.0,Unfurnished,-7.28813,112.802902,rumah123
Rumah Baru Manyar Jaya - Hunian Nyaman di Lokasi Strategis,3700000000,160.0,210.0,4.0,3.0,2.0,1.0,Semi Furnished,-7.297523167335157,112.76813933749816,rumah123
"Jual Rumah Siap Huni Sukolilo Dian Regency1 Dkt Keputih,Pakuwon",1150000000,105.0,80.0,3.0,2.0,1.0,1.0,Unfurnished,-7.28813,112.802902,rumah123
Jual Rumah Hook Araya Tahap 2,4300000000,205.0,238.0,5.0,5.0,2.0,2.0,Unfurnished,-7.3071506534121085,112.784918015657,rumah123
"Rumah Manyar Tirtoyoso Selatan, Dekat Merr, Kampus Untag",1950000000,82.0,125.0,4.0,4.0,2.0,2.0,Unfurnished,-7.28813,112.802902,rumah123
"Dijual Rumah, 2 Lanται, Manyar Kartika, 2 Lantai, Shm Dekat Merr",6500000000,300.0,300.0,5.0,4.0,2.0,1.0,Furnished,-7.28813,112.802902,rumah123
"Rumah Manyar Kartika Surabaya Dekat Kampus Untag Unitomo, Merr",6700000000,525.0,400.0,5.0,3.0,1.0,1.0,Semi Furnished,-7.28813,112.802902,rumah123
Rumah Minimalis Baru Araya Galaxy Bumi Permai Surabaya,4500000000,180.0,280.0,6.0,5.0,2.0,,Unfurnished,-7.28813,112.8029,rumah123
RUMAH BARU ARAYA MINIMALIS SURABAYA TIMUR LOKASI CIAMIK,5000000000,186.0,350.0,4.0,4.0,,,Unfurnished,,,rumah123
"Rumah Baru 2Lt Grand Eastern Keputih Surabaya Dekat Merr, I T S, Unair",800000000,35.0,57.0,2.0,2.0,2.0,1.0,Unfurnished,-7.28917,112.734,rumah123
Dijual Rumah di Puri Galaxy Cluster Jasmine Court Surabaya Timur,2900000000,112.0,121.0,4.0,4.0,1.0,1.0,Furnished,-7.28813,112.802902,rumah123
Rumah Baru 2 Lantai di Manyar Rejo,4200000000,165.0,250.0,4.0,4.0,2.0,2.0,Unfurnished,-7.28813,112.802902,rumah123
Rumah Lama Terawat di Manyar Tirtoasri,3100000000,282.0,154.0,4.0,2.0,1.0,1.0,Unfurnished,-7.28813,112.802902,rumah123
Rumah Baru Gress 2 Lantai Wisma Mukti‼️,2200000000,87.0,130.0,3.0,3.0,2.0,2.0,Unfurnished,-7.28813,112.802902,rumah123
Rumah Premium 2 Lantai Kertajaya Indah Regency,7600000000,348.0,385.0,5.0,6.0,2.0,2.0,Unfurnished,-7.28813,112.802902,rumah123
"Manyar Jaya Rumah Lux 1 Lantai 10 X 30 M² Bagus, Lingkungan Aman, Shm, Row Jln 3 Mobil, Jarang Ada. 1 Lantai Senior Tidak Perlu Naik Naik Tangga, Full Furnished Rumah Furnished Bagus SHM - Sertifikat Hak Milik di MANYAR JAYA Dekat UNTAG. UNITOMO.
SURABAYA",5600000000,300.0,230.0,3.0,2.0,,2.0,Furnished,-7.28813,112.8029,rumah123
Rumah 2 Lantai Siap Huni Asem Rowo Surabaya,3000000000,342.0,326.0,7.0,6.0,2.0,1.0,Semi Furnished,-7.24736,112.707764,rumah123
Rumah di Perumahan Citra Graha Mandiri Surabaya Barat,590000000,84.0,84.0,3.0,1.0,1.0,,Unfurnished,-7.24736,112.707764,rumah123
Rumah Tinggal Lokasi Strategis,3500000000,386.0,150.0,3.0,2.0,1.0,,Unfurnished,-7.24736,112.707764,rumah123
Rumah Furnish Dijual Dijalan Tambak Asemrowo Surabaya,1500000000,255.0,255.0,4.0,2.0,1.0,,Furnished,-7.246471036108415,112.71686542627884,rumah123
Rumah Minimalis Jalan Asem Mulya Surabaya,1200000000,225.0,150.0,,,1.0,1.0,Unfurnished,-7.24736,112.707764,rumah123
Dijual Rumah Tambak Mayor Asem Rowo Surabaya,1200000000,60.0,60.0,3.0,2.0,1.0,,Unfurnished,-7.253540250553898,112.70727799995277,rumah123
Runah 2 Lantai Grand Pakuwon Siap Huni Jual Murah North Victoria,2800000000,144.0,156.0,3.0,3.0,2.0,2.0,Semi Furnished,-7.24736,112.707764,rumah123
Dijual Rumah Grand Pakuwon Surabaya Cluster Brisbane,3700000000,144.0,164.0,3.0,3.0,2.0,2.0,Semi Furnished,-7.24736,112.707764,rumah123
Best Buy untuk Pekerja Tanjung Perak & Margomulyo! Rumah 3 KT LT 84 M² - Asemrowo Turun Harga Jadi 590 Juta,590000000,84.0,60.0,3.0,1.0,1.0,1.0,Unfurnished,-7.24736,112.707764,rumah123
Rumah Murah Luas Perum Citra Graha Mandiri Dkt Margomulyo SHM Sby,625000000,84.0,84.0,3.0,1.0,1.0,1.0,Unfurnished,-7.24736,112.707764,rumah123
"Rumah Baru Under 1 M Dekat Perak, Margomulyo di Citra Graha Mandiri",625000000,84.0,78.0,3.0,1.0,1.0,1.0,Unfurnished,-7.24736,112.707764,rumah123
Dijual Rumah Baru Gress Minimalis di Grand Pakuwon,1990000000,90.0,140.0,5.0,4.0,2.0,,Unfurnished,,,rumah123
Dijual Rumah Murah di Citra Graha Mandiri Asemrowo Surabaya,625000000,84.0,84.0,3.0,1.0,1.0,,Unfurnished,-7.24736,112.707764,rumah123
Dijual Rumah di Citra Graha Mandiri Dekat Margomulyo,625000000,84.0,60.0,3.0,1.0,1.0,1.0,Unfurnished,-7.24736,112.707764,rumah123
Murah!! Dijual Cepat Rumah Siap Huni Tengah Kota Jalan Asem,2800000000,260.0,100.0,4.0,2.0,1.0,1.0,Semi Furnished,-7.28917,112.734,rumah123
Dijual Rumah Butuh Renovasi. Cocok Buat Usaha,1900000000,225.0,70.0,5.0,1.0,1.0,1.0,Unfurnished,,,rumah123
Rumah Dijual Grand Pakuwon Surabaya Barat,11000000000,324.0,318.0,4.0,4.0,2.0,1.0,Furnished,-7.24736,112.707764,rumah123
Dijual Rumah Dijalan Nyamplungan Surabaya,3800000000,158.0,158.0,6.0,4.0,4.0,,Unfurnished,-7.2300322,112.7444732,rumah123
Dijual Rumah di Sidotopo Wetan Surabaya Lokasi Strategis Cocok Buat Home Industri,7000000000,812.0,650.0,5.0,5.0,1.0,1.0,Unfurnished,-7.2149,112.748787,rumah123
Rumah Semampir Selatan Dekat 0 Jalan Merr,2500000000,200.0,260.0,5.0,3.0,2.0,,Semi Furnished,-7.2149,112.748787,rumah123
Dijual Rumah Semampir Sukolilo Surabaya Ron.a2177,3000000000,200.0,200.0,4.0,1.0,1.0,1.0,Unfurnished,-7.2149,112.748787,rumah123
Dijual Rumah Semampir Aws Dekat Kampus Aws Surabaya,1200000000,200.0,200.0,5.0,3.0,1.0,1.0,Unfurnished,-7.2149,112.748787,rumah123
Dijual Rumah Semampir Selatan Nanas Sukolilo Surabaya Ron.a2323,900000000,75.0,75.0,5.0,3.0,3.0,,Unfurnished,-7.2149,112.748787,rumah123
"Rumah Semampir Tengah Siap Huni, Selangkah ke Merr",2390000000,200.0,150.0,3.0,1.0,1.0,,Unfurnished,,,rumah123
Rumah Murah Siap.pakai bisa D Buat Kantor atau Kos2an Lokasi Sidotopo,2200000000,300.0,250.0,6.0,3.0,1.0,1.0,Unfurnished,-7.2149,112.748787,rumah123
Dijual Rumah Dijalan Kedinding Lor Surabaya,6500000000,410.0,410.0,4.0,2.0,2.0,,Unfurnished,-7.221519560888908,112.76928805543749,rumah123
"Rumah di Semampir, Surabaya Timur. Dekat MERR.",750000000,75.0,105.0,4.0,2.0,2.0,,Unfurnished,-7.2149,112.748787,rumah123
Dijual Rumah Dijalan Ampel Lonceng Surabaya,5000000000,397.0,397.0,7.0,3.0,1.0,,Unfurnished,-7.2307203,112.7418508,rumah123
Rumah 2 Lantai Bagus Di Semampir. Dekat Merr. Baruk Utara. Baruk Barat. Nirwana Executive. Semolowaru. Klampis. Klampis Semolo Barat. Klampis Semolo Timur. Araya. Galaxy Bumi Permai,1680000000,100.0,140.0,4.0,3.0,2.0,2.0,Unfurnished,-7.2149,112.74879,rumah123
Dijual Rumah New Gress Progres Araya Galaxy Bumi Permai 2 Surabaya,2650000000,75.0,160.0,4.0,3.0,2.0,2.0,Unfurnished,-7.2149,112.748787,rumah123
Rumah Under 1 M di Greenlake Wonorejo,650000000,72.0,72.0,2.0,1.0,1.0,1.0,Unfurnished,-7.2149,112.748787,rumah123
Dijual Siap Huni -Wisma Medokan Ykp Surabaya,1800000000,144.0,115.0,3.0,2.0,2.0,1.0,Unfurnished,-7.2149,112.748787,rumah123
Dijual Rumah Baru Minimalis Modern di Araya Surabaya Timur,3590000000,135.0,135.0,4.0,3.0,3.0,2.0,Unfurnished,-7.2149,112.748787,rumah123
Dijual Rumah Semampir Aws Sukolilo Surabaya Ron.a1422,850000000,100.0,100.0,2.0,2.0,2.0,1.0,Unfurnished,-7.2149,112.748787,rumah123
Dijual Rumah Semampir Tengah Sukolilo Surabaya Ron.a635,1600000000,200.0,190.0,5.0,3.0,2.0,2.0,Unfurnished,-7.2149,112.748787,rumah123
"Rumah Usaha 2,5 Lantai di Perumahan Gunungsari Indah Surabaya, Murah!",1000000000,96.0,180.0,,2.0,3.0,,Unfurnished,-7.3152,112.7053816,rumah123
"Rumah Megah Royal Residence Surabaya Barat Dekat Pakuwon Mall, Pintu Tol Gunungsari",12000000000,450.0,1000.0,12.0,7.0,3.0,1.0,Unfurnished,,,rumah123
Dijual Rumah Grand Harvest Surabaya Cluster Caspia,1270000000,60.0,80.0,2.0,2.0,2.0,1.0,Unfurnished,-7.31097,112.698067,rumah123
Rumah Wisata Bukit Mas Minimalis Harga bisa Nego Tipis,2700000000,180.0,180.0,3.0,2.0,2.0,1.0,Unfurnished,-7.31097,112.69807,rumah123
Dijual Rumah Graha Family Golf View Lengkap dengan Pool,43500000000,900.0,850.0,5.0,5.0,2.0,2.0,Semi Furnished,-7.31097,112.698067,rumah123
"Rumah Bagus 2 Lantai, Strategis di Taman Pondok Indah Wiyung",1200000000,84.0,160.0,4.0,1.0,2.0,,Unfurnished,,,rumah123
Dijual Rumah Royal Residence Green Wich Hook,2950000000,100.0,125.0,4.0,3.0,2.0,,Unfurnished,-7.31097,112.698067,rumah123
Rumah 2 LT Terawat Semi Furnished Babatan Pratama Wiyung Surabaya,1350000000,120.0,140.0,3.0,3.0,2.0,1.0,Semi Furnished,-7.28917,112.734,rumah123
Jual Cepat Rumah Siap Huni Babatan Pratama Wiyung Surabaya Barat,1600000000,192.0,97.0,3.0,2.0,1.0,1.0,Unfurnished,-7.28917,112.734,rumah123
Muraah!!! Rumah Siap Huni Babatan Pratama Wiyung Surabaya Barat,1000000000,90.0,125.0,2.0,1.0,,1.0,Unfurnished,-7.31097,112.69807,rumah123
"Dijual Rumah 2 Lantai Daerah Citraland Utama Clusterfullerton, Surabaya Barat",7000000000,210.0,500.0,6.0,7.0,2.0,2.0,Unfurnished,-7.28917,112.734,rumah123
"Dijual Rumah 2 Lantai Perumahan Royal Residence, Surabaya Barat",6750000000,375.0,450.0,6.0,5.0,2.0,2.0,Semi Furnished,-7.31097,112.698067,rumah123
"Dijual Rumah 3 Lantai Daerah Perumahan Royal Residence, Wiyung, Surabaya Barat",7000000000,180.0,406.0,5.0,5.0,3.0,3.0,Furnished,-7.31097,112.698067,rumah123
"Dijual Rumah 2 Lantai Perumahan Royal Residence, Wiyung, Surabaya Barat",7500000000,382.0,400.0,5.0,4.0,2.0,2.0,Unfurnished,-7.31097,112.698067,rumah123
*Rumah Baru Gress Graha Family Vb*,7000000000,200.0,214.0,4.0,4.0,2.0,,Unfurnished,-7.28917,112.734,rumah123
Rumah di Perumahan Elite Graha Family,6150000000,312.0,450.0,5.0,4.0,1.0,,Unfurnished,-7.295827,112.684457,rumah123
Rumah Tumbuh Wiyung Murah Harga di Bawah NJOP di Dalam Prumahan,670000000,92.0,36.0,2.0,1.0,1.0,1.0,Unfurnished,-7.31097,112.698067,rumah123
Rumah Furnish Prambanan Only 3Man di Wiyung Sblh Wisata Bukit Mas,3650000000,184.0,250.0,4.0,3.0,2.0,,Furnished,-7.31097,112.698067,rumah123
"Dijual Rumah Minimalis 3 Lantai Full Furnished Oasia, Dian Istana",1800000000,46.0,103.0,3.0,3.0,3.0,1.0,Furnished,-7.3066618,112.6955524,rumah123
Dijual Rumah di Jl Kanginan,1000000000,105.0,105.0,2.0,2.0,1.0,,Unfurnished,-7.26125,112.742767,rumah123
Dijual Rumah Tengah Kota Surabaya Lokasi Komersial,39900000000,877.0,670.0,4.0,4.0,1.0,4.0,Unfurnished,-7.264832450696147,112.74386646797892,rumah123
Dijual Rumah Lama Strategis di Jalan Raya Kapasari Surabaya,18000000000,666.0,350.0,9.0,4.0,1.0,,Unfurnished,-7.26125,112.742767,rumah123
*Dijual Rumah Hitung Tanah Komersial Raya Pengampon Surabaya*,15000000000,610.0,300.0,3.0,2.0,1.0,1.0,Unfurnished,-7.26125,112.742767,rumah123
Dijual Rumah Usaha Dijalan Kayoon Pusat Kota Surabaya,59320000000,2373.0,1000.0,,4.0,1.0,,Unfurnished,-7.26125,112.74277,rumah123
"Jual Rumah Hitung Tanah. Lokasi Strategis. Dekat Tunjungan Plaza, Area Cafe. Resto. Nego",16000000000,530.0,300.0,4.0,3.0,1.0,3.0,Unfurnished,-7.26125,112.742767,rumah123
Rumah Di Pusat Kota Jl Walikota Mustajab Surabaya,10000000000,257.0,200.0,4.0,1.0,1.0,2.0,Unfurnished,-7.28917,112.734,rumah123
Rumah Jual Nyaman di Jl. Kalianyar Wetan Genteng Surabaya,1000000000,231.0,231.0,6.0,2.0,1.0,,Unfurnished,-7.2478185426699,112.748689442596,rumah123
Rumah 2 Lantai Tengah Kota Ambengan Surabaya,3500000000,250.0,360.0,6.0,4.0,2.0,,Unfurnished,,,rumah123
Jual Rumah 1 Lantai Siap Huni Daerah Genteng Surabaya Pusat,10000000000,529.0,271.0,5.0,3.0,1.0,1.0,Unfurnished,-7.26125,112.742767,rumah123
Jual Rumah Kapasari Cocok untuk Rukos,1200000000,113.0,203.0,6.0,2.0,,,Unfurnished,,,rumah123
Rumah Dijual Dijalan Kemuning Surabaya Pusat,10000000000,484.0,484.0,1.0,1.0,1.0,,Unfurnished,-7.2580371,112.7464026,rumah123
Rumah Walikota Mustajab Komersial Area Pusat Kota Surabaya [813],23000000000,604.0,462.0,3.0,3.0,1.0,6.0,Unfurnished,-7.26125,112.742767,rumah123
Jual Cepat Komersial Area Tengah Kota Surabaya Dekat Alun Alun,23000000000,604.0,462.0,4.0,4.0,2.0,6.0,Unfurnished,-7.26125,112.742767,rumah123
"Jual Rumah Jalan Jaksa Agung Suprapto, Luas, Terawat",19000000000,881.0,550.0,5.0,3.0,1.0,16.0,Unfurnished,-7.26125,112.742767,rumah123
Rumah Pusat Kota Nol Jalan di Wijaya Kusuma Genteng Surabaya,38000000000,1000.0,950.0,7.0,3.0,2.0,4.0,Unfurnished,-7.26125,112.742767,rumah123
"*Turun Harga ~28 M~ 23 M Rumah Komersial Area Pusat Kota Sby**Walikota Mustajab*✅ Lokasi Prestisius & Strategis ✅ Cocok untuk Usaha Cafe, Kantor, Dll✅ Dekat Grand City Mall✅ Dekat Balaikota Sby",23000000000,604.0,462.0,3.0,3.0,1.0,6.0,Unfurnished,-7.28917,112.734,rumah123
Dijual Cepat Rumah Baru SHM 2 Lantai Murah Plozo Timur,730000000,48.0,87.0,3.0,2.0,2.0,1.0,Unfurnished,-7.25371,112.753212,rumah123
Rumah Dijual Karang Asem Siap Huni,1200000000,160.0,120.0,3.0,2.0,2.0,1.0,Unfurnished,-7.25428719657566,112.76608874577512,rumah123
Rumah Kapas Gading Madya Siap Huni,525000000,50.0,100.0,3.0,2.0,2.0,1.0,Semi Furnished,-7.2370717,112.7721633,rumah123
Butuh Jual Cepat Rumah 2 Lantai Setro Baru,750000000,80.0,161.0,4.0,3.0,2.0,,Unfurnished,-7.25371,112.753212,rumah123
Jual Rumah Minimalis Lebak Indah Regency Scandinavian Blok F,1300000000,64.0,128.0,3.0,2.0,2.0,,Unfurnished,-7.25371,112.753212,rumah123
Jual Rumah Minimalis Lebak Indah Regency Scandinavian Blok F(2Unit),1300000000,62.0,124.0,3.0,2.0,2.0,,Unfurnished,-7.25371,112.753212,rumah123
Jual Rumah Hook Ngantong Blok F Lebak Indah Regency Scandinavian,1600000000,84.0,168.0,3.0,2.0,2.0,,Unfurnished,-7.25371,112.753212,rumah123
Jual Rumah Blok C Minimalis Lebak Indah Regency Scandinavian,1200000000,57.0,115.0,3.0,2.0,2.0,,Unfurnished,-7.25371,112.753212,rumah123
Rumah Lebak Indah Utara Surabaya Murah. Ron.a3039,1200000000,180.0,138.0,,,1.0,,Unfurnished,-7.28917,112.734,rumah123
Nego Sampai Deal Rumah Lebak Arum Surabaya Dekat Universitas Muhammadiyah Surabaya,1990000000,137.0,206.0,5.0,4.0,2.0,1.0,Unfurnished,-7.25371,112.753212,rumah123
Rumah Surabaya Tambaksari Dekat Pusat Kota Gres Siap Huni,1560000000,122.0,137.0,4.0,3.0,2.0,1.0,Unfurnished,-7.25371,112.753212,rumah123
Ploso Timur 1 LT Jual Cepat Butuh Uang Cash Only,1500000000,134.0,119.0,4.0,3.0,1.0,,Unfurnished,-7.25371,112.753212,rumah123
Bangunan Bagus Best Price !! Rumah Lebak Arum Siap Nego SHM 2 Lantau Minimalis Dekat Kenjeran,1900000000,137.0,206.0,4.0,3.0,2.0,2.0,Unfurnished,-7.25371,112.753212,rumah123
"Rumah 1 Lantai di Lebak Timur Indah, Kenjeran Surabaya.",2750000000,213.0,200.0,2.0,1.0,1.0,1.0,Unfurnished,-7.28917,112.734,rumah123
"Rumah 2 Lantai Di Jalan Ngaglik, Surabaya.",7000000000,200.0,400.0,6.0,5.0,2.0,2.0,Unfurnished,-7.25371,112.75321,rumah123
Terima Renov Rumah Usaha Lebak Rejo,1250000000,182.0,300.0,3.0,2.0,2.0,1.0,Unfurnished,-7.25371,112.753212,rumah123
Mei Selesai! Dijual Rumah Ploso! 2 LT Baru Gress! Terbatas!,850000000,48.0,48.0,3.0,2.0,2.0,,Unfurnished,-7.28917,112.734,rumah123
Dijual Rumah Cantik 2 Lantai Siap Huni Lebak Jaya Surabaya Timur Rev.a1130,1100000000,57.0,114.0,3.0,2.0,2.0,1.0,Furnished,-7.25371,112.753212,rumah123
Dijual Rumah Murah Darmo Harapan Siap Huni,2500000000,220.0,230.0,3.0,2.0,1.0,1.0,Unfurnished,-7.28917,112.734,rumah123
Dijual Rumah Kupang Jaya Masih Terawat,1600000000,136.0,160.0,3.0,3.0,2.0,1.0,Unfurnished,-7.26548,112.698799,rumah123
Satelit Utara.rumah Baru 2Lt Strategis Kemana Mana Dekat,1900000000,96.0,135.0,3.0,2.0,2.0,2.0,Unfurnished,-7.26548,112.698799,rumah123
Murah Nol Jalan Raya Sukomanunggal Jaya Cck Utk Usaha,5990000000,300.0,245.0,4.0,3.0,1.0,1.0,Unfurnished,-7.26548,112.698799,rumah123
Rumah Gress Free DP Satelit Surabaya Dekat Skolah Gloria & Petra,1500000000,60.0,73.0,4.0,2.0,2.0,2.0,Unfurnished,-7.28917,112.734,rumah123
Rumah Strategis Siaphuni Raya Satelit Surabaya,11500000000,600.0,870.0,8.0,4.0,2.0,4.0,Unfurnished,-7.26548,112.698799,rumah123
"Dijual Rumah Daerah Sukomanunggal Jaya, Surabaya Barat",4000000000,250.0,230.0,4.0,2.0,1.0,1.0,Unfurnished,-7.26548,112.698799,rumah123
Rumah Sukomanunggal Jaya Harga Hitung Tanah,2750000000,234.0,170.0,2.0,3.0,1.0,2.0,Unfurnished,-7.26548,112.698799,rumah123
Dijual Cepat Rumah 2 Lantai Darmo Harapan Posisi Hook Surabaya Barat*,8500000000,352.0,264.0,6.0,4.0,2.0,2.0,Unfurnished,-7.26548,112.698799,rumah123
Hunian 1 Lantai Modern Minimalis di Darmo Harapan Surabaya Barat,2650000000,195.0,133.0,3.0,3.0,1.0,2.0,Unfurnished,-7.26548,112.698799,rumah123
"Dijual Rumah Raya Satelit Strategis Komersial Siap Huni, Jalanan Ramai",10500000000,600.0,860.0,8.0,4.0,2.0,4.0,Unfurnished,-7.26548,112.698799,rumah123
Rumah Murah Jalan Raya Darmo Indah Sari Dekat Darmo Harapan,2500000000,329.0,210.0,7.0,5.0,2.0,2.0,Unfurnished,-7.26548,112.698799,rumah123
"Rumah Bagus 1 Lantai di Area Darmo Harapan, Surabaya.",2100000000,180.0,150.0,4.0,2.0,1.0,,Unfurnished,-7.28917,112.734,rumah123
Dijual Rumah Usaha di Darmo Baru Barat,5500000000,207.0,207.0,1.0,2.0,2.0,1.0,Unfurnished,-7.26548,112.698799,rumah123
Rumah Darmo Harapan Siap Huni Terawat Lokasi Padat Penduduk,2650000000,195.0,133.0,3.0,3.0,1.0,2.0,Unfurnished,-7.26548,112.6988,rumah123
Dijual Rumah Dua Lantai di Sukomanunggal Jaya,7700000000,448.0,534.0,5.0,3.0,2.0,1.0,Unfurnished,-7.26548,112.698799,rumah123
Dijual Rumah 1 Lantai Siap Huni di Sukomanunggal Jaya,17500000000,525.0,350.0,4.0,3.0,1.0,1.0,Unfurnished,-7.26548,112.698799,rumah123
Di Jual Rumah di Sukomanunggal Jaya,17500000000,525.0,350.0,4.0,3.0,1.0,1.0,Unfurnished,-7.26548,112.698799,rumah123
2078. Jual Rumah Hitung Tanah Pusat Kota Jl. Taman Darmo Harapan Sukomanunggal Surabaya,6100000000,449.0,400.0,4.0,4.0,2.0,1.0,Unfurnished,-7.26548,112.698799,rumah123
Rumah Sukomanunggal Jaya Hitung Tanah,2750000000,234.0,170.0,2.0,3.0,1.0,,Unfurnished,-7.26548,112.698799,rumah123
Dijual Rumah Area Tengah Kota ..Jl Jagalan ..Akses Motor..Ke Arah Jl di Lewati Mobil Tdk Jauh..,235000000,20.0,40.0,2.0,2.0,2.0,,Unfurnished,-7.2248,112.73217,rumah123
"Nego Sampai Deal Rumah Komersial Cocok untuk Perkantoran, Pergudangan di Perak Surabaya",5000000000,240.0,270.0,2.0,2.0,2.0,,Unfurnished,-7.2248,112.73217,rumah123
Rumah Bagus 2 Lantai Dekat Kawasan Religi Masjid Ampel S9611,5500000000,243.0,350.0,7.0,5.0,2.0,,Furnished,-7.2306611,112.7397993,rumah123
Dijual Rumah Teluk Kumai Barat Pabean Cantikan Surabaya,1600000000,136.0,136.0,9.0,9.0,2.0,,Unfurnished,-7.219072961529847,112.73326155176876,rumah123
Dijual Rumah SHM di Jl Pesapen Kali Pabean Cantian Surabaya,4600000000,596.0,390.0,8.0,6.0,1.0,,Unfurnished,-7.2248,112.73217,rumah123
Dijual Rumah Jl Nelayan Selangkah Jl.rajawali Lebar 7M,900000000,70.0,140.0,,,1.0,,Unfurnished,-7.2248,112.73217,rumah123
Dijual Rumah Jalan Sampoerna Pabean Cantikan Surabaya,1600000000,72.0,160.0,2.0,2.0,2.0,,Unfurnished,-7.2312661,112.734468,rumah123
"Kalimas Timur Nol Jalan ,Komersil Area, Nego Sampai Deal",1600000000,230.0,230.0,3.0,2.0,1.0,,Unfurnished,-7.2248,112.73217,rumah123
Murah Rumah untuk Usaha Stategis Jalan Pengampon Dekat Pasar Atum Dijual Dibawah Appraisal Bank Nol Jalan Raya Dekat Pasar Atum,15000000000,610.0,600.0,3.0,3.0,1.0,2.0,Unfurnished,-7.28917,112.734,rumah123
Rumah Bagus 2 Lantai Dekat Kawasan Religi Masjid Ampel S 9611,5500000000,243.0,350.0,7.0,5.0,,,Furnished,-7.2306611,112.7397993,rumah123
Rumah Dijual Jalan Sedayu Pabean cantikan Surabaya,850000000,87.0,117.0,4.0,1.0,2.0,,Unfurnished,-7.235103677173896,112.7233384011874,rumah123
"Rumah, 2 Lantai, SHM,",650000000,111.0,200.0,4.0,2.0,2.0,,Unfurnished,-7.28917,112.734,rumah123
Dijual Rumah Mewah View Golf Citraland Surabaya Barat,37500000000,950.0,1500.0,,,,,Unfurnished,,,rumah123
Dijual Rumah Jalan Sampoerna Pabean Cantikan Surabaya,1400000000,126.0,126.0,1.0,1.0,1.0,,Unfurnished,-7.231213,112.734189,rumah123
Rumah Dijual Dijalan Kemudi Pabean Cantian Surabaya,2800000000,111.0,111.0,5.0,2.0,1.0,,Unfurnished,-7.2289917,112.7363167,rumah123
Rumah Dijual Teluk Amurang Pabean Cantikan Surabaya,1000000000,300.0,300.0,4.0,3.0,2.0,,Unfurnished,-7.219567515674712,112.73198538086793,rumah123
Rumah Dijual Jalan Ikan Gurami Pabean Cantikan Surabaya,950000000,140.0,140.0,2.0,1.0,1.0,,Unfurnished,-7.225737493871335,112.73023472800423,rumah123
Rumah Dijual Dijalan Teh Pabean Cantikan Surabaya,4000000000,265.0,265.0,5.0,3.0,2.0,,Unfurnished,-7.239269,112.739139,rumah123
Flash Sale Drop 250jt - Hadap Jalan Raya Rumah 2 Lantai Slompretan Surabaya Cocok Utk Gudang Grosir Dkt Pasar Bong Pgs,6750000000,184.0,320.0,,1.0,2.0,2.0,Unfurnished,-7.2248,112.73217,rumah123
"Rumah Dijual Gunungsari Indah, Karangpilang, Surabaya",2500000000,128.0,128.0,4.0,3.0,2.0,,Unfurnished,-7.34304,112.69739,rumah123
"Dijual Rumah Gunungsari Indah, Surabaya Barat!",1190000000,87.0,85.0,3.0,3.0,2.0,2.0,Unfurnished,-7.34304,112.697388,rumah123
Rumah Siap Huni di Gunung Sari Indah,2800000000,120.0,180.0,4.0,3.0,2.0,1.0,Unfurnished,-7.34304,112.697388,rumah123
Tanah Bonus Bangunan Raya Mastrip,1500000000,72.0,54.0,,1.0,1.0,,Unfurnished,-7.34304,112.697388,rumah123
Dijual Rumah Perum Gunungsari Indah,1500000000,128.0,100.0,4.0,3.0,,,Unfurnished,-7.34304,112.697388,rumah123
Modern Siap Huni Minimalis Rumah Gunungsari Indah,1990000000,120.0,165.0,3.0,2.0,2.0,1.0,Unfurnished,-7.34304,112.69739,rumah123
Terawat Siap Huni Rumah Gunungsari Indah,1990000000,120.0,165.0,3.0,2.0,2.0,1.0,Unfurnished,-7.34304,112.69739,rumah123
Siap Huni Rumah Terawat di Gunungsari Indah,1990000000,120.0,165.0,3.0,2.0,2.0,1.0,Unfurnished,-7.34304,112.69739,rumah123
Rumah Gunungsari Indah Siap Huni,1990000000,120.0,165.0,3.0,3.0,2.0,,Unfurnished,-7.34304,112.697388,rumah123
Siap Huni Rumah Gunungsari Indah Harga bisa Nego Tipis,1990000000,120.0,165.0,3.0,2.0,2.0,1.0,Unfurnished,-7.34304,112.69739,rumah123
Perum Gunung Sari Siap Huni,575000000,84.0,84.0,2.0,2.0,1.0,,Unfurnished,-7.34304,112.697388,rumah123
Dijual Rumah Kebraon Siap Huni dengan Banyak Kamar Surabaya Barat,1400000000,88.0,176.0,5.0,3.0,,,Unfurnished,,,rumah123
Jual Cepat Murah Rumah Kebraon Surabaya Barat,950000000,105.0,45.0,2.0,1.0,,,Unfurnished,,,rumah123
"Grand pavilion regency, karang pilang surabaya hanya bayar 1jta",750000000,72.0,30.0,2.0,2.0,1.0,1.0,Unfurnished,,,rumah123
"Rumah Dijual Gunungsari Indah, Karangpilang, Surabaya",1100000000,120.0,120.0,3.0,2.0,1.0,,Unfurnished,-7.34304,112.69739,rumah123
Rumah Dijual Gunungsari Indah Wiyung Surabaya,1500000000,120.0,120.0,5.0,2.0,2.0,,Unfurnished,-7.31319433255284,112.70544261025742,rumah123
Rumah 2 Lantai Royal Residence Jual Murah SHM Harewood KPR,2000000000,128.0,125.0,3.0,3.0,2.0,2.0,Semi Furnished,-7.34304,112.697388,rumah123
"Dijual Rumah Semi Furnish Griya Kebraon Utara - SHM Harga 1,1 M",1100000000,110.0,160.0,3.0,1.0,1.0,1.0,Unfurnished,-7.34304,112.697388,rumah123
"Rumah Hook, Plafon Tinggi di Kebraon",3500000000,306.0,275.0,6.0,2.0,2.0,2.0,Unfurnished,-7.34304,112.697388,rumah123
Rumah Asem Jaya Tembok Dukuh Bubutan Surabaya,2200000000,124.0,160.0,4.0,2.0,2.0,1.0,Unfurnished,-7.25331,112.732857,rumah123
"Rumah di Pasar Turi Luas 1.114m2 Cocok Buat Cafe, Kantor, Hotel",15000000000,1114.0,748.0,5.0,2.0,2.0,,Unfurnished,-7.25331,112.73286,rumah123
Dijual Rumah Jalan Tambak Bayan Bubutan Surabaya,2500000000,167.0,210.0,4.0,2.0,1.0,,Unfurnished,-7.248875,112.7413317,rumah123
Dijual Rumah Pusat Kota Jl. Tulungagung Bubutan,2850000000,380.0,372.0,7.0,2.0,1.0,1.0,Unfurnished,-7.25331,112.732857,rumah123
Dijual Rumah Hitung Tanah Jalan Kawatan 1 Lantai,850000000,136.0,120.0,3.0,3.0,1.0,,Unfurnished,-7.25331,112.732857,rumah123
Dijual Rumah Jalan Kawatan 1 Lantai Bagus Terawat,750000000,98.0,98.0,3.0,2.0,1.0,,Unfurnished,-7.25331,112.732857,rumah123
"Rumah Hitung Tanah LT 488M² di Jl. Semarang Bubutan - Rp7,32 M Nego",7320000000,488.0,488.0,2.0,1.0,1.0,1.0,Unfurnished,-7.25331,112.73286,rumah123
Rumah Dijual Praban Wetan Bubutan Surabaya,1400000000,103.0,103.0,3.0,1.0,1.0,,Unfurnished,-7.255328999766121,112.73646406039154,rumah123
Rumah Bangunan Lama 1 Lantai Gundih Bubutan Surabaya,6300000000,600.0,400.0,6.0,6.0,1.0,1.0,Unfurnished,-7.25331,112.732857,rumah123
Jl Tulungagung Bubutan Pusat Kota Surabaya,2850000000,380.0,372.0,7.0,2.0,2.0,,Unfurnished,,,rumah123
Rumah Dijual Dijalan Tuban Surabaya Pusat,1800000000,148.0,148.0,4.0,2.0,2.0,,Unfurnished,-7.238624000000087,112.72296100000166,rumah123
Rumah Dijual Gundih Bubutan Surabaya,500000000,72.0,72.0,3.0,1.0,1.0,,Unfurnished,-7.2487712,112.7275574,rumah123
Rumah Dijual Dijalan Jepara Surabaya Pusat,1100000000,160.0,160.0,3.0,2.0,1.0,,Unfurnished,-7.23865,112.72414,rumah123
Dijual Rumah Northwest Park Full Renovasi,1360000000,90.0,115.0,2.0,3.0,2.0,,Unfurnished,-7.241304683333333,112.61346288333334,rumah123
Rumah Northwest Park Murah,1050000000,72.0,40.0,2.0,1.0,1.0,1.0,Unfurnished,-7.25331,112.732857,rumah123
Rumah Northwest,1425000000,90.0,115.0,2.0,3.0,2.0,1.0,Unfurnished,,,rumah123
Rumah Northwest,1750000000,90.0,200.0,6.0,2.0,3.0,,Unfurnished,,,rumah123
Rumah bertingkat cocok unt kost² an,4200000000,270.0,351.0,7.0,4.0,3.0,,Unfurnished,-7.249962099999999,112.7301098,rumah123
Rumah Di Northwest Central Full Furnished,1850000000,90.0,90.0,3.0,3.0,1.0,1.0,Furnished,-7.25331,112.732857,rumah123
"Rumah Terawat Siap Huni, Semi Furnish di Dharmahusada Indah",6500000000,300.0,550.0,4.0,4.0,2.0,1.0,Semi Furnished,-7.27049,112.780548,rumah123
"Rumah Siap Huni, Row 3 Mobil di Wisma Permai",2500000000,135.0,100.0,2.0,1.0,1.0,1.0,Unfurnished,-7.27049,112.780548,rumah123
"Rumah Bhaskara Harga Tanah, Cocok untuk Hunian & Renovasi",1300000000,120.0,120.0,2.0,1.0,1.0,,Unfurnished,-7.266657702407258,112.80065649397272,rumah123
"Rumah Shm Di Dharmahusada Dekat Raya Kenjeran, Galaxy Mall",13000000000,500.0,600.0,5.0,3.0,2.0,3.0,Semi Furnished,-7.27049,112.780548,rumah123
"Dijual Rumah Modern Minimalis, Siap Huni (Baru Gress)",1900000000,84.0,160.0,4.0,3.0,2.0,1.0,Unfurnished,-7.27049,112.780548,rumah123
"Dijual Under Market Rumah Hook, Modern Minimalis, Baru Gress, Siap Huni",2250000000,112.0,130.0,4.0,3.0,2.0,2.0,Furnished,-7.27049,112.780548,rumah123
"Rumah Shm Minimalis 2 Lantai Mulyosari Dekat Its, Kenjeran, Pakuwon City",1650000000,82.0,115.0,3.0,3.0,2.0,,Unfurnished,-7.27049,112.780548,rumah123
Rumah Hitung Tanah di Mulyosari Cocok Investasi atau Bangun Ulang,1850000000,184.0,368.0,4.0,4.0,1.0,1.0,Unfurnished,-7.269016206295205,112.79612059080516,rumah123
Rumah Sutorejo Mulyosari Grees Siap Huni Hook,2250000000,112.0,130.0,4.0,3.0,2.0,2.0,Unfurnished,-7.27049,112.780548,rumah123
Rumah Ciamik 2 Lantai Siap Huni Samping Rumah Bisa Untuk Garasi,1450000000,123.0,176.0,3.0,2.0,2.0,1.0,Unfurnished,-7.27049,112.780548,rumah123
"Rumah Second Dharmahusada Selangkah Ke Unair, Galaxy Mall, Mulyosari",6400000000,400.0,300.0,4.0,4.0,1.0,,Unfurnished,-7.27049,112.780548,rumah123
Sutorejo Prima,1999999999,90.0,160.0,4.0,3.0,2.0,,Unfurnished,,,rumah123
"Rumah Mewah 8KT Grand Peninsula, Surabaya!",19800000000,360.0,700.0,8.0,8.0,3.0,,Unfurnished,,,rumah123
Rumah Dharmahusada Indah Dkt Manyar dan Kertajaya Indah,4890000000,375.0,300.0,4.0,3.0,2.0,2.0,Unfurnished,-7.268996,112.778236,rumah123
Rumah Wisma Permai Tengah Harus Segera Laku,1600000000,135.0,100.0,2.0,1.0,1.0,2.0,Unfurnished,-7.274654782500235,112.7894523070994,rumah123
Villa Kalijudan Indah Baru Gress 2Lt,1770000000,100.0,160.0,3.0,3.0,2.0,1.0,Unfurnished,-7.27049,112.78055,rumah123
Rumah Murah Tanpa DP di Dekat Merr Gununganyar Surabaya,721000000,50.0,30.0,2.0,1.0,1.0,1.0,Semi Furnished,-7.27049,112.780548,rumah123
Rumah 2 Lantai Surabaya Selangkah Pakuwon City dan Kampus Its,845000000,40.0,65.0,2.0,2.0,2.0,1.0,Unfurnished,-7.27049,112.780548,rumah123
Dijual Murah Rumah di Grand Pakuwon Tandes,900000000,72.0,70.0,2.0,1.0,2.0,,Unfurnished,-7.28917,112.734,rumah123
Jual.rumah Di.grand Pakuwon.cluster Queenland,1100000000,48.0,90.0,2.0,2.0,2.0,1.0,Unfurnished,-7.25834,112.678978,rumah123
Jual Rumah Grand Pakuwon Luas 72M2 Kamar Tidur 2 Kamar Mandi 2,1500000000,72.0,80.0,2.0,2.0,2.0,1.0,Unfurnished,-7.25834,112.678978,rumah123
"Dijual Rumah 2 Lantai di Grand Pakuwon, Tandes",1600000000,72.0,84.0,3.0,2.0,2.0,1.0,Unfurnished,-7.25834,112.678978,rumah123
Dijual Cepat Rumah Darmo Harapan Indah Tandes Belakang Ken 88 Supermarket,1750000000,180.0,140.0,4.0,2.0,1.0,2.0,Semi Furnished,-7.25834,112.678978,rumah123
Murah 2 Unit Rumah Grand Pakuwon Cluster Gladstone,1550000000,72.0,101.0,3.0,3.0,2.0,1.0,Unfurnished,-7.25834,112.67898,rumah123
Darmo Harapan Hok 2Lt Baru Gress,2250000000,116.0,115.0,3.0,3.0,2.0,2.0,Unfurnished,-7.25834,112.678978,rumah123
Darmo Harapan Indah Baru Gress 2lt,1750000000,102.0,150.0,3.0,3.0,2.0,2.0,Unfurnished,-7.25834,112.67898,rumah123
Darmo Harapan Indah Baru Gress 2Lt,1750000000,87.0,100.0,3.0,3.0,2.0,2.0,Unfurnished,-7.25834,112.67898,rumah123
Dijual Rumah Grand Pakuwonsouth Victoria Surabaya,2350000000,160.0,200.0,4.0,3.0,2.0,1.0,Unfurnished,-7.25834,112.678978,rumah123
Dijual Rumah Darmo Indah Timur Tandes Surabaya,2500000000,157.0,126.0,2.0,1.0,1.0,2.0,Unfurnished,-7.25834,112.678978,rumah123
"Dijual Rumah Darmo Indah Timur Tandes, Surabaya",1700000000,105.0,90.0,3.0,2.0,1.0,1.0,Unfurnished,-7.25834,112.678978,rumah123
Dijual Rumah Grand Pakuwon JF07 Type Sanders (Cluster Adelaide),1090000000,72.0,78.0,2.0,2.0,2.0,,Unfurnished,-7.25834,112.67898,rumah123
Rumah Grand Pakuwon Cantik 2Lt Adelaide,1290000000,72.0,70.0,2.0,2.0,2.0,1.0,Unfurnished,-7.25834,112.678978,rumah123
Rumah 2 Lantai Grand Pakuwon Siap Huni - Lokasi Depan,4800000000,144.0,240.0,4.0,3.0,2.0,2.0,Semi Furnished,-7.25834,112.67898,rumah123
2070. Jual Rumah Murah Siap Huni Grand Pakuwon,1050000000,72.0,70.0,2.0,2.0,2.0,1.0,Unfurnished,-7.25834,112.678978,rumah123
Rumah Grand Pakuwon Model Minimalis Semi Interior Lokasi Depan,4800000000,144.0,240.0,4.0,3.0,1.0,2.0,Semi Furnished,-7.25834,112.67898,rumah123
Rumah Dijual di Grand Pakuwon Cluster Gladstone Surabaya,1550000000,72.0,101.0,3.0,3.0,2.0,,Unfurnished,-7.2348842,112.6703892,rumah123
Dijual Rumah Demak Barat Krembangan Surabaya,1850000000,127.0,164.0,4.0,2.0,2.0,,Unfurnished,-7.247063276850596,112.72039184505547,rumah123
Rumah Dijalan Babadan Rukun Surabaya,1000000000,135.0,240.0,6.0,4.0,2.0,,Unfurnished,-7.2450309,112.7183141,rumah123
Jual Rumah Toko Bangunan Hook  Rajawali dan krembangan Strategis,2350000000,104.0,150.0,1.0,1.0,,,Unfurnished,-7.22996,112.72416,rumah123
Rumah Dijual Di Kalongan Baru Siap Huni Surabya Utara,3000000000,150.0,300.0,5.0,5.0,2.0,1.0,Unfurnished,-7.22996,112.724159,rumah123
Rumah di Jl. Krembangan Nol Jalan Raya Surabaya,2300000000,180.0,180.0,3.0,2.0,1.0,,Unfurnished,-7.22996,112.72416,rumah123
Dijual Rumah Dijalan Sedayu Krembangan Surabaya,950000000,87.0,87.0,2.0,3.0,1.0,,Unfurnished,-7.236429,112.72353,rumah123
Dijual Rumah Dijalan Kalongan Besar Surabaya,2500000000,192.0,192.0,4.0,2.0,1.0,,Unfurnished,-7.2408248,112.7331724,rumah123
"Rumah Usaha Utama 2 Lantai, Dipakai untuk Warkop, di Atas Warkop Dipakai Kos-Kosan",3500000000,321.0,321.0,13.0,7.0,2.0,,Unfurnished,-7.22996,112.72416,rumah123
Rumah Hitung Tanah di Area Wisata Kota Tua Rajawali,3360000000,306.0,300.0,,2.0,1.0,,Unfurnished,-7.22996,112.724159,rumah123
Rumah Dijual Sedayu Krembangan Surabaya,1500000000,80.0,100.0,4.0,2.0,2.0,,Unfurnished,-7.2350359440023055,112.72471468796364,rumah123
Rumah Hitung Tanah Perak Barat Nol Jalan Raya,5750000000,373.0,150.0,4.0,3.0,1.0,2.0,Unfurnished,-7.22996,112.724159,rumah123
Rumah Tengah Kota Surabaya Surabaya,1580000000,90.0,180.0,,,,,Unfurnished,,,rumah123
Rumah Perak Barat Sederhana Terawat Dekat Surabaya Pusat,6000000000,373.0,373.0,3.0,1.0,1.0,1.0,Unfurnished,-7.22996,112.72416,rumah123
"Rumah 1m An Dkt Atom Mall,t.plaza,sekolah2 Tengah Kota Surabaya",1200000000,68.0,190.0,5.0,3.0,3.0,,Semi Furnished,-7.22996,112.72416,rumah123
"Tanjung Layar Krembangan , Hitung Tanah, Murah ( Tusuk Sate)",800000000,200.0,144.0,3.0,1.0,1.0,,Unfurnished,-7.22996,112.72416,rumah123
Rumah Dijual Jalan Kalongan Krembangan Surabaya,3000000000,160.0,160.0,3.0,2.0,1.0,,Unfurnished,-7.240957684935893,112.73486038582116,rumah123
Dijual Rumah Griya Permata Pagesangan Jambangan Surabaya Ron.a2273,1050000000,51.0,102.0,3.0,2.0,2.0,1.0,Unfurnished,-7.31747,112.716637,rumah123
Dijual Rumah Bertulang Kayu Jati Menanggal Indah Surabaya Selatan,2600000000,216.0,372.0,5.0,4.0,2.0,1.0,Unfurnished,,,rumah123
Dijual Rumah Jambangan Tama Surabaya Ron.a1170,2000000000,110.0,210.0,5.0,3.0,3.0,1.0,Unfurnished,-7.31747,112.716637,rumah123
Dijual Rumah Karah Tama Asri Jambangan Surabaya Ron.a1202,2800000000,256.0,450.0,5.0,5.0,3.0,2.0,Unfurnished,-7.31747,112.716637,rumah123
Ldp 0006 Dijual Rumah 2 Lantai Area Jambangan Surabaya Dekat dengan Masjid Al Akbar Surabaya,1800000000,100.0,180.0,3.0,2.0,2.0,1.0,Unfurnished,-7.31747,112.716637,rumah123
Rumah Dijual di Jambangan Surabaya,2200000000,84.0,84.0,5.0,3.0,2.0,,Unfurnished,-7.319815203964961,112.71217080627004,rumah123
Rumah Dijual di Kebonsari Elveka Surabaya,3500000000,240.0,250.0,2.0,2.0,2.0,,Unfurnished,-7.3279952,112.7162067,rumah123
Rumah Dijual Dijalan Jambangan Indah Surabaya,1550000000,67.0,134.0,3.0,2.0,2.0,,Unfurnished,-7.31779185,112.7144514,rumah123
Dijual Rumah Palm Spring Regency Jambangan Surabaya Ron.a1716,2700000000,96.0,192.0,5.0,3.0,2.0,,Semi Furnished,-7.31747,112.716637,rumah123
Rumah Jambangan Sawah 2 Lantai Kondisi Bagus Surabaya,1800000000,100.0,180.0,3.0,3.0,2.0,1.0,Unfurnished,-7.31747,112.716637,rumah123
Rumah Scandinavian Siap Huni Dekat Cito Mall Surabaya,975000000,77.0,75.0,2.0,2.0,2.0,1.0,Unfurnished,-7.31747,112.71664,rumah123
Rumah Murah 0 Jalan Raya Jambangan,2700000000,444.0,444.0,2.0,4.0,1.0,2.0,Unfurnished,-7.31747,112.71664,rumah123
Rumah Murah 0 Jalan Raya Jambangan,2700000000,444.0,444.0,2.0,4.0,1.0,2.0,Unfurnished,-7.31747,112.71664,rumah123
"Siap Huni, Rumah, 2 Lantai, SHM, Dekat Tempat Ibadah, Dekat Akses Tol",3500000000,218.0,255.0,5.0,3.0,2.0,1.0,Unfurnished,-7.31747,112.716637,rumah123
Rumah Mewah 2 Lantai Desain Modern Minimalis Siap Huni,1830000000,112.0,130.0,4.0,3.0,2.0,2.0,Furnished,-7.377194,112.707117,rumah123
Rumah Desain Modern Minimalis Bebas Banjir Dekat Bandara Juanda,1100000000,112.0,75.0,3.0,1.0,1.0,2.0,Unfurnished,-7.377194,112.707117,rumah123
"Rumah 2 Lantai Scandinavian Modern Premium, Tampilan Estetik & Nyaman",1360000000,96.0,86.0,2.0,2.0,2.0,1.0,Unfurnished,-7.377194,112.707117,rumah123
Rumah Scandinavian Modern 2 Lantai Siap Huni Desain Minimalis Elegan,975000000,77.0,75.0,2.0,2.0,2.0,1.0,Unfurnished,-7.377194,112.707117,rumah123
Rumah 1 Lantai Jambangan Surabaya Selatan,1100000000,84.0,84.0,2.0,2.0,1.0,1.0,Unfurnished,-7.31747,112.716637,rumah123
Tanah Bonus Rumah Medokan Asri Timur Surabaya Dekat Merr,2750000000,325.0,280.0,8.0,4.0,1.0,1.0,Furnished,-7.31434,112.800232,rumah123
Rumah Cantik Luas Murah bisa KPR Rungkut,680000000,100.0,60.0,3.0,1.0,1.0,1.0,Unfurnished,-7.31434,112.80023,rumah123
Rumah Siap Huni dan Strategis di Pandugo Timur Surabaya Dekat Mer,1450000000,162.0,150.0,3.0,2.0,1.0,,Unfurnished,,,rumah123
Dijual Rumah Baruk Utara Strategis Selangkah Menuju Merr,1700000000,180.0,116.0,2.0,1.0,1.0,1.0,Unfurnished,-7.31434,112.800232,rumah123
"Dijual Rumah 1 Lantai Daerah Rungkut Harapan Area Komersial, Surabaya Timur",7200000000,600.0,415.0,5.0,4.0,1.0,2.0,Unfurnished,-7.31434,112.800232,rumah123
Rumah 2 Lantai di Kedung Baruk Rungkut Dekat Pandugo Wonorejo,2600000000,120.0,150.0,3.0,4.0,2.0,2.0,Semi Furnished,-7.28917,112.734,rumah123
"Rumah di Perum Taman Gunung Anyar, Surabaya",850000000,100.0,70.0,3.0,2.0,1.0,,Unfurnished,-7.31434,112.800232,rumah123
Rumah Baru 3 Kamar di Perum Bumi Wonorejo Asri Rungkut Surabaya,720000000,72.0,50.0,3.0,1.0,1.0,1.0,Unfurnished,-7.31434,112.800232,rumah123
Rumah Rungkut Barata Surabaya Timur Murah. Ron.a524,1200000000,120.0,100.0,4.0,3.0,2.0,1.0,Unfurnished,-7.31434,112.800232,rumah123
Rumah Pondok Nirwana Rungkut Surabaya Timur Murah. Rev.a282,1300000000,126.0,126.0,4.0,2.0,1.0,,Unfurnished,-7.31434,112.800232,rumah123
Rumah Rungkut Menanggal Harapan Surabaya Timur Murah. Ron.a974,1000000000,150.0,170.0,6.0,2.0,1.0,1.0,Unfurnished,-7.31434,112.800232,rumah123
Rumah Tambak Medokan Ayu Rungkut Surabaya Timur Murah. Ron A2157,685000000,100.0,150.0,4.0,2.0,2.0,1.0,Unfurnished,-7.31434,112.800232,rumah123
Rumah Pandugo Baru Rungkut Surabaya Timur Murah. Ron.a886,1900000000,135.0,170.0,5.0,4.0,2.0,1.0,Unfurnished,-7.31434,112.800232,rumah123
Jual Rumah Rungkut Harapan Baru Gress Siap Huni,1250000000,55.0,82.0,3.0,2.0,1.0,2.0,Unfurnished,-7.31434,112.800232,rumah123
"Rumah Rungkut Asri Strategis Dekat Yakaya, Dekat Kampus Upn",6500000000,390.0,234.0,4.0,3.0,1.0,,Unfurnished,-7.31434,112.800232,rumah123
Jual Rumah Siap Huni Wonorejo Rungkut Surabaya Timur,1450000000,100.0,150.0,5.0,2.0,2.0,1.0,Semi Furnished,-7.31434,112.800232,rumah123
Dijual Rumah 2 Lantai Surabaya Timur Daerah Rungkut Asri,5000000000,300.0,200.0,5.0,4.0,2.0,2.0,Semi Furnished,-7.31434,112.800232,rumah123
Gratis Iphone. Rumah Graha Natura Dijual 1M-An [2 Lantai] House For Sale. bisa Cicilan KPR,1000000000,72.0,86.0,3.0,2.0,2.0,1.0,Semi Furnished,-7.27993,112.654648,rumah123
Graha Natura Siap Huni 2Lt,3300000000,144.0,117.0,3.0,3.0,2.0,2.0,Unfurnished,-7.27993,112.654648,rumah123
Dijual Cepat Rumah Siap Huni di Graha Natura Cluster Acacia,3000000000,140.0,131.0,3.0,2.0,2.0,2.0,Semi Furnished,-7.27993,112.654648,rumah123
Dijual Rumah di Sambikerep Surabaya Barat,1700000000,112.0,200.0,4.0,2.0,1.0,1.0,Unfurnished,-7.27993,112.654648,rumah123
Jual Rumah Woodland,5300000000,210.0,325.0,5.0,5.0,2.0,2.0,Unfurnished,,,rumah123
Dijual Rumah Pakuwon 2 Lantai Villa Bukit Regency Full Furnished,6260000000,200.0,224.0,4.0,4.0,1.0,1.0,Furnished,-7.28917,112.734,rumah123
Rumah Baru Furnish Interior Swimming Pool Graha Natura,5050000000,200.0,221.0,4.0,4.0,2.0,2.0,Furnished,-7.27993,112.654648,rumah123
"Rumah Minimalis Graha Natura Termurah 3 Kamar Hanya 1,8Man",1800000000,90.0,97.0,3.0,3.0,2.0,,Unfurnished,-7.27993,112.654648,rumah123
Rumah Baru Full Furnish Ala Show Unit Graha Natura,4500000000,160.0,210.0,4.0,4.0,2.0,2.0,Furnished,-7.27993,112.654648,rumah123
Jual Cepat Rumah Minimalis Alam Galaxy Row Jalan 4 Mobil Furnish,2650000000,162.0,165.0,3.0,3.0,2.0,1.0,Furnished,-7.2799713,112.6546522,rumah123
Dijual Rumah Daerah Jelidro Kondisi Bagus,750000000,54.0,75.0,3.0,1.0,2.0,2.0,Semi Furnished,-7.27993,112.654648,rumah123
Dijual Rumah Murah 2 Lantai Daerah Jelidro,600000000,42.0,58.0,2.0,2.0,2.0,1.0,Semi Furnished,-7.27993,112.654648,rumah123
"Dijual Rumah 2,5 Lantai Daerah Lontar, Surabaya Barat",1250000000,80.0,100.0,4.0,2.0,2.0,2.0,Unfurnished,-7.27993,112.654648,rumah123
Rumah Termurah di Citraland Utama Bagus Gres Siap Huni,1850000000,120.0,200.0,4.0,4.0,2.0,2.0,Unfurnished,-7.27993,112.654648,rumah123
"Dijual Rumah Siap Huni Perumahan Graha Natura, Surabaya Barat",2700000000,140.0,130.0,4.0,4.0,2.0,1.0,Unfurnished,-7.27993,112.654648,rumah123
"Dijual/Sewa Cepat Rumah Villa Bukit Mas, Baru Renovasi Seperti Baru. Siap Yuni",6500000000,312.0,400.0,4.0,3.0,2.0,1.0,Semi Furnished,-7.27993,112.654648,rumah123
Dijual Rumah di Jelidro New Gress!!,780000000,75.0,54.0,3.0,1.0,1.0,1.0,Unfurnished,-7.27993,112.654648,rumah123
Dijual Cepat dan Nego Gila Gilaan Rumah di Perum Sambikerep Dekat Pakuwon Mall,950000000,98.0,100.0,2.0,1.0,1.0,1.0,Unfurnished,-7.27993,112.654648,rumah123
Dijual Rumah Waterfront Citraland Modern Full Furnished Siap Huni,7000000000,308.0,450.0,4.0,4.0,2.0,,Unfurnished,-7.27993,112.65465,rumah123
Gayungsari Timur Siap Huni 2Lt,4700000000,350.0,350.0,4.0,4.0,2.0,2.0,Unfurnished,-7.33,112.726021,rumah123
Rumah Baru Mewah Komplak Gayungsari Dekat Masjid Agung Al Akbar Surabaya,2850000000,125.0,190.0,4.0,3.0,2.0,2.0,Unfurnished,-7.28917,112.734,rumah123
Hunian Mewah 2 Lantai di Gayungsari Barat Hanya 2M An Saja,2950000000,125.0,180.0,4.0,3.0,2.0,2.0,Unfurnished,-7.33,112.726021,rumah123
Rumah Gayungan Murah,3400000000,275.0,293.0,6.0,3.0,2.0,1.0,Unfurnished,-7.33,112.726021,rumah123
Rumah 2 Lantai Gayungsari Barat Dekat ke Masjid Agung Polda Jatim,3100000000,137.0,225.0,4.0,3.0,2.0,3.0,Unfurnished,-7.33,112.726021,rumah123
"Dijual Rumah di Gayungsari Timur, Dekat Jln Ahmad Yani",4900000000,350.0,350.0,4.0,4.0,2.0,1.0,Furnished,,,rumah123
"*Termurahh, Terima Renovasi* ‼️Rumah Mewah, Lokasi Strategisjl. Kebonsari Elveka Vi Kebonsari, Gayungan, Surabaya.",3500000000,272.0,450.0,4.0,3.0,2.0,2.0,Unfurnished,-7.33,112.726021,rumah123
"Jual Rumah Murah Terima Renovasi, Kebonsari Elveka Gayungan Dekat Sekolah Al Hikmah, Polda Jatim, Unesa, Masjid Al Akbar, Trans Icon, Akses Tol Waru",3000000000,272.0,450.0,4.0,3.0,2.0,2.0,Unfurnished,-7.33,112.726021,rumah123
"Owner Butuh Cepat, Dijual Rumah di Gayungsari, Dekat Ahmad Yani dan Unesa",2500000000,175.0,157.0,2.0,1.0,1.0,,Unfurnished,-7.33,112.726021,rumah123
"Jarang Ada!! Rumah Mewah di Gayung Kebonsari Cocok untuk Usaha Salon, Kantor, Kafe, Praktek Dokter Dll",4800000000,200.0,270.0,5.0,3.0,2.0,2.0,Semi Furnished,-7.33,112.726021,rumah123
"Dijual Rumah 1 Lantai Gayung Kebonsari, Surabaya",4800000000,525.0,161.0,5.0,3.0,1.0,1.0,Unfurnished,-7.33,112.726021,rumah123
"RUMAH BARU GAYUNGSARI DEKAT KETINTANG, POLDA JATIM SURABAYA",2750000000,123.0,200.0,4.0,4.0,2.0,,Unfurnished,-7.33,112.72602,rumah123
Dijual Rumah Menanggal Selatan Gress Minimalis Siap Huni,1600000000,75.0,150.0,3.0,2.0,2.0,,Unfurnished,-7.33,112.72602,rumah123
Jarang Ada ! Rumah Bagus Gayung Kebonsari Dekat A Yani,2800000000,136.0,126.0,2.0,2.0,2.0,2.0,Unfurnished,-7.33,112.726021,rumah123
Rumah Gayungsari Barat Gayungan Surabaya Murah.ron.a391,11000000000,594.0,1100.0,7.0,6.0,3.0,2.0,Furnished,-7.33,112.726021,rumah123
Rumah 2 Lantai Furnish Gayungsari Timur Row Jalan Lebar,4750000000,350.0,400.0,4.0,4.0,2.0,1.0,Furnished,-7.33,112.726021,rumah123
Cipta Menanggal Rumah 1 Lantai Lokasi Strategis Dekan Cito,2500000000,240.0,200.0,4.0,2.0,1.0,2.0,Unfurnished,-7.33,112.726021,rumah123
Dijual Rumah Gayung Kebonsari Surabaya,3300000000,151.0,236.0,4.0,4.0,2.0,2.0,Unfurnished,-7.33,112.726021,rumah123
Jual Cepat Rumah Minimalis Gayungsari Barat,5000000000,275.0,400.0,4.0,4.0,2.0,1.0,Semi Furnished,,,rumah123
Rumah Modern Di PERUMAHAN ELITE THE GAYUNGSARI Surabaya,3750000000,128.0,163.0,3.0,3.0,2.0,1.0,Furnished,-7.3361794,112.7221731,rumah123
Taman Prapen Indah Hok 2Lt,4500000000,592.0,350.0,4.0,3.0,2.0,1.0,Unfurnished,-7.31943,112.75539,rumah123
Rumah 2 Lantai Dekat Plaza Marina Tenggilis,1750000000,120.0,200.0,5.0,2.0,2.0,1.0,Unfurnished,-7.31943,112.75539,rumah123
Dijual Rumah Hitung Tanah Di Tenggilis Timur,1800000000,200.0,150.0,4.0,2.0,1.0,1.0,Unfurnished,-7.31943,112.755386,rumah123
Rumah Baru Modern di Panjang Jiwo Permai 2 Lantai Free Smart Home,2400000000,120.0,160.0,3.0,3.0,2.0,2.0,Unfurnished,-7.313525211163068,112.76468432205974,rumah123
Dijual Cepat Rumah Murah Hitung Tanah Kendangsari Tenggilis Dekat Ubaya Chicco Supermarket Jemursari Raya Merr Luas 275 Ada 7 Kamar dan Garasi Cocok untuk Hunian Kos Usaha Investasi Kantor. Butuh Segera Laku,2250000000,275.0,275.0,7.0,2.0,2.0,1.0,Unfurnished,-7.31943,112.755386,rumah123
Rumah Baru Scandinavian - Desain Elegan di Kutisari Indah Utara,1050000000,67.0,82.0,3.0,2.0,2.0,2.0,Unfurnished,-7.33837994,112.7508581,rumah123
Rumah Baru Scandinavian - Hunian Cantik & Modern Siap Huni,1200000000,79.0,106.0,3.0,2.0,2.0,2.0,Unfurnished,-7.33837994,112.7508581,rumah123
Dijual Rumah Jalan Raya Tenggilis Mejoyo Jalan Kembar ke Ubaya,12000000000,600.0,700.0,3.0,3.0,2.0,2.0,Unfurnished,-7.31943,112.755386,rumah123
Murah Rumah Usaha Jalan Raya Tenggilis Mejoyo,14990000000,675.0,350.0,4.0,2.0,1.0,4.0,Unfurnished,-7.31943,112.755386,rumah123
Rumah Tenggilis Mejoyo Surabaya dekat Kampus Ubaya,1390000000,51.0,72.0,3.0,2.0,2.0,1.0,Unfurnished,-7.31943,112.755386,rumah123
Dijual Rumah Tenggilis Kendangsari Surabaya dekat Ubaya,7000000000,420.0,600.0,6.0,5.0,2.0,,Unfurnished,-7.31943,112.755386,rumah123
Dijual Murah Rumah Panjang Jiwo Permai Super Ciamik!,2400000000,120.0,160.0,4.0,4.0,2.0,2.0,Unfurnished,-7.31943,112.755386,rumah123
Jual Rumah Baru Siap Huni Tenggilis Mejoyo Selatan,1600000000,90.0,125.0,3.0,2.0,1.0,1.0,Unfurnished,-7.31943,112.755386,rumah123
Rumah Tenggilis Mejoyo Selatan Surabaya Murah. Ron.a2474,2000000000,200.0,200.0,5.0,3.0,2.0,1.0,Unfurnished,-7.28917,112.734,rumah123
Rumah Tenggilis Mejoyo Selatan Surabaya Murah. Ron.a2458,1000000000,77.0,58.0,2.0,1.0,1.0,1.0,Furnished,-7.28917,112.734,rumah123
Rumah Kutisari Indah Utara Surabaya Murah. Ron.a304,5200000000,540.0,320.0,4.0,2.0,2.0,3.0,Unfurnished,-7.28917,112.734,rumah123
Djual Rumah Mewah Jemursari Regency Full Furnished Harga Murah Dekat Prapen Indah Tenggilis Jemur Andayani Kutisari Siwalankerto Ahmad Yani Waru Nginden Manyar Wonokromo,4500000000,260.0,280.0,5.0,5.0,2.0,2.0,Furnished,-7.31943,112.755386,rumah123
*tenggilis Utara 2 Lt Full Furnished Siap Huni*,3300000000,200.0,300.0,5.0,4.0,2.0,1.0,Furnished,-7.31943,112.75539,rumah123
Rumah 2 Lantai Dekat Rs Ubaya,1580000000,90.0,125.0,3.0,3.0,2.0,1.0,Unfurnished,-7.31943,112.755386,rumah123
Murah Wisata Bukit Mas Grand Palais Segera Laku,4500000000,240.0,300.0,4.0,4.0,2.0,1.0,Unfurnished,,,rumah123
Mungil Bangunan Terawat Umah Permata Safira,900000000,98.0,98.0,2.0,2.0,1.0,1.0,Unfurnished,-7.30073,112.63566,rumah123
Jual Rugi! Design Interior Greenlake Citraland Wiyung Pakuwon,2200000000,90.0,98.0,3.0,3.0,2.0,1.0,Semi Furnished,-7.30073,112.635658,rumah123
Citraland Utama Minimalis Design Modern! Full High Spec,4250000000,153.0,245.0,4.0,3.0,2.0,,Unfurnished,-7.30073,112.63566,rumah123
Dijual Rumah di Citraland Utama North Emerald Mansion,11000000000,308.0,640.0,5.0,2.0,4.0,,Unfurnished,-7.30073,112.635658,rumah123
Dijual Rumah Mewah 2.5 LT Citraland Fullerton Surabaya Barat,7000000000,210.0,400.0,6.0,7.0,2.0,1.0,Unfurnished,-7.30073,112.635658,rumah123
Dijual Cepat Rumah di Wisata Bukit Mas Surabaya.harga Murah,2500000000,160.0,134.0,5.0,3.0,1.0,1.0,Unfurnished,-7.30073,112.635658,rumah123
Rumah banyak fasilitas di baratnya Surabaya,960000000,60.0,65.0,2.0,2.0,2.0,1.0,Unfurnished,-7.30073,112.63566,rumah123
Citraland Taman Gapura Komersial Area Dekat G.wark,450000000,540.0,450.0,1.0,2.0,1.0,2.0,Unfurnished,-7.30073,112.635658,rumah123
JUAL RUMAH PAKUWON INDAH,15500000000,330.0,600.0,5.0,5.0,2.0,2.0,Unfurnished,,,rumah123
JUAL RUMAH PAKUWON INDAH,5250000000,200.0,270.0,3.0,4.0,2.0,,Unfurnished,,,rumah123
Jual Rumah Pakuwon Indah,17000000000,375.0,585.0,5.0,5.0,2.0,2.0,Unfurnished,,,rumah123
JUAL RUMAH PAKUWON INDAH,17000000000,375.0,585.0,5.0,5.0,2.0,2.0,Unfurnished,,,rumah123
JUAL RUMAH PAKUWON INDAH,15000000000,313.0,550.0,5.0,5.0,2.0,2.0,Unfurnished,,,rumah123
"Dijual Rumah 2 Lantai Mansion Nine, Surabaya Barat",980000000,55.0,50.0,2.0,2.0,2.0,1.0,Semi Furnished,-7.30073,112.635658,rumah123
"Murah Rumah Hook Mainroad Prambanan Residence, Wiyung, Surabaya",6000000000,388.0,311.0,4.0,3.0,2.0,,Semi Furnished,-7.30073,112.635658,rumah123
Dijual Cepat Rumah Perum Citra Sentosa Bagus Gress,670000000,72.0,45.0,2.0,1.0,1.0,1.0,Unfurnished,-7.30073,112.635658,rumah123
Terlaris Rumah SHM Ready Siap Huni di Wiyung Lakarsantri Surabaya,1100000000,60.0,74.0,2.0,2.0,2.0,1.0,Semi Furnished,-7.30073,112.635658,rumah123
Dijual Rumah 2 Lantai Minimalis Modern Baru Gress Wisata Bukit Mas,1290000000,50.0,100.0,2.0,2.0,2.0,1.0,Unfurnished,-7.30073,112.635658,rumah123
Rumah Termurah di Wisata Bukit Mas Surabaya Barat Dekat Wiyung,3800000000,160.0,179.0,4.0,3.0,1.0,,Unfurnished,-7.30073,112.635658,rumah123
"Termurah Kris Kencana 586 M2 Rumah Pusat Kota Surabaya, Granit Tile, Lantai Naik +/~ 80 Cm. Atap Galvalum * Hitung Tanah, 487 M2, SHM. Pojok, Car Port 12 Mobil, Selangkah ke Cw Mall. Rumah SHM",4500000000,586.0,300.0,3.0,2.0,,12.0,Unfurnished,-7.29503,112.71074,rumah123
Rumah Hook Perumahan Elit Graha Family Dekat Citraland Pakuwon,21000000000,731.0,1000.0,5.0,5.0,2.0,2.0,Semi Furnished,-7.28917,112.734,rumah123
"Dijual Rumah 2 Lantai Daerah Darmo Sentosa Raya , Surabaya Barat",7500000000,869.0,500.0,,,2.0,,Unfurnished,-7.29503,112.710739,rumah123
"Murah Luas 300 M2 Dijual Rumah Darmo Hill Surabaya Barat Dekat Ciputra World Mall, Akses Tol Satelit",5000000000,300.0,500.0,4.0,4.0,2.0,1.0,Furnished,-7.29503,112.710739,rumah123
Kupang Indah Hit Tanah Aja,4500000000,357.0,154.0,3.0,3.0,1.0,1.0,Unfurnished,-7.29503,112.710739,rumah123
Rumah Mewah Graha Family Surabaya Barat - Nyaman & Eksklusif,10500000000,420.0,500.0,4.0,3.0,2.0,1.0,Semi Furnished,-7.299911287176656,112.68339554395028,rumah123
"Turun Harga Dijual Rumah Graha Famili, Surabaya Barat",10500000000,420.0,500.0,4.0,3.0,3.0,2.0,Semi Furnished,-7.29503,112.710739,rumah123
Rumah Shm Puncak Permai Harga Tanah Surabaya,35000000000,2137.0,650.0,12.0,4.0,2.0,2.0,Unfurnished,-7.29503,112.710739,rumah123
Rumah Mewah Darmo Sentosa Raya Jajar Tunggal Semifurnish 3Man,2600000000,199.0,210.0,3.0,2.0,1.0,,Semi Furnished,-7.29503,112.710739,rumah123
Dijual / Disewakan Rumah Graha Family Surabaya,6500000000,252.0,300.0,4.0,4.0,2.0,1.0,Semi Furnished,-7.29503,112.710739,rumah123
"Dijual Rumah 2 Lantai Darmo Sentosa Raya, Surabaya Barat",5000000000,276.0,350.0,5.0,6.0,2.0,2.0,Semi Furnished,-7.29503,112.710739,rumah123
Dijual Rumah 2 Lantai Rumah Full Furnished Darmo Sentosa Raya Surabaya Barat,6500000000,330.0,275.0,4.0,5.0,2.0,1.0,Furnished,-7.29503,112.710739,rumah123
Jual Rumah Villa Bukit Mas Murah Istimewa SHM di Mayjen Sungkono,5000000000,300.0,200.0,5.0,3.0,2.0,2.0,Unfurnished,-7.29503,112.710739,rumah123
"Jual Rumah Furnished Graha Family, Siap Huni",14650000000,432.0,700.0,4.0,3.0,2.0,2.0,Furnished,-7.29503,112.710739,rumah123
Di Jual Rumah Hook Pakis Argosari Selangkah ke Ciputra World,18650000000,500.0,700.0,5.0,4.0,1.0,1.0,Unfurnished,-7.29503,112.710739,rumah123
Rumah Termurah di Kupang Indah Surabaya Barat Lokasi Strategis Dekat Exit Tol Kota Satelit,4800000000,347.0,275.0,5.0,3.0,1.0,1.0,Unfurnished,-7.29503,112.710739,rumah123
Dijual Rumah Premium Hook Full Furnished Graha Family,14500000000,432.0,700.0,,,1.0,,Unfurnished,-7.29503,112.71074,rumah123
Rumah Villa Bukit Mas Dekat Mayjen Sungkono Dan Hr Muhammad,9000000000,275.0,375.0,4.0,3.0,2.0,2.0,Unfurnished,-7.29503,112.710739,rumah123
Petemon I,3800000000,523.0,600.0,8.0,4.0,2.0,1.0,Unfurnished,,,rumah123
Petemon I,3800000000,523.0,600.0,8.0,4.0,2.0,1.0,Unfurnished,,,rumah123
Petemon I,3800000000,523.0,600.0,8.0,4.0,2.0,1.0,Unfurnished,,,rumah123
"Rumah Lama 1,5 Lantai Terawat Bersih Tengah Kota",6500000000,315.0,225.0,3.0,3.0,1.0,1.0,Furnished,-7.26502,112.731003,rumah123
"Rumah Siap Huni Minimalis Modern di Jl. Argopuro, Sby Pusat",15000000000,620.0,600.0,4.0,3.0,2.0,3.0,Unfurnished,-7.26502,112.731,rumah123
Dijual Murah Rumah di Jalan Argopuro Surabaya Pusat,6800000000,431.0,400.0,3.0,2.0,1.0,1.0,Unfurnished,-7.26502,112.731003,rumah123
Pusat Kota Surabaya Rumah di Jalan Kelud,15000000000,1025.0,800.0,5.0,5.0,2.0,2.0,Unfurnished,-7.26502,112.731,rumah123
Rumah Dijual Dijalan Widodaren Surabaya Pusat,20000000000,882.0,319.0,4.0,2.0,2.0,,Unfurnished,-7.259885183297015,112.73102707286114,rumah123
Dijual Lokasi tengah kota Raya Anjasmoro Surabaya,42000000000,1120.0,550.0,8.0,3.0,1.0,6.0,Unfurnished,-7.26502,112.731003,rumah123
Dijual Murah Rumah Usaha di Petemon Timur Surabaya,1800000000,167.0,202.0,3.0,2.0,1.0,,Unfurnished,-7.26502,112.731003,rumah123
"Rumah Jalan Widodaren Surabaya 1,5 Lantai Hadap Timur",7500000000,314.0,138.0,3.0,3.0,,3.0,Unfurnished,,,rumah123
Rumah Jalan Widodaren Surabaya 2 Lantai Hook Timur Selatan Lokasi Strategis,19000000000,881.0,319.0,5.0,5.0,2.0,5.0,Unfurnished,,,rumah123
Rumah di Argopuro Mediterania Modern Nol Jalan Raya Strategis Bagus Siap Huni,11000000000,579.0,423.0,5.0,3.0,1.0,,Unfurnished,-7.26502,112.731003,rumah123
"Rumah Hitung Tanah di Jl Widodaren, Surabaya",10632000000,683.0,214.0,,,,,Unfurnished,,,rumah123
"Rumah 2 Lantai Jl. Tokala Pusat Kota, Dekat Raya Arjuno, LT 602 M",9000000000,602.0,570.0,,4.0,2.0,1.0,Unfurnished,-7.259495000000244,112.72220500000184,rumah123
Rumah Siap Huni Pakis Tirtosari Sawahan Surabaya,1200000000,92.0,130.0,3.0,2.0,2.0,1.0,Semi Furnished,-7.26502,112.731003,rumah123
Rumah Hitung Tanah Mojoklanggru Wetan,3500000000,304.0,200.0,3.0,2.0,1.0,2.0,Unfurnished,,,rumah123
"Rumah Ngagel Jaya Cocok untuk Klinik, Cafe, Kantor & Kos",2800000000,238.0,300.0,,3.0,1.0,,Semi Furnished,-7.292659637005286,112.755213052194,rumah123
Dijual Rumah 1 Lantai di Bratang Binangun‼️,1700000000,160.0,110.0,3.0,2.0,1.0,1.0,Unfurnished,-7.27396,112.748192,rumah123
Jual Rumah Baru Minimalis Mojo Dekat Dharmahusada Unair Its Semifurnish SHM 2.75M Nego,2750000000,100.0,175.0,3.0,3.0,2.0,2.0,Unfurnished,-7.27396,112.748192,rumah123
Darmo Indah,1200000000,150.0,100.0,2.0,2.0,1.0,,Unfurnished,,,rumah123
"Rumah Tengah Kota Jalan Sumatra, Gubeng, Surabaya",14000000000,437.0,388.0,6.0,4.0,2.0,1.0,Unfurnished,-7.27396,112.748192,rumah123
Rumah Murah Tanpa DP di Dekat Merr Surabaya Grand Alana Wonorejo,614000000,50.0,30.0,2.0,1.0,1.0,1.0,Semi Furnished,-7.27396,112.748192,rumah123
Rumah Dharmahusada Indah Hitung Tanah,3900000000,312.0,200.0,4.0,3.0,1.0,,Unfurnished,-7.27396,112.74819,rumah123
Dijual Rumah Hit Tanah Mojo Arum Dkt Tengah Kota SHM Hdp Selatan,3000000000,397.0,300.0,3.0,2.0,1.0,2.0,Unfurnished,-7.266812123011988,112.77763529858242,rumah123
Dijual Rumah Usaha 0 Jalan Raya Karang Menjangan SHM Area Ramai,2150000000,161.0,161.0,2.0,2.0,1.0,2.0,Unfurnished,-7.268827135165594,112.76123054319804,rumah123
Rumah Mewah Nol Jalan Surabaya Timur SHM. 1000M2 10Juta/M2.,10000000000,972.0,1200.0,4.0,4.0,3.0,8.0,Unfurnished,-7.27396,112.748192,rumah123
Dijual Rumah Siap Huni Tengah Kota Surabaya,3600000000,265.0,180.0,4.0,2.0,1.0,,Unfurnished,-7.27396,112.74819,rumah123
Dijual Rumah 1 Lantai di Baratajaya,2000000000,200.0,200.0,4.0,2.0,1.0,1.0,Unfurnished,-7.27396,112.748192,rumah123
Luas 510 M2!! Dijual Cepat Rumah Tengah Kota Manyar Kertoarjo (Bonnet) - Gubeng Surabaya,10500000000,510.0,880.0,5.0,4.0,2.0,2.0,Unfurnished,-7.278947,112.765314,rumah123
Dijual Rumah Terawat 2 LT Mojoklangru Wetan,2700000000,182.0,400.0,9.0,3.0,2.0,2.0,Unfurnished,-7.27396,112.748192,rumah123
Dijual Rumah di Manyar Kertoarjo Dekat Galaxy Mall Surabaya,8820000000,490.0,390.0,3.0,4.0,1.0,,Unfurnished,-7.27396,112.748192,rumah123
Dijual Murah Rumah Hook 2Lt di Citra Asri Benowo,1700000000,144.0,288.0,4.0,3.0,2.0,1.0,Unfurnished,-7.23213,112.630142,rumah123
Rumah Pojok Plus Toko Strategis Cocok Usaha di Wisma Tengger,1200000000,184.0,184.0,4.0,1.0,1.0,1.0,Unfurnished,-7.23213,112.630142,rumah123
Rumah Siap Huni 2 Lantai Bagus Palma Grandia Citraland Surabaya,2500000000,136.0,110.0,4.0,3.0,2.0,1.0,Unfurnished,-7.28917,112.734,rumah123
Dihjual Rumah Siap Huni Selangkah Dari Pakuwon Mall,1350000000,72.0,144.0,,,2.0,1.0,Unfurnished,-7.2526803,112.6441981,rumah123
Dijual Rumah SHM di Tengger Kandangan Surabaya Barat,1500000000,162.0,162.0,3.0,1.0,1.0,,Unfurnished,-7.23213,112.63014,rumah123
Rumah Bagus Strategis di Citraland Rumah Bukit Palma Surabaya,1900000000,229.0,120.0,4.0,3.0,2.0,1.0,Unfurnished,-7.23213,112.630142,rumah123
Jual Rumah Greenhill Citraland Utara Dekat Jllb,1900000000,120.0,160.0,3.0,2.0,2.0,2.0,Unfurnished,,,rumah123
Nego Hunian Bergaya Modern Semifurnished di Palma Grandia Surabaya,4000000000,308.0,350.0,4.0,2.0,2.0,1.0,Semi Furnished,-7.23213,112.630142,rumah123
Dijual Rumah 2 Lantai Posisi Pojok di Palma Grandia Surabaya,4000000000,308.0,350.0,4.0,2.0,2.0,1.0,Semi Furnished,-7.23213,112.630142,rumah123
Di Jual Rumah Wilayah Barat Palma Grandia .Rumah Second Terawat,2500000000,136.0,110.0,3.0,2.0,1.0,,Unfurnished,-7.23213,112.630142,rumah123
Dijual Rumah SHM di Bukit Tengger Regency Surabaya,1650000000,92.0,125.0,2.0,2.0,2.0,,Unfurnished,-7.23213,112.63014,rumah123
"Rumah Dijual Dreamingland, Pakal, Benowo, Surabaya",850000000,105.0,105.0,2.0,1.0,1.0,,Unfurnished,-7.23213,112.63014,rumah123
"Rumah Dijual Griya Citra Asri, Benowo, Surabaya",900000000,116.0,78.0,2.0,1.0,1.0,,Unfurnished,-7.23213,112.63014,rumah123
"Rumah Dijual Western Village, Pakal, Benowo, Surabaya",800000000,90.0,60.0,2.0,1.0,1.0,,Unfurnished,-7.23213,112.63014,rumah123
Harga Jual Turun Rumah 2 Lantai Siap Huni Kendung Benowo Surabaya,750000000,67.0,134.0,5.0,3.0,2.0,1.0,Unfurnished,-7.256461059915878,112.63748335678656,rumah123
Rumah Dijual Pondok Benowo Indah,375000000,72.0,72.0,3.0,1.0,1.0,,Unfurnished,-7.23213,112.630142,rumah123
Rumah 2 Lantai Griya Citra Asri Benowo Surabaya Barat,1350000000,72.0,144.0,3.0,2.0,2.0,1.0,Unfurnished,-7.23213,112.630142,rumah123
Dijual Rumah Siap Huni Furnished di Pantai Mentari Tinggal Pasang AC dan Bed,1770000000,102.0,101.0,4.0,3.0,2.0,,Furnished,-7.2409767,112.7951194,rumah123
Dijual Rumah di Perumahan Bulak Surabaya Utara,855000000,90.0,60.0,2.0,1.0,1.0,1.0,Unfurnished,-7.240977,112.79512,rumah123
Di Jual Murah Lokasi Strategis Dekat Pusat Kota,2200000000,102.0,156.0,4.0,4.0,2.0,2.0,Unfurnished,-7.240977,112.79512,rumah123
Rumah Pantai Mentari Minimalis,1690000000,102.0,101.0,3.0,2.0,2.0,,Semi Furnished,-7.240977,112.79512,rumah123
Dijual Rumah Pantai Mentari Cluster Depan Dekat Kenjeran,1000000000,72.0,50.0,3.0,1.0,1.0,1.0,Unfurnished,-7.28917,112.734,rumah123
Rumah.bulak Rukem Timur Kenjeran Surabaya,399000000,72.0,60.0,2.0,1.0,2.0,,Unfurnished,-7.240977,112.79512,rumah123
Dijual Rumah Kedinding Lor - Baru Gress,990000000,57.0,58.0,3.0,2.0,2.0,1.0,Unfurnished,-7.240977,112.79512,rumah123
Dijual Rumah Pantai Mentari Surabaya Siap Huni,5000000000,295.0,885.0,4.0,6.0,3.0,2.0,Unfurnished,-7.240977,112.79512,rumah123
Dijual Rumah Pantai Mentari Surabaya,1850000000,90.0,135.0,4.0,3.0,2.0,2.0,Unfurnished,-7.240977,112.79512,rumah123
Di Tawarkan Rumah Cantik Murahhhhhh Guys 2 Lantai Gading Indah Regency .,1300000000,122.0,250.0,2.0,2.0,2.0,,Unfurnished,-7.240977,112.79512,rumah123
Murah Butuh Cepat Laku Rumah Pantai Mentari Bagus Siap Huni,2200000000,140.0,210.0,4.0,3.0,2.0,2.0,Unfurnished,-7.240977,112.79512,rumah123
Jual Cepat Hunian Modern di Pantai Mentari Surabaya Dekat Tempat Wisata,1500000000,108.0,150.0,3.0,2.0,2.0,1.0,Unfurnished,-7.240977,112.79512,rumah123
"Rumah Siap Huni Bulak Banteng, Harga Terjangkau & Akses Suramadu",850000000,75.0,70.0,2.0,1.0,1.0,,Furnished,-7.22151,112.7593,rumah123
Dijual Rumah 2Lt Semi Furnish di Pantai Mentari,1600000000,102.0,120.0,3.0,3.0,2.0,1.0,Semi Furnished,-7.240977,112.79512,rumah123
Dijual Rumah Perum Pantai Mentari Kenjeran,1500000000,119.0,220.0,3.0,2.0,1.0,1.0,Unfurnished,-7.240913969298788,112.79403772452036,rumah123
Dijual Rumah Perum Pantai Mentari Kenjeran,1500000000,119.0,220.0,3.0,2.0,2.0,1.0,Unfurnished,-7.240950901180881,112.794032635731,rumah123
Jual Cepat Rumah 1.5M Surabaya Pantai Mentari 2Lt,1500000000,108.0,150.0,3.0,2.0,2.0,,Unfurnished,-7.240977,112.79512,rumah123
Dijual Rumah Mewah Hook Full Interior dan Furnish Surabaya Timur,1300000000,122.0,250.0,3.0,2.0,2.0,1.0,Unfurnished,,,rumah123
Dijual Rumah Mewah Hook Full Interior dan Furnish Surabaya Timur,1300000000,122.0,250.0,3.0,2.0,2.0,1.0,Unfurnished,,,rumah123
Rumah Raya Joyoboyo,10000000000,353.0,260.0,3.0,2.0,1.0,1.0,Unfurnished,-7.304,112.731598,rumah123
"Rumah Mewah 2 Lantai Royal Ketintang, Strategis Surabaya",3400000000,120.0,200.0,3.0,3.0,2.0,,Unfurnished,,,rumah123
Jual Rumah Hitung Tanah Di Jl Bratang Gede Rumah di Wonokromo,6900000000,630.0,500.0,4.0,2.0,2.0,3.0,Semi Furnished,-7.304,112.731598,rumah123
"Dijual Rumah Pusat Kota Surabaya Jalan Mangkunegoro, Selangkah Dari Raya Diponegoro, Raya Kartini, Dr. Soetomo",8000000000,270.0,160.0,3.0,3.0,,,Unfurnished,,,rumah123
Rumah Strategis Jl Progo Dekat Raya Darmo Surabaya Pusat,30000000000,640.0,700.0,4.0,4.0,2.0,,Unfurnished,,,rumah123
Llg Dijual Murah Cocok untuk Usaha di Pusat Kota Surabaya,11500000000,654.0,1000.0,6.0,5.0,2.0,2.0,Unfurnished,-7.281543075908516,112.72954684114848,rumah123
Dijual Rumah Dijalan Juwono Surabaya Pusat,16620000000,665.0,665.0,3.0,2.0,1.0,,Unfurnished,-7.2930821,112.7402005,rumah123
Rumah Dijual Pusat Kota Surabaya,15000000000,284.0,200.0,4.0,4.0,,1.0,Unfurnished,,,rumah123
Rumah 2 lt Dijual di Jalan Wonoayu Wonokromo Surabaya,4000000000,240.0,320.0,5.0,4.0,2.0,,Unfurnished,-7.304,112.731598,rumah123
"Rumah Siap Huni di Lesti, Belakang Cocari Indragiri Pusat Kota",2300000000,199.0,110.0,3.0,2.0,1.0,,Unfurnished,-7.290332,112.730433,rumah123
Jual Rumah Hitung Tanah Tengah Kota Dkt Ciliwung Kutai Mayjen,7500000000,416.0,340.0,6.0,2.0,2.0,,Unfurnished,,,rumah123
Dijual Rumah Strategis di Bratang Binangun Surabaya,1350000000,142.0,142.0,4.0,1.0,1.0,,Unfurnished,-7.304,112.731598,rumah123
Rumah Huk Tengah Kota Surabaya Darmo Wonokromo bisa Usaha,31000000000,562.0,400.0,5.0,6.0,2.0,2.0,Unfurnished,-7.288608,112.731339,rumah123
"Rumah dijual di Jalan Opak Surabaya Pusat, Pusat bisnis FnB",15000000000,508.0,300.0,,,1.0,,Unfurnished,-7.304,112.731598,rumah123
Rumah Bagus Pusat Kota Surabaya,20000000000,680.0,780.0,6.0,3.0,2.0,,Semi Furnished,-7.304,112.7316,rumah123
Rumah Bagus Bendul Merisi Utara. Bendul Merisi. Bendul Merisi Permai. Bendul Merisi Selatan. Sidosermo. Sidosermo Permai. Sidosermo Permai Selatan. Ayani. Jemursari. Margorejo. Merr. Baruk. Surabaya.murah.bagus,3000000000,246.0,200.0,3.0,3.0,1.0,2.0,Unfurnished,-7.304,112.731598,rumah123
Rumah Dekat Ciputra World di Sawunggaling Surabaya,5200000000,300.0,300.0,3.0,2.0,2.0,,Unfurnished,-7.304,112.7316,rumah123
"RUMAH HITUNG TANAH JL. MONGINSIDI ELIT PUSAT KOTA dekat Kartini, Raya Darmo, Diponegoro, pusat bisnis dan komersial",40000000000,1500.0,900.0,4.0,3.0,,,Unfurnished,,,rumah123
"RUMAH JL. IMAM BONJOL pusat kota dekat Raya Darmo, Diponegoro, Dr. Soetomo pusat bisnis dan komersial",31000000000,776.0,200.0,4.0,2.0,1.0,,Unfurnished,,,rumah123
"RUMAH MEWAH JL. IMAM BONJOL PUSAT KOTA DEKAT KARTINI, RAYA DARMO, DIPONEGORO, PANDEGILING, PUSAT BISNIS DAN KOMERSIAL.",30000000000,682.0,700.0,6.0,6.0,,,Unfurnished,,,rumah123
Surabaya Pusat Cocok untuk Kantor,33000000000,994.0,800.0,1.0,3.0,2.0,3.0,Unfurnished,-7.27355,112.737457,rumah123
Dijual Rumah Siap Huni di Jl Kaca Piring Surabaya Pusat,5000000000,448.0,230.0,3.0,2.0,1.0,,Unfurnished,-7.27355,112.737457,rumah123
Dijual Rumah Lama Bangunan Kuno di Tegalsari Surabaya,13000000000,470.0,280.0,2.0,2.0,1.0,,Unfurnished,-7.27355,112.737457,rumah123
Dijual Rumah Pasar Kembang 0 Jalan Lok Strategis,11000000000,164.0,486.0,5.0,4.0,3.0,1.0,Unfurnished,-7.27355,112.737457,rumah123
Rumah Surabaya Pusat Kota Jalan Musi Lokasi Strategis,18000000000,513.0,500.0,5.0,5.0,1.0,,Semi Furnished,-7.27355,112.73746,rumah123
Dijual Rumah Lama Murah di Jl Blambangan Surabaya Pusat,9000000000,420.0,300.0,5.0,2.0,1.0,,Unfurnished,-7.27355,112.737457,rumah123
Dijual atau Disewakan Rumah Belanda Pusat Kota Tegalsari Surabaya,9000000000,420.0,300.0,6.0,3.0,1.0,,Unfurnished,-7.27355,112.737457,rumah123
Dijual Rumah Pandegiling Tegalsari Surabaya Ron.a2321,14100000000,641.0,640.0,4.0,3.0,2.0,6.0,Unfurnished,-7.27355,112.737457,rumah123
Dijual Rumah Usaha Pusat Kota di Jl Mh Thamrin Surabaya,36780000000,1051.0,700.0,18.0,9.0,2.0,,Unfurnished,-7.27355,112.737457,rumah123
Rumah 1 Lantai Tegalsari Surabaya - Rm316apd,33000000000,630.0,587.0,3.0,2.0,1.0,1.0,Unfurnished,-7.27355,112.737457,rumah123
"Hunian Elite di Pusat Kota | Rumah 2,5 Lantai Bangunan Mewah",30000000000,1080.0,1500.0,6.0,5.0,2.0,1.0,Furnished,-7.267185814193013,112.7355234665797,rumah123
Dijual Rumah Murah Kedung Klinter,3700000000,507.0,450.0,5.0,3.0,1.0,1.0,Unfurnished,-7.27355,112.737457,rumah123
Rumah Pandegiling Surabaya Murah. Ron.a2321,14100000000,641.0,640.0,4.0,3.0,2.0,6.0,Unfurnished,-7.28917,112.734,rumah123
Hunian Strategis Pusat Surabaya - Dekat Area Bisnis Kedungdoro,2250000000,240.0,240.0,5.0,3.0,1.0,1.0,Semi Furnished,-7.26278509837951,112.73159938148252,rumah123
Dijual Rumah Jalan Trunojoyo 3 Lantai Siap Huni Strategis,19000000000,554.0,950.0,15.0,4.0,3.0,3.0,Unfurnished,-7.27355,112.737457,rumah123
Rumah Raya Wiguna 1Lantai Harga Murah 2M,2000000000,180.0,100.0,3.0,2.0,1.0,,Unfurnished,-7.33182,112.80822,rumah123
Wiguna Timur 1 LT Kosongan di Gunung Anyar,1700000000,144.0,61.0,3.0,2.0,1.0,1.0,Unfurnished,-7.33182,112.80822,rumah123
Rumah Siap Huni Selangkah ke Upn Gununganyar Rungkut Surabaya,668000000,51.0,30.0,2.0,1.0,1.0,1.0,Unfurnished,-7.33182,112.80822,rumah123
"Rumah Hook 2 Lantai di Wiguna Timur, Surabaya.",1200000000,180.0,250.0,3.0,3.0,2.0,1.0,Unfurnished,-7.28917,112.734,rumah123
Jual Rumah Pandugo Gununganyar Rungkut Surabaya Dekat Kampus Upn,884000000,50.0,62.0,3.0,2.0,2.0,1.0,Semi Furnished,-7.33182,112.80822,rumah123
Dijual Rumah Baru Minimalis 2 lt Murah Dekat ke Merr  Tol UPN,975000000,66.0,100.0,3.0,2.0,2.0,1.0,Unfurnished,-7.3391634,112.8045928,rumah123
Rumah Tinggal di Perumahan Gununganyar Harapan Indah Kota Surabaya,1200000000,198.0,114.0,2.0,1.0,1.0,1.0,Unfurnished,-7.33182,112.80822,rumah123
Rungkut Gununganyar Unit Baru Gress,890000000,100.0,65.0,3.0,1.0,2.0,1.0,Unfurnished,-7.28917,112.734,rumah123
Jual rumah 2 lantai di Raya Gununganyar lokasi strategis,1200000000,113.0,150.0,9.0,3.0,2.0,,Unfurnished,-7.33182,112.80822,rumah123
0347-Dijual Rumah Usaha 2 Lantai SHM LB 90 M2 di Gunung Anyar Surabaya,1300000000,71.0,90.0,1.0,2.0,2.0,,Unfurnished,-7.33182,112.80822,rumah123
Jual Rumah Murah Minimalis di Surabaya Timur Wiguna,975000000,90.0,90.0,3.0,2.0,,1.0,Unfurnished,,,rumah123
"Rumah 2 Lantai Minimalis, One Gate System Siap Huni Sudah Renovasi, Dekat Merr",1850000000,153.0,140.0,4.0,3.0,2.0,2.0,Unfurnished,-7.33182,112.80822,rumah123
Hunian Nyaman & Terawat 2 Lantai Strategis di Central Park Merr,2300000000,98.0,115.0,2.0,3.0,2.0,2.0,Unfurnished,-7.33182,112.80822,rumah123
Rumah Baru Gunung Anyar Emas 2 Lantai Mewah,1540000000,100.0,100.0,3.0,3.0,1.0,,Unfurnished,-7.33182,112.80822,rumah123
"Rumah SHM 600 Jutaan! Rumah Baru Renovasi 2 KT, One Gate, 5 Menit ke Merr - Gunung Anyar Surabaya Timur",690000000,70.0,45.0,2.0,1.0,1.0,1.0,Unfurnished,-7.33182,112.80822,rumah123
Rumah Hunian Keluarga Ideal di Wiguna Tengah - One Gate & Row 2 Mobil,1400000000,135.0,100.0,3.0,2.0,1.0,,Unfurnished,-7.33182,112.80822,rumah123
Av09. Dijual Rumah Baru Gunung Anyar Tambak Rungkut Surabaya,675000000,50.0,70.0,3.0,2.0,2.0,1.0,Unfurnished,-7.343875092418614,112.80499950736424,rumah123
"Dijual 144 M2 Rumah Purimas Regency Gununganyar - Surabaya Timur - Full Furnished Modern Dekat Upn, Trans Mart Rungkut, Raya Merr",2500000000,144.0,144.0,3.0,3.0,1.0,1.0,Furnished,-7.33182,112.80822,rumah123
Dijual Rumah di Wiguna Gununganyar Dekat Merr Rungkut,1850000000,153.0,140.0,3.0,2.0,2.0,1.0,Unfurnished,-7.33182,112.80822,rumah123
Dijual Cepat Rumah Northwest Hill Full Furnished Siap Huni Terawat Bagus Surabaya Barat,1800000000,72.0,103.0,3.0,2.0,2.0,2.0,Semi Furnished,-7.24268,112.629807,rumah123
Rumah Mewah Darmo Hill Surabaya,25000000000,1050.0,850.0,8.0,6.0,2.0,,Unfurnished,-7.24268,112.62981,rumah123
Rumah Murah di Pakal Citraland,1300000000,94.0,150.0,3.0,3.0,2.0,1.0,Unfurnished,-7.24268,112.629807,rumah123
Dijual Rumah Pakal Madya Asri Surabaya Ron.a2193,950000000,101.0,105.0,2.0,1.0,1.0,1.0,Semi Furnished,-7.24268,112.629807,rumah123
Dijual Rumah 2 Lantai Northwest Citraland Furnish Surabaya,1900000000,72.0,103.0,3.0,3.0,2.0,1.0,Furnished,-7.24268,112.629807,rumah123
Dijual Rumah Northwest Hills Citraland Pakal Surabaya Ron.a1015,1300000000,72.0,73.0,2.0,2.0,2.0,1.0,Unfurnished,-7.24268,112.629807,rumah123
Rumah Hook Citraland Utara North West Park Siap Huni,825000000,72.0,46.0,2.0,1.0,1.0,1.0,Unfurnished,-7.24268,112.629807,rumah123
Dijual Cepat Rumah Northwest Park - Jalan Utama,1650000000,120.0,100.0,3.0,2.0,2.0,1.0,Unfurnished,-7.24268,112.629807,rumah123
Dijual Cepat Citraland Surabaya Northwest Park Blok Nc Jalan Utama Cluster,1650000000,120.0,100.0,3.0,2.0,2.0,,Unfurnished,-7.24268,112.629807,rumah123
"Dijual Rumah Northwest Park, Citraland, Surabaya",1075000000,72.0,40.0,2.0,1.0,1.0,1.0,Unfurnished,-7.24268,112.62981,rumah123
Dijual Rumah Nortwest Lake Citraland Surabaya Murah,975000000,72.0,69.0,2.0,2.0,2.0,1.0,Unfurnished,-7.24268,112.629807,rumah123
Dijual Rumah Baru Gress Modern Minimalis di Bukit Palma Surabaya Barat,2000000000,120.0,170.0,4.0,4.0,2.0,2.0,Unfurnished,-7.24268,112.629807,rumah123
Dijual Rumah Murah Northwest Lake Citraland,1100000000,72.0,90.0,3.0,2.0,2.0,1.0,Unfurnished,-7.28917,112.734,rumah123
"Pakal Madya Asri, Sby Barat, Semi Furnished",850000000,101.0,56.0,2.0,1.0,1.0,1.0,Semi Furnished,-7.24268,112.629807,rumah123
Dijual Rumah Bukit Palma Citraland Pakal Surabaya Ron.a1610,1300000000,120.0,120.0,3.0,1.0,2.0,2.0,Furnished,-7.24268,112.629807,rumah123
Pakal Madya Asri Rumah Siap Huni Minimalis Ekonomis,775000000,105.0,56.0,2.0,1.0,,1.0,Unfurnished,-7.24268,112.62981,rumah123
Rumah Baru Murah Luas di Citraland NorthWest Lake Surabaya,2550000000,129.0,190.0,4.0,4.0,2.0,,Unfurnished,,,rumah123
Forsale Rumah Bukit Palma New Gress Minimalis Strategis Surabaya Kota Ma 473,2250000000,120.0,170.0,5.0,5.0,2.0,2.0,Unfurnished,-7.24268,112.629807,rumah123
New House Modern Minimalis Full Furnished di Cluster Northwest Park Citraland Utara Surabaya,1950000000,90.0,130.0,3.0,2.0,2.0,1.0,Furnished,-7.24268,112.629807,rumah123
Gading Pantai Baru Gress 2Lt Hok,1800000000,90.0,150.0,3.0,3.0,2.0,1.0,Unfurnished,-7.23563,112.78616,rumah123
Pantai Mentari Baru Gress 2Lt,1850000000,90.0,135.0,4.0,3.0,2.0,2.0,Unfurnished,-7.23563,112.786163,rumah123
Barang Nemu!! Gading Pantai Dkt Pakuwon City Mulyorejo Unair,5600000000,465.0,265.0,3.0,3.0,2.0,2.0,Unfurnished,-7.23563,112.786163,rumah123
"Rumah siap huni di Lebak Indah, Surabaya Timur",2800000000,297.0,250.0,4.0,3.0,1.0,1.0,Unfurnished,-7.23563,112.78616,rumah123
"Rumah di cluster Ocean Park, Pantai Mentari, Surabaya Timur",2100000000,153.0,85.0,3.0,2.0,1.0,,Unfurnished,-7.23563,112.78616,rumah123
Dijual Cepat Rumah di Lebak Jaya,699000000,53.0,53.0,2.0,1.0,1.0,1.0,Unfurnished,-7.23563,112.786163,rumah123
Dijual rumah di Babatan Pantai (2 lantai),1500000000,102.0,100.0,3.0,2.0,1.0,1.0,Unfurnished,-7.23563,112.78616,rumah123
Jual Rumah Minimalis 3 KT di Tanah Kali Kedinding Surabaya Murah,600000000,96.0,96.0,3.0,1.0,1.0,1.0,Unfurnished,-7.224907537781919,112.76954119863557,rumah123
Rumah Baru Bulak Setro Kenjeran Surabaya,400000000,65.0,120.0,2.0,2.0,2.0,,Unfurnished,-7.23563,112.786163,rumah123
Jual Rumah Baru American Style Dekat Pakuwon City Row Jalan 6 Mobil,3150000000,130.0,170.0,4.0,3.0,2.0,2.0,Unfurnished,-7.23563,112.786163,rumah123
"Rumah, 2 Lantai The Grand Kenjeran Pinewood Full Furnish",3900000000,160.0,210.0,4.0,4.0,2.0,1.0,Furnished,-7.258550549771371,112.7902875720448,rumah123
"Rumah Kenjeran Surabaya - Jalan Lebar, Cocok untuk Hunian",2300000000,216.0,200.0,4.0,3.0,1.0,,Unfurnished,-7.2382,112.79527,rumah123
"Rumah,Lebak,Kenjeran,Surabayatimur",2200000000,216.0,200.0,4.0,3.0,2.0,2.0,Unfurnished,-7.28917,112.734,rumah123
Rumah Lama Hitung Tanah Lebak Indah Asri Dekat Kenjeran,825000000,117.0,80.0,2.0,1.0,1.0,,Unfurnished,-7.23563,112.786163,rumah123
Rumah Baru Gress Babatan Pantai 4 Kamar Tidur Hanya 2Man,2850000000,150.0,210.0,4.0,4.0,2.0,,Unfurnished,-7.23563,112.786163,rumah123
Rumah Baru Gress Minimalis Mewah Babatan Pantai 3Man Saja,3450000000,153.0,230.0,4.0,3.0,2.0,,Unfurnished,-7.23563,112.786163,rumah123
Dijual Rumah 2 Lantai Perumahan Pantai Mentari,1450000000,143.0,200.0,5.0,3.0,2.0,1.0,Semi Furnished,-7.23563,112.786163,rumah123
Rumah 2 Lantai Pantai Mentari Cluster The Hampton,1650000000,102.0,120.0,2.0,1.0,2.0,1.0,Semi Furnished,-7.23563,112.786163,rumah123
"Murah Dijual Rumah Hitung Tanah Gading Pantai, Kenjeran, Surabaya",2900000000,343.0,200.0,3.0,2.0,1.0,,Unfurnished,-7.23563,112.786163,rumah123
Dijual Rumah Bendul Merisi Permai Wonocolo Surabaya,2600000000,240.0,192.0,5.0,3.0,1.0,,Unfurnished,-7.308954101300732,112.7450622192356,rumah123
Dijual Rumah Siap Huni Bendul Merisi Surabaya Selatan,1900000000,120.0,130.0,4.0,4.0,2.0,1.0,Unfurnished,-7.3273,112.737198,rumah123
Dijual Rumah Bendul Merisi Surabaya,3000000000,288.0,250.0,5.0,3.0,2.0,2.0,Unfurnished,,,rumah123
Dijual Rumah di Sidosermo Dekat Plaza Marina,2200000000,209.0,180.0,3.0,2.0,1.0,1.0,Unfurnished,-7.3273,112.737198,rumah123
1872. Rumah Jalan Margorejo Indah Utara Surabaya,22000000000,1040.0,1100.0,4.0,5.0,2.0,,Unfurnished,-7.3273,112.7372,rumah123
Dijual Rumah di Jalan Raya Margorejo Surabaya,22000000000,1040.0,1100.0,4.0,6.0,2.0,,Unfurnished,-7.3273,112.737198,rumah123
Dijual Rumah di Margorejo Indah Surabaya Selatan,13000000000,700.0,1200.0,4.0,4.0,2.0,,Unfurnished,-7.3273,112.737198,rumah123
rumah bendul merisi,3250000000,273.0,500.0,7.0,7.0,,,Unfurnished,,,rumah123
Rumah Margorejo Indah Jalan Kembar Surabaya Dekat Jemursari,19500000000,1040.0,880.0,4.0,4.0,2.0,1.0,Unfurnished,-7.3273,112.7372,rumah123
Dijual Rumah Sidosermo Pdk Ia Surabaya Siap Huni,2500000000,209.0,180.0,4.0,2.0,2.0,1.0,Unfurnished,-7.3273,112.737198,rumah123
Dijual Rumah Sidosermo Pdk Wonocolo Surabaya Ron.a981,4100000000,295.0,392.0,4.0,4.0,2.0,1.0,Semi Furnished,-7.3273,112.737198,rumah123
RUMAH HITUNG TANAH SIWALANKERTO SURABAYA COCOK UNTUK KOST,1350000000,160.0,100.0,2.0,1.0,1.0,1.0,Unfurnished,,,rumah123
Rumah Jemursari Selatan Row 3 Mobil Cocok untuk Kos/Penginapan,6900000000,716.0,1000.0,18.0,18.0,2.0,,Unfurnished,-7.3273,112.737198,rumah123
Dijual Rumah Sidosermo Pdk I Wonocolo Surabaya,4200000000,360.0,450.0,10.0,5.0,2.0,1.0,Unfurnished,-7.3273,112.737198,rumah123
Dijual Rumah Jemursari,3600000000,300.0,170.0,4.0,3.0,1.0,,Semi Furnished,-7.3273,112.737198,rumah123
Jual Rumah Jemur Andayani Surabaya Selatan 2 Lantai Siap Huni,3600000000,301.0,225.0,5.0,2.0,2.0,1.0,Unfurnished,,,rumah123
Dijamin Termurah Rumah Tinggal di Jemursari Selangkah ke A Yani Surabaya,6500000000,600.0,250.0,3.0,2.0,1.0,1.0,Unfurnished,-7.3273,112.737198,rumah123
Dijual Cepat Termurah Rumah Hitung Tanah di Sidosermo Indah SHM Dekat Raya Prapen,2200000000,300.0,200.0,4.0,2.0,1.0,,Unfurnished,-7.3273,112.737198,rumah123
For Sale Rumah Banyak Kamar Strategis Jemur Andayani Surabaya Kota Aa 42,3800000000,295.0,400.0,12.0,6.0,2.0,,Unfurnished,-7.3273,112.737198,rumah123
Rumah Simo Hilir Raya Surabaya Siap Huni,2200000000,124.0,124.0,4.0,2.0,1.0,,Unfurnished,-7.23983,112.75543,rumah123
Dijual 2 Rumah Plus 1 Gudang di Sidodadi Surabaya Utara SHM,3100000000,336.0,402.0,4.0,2.0,2.0,1.0,Unfurnished,-7.23983,112.755432,rumah123
Rumah Mewah Baru 3 Lantai di Jalan Sidoyoso Surabaya,3500000000,300.0,515.0,4.0,2.0,3.0,10.0,Unfurnished,-7.23983,112.755432,rumah123
Jual Murah Rumah Standar di Jalan Sidoyoso Surabaya,1800000000,300.0,200.0,3.0,2.0,1.0,1.0,Unfurnished,-7.28917,112.734,rumah123
Rumah Dijual Dijalan Simokerto Surabaya,2300000000,100.0,100.0,1.0,1.0,1.0,,Unfurnished,-7.23767,112.75424,rumah123
Rumah Pusat Kota Surabaya,1450000000,120.0,200.0,5.0,2.0,2.0,1.0,Unfurnished,-7.23983,112.755432,rumah123
Dijual Rumah Dijalan Sidoyoso Simokerto Surabaya,1500000000,110.0,110.0,3.0,2.0,1.0,,Unfurnished,-7.2391524,112.7597259,rumah123
Dijual Rumah Dijalan Simokerto Surabaya,2200000000,178.0,178.0,5.0,1.0,1.0,,Unfurnished,-7.2398087227981875,112.7553604560726,rumah123
Dijual Rumah Simo Sidomulyo Surabaya,2800000000,450.0,450.0,6.0,3.0,1.0,2.0,Unfurnished,,,rumah123
Rumah Dijual Tambak Bening Simokerto Surabaya,7000000000,400.0,400.0,38.0,38.0,2.0,,Unfurnished,-7.245193817,112.7573389,rumah123
Rumah Unfurnish Bagus Di Sidoyoso Rumah Hook 1 Lantai Simokerto,2700000000,468.0,300.0,3.0,2.0,1.0,1.0,Unfurnished,,,rumah123
Dijual Rumah Dijalan Simokerto Surabaya,1300000000,136.0,136.0,3.0,1.0,1.0,,Unfurnished,-7.240159,112.753534,rumah123
Dijual Rumah Usaha Dijalan Simokerto Surabaya Pusat,2500000000,180.0,180.0,1.0,1.0,1.0,,Unfurnished,-7.238324232216272,112.75400418377636,rumah123
Dijual Rumah Dijalan Simolawang Surabaya,3500000000,110.0,110.0,3.0,2.0,1.0,,Unfurnished,-7.2358759,112.7531704,rumah123
"Rumah di Sidoyoso Surabaya Utara, hadap utara, bisa untuk rumah tinggal / kantor / usaha",2300000000,350.0,200.0,3.0,2.0,,,Unfurnished,,,rumah123
Rumah Tambak Adi Surabaya Murah (VIN.A122),1300000000,78.0,117.0,3.0,2.0,1.0,1.0,Unfurnished,-7.23983,112.75543,rumah123
Dijual Rumah Simolawang Baru Simokerto Surabaya Ron.a1501,1900000000,170.0,170.0,6.0,3.0,3.0,1.0,Furnished,-7.23983,112.755432,rumah123
Dijual Rumah Gembong Sawah Kapasan Simokerto Surabaya Ron.a1499,2850000000,180.0,180.0,4.0,2.0,1.0,2.0,Unfurnished,-7.23983,112.755432,rumah123
*Dijual Rumah Hitung Tanah Daerah Sidoyoso,6300000000,900.0,900.0,4.0,3.0,1.0,,Unfurnished,-7.23983,112.75543,rumah123
Jual Rumah Usaha Murah Simokerto Surabaya,1200000000,183.0,180.0,3.0,2.0,1.0,,Unfurnished,-7.23983,112.755432,rumah123
Termurah Di Kelasnya Rumah Jalan Utama Araya Galaxy Bumi Permai,6750000000,375.0,500.0,5.0,3.0,2.0,2.0,Semi Furnished,-7.28917,112.734,rumah123
Rumah Mewah Regency 21 Surabaya Timur Dekat Araya Puri Galaxy,11500000000,500.0,770.0,4.0,4.0,2.0,2.0,Unfurnished,-7.28917,112.734,rumah123
Rumah Baru di Wisma Mukti - Hunian Modern & Elegan,2200000000,87.0,130.0,3.0,3.0,2.0,2.0,Unfurnished,-7.290036841441349,112.77525353419554,rumah123
"Dijual Rumah Mewah Baru Gress Siap Huni, Kertajaya Indah",6500000000,240.0,300.0,5.0,5.0,2.0,2.0,Unfurnished,-7.28813,112.802902,rumah123
Dijual Rumah Mewah Siap Huni Dharmahusada,5800000000,240.0,400.0,6.0,4.0,2.0,2.0,Furnished,-7.28813,112.802902,rumah123
"Dijual Rumah Modern Minimalis Baru Gress, Manyar Rejo",2700000000,120.0,170.0,4.0,3.0,2.0,2.0,Unfurnished,-7.28813,112.802902,rumah123
"Dijual Rumah Hook Beru Gress, Besar, Luas di Kertajaya Indah",8250000000,352.0,490.0,6.0,7.0,2.0,3.0,Unfurnished,-7.28813,112.802902,rumah123
"Butuh Cepat Laku ❗ ❗ Dijual Rumah Mewah Open Space, Manyar Kertoarjo",10500000000,510.0,880.0,5.0,6.0,2.0,2.0,Furnished,-7.28813,112.802902,rumah123
"Rumah Mewah Terawat di Araya Dekat Raya Merr, Its dan Galaxy Mall",7500000000,375.0,500.0,5.0,3.0,2.0,2.0,Semi Furnished,-7.28813,112.802902,rumah123
Rumah 1 Lantai Semolowaru Dekat Kampus Row Jalan 2 Mobil,775000000,102.0,102.0,3.0,1.0,1.0,1.0,Semi Furnished,-7.300052226113294,112.77278895906898,rumah123
"Premium Residence Manyar Kertoadi - American Style, Row 5 Mobil",3850000000,140.0,140.0,4.0,3.0,2.0,2.0,Unfurnished,-7.286215737901656,112.78477927237032,rumah123
Rumah Wisma Mukti Surabaya Dekat Jalan Besar Merr,2200000000,87.0,130.0,3.0,3.0,2.0,1.0,Unfurnished,-7.28813,112.8029,rumah123
Rumah Manyar Kertoadi Dkt Kertajaya Indah dan Dharmahusada Indah,3450000000,240.0,200.0,3.0,2.0,2.0,1.0,Unfurnished,,,rumah123
Rumah Baru Manyar Tirtoyoso Dkt Klampis dan Ngagel,1950000000,82.0,125.0,3.0,3.0,2.0,2.0,Unfurnished,-7.28847,112.77118,rumah123
"Rumah Baru Manyar Tirtoyoso Dkt Dharmahusada,Araya dan Klampis",2170000000,84.0,135.0,4.0,3.0,2.0,2.0,Unfurnished,-7.28847,112.77118,rumah123
Rumah Baru Manyar Tirtoyoso Dkt Klampis dan Ngagel,2750000000,112.0,170.0,4.0,4.0,2.0,2.0,Unfurnished,-7.28847,112.77118,rumah123
Rumah Baru Manyar Tirtoasri Dkt Manyar Indah dan Kertajaya Indah,2150000000,82.0,145.0,3.0,3.0,2.0,2.0,Unfurnished,-7.284808,112.768517,rumah123
Rumah 2 Lantai Daerah Klampis Semolo Surabaya,4800000000,360.0,600.0,6.0,3.0,2.0,2.0,Unfurnished,,,rumah123
Dkt Its Oerr Sukolilo Park Regency Row 4 Mbl Jln Paving Utk Kost,1300000000,135.0,90.0,3.0,2.0,1.0,2.0,Semi Furnished,,,rumah123
Rumah Murah Grand Pakuwon Surabaya,3100000000,144.0,212.0,5.0,4.0,2.0,,Unfurnished,,,rumah123
Dijual Rumah Dijalan Tambak Asemrowo Surabaya,1500000000,200.0,200.0,3.0,1.0,1.0,,Unfurnished,-7.246534252446907,112.716911007595,rumah123
RUMAH ASEMROWO,5500000000,460.0,700.0,6.0,5.0,,,Unfurnished,,,rumah123
Dijual Rumah 1 Lantai Perumahan Citra Graha Mandiri Margomulyo Surabaya Barat,590000000,84.0,84.0,3.0,1.0,1.0,1.0,Unfurnished,-7.229538192324469,112.684593422408,rumah123
Perumahan Graha Mandiri ~ Asem Rowo Sby Barat,625000000,84.0,84.0,3.0,1.0,1.0,,Unfurnished,-7.24736,112.707764,rumah123
"Barang Murah! Rumah Dijual Asemrowo, Greges 7X12 SHM Full Renov Siap Huni - 625 Juta Nego",625000000,84.0,50.0,3.0,1.0,1.0,1.0,Semi Furnished,-7.229538192324469,112.684593422408,rumah123
Perumahan Citra Graha Mandiri ~ Asem Rowo Sby Barat,625000000,84.0,84.0,3.0,1.0,1.0,1.0,Unfurnished,-7.229538192324469,112.684593422408,rumah123
Vin.a583 Rumah Citra Graha Mandiri Asemrowo Surabaya Murah,625000000,84.0,70.0,3.0,1.0,1.0,1.0,Unfurnished,-7.28917,112.734,rumah123
Rumah Dijual Dijalan Asem Asemrowo Surabaya,3000000000,314.0,314.0,4.0,2.0,2.0,,Unfurnished,-7.2497537,112.7124001,rumah123
Pakal Madya Asri Baru Gress 2Lt,1300000000,89.0,128.0,3.0,3.0,2.0,,Unfurnished,-7.24736,112.707764,rumah123
Rumah Ex Bengkel Siap Pakai Tatanan Luas,13000000000,1300.0,1224.0,1.0,1.0,2.0,,Furnished,-7.24736,112.707764,rumah123
"Rumah, 1 Lantai, SHM, di Tambak Dalam Baru Asemrowo 84681",700000000,193.0,150.0,,,1.0,,Unfurnished,-7.24736,112.707764,rumah123
Dijual Rumah Dijalan Tambak Asemrowo Surabaya,2800000000,469.0,469.0,5.0,2.0,1.0,,Unfurnished,-7.247810532814758,112.71630639772998,rumah123
Dijual Cepat Rumah Asem Mulya Surabaya Siap Huni,5580000000,727.0,727.0,2.0,1.0,1.0,,Semi Furnished,-7.24736,112.707764,rumah123
Dijual Rumah Dijalan Rowo Asemrowo Surabaya,2900000000,289.0,289.0,3.0,2.0,1.0,,Unfurnished,-7.2488219,112.7130712,rumah123
"Baru Gress SHM 900 Jutaan! 3 KT, LT 97 M², Dekat Merr - Semampir Barat Surabaya",940000000,97.0,70.0,3.0,2.0,1.0,1.0,Unfurnished,-7.2149,112.748787,rumah123
Dijual Rumah Semampir Tengah Sukolilo Surabaya Ron.a2978,1520000000,100.0,140.0,4.0,3.0,2.0,1.0,Unfurnished,-7.2149,112.748787,rumah123
For Sale Perumahan Minimalis Modern Surabaya Timur,3590000000,135.0,150.0,5.0,4.0,3.0,2.0,Semi Furnished,-7.28917,112.734,rumah123
Murah 2 M-An Lebar 10 Meter Semampir,2100000000,200.0,150.0,5.0,1.0,1.0,2.0,Unfurnished,-7.2149,112.748787,rumah123
Dijual Cepat Rumah Siap Huni di Semampir Dekat Merr Surabaya,2190000000,200.0,150.0,3.0,1.0,1.0,2.0,Unfurnished,-7.2149,112.748787,rumah123
Rumah Mewah Gress Galaxy Bumi Permai Araya Surabaya,2950000000,120.0,175.0,5.0,4.0,2.0,,Unfurnished,-7.2149,112.748787,rumah123
Rumah Semampir Merr Surabaya Timur Siap Huni Luas Strategis,2390000000,200.0,150.0,3.0,1.0,1.0,1.0,Unfurnished,,,rumah123
Vin.a535 Rumah Semampir Sukolilo Surabaya Murah,1300000000,60.0,60.0,5.0,1.0,2.0,,Unfurnished,-7.28917,112.734,rumah123
"Rumah Murah Siap Hunilokasi Semampir Surabaya (Dekat Raya Merr,Rs Premier,Rs Gotong Royong,Galaxy Mall)",1250000000,100.0,175.0,4.0,3.0,2.0,1.0,Unfurnished,-7.28917,112.734,rumah123
"Rumah Jl. Semampir Tengah, Semampir, Surabaya",2000000000,200.0,150.0,4.0,2.0,2.0,1.0,Semi Furnished,-7.2149,112.748787,rumah123
Dijual Rumah Dijalan Sidotopo Kidul Surabaya,1500000000,160.0,160.0,2.0,1.0,1.0,,Unfurnished,-7.2295186,112.7503884,rumah123
"Rumah Semamapir Tengah Dekat MERR, Kenjeran, Simokerto",1900000000,200.0,150.0,5.0,3.0,2.0,1.0,Unfurnished,-7.2149,112.748787,rumah123
Hunian Nyaman & Terawat di Semampir Tengah,2000000000,186.0,156.0,4.0,2.0,1.0,,Unfurnished,-7.2149,112.74879,rumah123
Dijual Rumah Semampir Tengah Sukolilo Surabaya Ron.a3378,2000000000,186.0,156.0,4.0,2.0,2.0,2.0,Unfurnished,-7.2149,112.748787,rumah123
"Dekat Merr! Rumah Baru Gress SHM LT 97M², 3 KT, Hanya 900 Jutaan di Semampir Barat Surabaya",940000000,97.0,70.0,3.0,2.0,1.0,1.0,Unfurnished,-7.2149,112.748787,rumah123
Forsale Rumah Semampir Srategis Siap Huni Surabaya Kota Rk 221,2500000000,195.0,154.0,4.0,3.0,1.0,,Unfurnished,-7.2149,112.748787,rumah123
For Sale Rumah Cantik di Semampir Surabaya Kota Rk 221,2500000000,195.0,154.0,4.0,3.0,1.0,,Unfurnished,-7.2149,112.748787,rumah123
Dijual Rumah Bagus di Semampir Surabaya Kota Rk 221,2500000000,195.0,154.0,4.0,3.0,1.0,,Unfurnished,-7.2149,112.748787,rumah123
Rumah Siap Huni Selangkah Raya Merr di Semampir Tengah,2190000000,200.0,150.0,3.0,1.0,1.0,1.0,Unfurnished,-7.30798,112.77935,rumah123
Termurah Dibawah 1 M Minimalis 2 Lantai Siap Huni di Wiyung,950000000,60.0,77.0,2.0,2.0,2.0,1.0,Unfurnished,-7.31097,112.698067,rumah123
Dijual Cepat Rumah Cantik Hook Royal Residence View Danau,2600000000,98.0,125.0,3.0,2.0,2.0,,Unfurnished,-7.31097,112.698067,rumah123
Dijual Rumah Wisata Bukit Mas Harga Bu Harus Cepat Laku,2500000000,160.0,134.0,4.0,2.0,2.0,,Unfurnished,-7.31097,112.698067,rumah123
Dijual Rumah Minimalis Modern Wisata Bukit Mas,1280000000,50.0,100.0,2.0,2.0,2.0,1.0,Unfurnished,-7.31097,112.698067,rumah123
Dijual Rumah Forest Mansion Full Furnished + Private Pool Baru Renovasi,3500000000,180.0,250.0,4.0,4.0,2.0,1.0,Unfurnished,-7.31097,112.698067,rumah123
"Dijual Rumah Baru Gress Modern Glass House, Semi Furnished, Royal Residence (Cluster Canal Park)",7500000000,180.0,406.0,4.0,4.0,2.0,2.0,Semi Furnished,-7.31097,112.698067,rumah123
Darmo Sentosa Raya Rumah Dekat Mayjen Sungkono Surabaya,2750000000,180.0,135.0,3.0,2.0,1.0,1.0,Unfurnished,-7.31097,112.698067,rumah123
Murah Rumah Mewah Siap Huni Royal Residence Wiyung,7000000000,375.0,450.0,5.0,4.0,2.0,2.0,Semi Furnished,-7.31097,112.69807,rumah123
Paling Murah Dijual Rumah Mewah Siap Huni Royal Residence,6890000000,375.0,450.0,6.0,5.0,2.0,2.0,Semi Furnished,-7.31097,112.698067,rumah123
"Murah Rumah Jalan Raya Utama Babatan Pratama, Wiyung, Surabaya",2990000000,360.0,175.0,4.0,5.0,1.0,4.0,Unfurnished,-7.31097,112.698067,rumah123
Murah Pol Dijual Rumah Mewah SHM di Royal Residence Wiyung di Royal Residence,8350000000,450.0,450.0,4.0,3.0,,2.0,Semi Furnished,-7.31097,112.69807,rumah123
Rumah Minimalist 2 Lantai Royal Residence Siap Huni Ada Garasi Carport,6750000000,375.0,406.0,5.0,4.0,2.0,2.0,Unfurnished,-7.31097,112.698067,rumah123
Rumah Modern Minimalis Siap Huni Murah Royal Residence Surabaya,3000000000,170.0,200.0,4.0,3.0,2.0,2.0,Semi Furnished,-7.31097,112.69807,rumah123
Dijual Cepat Rumah Royal Residence Surabaya Barat,2950000000,170.0,200.0,4.0,3.0,2.0,1.0,Semi Furnished,-7.31097,112.69807,rumah123
Rumah 3 Lantai Royal Residence Semi Furnished Dekat Clubhouse SHM Ada Basement,13500000000,450.0,1000.0,6.0,7.0,3.0,2.0,Unfurnished,-7.31097,112.698067,rumah123
Jual Rumah Royal Residence Wiyung Luas 375M2 SHM Full Furnished,6900000000,375.0,450.0,4.0,3.0,2.0,2.0,Furnished,-7.31097,112.698067,rumah123
Rumah Siap Huni Royal Residence Luas 200M2 Hadap.selatan Row Jalan 3 Mobil,3700000000,200.0,350.0,3.0,3.0,2.0,2.0,Unfurnished,-7.31097,112.698067,rumah123
Rumah Surabaya Barat Dijual Siap Huni Baru Gress,7500000000,180.0,406.0,4.0,4.0,3.0,2.0,Unfurnished,-7.31097,112.698067,rumah123
Rumah Wiyung Royal Residence Surabaya Barat Dekat Wisata Bukit Mas Dan Babatan Mukti,3500000000,160.0,200.0,3.0,4.0,2.0,,Unfurnished,-7.31097,112.69807,rumah123
Rumah Murah Surabaya Barat Dekat Pakuwon Citraland Unesa Wiyung,870000000,55.0,51.0,2.0,2.0,2.0,1.0,Unfurnished,-7.314192771911621,112.70588684082033,rumah123
Ambengan,5500000000,498.0,200.0,6.0,3.0,1.0,,Unfurnished,,,rumah123
Dijual Rumah Dijalan Plampitan Surabaya,2200000000,240.0,240.0,6.0,2.0,2.0,,Unfurnished,-7.2547990329092,112.74128967671778,rumah123
Dijual Rumah Dijalan Plampitan Genteng Surabaya,950000000,90.0,90.0,2.0,2.0,1.0,,Unfurnished,-7.254787,112.739524,rumah123
Dijual Rumah 2 Lantai di Jl Bkr Pelajar Surabaya Pusat,3700000000,193.0,280.0,4.0,3.0,2.0,,Unfurnished,-7.26125,112.742767,rumah123
Dijual Rumah Dijalan Embong Trengguli Genteng Surabaya Pusat,39000000000,877.0,877.0,10.0,4.0,1.0,,Unfurnished,-7.26125,112.74277,rumah123
Rumah di Jalan Embong Kartiko Surabaya,3500000000,145.0,290.0,4.0,3.0,2.0,1.0,,,,rumah123
Rumah Tanah Raya Legundi Ambengan Tengah Kota Pusat Surabaya,3500000000,383.0,300.0,6.0,4.0,2.0,2.0,Unfurnished,-7.26125,112.74277,rumah123
Rumah 2 lantai Dijual di Jl BKR Pelajar Surabaya,3500000000,192.0,280.0,4.0,3.0,2.0,,Unfurnished,-7.26125,112.742767,rumah123
Rumah Dijual di Jalan Kedondong Lor Surabaya Pusat,1500000000,131.0,131.0,4.0,2.0,1.0,,Unfurnished,-7.26125,112.742767,rumah123
"Rumah 1286m2, Kami Spesialis Pusat Kota, Stok Banyak, Hubungi Kami",32150000000,1286.0,900.0,3.0,3.0,1.0,2.0,Unfurnished,-7.26125,112.74277,rumah123
"Rumah Model Kolonial Belanda Siap Huni, Jalan Kalisari. Surabaya",5000000000,555.0,160.0,3.0,2.0,1.0,,Unfurnished,-7.26125,112.74277,rumah123
Ex Mini Hotel Komersial Area Jl. Ketabang di Pusat Kota Surabaya,17000000000,532.0,627.0,16.0,6.0,1.0,2.0,Semi Furnished,-7.26125,112.74277,rumah123
Rumah di Jalan Embong Kartiko Surabaya (DT),3500000000,145.0,290.0,4.0,3.0,2.0,1.0,,,,rumah123
RUMAH JALAN WUNI COCOK BUAT KOST AREA DI TENGAH KOTA,15000000000,608.0,540.0,19.0,8.0,2.0,8.0,Unfurnished,,,rumah123
Rumah SHM 2 Lantai Siap Huni Pusat Kota Unfurnish No Banjir,1100000000,62.0,100.0,3.0,2.0,2.0,1.0,Unfurnished,-7.26125,112.742767,rumah123
Rumah di Pusat Kota Walikota Mustajab Eks Hotel Surabaya,40000000000,600.0,1000.0,17.0,5.0,1.0,,Semi Furnished,-7.26125,112.74277,rumah123
Turun Harga ‼️ Rumah Depan Kantor Walikota Sby Rp 25M Jadi ⏩️ 22 M,22000000000,604.0,400.0,3.0,3.0,1.0,6.0,Unfurnished,,,rumah123
Jual Rumah Cempaka Embong Kalisari Genteng,21500000000,707.0,700.0,6.0,3.0,2.0,2.0,Unfurnished,-7.26125,112.742767,rumah123
"Murah Pol, Rumah Usaha Komersial Area di 0 Jln Raya Ketabang Kali",17900000000,798.0,800.0,1.0,1.0,1.0,,Unfurnished,-7.26125,112.74277,rumah123
1273. Rumah Murah Lebak Indah Jaya Tambaksari,1500000000,180.0,160.0,3.0,2.0,1.0,,Unfurnished,-7.25371,112.75321,rumah123
Nego Rumah Lebak Jaya 2 Lantai Harga bisa Nego Lagi,2400000000,170.0,267.0,4.0,3.0,2.0,1.0,Unfurnished,-7.25371,112.75321,rumah123
Rumah Strategis Ploso Tambaksari Surabaya Pusat,2600000000,410.0,380.0,10.0,10.0,1.0,1.0,Unfurnished,-7.25371,112.753212,rumah123
Dijual Rumah Lebak Indah Utara Tambaksari Surabaya Ron.a1029,1200000000,117.0,90.0,3.0,1.0,1.0,1.0,Unfurnished,-7.25371,112.753212,rumah123
Dijual Rumah Ploso Timur,2600000000,450.0,380.0,10.0,10.0,,,Unfurnished,,,rumah123
"Dijual Rumah Modern Minimalis Ploso Timur, Siap Huni",1490000000,102.0,160.0,3.0,3.0,2.0,1.0,Unfurnished,-7.25371,112.753212,rumah123
"Rumah Luas Ploso Timur, Tambaksari, Muraah",2600000000,410.0,380.0,10.0,10.0,1.0,,Unfurnished,,,rumah123
Dijual Rumah Modern Minimalis Baru Gress Ploso Timur ❗❗,1300000000,72.0,110.0,3.0,3.0,2.0,1.0,Unfurnished,-7.25371,112.753212,rumah123
"Rumah Lebak Luas 225 M Row 8 Meter Cocok untuk Rumah, Kantor dan Gudang SHM Harga 2.95M Nego",2950000000,223.0,280.0,2.0,1.0,2.0,2.0,Unfurnished,-7.25371,112.753212,rumah123
Dijual Rumah Ploso 2 Lantai Siap Huni,2300000000,156.0,180.0,4.0,3.0,2.0,1.0,Furnished,-7.25371,112.753212,rumah123
"Rumah Strategis di Surabaya, Harga Cuma 2 M, Kesempatan Emas Punya Rumah 2 Lantai di Area Jl. Salak - Lokasi Favorit & Berkembang Pesat!",2000000000,126.0,200.0,4.0,2.0,2.0,,Unfurnished,-7.25371,112.75321,rumah123
Dijual Rumah Pacar Keling Surabaya Kota Mh 51,1700000000,144.0,144.0,5.0,2.0,1.0,,Unfurnished,-7.25371,112.753212,rumah123
Forsale Rumah Pacar Keling Nol Jalan Raya Strategis Surabaya Mh 51,1700000000,144.0,144.0,5.0,2.0,2.0,,Unfurnished,-7.25371,112.753212,rumah123
Rumah Dijual di Karang Empat Surabaya,3000000000,474.0,474.0,,,1.0,,Unfurnished,-7.2514272,112.7721012,rumah123
Rumah Dijual Dijalan Lebak Jaya Surabaya,699000000,53.0,53.0,2.0,1.0,1.0,,Unfurnished,-7.2423941994843855,112.77662033004346,rumah123
Dijual Rumah Dijalan Lebak Arum Tambaksari Surabaya,1600000000,112.0,112.0,4.0,3.0,1.0,,Unfurnished,-7.250915638145187,112.78043310616482,rumah123
Dijual Rumah Full Furnish di Lebak Timur Asri Surabaya,1450000000,120.0,74.0,3.0,3.0,1.0,,Unfurnished,-7.24726226716578,112.78272782969044,rumah123
Rumah Hitung Tanah Dijual Dijalan Ploso Timur Surabaya,2300000000,276.0,276.0,4.0,2.0,1.0,,Unfurnished,-7.25843159012129,112.77446653733024,rumah123
Rumah Dijual Jalan Aries Ploso Tambaksari Surabaya,3500000000,149.0,149.0,7.0,5.0,3.0,,Unfurnished,-7.252676,112.77373,rumah123
"Rumah Modern Minimalis, Dekat Univ Unair & Galaxy Mall, Surabaya",1950000000,120.0,146.0,5.0,3.0,2.0,2.0,Unfurnished,-7.25371,112.753212,rumah123
"Dijual Rumah Isen Langka, Konsep Villa Ada Pool",7000000000,345.0,264.0,3.0,3.0,2.0,1.0,Unfurnished,,,rumah123
On Progress New House Darmo Harapan Selangkah ke Hokky,2850000000,105.0,185.0,5.0,4.0,2.0,,Unfurnished,-7.26548,112.6988,rumah123
Rumah Darmo Harapan,7500000000,480.0,350.0,5.0,3.0,1.0,1.0,Unfurnished,-7.26548,112.698799,rumah123
Rumah Idaman Darmo Harapan Surabaya Utara Strategis,2100000000,240.0,173.0,3.0,2.0,1.0,1.0,Unfurnished,,,rumah123
Rumah Idaman Darmo Harapan Surabaya Utara Strategis,2100000000,240.0,173.0,3.0,2.0,1.0,1.0,Unfurnished,,,rumah123
Rumah 2 Lantai Bagus SHM di Tanjungsari Siap Huni,3000000000,200.0,320.0,5.0,4.0,2.0,2.0,Unfurnished,-7.26548,112.698799,rumah123
Rumah Modern Tropical Design 2 Lantai Shm,3100000000,137.0,200.0,4.0,4.0,2.0,2.0,Unfurnished,-7.26548,112.698799,rumah123
Jual Rumah SHM Strategis di Sukomanunggal Kota Surabaya Jawa Timur,5000000000,287.0,287.0,5.0,3.0,3.0,1.0,Unfurnished,-7.2613607,112.693474,rumah123
Sukomanunggal Jaya,7500000000,420.0,400.0,6.0,3.0,1.0,,Unfurnished,,,rumah123
Jual Cepat Rumah Raya Satelit Murah Surabaya Barat,8000000000,450.0,700.0,5.0,3.0,2.0,2.0,Unfurnished,-7.26548,112.698799,rumah123
Surabaya Barat Rumah Satelit Utara Strategis,3000000000,240.0,200.0,3.0,3.0,1.0,1.0,Unfurnished,-7.26548,112.6988,rumah123
Jual Cepat Rumah Raya Satelit Surabaya Jalan Kembar,8000000000,450.0,700.0,5.0,3.0,2.0,2.0,Semi Furnished,-7.26548,112.698799,rumah123
Dijual Rumah Remek Darmo Baru Barat,2900000000,240.0,300.0,6.0,4.0,1.0,1.0,Unfurnished,-7.28917,112.734,rumah123
Strategis Surabaya Barat Rumah Satelit Utara,3000000000,240.0,200.0,3.0,3.0,2.0,1.0,Unfurnished,-7.26548,112.6988,rumah123
For Sale Rumah Strategis di Raya Satelit Surabaya Kota Ema 180,5500000000,397.0,250.0,5.0,3.0,1.0,,Unfurnished,-7.26548,112.698799,rumah123
Raya Satelit Surabaya Barat,10500000000,600.0,870.0,8.0,4.0,2.0,4.0,Unfurnished,-7.26548,112.698799,rumah123
Rumah Sukomanunggal Jaya Raya Jual Cepat,6200000000,351.0,300.0,3.0,3.0,1.0,5.0,Furnished,-7.28917,112.734,rumah123
Darmo Harapan Utara Siap Huni Terawat,5250000000,375.0,355.0,4.0,3.0,1.0,1.0,Unfurnished,-7.26548,112.698799,rumah123
Dijual Rumah Murah Siap Huni 2 Lantai,4700000000,375.0,340.0,3.0,2.0,2.0,2.0,Semi Furnished,-7.26548,112.6988,rumah123
Rumah Raya Satelit Surabaya Barat Siap Huni,11500000000,600.0,870.0,7.0,3.0,2.0,2.0,Unfurnished,-7.26548,112.698799,rumah123
Dijual Rumah 2 Lantai Wisata Bukit Mas Dekat Unesa dan National Hospital,2910000000,96.0,122.0,5.0,3.0,2.0,2.0,Unfurnished,-7.309354,112.656548,rumah123
Dijual Rumah Mewah Wisata Bukit Mas Strategis 5 KT,3200000000,112.0,128.0,5.0,3.0,2.0,2.0,Unfurnished,-7.309354,112.656548,rumah123
"Dijual Rumah Cluster Taman Golf, Perumahan Citraland, Surabaya Barat",15000000000,375.0,700.0,6.0,5.0,2.0,2.0,Semi Furnished,-7.309354,112.656548,rumah123
"Dijual Rumah2 Lantai New Gress Cluster Sommerset Citraland, Surabaya Barat",9500000000,300.0,600.0,6.0,6.0,2.0,2.0,Unfurnished,-7.309354,112.656548,rumah123
"Dijual Rumah 2,5 Lantai Jalan Raya Citraland, Surabaya Barat",13990000000,437.0,600.0,6.0,4.0,2.0,2.0,Unfurnished,-7.309354,112.656548,rumah123
Murah Pol! Dijual Rumah Minimalis 2 LT Citraland Utama Sby Barat,4000000000,200.0,260.0,4.0,3.0,2.0,2.0,Semi Furnished,-7.309354,112.656548,rumah123
Jual Cepat Hitung Tanah - Rumah Gunungsari Indah Surabaya Selatan,2360000000,249.0,53.0,2.0,1.0,1.0,,Unfurnished,-7.34304,112.697388,rumah123
"Rumah Dijual Bogangin Baru, Karangpilang, Surabaya",1500000000,133.0,133.0,7.0,3.0,2.0,,Unfurnished,-7.34304,112.69739,rumah123
"Rumah 2 Lantai Bagus SHM di Grand Harvest, Wiyung Surabaya",2000000000,126.0,87.0,3.0,2.0,2.0,1.0,Unfurnished,-7.34304,112.69739,rumah123
Rumah Tanpa DP Taman Jiva Kemlaten Kebraon Surabaya,750000000,50.0,33.0,2.0,1.0,1.0,1.0,Unfurnished,-7.34304,112.697388,rumah123
"Harvest Link DP 10% Surabaya Barat (Live, Grow & Spark)",1240000000,60.0,58.0,2.0,2.0,2.0,1.0,Unfurnished,-7.34304,112.697388,rumah123
Rumah Murah Dekat Karangpilang Surabaya,505000000,60.0,36.0,2.0,1.0,,1.0,Unfurnished,-7.34304,112.69739,rumah123
Rumah Hitung Tanah Raya Mastrip,4000000000,402.0,300.0,4.0,1.0,1.0,2.0,Unfurnished,-7.34304,112.697388,rumah123
Dijual Rumah Siap Huni Grand Harvest Surabaya Barat,1600000000,72.0,72.0,2.0,2.0,2.0,,Semi Furnished,-7.34304,112.69739,rumah123
"Dijual Rumah Baru Gress Minimalis 2 Lantai**alana Regency Gunungsari Indah, Karangpilang, Surabaya Barat",1050000000,50.0,48.0,2.0,2.0,2.0,1.0,Unfurnished,-7.34304,112.697388,rumah123
Jual Rumah Murah Royal Residence SHM Hadap Selatan Wiyung,6500000000,375.0,352.0,4.0,2.0,2.0,2.0,Unfurnished,-7.34304,112.697388,rumah123
Dijual Murah Pol Rumah Minimalis Acadia Grand Harvest Surabaya!,1600000000,102.0,93.0,4.0,3.0,2.0,2.0,Unfurnished,-7.34304,112.697388,rumah123
Rumah Baru N Ready di Selatan Surabaya,983000000,128.0,45.0,2.0,1.0,1.0,1.0,Unfurnished,-7.34304,112.697388,rumah123
"Best Deal! Rumah Kebraon Surabaya, Akses Mudah & Strategis",1100000000,110.0,160.0,3.0,1.0,1.0,1.0,Semi Furnished,-7.3268212,112.7018339,rumah123
Dijual Rumah Cluster Grand Havest 2 Lantai Surabaya Barat Harga Nego,1700000000,102.0,67.0,2.0,2.0,2.0,1.0,Unfurnished,-7.327923,112.692586,rumah123
"Enwd Dijual Rumah di Grand Harvest , Karangpilang , Surabaya , Jawa Timur",1100000000,60.0,77.0,2.0,2.0,2.0,,Unfurnished,-7.34304,112.69739,rumah123
Rumah Gunungsari Indah Kedurus Karangpilang Surabaya Selatan,1600000000,128.0,135.0,3.0,1.0,2.0,2.0,Semi Furnished,-7.34304,112.697388,rumah123
"Rumah 1,5 Lantai di Griya Kebraon Karangpilang Surabaya Selatan",1700000000,136.0,120.0,2.0,2.0,2.0,1.0,Semi Furnished,-7.34304,112.69739,rumah123
Rumah 1 Lantai Siap Huni Bogangin Kedurus Karangpilang Surabaya,1500000000,177.0,142.0,3.0,2.0,1.0,1.0,Unfurnished,-7.34304,112.697388,rumah123
Rumah Baru Northwest Central,1850000000,90.0,95.0,3.0,3.0,1.0,1.0,Furnished,-7.25331,112.732857,rumah123
Rumah Northwes Park,1250000000,90.0,70.0,2.0,2.0,2.0,1.0,Unfurnished,-7.25331,112.732857,rumah123
Dijual Rumah Dijalan Dupak Jaya Surabaya,1700000000,125.0,125.0,4.0,3.0,2.0,,Unfurnished,-7.243810864325809,112.72764825994096,rumah123
Rumah Remek Hitung Tanah Dekat Pasar Turi Surabaya,1700000000,224.0,220.0,,,1.0,,Unfurnished,-7.25331,112.73286,rumah123
Dijual Murah Rumah Usaha Nol Jalan Raya Kalibutuh Bubutan Pusat Kota Surabaya Dekat Tunjungan Plaza Mall Bg Junction Blauran Stasiun Pasar Turi Demak Tugu Pahlawan Gerbang Tol Dupak Sby- Gresik Cocok Usaha Kuliner Bengkel Expedisi Toko Bank Kantor Harga N,3500000000,143.0,180.0,3.0,2.0,2.0,2.0,Unfurnished,-7.25331,112.732857,rumah123
"Dijual Rumah Kinibalu, Dekat Raya Arjuna/Tidar",5500000000,375.0,250.0,5.0,2.0,1.0,,Unfurnished,-7.25331,112.73286,rumah123
Rumah Dijual Jalan Babadan Bubutan Surabaya,1400000000,285.0,172.0,3.0,2.0,2.0,,Unfurnished,-7.245102206,112.7228329,rumah123
Dijual Rumah Praban Wetan Bubutan Surabaya,3500000000,185.0,185.0,,,1.0,,Unfurnished,-7.255328999766121,112.73646406039154,rumah123
Jual Rumah Tembok Sayuran Bubutan Surabaya,1500000000,112.0,112.0,4.0,3.0,2.0,,Unfurnished,-7.2559139,112.7197493,rumah123
Dijual Rumah Pusat Kota Surabaya Maspati,3000000000,196.0,350.0,6.0,5.0,2.0,1.0,Unfurnished,-7.28917,112.734,rumah123
"*Serius Jual Rumah Pusat Kota Sby, di Belakang Bg Junction Murah ‼️*",650000000,90.0,160.0,3.0,1.0,2.0,,Unfurnished,-7.25331,112.732857,rumah123
Rumah Multifungsi 400 M Dari Raya Dupak | Cocok Gudang/Kos,5500000000,601.0,400.0,6.0,6.0,1.0,2.0,Semi Furnished,-7.244969999999999,112.7256,rumah123
Dijual Rumah di North West Central,1000000000,72.0,55.0,1.0,1.0,1.0,,Unfurnished,-7.25331,112.732857,rumah123
Jual Rumah Bubutan Nol Jalan Komersil Dekat Pasar Atom Pgs Pusat Kota,28700000000,1435.0,850.0,7.0,5.0,2.0,3.0,Unfurnished,-7.25331,112.732857,rumah123
Dijual Rumah Jalan Purwodadi Bubutan Surabaya,1000000000,152.0,152.0,2.0,1.0,1.0,,Unfurnished,-7.240726959,112.722159,rumah123
Dijual Rumah Raya Kalibutuh Bubutan Surabaya Pusat,5500000000,360.0,300.0,3.0,1.0,1.0,1.0,Unfurnished,-7.25331,112.732857,rumah123
Dijual Rumah di Demak Timur Bubutan Surabaya,1150000000,129.0,250.0,6.0,3.0,1.0,1.0,Unfurnished,-7.25331,112.732857,rumah123
Rumah Depan Danau Northwestlake 2 Lantai SHM di Bubutan,2650000000,135.0,140.0,4.0,4.0,2.0,2.0,Unfurnished,-7.25527,112.62324,rumah123
Rumah Jl. Demak Selatan Kondisi Bagus! Cocok Buat Usaha Kost”an,4600000000,300.0,500.0,8.0,5.0,1.0,1.0,Unfurnished,-7.25331,112.73286,rumah123
JUAL RUMAH VILLA KALIJUDAN INDAH,4600000000,450.0,400.0,4.0,2.0,1.0,,Unfurnished,,,rumah123
Rumah di Dharmahusada - Potensi Bisnis & Investasi Tinggi,5300000000,375.0,300.0,6.0,3.0,2.0,1.0,Semi Furnished,-7.270687954223462,112.78029064005148,rumah123
"Dijual Rumah 2 Lantai Wisma Permai,Surabaya Timur",3100000000,262.0,300.0,4.0,3.0,2.0,1.0,Unfurnished,-7.28917,112.734,rumah123
Rumah Sutorejo Surabaya Timur Dekat Kampus Its,1990000000,90.0,160.0,5.0,4.0,1.0,,Unfurnished,-7.27049,112.780548,rumah123
Rumah Sutorejo Mulyasari Surabaya Dekat Pakuwon Mall,1990000000,90.0,160.0,5.0,4.0,2.0,,Unfurnished,-7.27049,112.780548,rumah123
Rumah Jl Dharmahusada Indah Utara Surabaya Dekat Galaxy Mall,4900000000,312.0,312.0,4.0,3.0,1.0,1.0,Unfurnished,-7.27049,112.780548,rumah123
New Gress Home Surabaya Timur Sutorejo Prima Selatan,3350000000,134.0,210.0,5.0,4.0,2.0,,Unfurnished,-7.27049,112.780548,rumah123
Dijual Rumah Babatan Pantai Ada Rooftop dan 4 Master Bedroom,2550000000,146.0,280.0,4.0,4.0,3.0,2.0,Unfurnished,-7.27049,112.780548,rumah123
Dijual Rumah Baru Pakuwon City Suvadiva,2500000000,72.0,102.0,3.0,2.0,2.0,1.0,Unfurnished,-7.27049,112.780548,rumah123
Dijual Rumah Full Furnish Regency One Babatan,1350000000,50.0,78.0,3.0,2.0,1.0,1.0,Furnished,-7.27049,112.78055,rumah123
Villa Kalijudan Indah Harus Segera Laku Row Jalan 3 Mobil,2950000000,395.0,390.0,4.0,2.0,1.0,1.0,Unfurnished,,,rumah123
Rumah Baru Mepet Pakuwon City Mall & Kampus Its Surabaya Timur,774000000,35.0,54.0,2.0,1.0,2.0,1.0,Unfurnished,-7.27049,112.780548,rumah123
"Dijual Rumah Siap Huni Wisma Permai, Surabaya Timur",5000000000,200.0,300.0,7.0,5.0,2.0,2.0,Unfurnished,-7.27049,112.780548,rumah123
Rumah Hitung Tanah Babatan Pantai Utara Masih Nego Dekat Pakuwon City Surabaya,1900000000,200.0,150.0,3.0,2.0,2.0,1.0,Unfurnished,-7.27049,112.780548,rumah123
Turun Harga !! Rumah Klasik Dharmahusada Mas Blok/Jalan Utama Dekat Pakuwon City Kampus Its,9000000000,450.0,575.0,5.0,6.0,2.0,2.0,Unfurnished,-7.27049,112.780548,rumah123
Rumah Wisma Permai Siap Nego Dekat Galaxy Mall Pakuwon City,2200000000,135.0,120.0,2.0,2.0,1.0,2.0,Unfurnished,-7.27049,112.780548,rumah123
Dijual Rumah Wisma Permai Tengah Kota Surabaya dekat Merr,3500000000,190.0,200.0,5.0,3.0,1.0,1.0,Semi Furnished,-7.27049,112.780548,rumah123
Rumah Dijual Babatan Pantai Bangunan Baru Bagus,3450000000,153.0,230.0,4.0,3.0,2.0,2.0,Unfurnished,-7.27049,112.780548,rumah123
Rumah Sutorejo Bangunan Baru Sudah Ada Tandon Atas dan Bawah,2250000000,112.0,130.0,5.0,4.0,2.0,,Unfurnished,-7.27049,112.780548,rumah123
House For Sale! Rumah Darmo Indah Asri - Lokasi Strategis!,2300000000,306.0,450.0,5.0,3.0,2.0,1.0,Unfurnished,-7.25834,112.67898,rumah123
Jual Cepat Minimalis 2Lt Grand Pakuwon Siap Huni Furnished Selangkah Tol Tandes,2750000000,144.0,156.0,4.0,4.0,2.0,1.0,Furnished,-7.25834,112.678978,rumah123
Li63 Dijual Rumah Darmo Harapan Indah Tandes Surabaya Barat,1900000000,87.0,110.0,3.0,3.0,2.0,2.0,Unfurnished,-7.25834,112.678978,rumah123
Darmo Indah Timur Sby Barat.9rumah Cocok.keluarga.& Orang.tua,2250000000,180.0,250.0,5.0,2.0,2.0,2.0,Semi Furnished,-7.25834,112.678978,rumah123
Rumah Baru Grand Pakuwon Sby Barat Dekat Margomulyo Harga Murah,1550000000,72.0,80.0,3.0,3.0,2.0,2.0,Unfurnished,-7.25834,112.678978,rumah123
Dijual Murah Rumah Grand Pakuwon Surabaya,900000000,72.0,70.0,2.0,1.0,2.0,1.0,Unfurnished,-7.28917,112.734,rumah123
Termurah Rumah Ex Kantor Murah di Darmo Indah,1500000000,198.0,200.0,1.0,1.0,2.0,,Unfurnished,-7.25834,112.67898,rumah123
Dijual Rumah Surabaya Barat Darmo Indah,1100000000,90.0,72.0,2.0,2.0,1.0,2.0,Unfurnished,-7.25834,112.678978,rumah123
Jual Rumah SHM Siap Huni di Jl. Manukan Tandes Kota Sirabaya,2600000000,215.0,264.0,6.0,4.0,3.0,1.0,Unfurnished,-7.259824,112.671251,rumah123
"Tanjungsari Baru Turun Harga Lagi, Muraah Nego",1350000000,140.0,100.0,4.0,2.0,1.0,1.0,Unfurnished,,,rumah123
Dijual Rumah Grand Pakuwon Cluster Queenland,1100000000,48.0,48.0,3.0,2.0,2.0,,Unfurnished,-7.25834,112.67898,rumah123
Dijual Cepat Rumah Darmo Indah Kawasan Strategis,1100000000,90.0,72.0,2.0,2.0,1.0,2.0,Unfurnished,-7.25834,112.67898,rumah123
"Rumah Bagus, Lokasi Grand Pakuwon, Dekat Sekolah Gloria Sampoerna",1350000000,90.0,150.0,4.0,2.0,2.0,2.0,Unfurnished,-7.25834,112.678978,rumah123
Darmo Harapan Utara,2800000000,220.0,200.0,3.0,1.0,1.0,,Unfurnished,,,rumah123
"Murah Rumah Bonus Furnish Interior Mewah di Grand Pakuwon, Sby",2750000000,112.0,157.0,2.0,1.0,2.0,,Semi Furnished,-7.25834,112.678978,rumah123
Dijual dan Disewakan Rumah di Darmo Indah Asri 2 Lantai Surabaya Barat,2100000000,178.0,170.0,5.0,5.0,2.0,,Unfurnished,-7.25834,112.678978,rumah123
Rumah Baru Gress Daerah Darmo Permai,2300000000,90.0,158.0,4.0,3.0,2.0,1.0,Unfurnished,,,rumah123
Rumah Surabaya Barat Cuma 280 Juta An,285000000,48.0,38.0,2.0,1.0,1.0,1.0,Unfurnished,-7.25834,112.678978,rumah123
Rumah di Darmo Indah Asri,2500000000,248.0,248.0,3.0,3.0,1.0,,Unfurnished,-7.25834,112.678978,rumah123
Dijual Grand Pakuwon Adelaide,1100000000,72.0,70.0,,,1.0,,Unfurnished,-7.25834,112.678978,rumah123
Dijual Rumah Dijalan Kalongan Kecil Krembangan Surabaya,1900000000,161.0,200.0,2.0,2.0,2.0,,Unfurnished,-7.24038,112.73327,rumah123
Rumah Bisa Untuk Usaha Dekat Perak Surabaya Akses Trailer,2900000000,294.0,400.0,5.0,4.0,1.0,,Unfurnished,-7.22996,112.72416,rumah123
Jalan Kawung Daerah Indrapura Surabaya Timur,3000000000,282.0,265.0,3.0,2.0,,1.0,Unfurnished,-7.22996,112.72416,rumah123
Dijual Rumah Jagaraga Krembangan Surabaya Ron.a1798,2250000000,150.0,150.0,5.0,2.0,1.0,,Unfurnished,-7.22996,112.724159,rumah123
Super Terawat Rumah Krembangan Merica Sby,1600000000,117.0,144.0,4.0,2.0,2.0,,Unfurnished,-7.22996,112.72416,rumah123
"Dekat Akses Tol, Rumah, SHM,",2350000000,246.0,485.0,5.0,2.0,1.0,,Unfurnished,-7.28917,112.734,rumah123
Rumah di Tanjung Sadari Colombo Perak Surabaya Utara,975000000,180.0,180.0,5.0,2.0,1.0,1.0,Unfurnished,-7.22996,112.724159,rumah123
Rumah Dijual Dijalan Kalisosok Krembangan Surabaya,5000000000,257.0,190.0,5.0,2.0,1.0,,Unfurnished,-7.232496,112.736662,rumah123
Dijual Rumah Strategis di Kalisosok Dekat Jembatan Merah Surabaya Ki 59,5200000000,405.0,405.0,1.0,1.0,1.0,,Unfurnished,-7.22996,112.724159,rumah123
For Sale Rumah Strategis di Kalisosok Surabaya Kota Ki 59,5200000000,405.0,405.0,1.0,1.0,1.0,,Unfurnished,-7.22996,112.724159,rumah123
Dijual Rumah Dijalan Babadan Rukun Surabaya,1200000000,168.0,168.0,3.0,2.0,2.0,,Unfurnished,-7.22996,112.724159,rumah123
Rumah Dijual Jalan Ikan Dorang Baru Pabean Cantikan Surabaya,2250000000,380.0,374.0,7.0,4.0,1.0,,Unfurnished,-7.227240863110168,112.72846020923328,rumah123
Rumah Dijual Jalan Sedayu Krembangan Surabaya,3500000000,370.0,370.0,,,1.0,,Unfurnished,-7.235103677173896,112.7233384011874,rumah123
Dijual Rumah Dijalan Kalisosok Lor Surabaya,5200000000,405.0,405.0,1.0,1.0,1.0,,Unfurnished,-7.23242,112.73674,rumah123
Rumah Dijual Jalan Kalongan Krembangan Surabaya,3000000000,160.0,160.0,3.0,2.0,1.0,,Unfurnished,-7.240957684935893,112.73486038582116,rumah123
Dijual Murah Rumah Di Jl. Adas Krembangan,4500000000,266.0,200.0,3.0,1.0,2.0,,Semi Furnished,-7.22996,112.724159,rumah123
Dijual Rumah Bagus di Jl. Raya Kutilang,4000000000,481.0,481.0,7.0,4.0,2.0,1.0,Unfurnished,-7.22996,112.72416,rumah123
Hanya 5 Menit ke Arah Tol Rumah di Jalan Ikan Mungsing Krembangan Surabaya,1850000000,136.0,129.0,7.0,3.0,2.0,1.0,Unfurnished,-7.22996,112.724159,rumah123
Rumah Dijual Dijalan Kalongan Krembangan Surabaya,2800000000,160.0,160.0,3.0,2.0,1.0,,Unfurnished,-7.234695662855813,112.7291428769504,rumah123
Dijual Rumah Murah di Surabaya Kawasan Strategis di Jambangan,850000000,72.0,72.0,3.0,1.0,,,Unfurnished,,,rumah123
Rumah 2 Lantai Siap Huni Jambangan Surabaya Selatan,1600000000,135.0,200.0,3.0,2.0,2.0,1.0,Semi Furnished,-7.31747,112.716637,rumah123
Karah Jambangan Surabaya Selatan Luas 320,7000000000,320.0,400.0,6.0,4.0,2.0,,Semi Furnished,,,rumah123
Termurah Rumah Minimalis 2 LT Lokasi Strategisdi Karah Agung Dekat Jawa Pos,1500000000,120.0,200.0,4.0,4.0,2.0,1.0,Unfurnished,-7.28917,112.734,rumah123
"Rumah Minimalis di Karah Agung Ketintang, Jambangan",1500000000,120.0,150.0,3.0,3.0,2.0,2.0,Unfurnished,-7.31747,112.716637,rumah123
Rumah 2 LT di Karah Agung Ketintang,1550000000,120.0,180.0,3.0,3.0,2.0,2.0,Unfurnished,-7.31747,112.716637,rumah123
Dijual Rumah Jalan Raya Jambangan Karah Surabaya,1800000000,184.0,80.0,3.0,2.0,1.0,,Unfurnished,-7.3206247,112.7115454,rumah123
Termurah Rumah Kebonsari Elveka Surabaya 2 Lantai Hadap Selatan,3000000000,272.0,450.0,4.0,3.0,2.0,1.0,Unfurnished,,,rumah123
Rumah Dijual Jambangan Karah Surabaya,7000000000,300.0,300.0,7.0,3.0,2.0,,Unfurnished,-7.319815203964961,112.71217080627004,rumah123
Rumah Dijual Karah Jambangan Surabaya,2700000000,212.0,212.0,6.0,2.0,2.0,,Unfurnished,-7.3090283,112.7150202,rumah123
Hunian Nyaman Kebonsari Elveka Surabaya Siap Huni,3600000000,240.0,250.0,2.0,2.0,2.0,1.0,Furnished,-7.32729423333333,112.717625783333,rumah123
Rumah Wisma Pagesangan Surabaya Selatan Luas 165 Meter Dekat Tol,2150000000,165.0,180.0,5.0,2.0,2.0,2.0,Unfurnished,-7.31747,112.716637,rumah123
Rumah Siap Huni di Jambangan - Kawasan Asri Surabaya Selatan,1300000000,135.0,135.0,3.0,2.0,1.0,1.0,Semi Furnished,-7.319815203964961,112.71217080627004,rumah123
Hunian Nyaman & Asri Siap Huni di Jambangan Dekat Akses Tol,1300000000,135.0,135.0,3.0,2.0,2.0,1.0,Semi Furnished,-7.320969903942,112.7126160383458,rumah123
Dijual Rumah di Jambangan 1,1800000000,67.0,135.0,3.0,3.0,2.0,,Unfurnished,-7.31747,112.716637,rumah123
Dijual Murah Rumah di Jambangan,650000000,130.0,100.0,3.0,1.0,1.0,,Unfurnished,-7.31747,112.716637,rumah123
Harga Anjlok Rumah Sultan Mewah Classic Pagesangan Baru Surabaya,4750000000,240.0,460.0,6.0,4.0,2.0,2.0,Unfurnished,-7.31747,112.71664,rumah123
"Bebas Banjir, Rumah, 2 Lantai, SHM, Dekat Tempat Wisata, Ada di Lingkungan Islami",3500000000,260.0,450.0,5.0,5.0,2.0,2.0,Semi Furnished,-7.3125511287032765,112.72012679389684,rumah123
1792. Rumah di Puri Kencana Karah Surabaya,6600000000,450.0,400.0,6.0,4.0,1.0,,Unfurnished,-7.31747,112.71664,rumah123
Rumah 2 Lantai Baru Gress Siap Huni Dekat Bandara dan Dekat Upn,1750000000,94.0,160.0,4.0,3.0,2.0,,Unfurnished,-7.31434,112.800232,rumah123
Rumah Nirwana Eksekutif Rungkut Dekat Pandugo Jalan Raya Merr,1300000000,65.0,85.0,3.0,3.0,2.0,1.0,Unfurnished,-7.28917,112.734,rumah123
Dijual Murah Rumah Greenlake Wonorejo Full Renov Siap Huni,650000000,72.0,48.0,2.0,1.0,1.0,1.0,Unfurnished,-7.31434,112.800232,rumah123
Rumah Tanpa DP Alana Palace Regency Gunung Anyar Surabaya,685000000,50.0,30.0,2.0,1.0,1.0,1.0,Unfurnished,-7.31434,112.800232,rumah123
RUMAH MURAH SURABAYA SPRINGVILLE RESIDENCE KEDUNGBARUK RUNGKUT,1342000000,72.0,58.0,2.0,1.0,,2.0,Unfurnished,,,rumah123
Rumah Tanpa DP Grand Alana Wonorejo Rungkut Surabaya,399000000,27.0,28.0,1.0,1.0,1.0,1.0,Unfurnished,-7.31434,112.800232,rumah123
"Dijual Rumah Usaha (Rumah, Kantor,Gudang &Produksi Jadi Satu) Daerah Gunawangsa Merr Stikom [Wj]",10000000000,800.0,800.0,5.0,5.0,1.0,2.0,Unfurnished,-7.31434,112.800232,rumah123
"Dijual Rumah Modern Style Rungkut Asri Utara, Dekat Merr, Kampus Upn",3250000000,128.0,200.0,4.0,4.0,2.0,2.0,Unfurnished,-7.31434,112.800232,rumah123
"Rumah Medokan Asri Barat Surabaya Dekat Merr, Kampus Upn",1600000000,100.0,150.0,3.0,4.0,2.0,1.0,Unfurnished,-7.31434,112.800232,rumah123
"Rumah Rungkut Menanggal Harapan Surabaya Dekat Merr, Kampus Upn",1300000000,118.0,108.0,3.0,2.0,1.0,1.0,Semi Furnished,-7.31434,112.800232,rumah123
‼️ Turun Harga‼️Rumah Hit Tanah Rungkut Mejoyo Dekat Ubaya,1900000000,229.0,160.0,3.0,3.0,1.0,1.0,Unfurnished,-7.31434,112.800232,rumah123
Dijual Rumah di Rungkut Harapan Siap Huni,1970000000,200.0,250.0,9.0,5.0,2.0,2.0,Unfurnished,-7.31434,112.800232,rumah123
Dijual Rumah di Perumahan Rungkut Harapan Samping Merr Baru Renovasi.bisa di Buat Rumah Kost,1970000000,200.0,250.0,10.0,5.0,2.0,1.0,Unfurnished,-7.31434,112.800232,rumah123
Rumah Jual Rungkut Asri Timur 2 LT The Square Rungkut,1510000000,65.0,100.0,4.0,3.0,2.0,2.0,Unfurnished,-7.31434,112.800232,rumah123
Rumah Siap Huni Surabaya Timur Dekat Rungkut & Tol Tambak Sumur,2160000000,105.0,150.0,3.0,3.0,2.0,2.0,Semi Furnished,-7.31434,112.800232,rumah123
Rumah 2 Lt Siap Huni Jemursari Rungkut Strategis Dekat Pusat Kota,1370000000,50.0,61.0,3.0,2.0,2.0,1.0,Unfurnished,-7.31434,112.800232,rumah123
Rumah Jual Murah di Grand City Regency Rungkut Dekat Tol,5500000000,304.0,330.0,4.0,3.0,2.0,2.0,Unfurnished,-7.31434,112.80023,rumah123
Jual Rumah Baru SHM Dekat Pintu Tol Tambak Sumur Pondok Tjandra,1840000000,90.0,120.0,3.0,3.0,2.0,2.0,Unfurnished,-7.31434,112.800232,rumah123
"Rumah L 96M Siap Huni Rungkut Surabaya Dekat Merr, U P N, I T S",1150000000,96.0,140.0,3.0,2.0,2.0,1.0,Unfurnished,-7.31434,112.800232,rumah123
Darmo Hill 3 LT Bagus Siap Huni,7000000000,163.0,420.0,3.0,4.0,2.0,2.0,Semi Furnished,-7.27993,112.65465,rumah123
Rumah Villa Valensia,1420000000,158.0,160.0,3.0,2.0,2.0,2.0,Unfurnished,-7.27993,112.654648,rumah123
"Dijual Rumah Modern Glasshouse Citraland, Woodland",3950000000,135.0,213.0,5.0,6.0,2.0,2.0,Unfurnished,-7.27993,112.654648,rumah123
Rumah Mewah Minimalis di Graha Villa Kalijaran Surabaya Barat,950000000,84.0,74.0,2.0,2.0,,1.0,Unfurnished,-7.279971300000001,112.6546522,rumah123
Dijual Rumah 2 Lantai di Taman Puspa Raya Surabaya,2100000000,105.0,105.0,4.0,3.0,2.0,,Unfurnished,-7.27993,112.654648,rumah123
Mt216 Dijual Rumah Murah Alam Hijau Citraland Sambikerep Surabaya Barat,1300000000,90.0,120.0,4.0,3.0,1.0,2.0,Unfurnished,-7.27993,112.654648,rumah123
"2069. Jual Rumah Taman Puspa Raya Citraland, Sambikerep Surabaya Barat",3000000000,105.0,163.0,4.0,3.0,1.0,2.0,Unfurnished,-7.27993,112.654648,rumah123
Rumah di Pakal Madya Jaya Surabaya Modern Minimalis Siap Huni,1300000000,94.0,150.0,3.0,3.0,2.0,1.0,Unfurnished,-7.24966509035249,112.62658725514224,rumah123
Dijual Rumah Alam Galaxy Sambikerep Surabaya Ron.a2242,3000000000,240.0,120.0,3.0,2.0,2.0,4.0,Furnished,-7.27993,112.654648,rumah123
Dijual Rumah Graha Natura Edenia Sambikerep Surabaya Ron.a2210,1850000000,78.0,90.0,3.0,2.0,2.0,1.0,Unfurnished,-7.27993,112.654648,rumah123
"Dijual Rumah Graha Natura Garden Ville 2, 3 Lantai Siap Huni",2500000000,102.0,150.0,4.0,4.0,3.0,1.0,Semi Furnished,-7.27993,112.654648,rumah123
"Rumah Baru Graha Natura Dandelion Surabaya Barat 2 Lantai 2 KT Rp 1,2M Nego",1200000000,48.0,80.0,2.0,2.0,2.0,1.0,Unfurnished,-7.27993,112.654648,rumah123
Dijual Rumah New Gress Ada Kelebihan Tanah,2400000000,124.0,150.0,4.0,4.0,2.0,,Unfurnished,-7.27993,112.654648,rumah123
Jual Rumah Simpang Darmo Permai Selatan Bagus dan Renov Model Baru,2400000000,144.0,200.0,4.0,3.0,1.0,2.0,Unfurnished,-7.27993,112.654648,rumah123
Rumah Cantik Hook Vila Valensia Termurah,2190000000,156.0,192.0,4.0,3.0,2.0,2.0,Unfurnished,-7.27993,112.654648,rumah123
Rumah Diamond Hill Citraland Jalan Kembar Citraland Surabaya Barat,8900000000,368.0,500.0,4.0,3.0,2.0,,Unfurnished,-7.27993,112.65465,rumah123
Graha Natura Dkt Citraland,6700000000,300.0,280.0,5.0,4.0,2.0,,Semi Furnished,,,rumah123
Dijual Rumah Surabaya Selatan Cocok untuk Invest Kos-Kosan di Gayung Kebonsari,4800000000,525.0,161.0,5.0,3.0,1.0,,Unfurnished,-7.33,112.72602,rumah123
Butuh Cepat Laku Rumah Second Gayung Kebonsari,12000000000,879.0,500.0,9.0,8.0,2.0,,Unfurnished,-7.33,112.726021,rumah123
"Rumah Ex Pabrik Rokok + Tanah, Dkt Ubaya di Gayungan",3650000000,819.0,819.0,1.0,1.0,1.0,,Unfurnished,-7.33,112.72602,rumah123
"Wisma Pagesangan, SHM, Dekat Tol, Polda, Royal Plaza",2200000000,165.0,200.0,5.0,2.0,2.0,1.0,Unfurnished,-7.33,112.726021,rumah123
"Dijual Rumah 2,5 Lantai Modern Minimalis di Royal Ketintang Regency",3000000000,120.0,200.0,3.0,3.0,2.0,1.0,Unfurnished,-7.33,112.72602,rumah123
Rumah Baru Gayungsari Barat Surabaya,3099000000,137.0,225.0,4.0,3.0,2.0,1.0,Unfurnished,,,rumah123
Dijual Rumah Mewah di Jalan Gayungsari Barat Surabaya,8000000000,419.0,500.0,4.0,4.0,2.0,,Unfurnished,-7.33,112.726021,rumah123
Rumah Ex Pabrik Rokok + Tanah Murah di Gayungan,3650000000,819.0,819.0,1.0,1.0,1.0,,Unfurnished,-7.33,112.72602,rumah123
Dijual Rumah Gayung Kebonsari Gayungan Surabaya Ron.a990,3200000000,150.0,120.0,4.0,3.0,2.0,1.0,Unfurnished,-7.33,112.726021,rumah123
Rumah Gayungsari Barat Dekat Masjid Agung Al Akbar Raya A Yani,3800000000,360.0,450.0,5.0,5.0,2.0,1.0,Furnished,-7.33,112.726021,rumah123
Drop 400Jt !! Rumah Wisma Pagesangan Surabaya 11X15 1.5Lt SHM Kamar Banyak Dkt Masjid Agung Jual Cepat Nego,2200000000,165.0,132.0,6.0,2.0,1.0,1.0,Unfurnished,-7.33,112.726021,rumah123
Rumah Dijual Dijalan Gayungsari Surabaya,4200000000,293.0,232.0,7.0,3.0,1.0,,Unfurnished,-7.333385201204024,112.72424106010948,rumah123
Dijual Rumah Graha Indah Injoko Gayungan Surabaya Ron.a063,2700000000,136.0,200.0,4.0,3.0,2.0,1.0,Semi Furnished,-7.33,112.726021,rumah123
Dijual Rumah Gayungsari Timur Gayungan Surabaya Ron.a519,7000000000,300.0,600.0,8.0,4.0,2.0,2.0,Furnished,-7.33,112.726021,rumah123
Dijual Rumah di Gayung Kebonsari Surabaya,3200000000,150.0,130.0,6.0,3.0,2.0,,Unfurnished,-7.32515904375,112.7248388175,rumah123
Dijual Rumah Gayungan Dalam Cluster Termurah Siap Huni Dekat Raya Ahmad Yani Surabaya,1700000000,91.0,200.0,5.0,3.0,3.0,2.0,Semi Furnished,-7.33,112.726021,rumah123
Raya Tenggilis Cck untuk Usaha,11000000000,600.0,500.0,3.0,3.0,1.0,1.0,Semi Furnished,-7.31943,112.755386,rumah123
Rumah hitung tanah,4000000000,300.0,250.0,3.0,2.0,1.0,2.0,Unfurnished,,,rumah123
Dijual Rumah Tenggilis Utara Surabaya Bangunan Lama,1700000000,200.0,70.0,3.0,2.0,1.0,1.0,Unfurnished,-7.31943,112.755386,rumah123
Tenggilis Rumah Lama Jarang Ada Siap Huni Bagus Bs Nego,3800000000,300.0,200.0,5.0,2.0,1.0,,Unfurnished,-7.31943,112.755386,rumah123
Jual Cepat Rumah Lama Hitung Tanah Tenggilis Dekat Ubaya,1800000000,200.0,150.0,,,1.0,,Unfurnished,-7.31943,112.755386,rumah123
Dijual Rumah Tenggilis Mejoyo,2900000000,246.0,200.0,7.0,3.0,2.0,1.0,Unfurnished,-7.28917,112.734,rumah123
Dijual Rumah Hook Prapen Indah Siap Huni Lokasi Strategis,7800000000,600.0,400.0,3.0,2.0,1.0,,Unfurnished,-7.31943,112.755386,rumah123
Dijual Rumah Tenggilis Mejoyo Selatan Surabaya Ron.a2239,2400000000,200.0,200.0,5.0,4.0,2.0,2.0,Unfurnished,-7.31943,112.755386,rumah123
Rumah Gress Panjang Jiwo Permai,1850000000,96.0,130.0,5.0,4.0,2.0,1.0,Unfurnished,-7.31276175,112.7645096,rumah123
Rumah Baru 2 Lantai Di Tenggilis Dekat Ubay,1570000000,90.0,145.0,3.0,3.0,2.0,2.0,Unfurnished,-7.28917,112.734,rumah123
Rumah Baru 2 Lantai Panjang Jiwo SHM Siap Huni,1850000000,96.0,130.0,4.0,3.0,2.0,2.0,Unfurnished,-7.31943,112.755386,rumah123
Dijual Rumah Sarono Jiwo Tenggilis Mejoyo Surabaya Ron.a1073,3200000000,252.0,252.0,2.0,1.0,1.0,1.0,Unfurnished,-7.31943,112.755386,rumah123
RUMAH BARU DI TENGGILIS DEKAT UBAYA SHM SIAP HUNI,1575000000,90.0,145.0,3.0,3.0,2.0,,Unfurnished,,,rumah123
Dijual Rumah Sarono Jiwo Surabaya 2 Lantai,3500000000,187.0,137.0,4.0,3.0,2.0,2.0,Unfurnished,-7.31943,112.755386,rumah123
Dijual Rumah Sarono Jiwo Surabaya 2 Lantai,5000000000,300.0,220.0,5.0,4.0,2.0,1.0,Unfurnished,-7.31943,112.755386,rumah123
Jual Rumah Klasik Hitung Tanah Murah Kutisari Utara Kantor Kos Sby Selatan,2500000000,304.0,250.0,3.0,2.0,1.0,1.0,Semi Furnished,-7.31943,112.755386,rumah123
Dijual Rumah Siap Huni 2 Lantai di Tenggilis Mejoyo Dekat Kampus dan Rumah Sakit Ubaya,2400000000,200.0,300.0,8.0,2.0,2.0,2.0,Semi Furnished,-7.31943,112.75539,rumah123
Rumah Bagus Dekat Ptc Surabaya Barat,400000000,60.0,32.0,2.0,1.0,1.0,1.0,Unfurnished,-7.30073,112.63566,rumah123
Dijual Rumah Semi Klasik Surabaya Timur Babatan Pantai Surabaya,3450000000,153.0,230.0,4.0,3.0,2.0,2.0,Unfurnished,-7.30073,112.635658,rumah123
Rumah Dekat Ptc Surabaya Barat,300000000,60.0,30.0,2.0,1.0,1.0,1.0,Unfurnished,-7.30073,112.635658,rumah123
Rumah Baru Renov Siap Huni Surabaya Barat,850000000,105.0,90.0,2.0,2.0,1.0,1.0,Furnished,-7.30073,112.635658,rumah123
Rumah Somerset Citraland Dekat dengan Uc dan Palimanan,9950000000,300.0,600.0,5.0,5.0,3.0,2.0,Unfurnished,-7.30073,112.635658,rumah123
Rumah New Dian Istana,3900000000,129.0,205.0,4.0,6.0,1.0,,Unfurnished,-7.30073,112.635658,rumah123
Dijual Rumah Baru Gress Furnish District 9 Citraland,5000000000,144.0,158.0,5.0,4.0,2.0,,Unfurnished,-7.30073,112.63566,rumah123
Dijual Rumah Cristal Golf Citraland Lakarsantri Surabaya,8650000000,280.0,475.0,4.0,6.0,2.0,,Unfurnished,-7.300096431723858,112.64267731955584,rumah123
Dijual Cepattt Rumah Wisma Lidah Kulon(Wlk) Surabaya Barat,725000000,105.0,80.0,3.0,1.0,1.0,1.0,Unfurnished,-7.31316480279456,112.65213737238724,rumah123
Ly01 For Sale Rumah Minimalis Somerset Citraland,5500000000,240.0,390.0,4.0,3.0,2.0,1.0,Unfurnished,-7.30073,112.635658,rumah123
Dijual Rumah Royal Residence Harewood Lakarsantri Surabaya Ron.a2202,2900000000,191.0,150.0,4.0,3.0,2.0,2.0,Semi Furnished,-7.30073,112.635658,rumah123
Rumah 2 Lantai Bagus Minimalis HGB di Royal Residence,3200000000,314.0,200.0,3.0,3.0,2.0,2.0,Unfurnished,-7.30073,112.635658,rumah123
"Dijual Rumah, Mansion Nine, Full Furnished (2 Lantai)",1500000000,72.0,135.0,3.0,2.0,2.0,2.0,Furnished,-7.30073,112.635658,rumah123
Rumah Dijual View Danau Full Fasilitas Developer Ternama di Menganti,470000000,60.0,36.0,2.0,1.0,1.0,,Unfurnished,-7.28917,112.734,rumah123
Rumah minimalis di Boulevard Rumah Prambanan Residence Surabaya,5500000000,360.0,379.0,4.0,4.0,2.0,2.0,Semi Furnished,-7.30073,112.635658,rumah123
Rumah 2 Lantai Free Biaya Pembelian Dekat Univ Ciputra,1370000000,72.0,105.0,3.0,3.0,2.0,2.0,Furnished,-7.30073,112.635658,rumah123
Wisata Bukit Mas 2 Furnish Siap Huni,2990000000,180.0,190.0,4.0,4.0,2.0,2.0,Unfurnished,-7.30073,112.635658,rumah123
Rumah 2 Lantai Prambanan Residence Kamadeva - Dekat Citraland,2700000000,162.0,172.0,3.0,3.0,2.0,1.0,Semi Furnished,-7.30073,112.63566,rumah123
"Rumah Mewah Lux Model Villa - Taman Hunian Satelit 2, Sukomanunggal, Surabaya",7500000000,314.0,350.0,4.0,3.0,2.0,2.0,Furnished,-7.29503,112.710739,rumah123
Dijual Rumah Satelit Utara Surabaya,3500000000,240.0,200.0,3.0,3.0,1.0,3.0,Unfurnished,-7.29503,112.710739,rumah123
Dijual Rumah Hitung Tanah Simogunung Surabaya,1470000000,120.0,45.0,2.0,1.0,1.0,1.0,Unfurnished,-7.29503,112.710739,rumah123
"Dijual Rumah 2 Lantai Wonocolo, Surabaya",5000000000,324.0,300.0,5.0,3.0,2.0,2.0,Unfurnished,-7.29503,112.710739,rumah123
Rumah Simpang Darmo Permai Selatan Harga Murah Lingkungan Nyaman,2400000000,144.0,200.0,4.0,3.0,2.0,2.0,Unfurnished,-7.29503,112.71074,rumah123
2071. Dijual Rumah Cocok untuk Hunian atau Usaha di Dukuh Kupang Barat Surabaya,3500000000,228.0,228.0,3.0,3.0,1.0,1.0,Unfurnished,-7.29503,112.710739,rumah123
904. Dijual Cepat Rumah Kupang Indah Surabaya Barat,6500000000,437.0,360.0,4.0,2.0,1.0,,Unfurnished,-7.29503,112.71074,rumah123
Rumah Siap Huni Full Renovasi Komplek Elite Villa Bukit Mas,6500000000,312.0,400.0,4.0,3.0,2.0,2.0,Semi Furnished,-7.29503,112.710739,rumah123
"Aud.a070 Rumah Mewah Graha Family, Surabaya Design Minimalis",15000000000,345.0,358.0,4.0,5.0,1.0,,Unfurnished,-7.29503,112.710739,rumah123
Dijual Rumah Dukuh Pakis Surabaya Ron.a1574,4000000000,342.0,250.0,3.0,1.0,1.0,1.0,Unfurnished,-7.29503,112.710739,rumah123
Graha Family Semi Furnish Siap Huni SHM Modern Minimalis,6300000000,224.0,273.0,3.0,3.0,2.0,2.0,Semi Furnished,-7.29503,112.710739,rumah123
"Rumah Darmo Permai Selatan Surabaya, Strategis & Luas",2600000000,200.0,120.0,3.0,2.0,1.0,1.0,Unfurnished,,,rumah123
Dijual Rumah Simo Sidomulyo Sawahan Surabaya,850000000,84.0,84.0,5.0,2.0,1.0,,Unfurnished,-7.258516877691704,112.71499763870048,rumah123
"Rumah Besar Pakis Tirtosari Cocok untuk Hunian, Kost, atau Investasi",1700000000,112.0,240.0,7.0,3.0,2.0,,Unfurnished,-7.26502,112.731,rumah123
Rumah Strategis Pakis Tirtosari Banyak Kamar Potensi Investasi,1500000000,112.0,210.0,7.0,3.0,2.0,,Unfurnished,-7.26502,112.731,rumah123
"Dijual Rumag Banyu Urip, Jln Raya",12000000000,1060.0,696.0,,,,,Unfurnished,,,rumah123
"Rumah Banyu Urip Kidul Surabaya, Tengah Kota & Akses Mudah",1300000000,140.0,140.0,3.0,1.0,1.0,,Semi Furnished,-7.276135848991345,112.72132588469964,rumah123
Rumah Raya Banyu Urip Nol Jalan Kembar Surabaya Barat,2000000000,149.0,120.0,3.0,2.0,1.0,,Unfurnished,-7.26502,112.731,rumah123
Rumah Dijual Cepat (Rumah Setengah Jadi Model L) di Jl. Petemon Sawahan Surabaya Jawa Tmur,700000000,133.0,133.0,6.0,4.0,2.0,,Unfurnished,-7.265855782546964,112.71828722007687,rumah123
Rumah Pusat Kota Strategis Jalan Anjasmoro,37000000000,1120.0,550.0,8.0,3.0,2.0,2.0,Unfurnished,-7.26502,112.731003,rumah123
Dijual Cepat Rumah Jalan Merapi-Kawi Surabaya Pusat,13500000000,767.0,500.0,7.0,7.0,2.0,5.0,Unfurnished,-7.26502,112.731003,rumah123
Rumah 2 LT Interior Kayu Jati. Banyu Urip Jaya Rumah,700000000,66.0,120.0,3.0,3.0,2.0,,Unfurnished,-7.26502,112.731003,rumah123
Dijual Rumah Hook Mewah dan Prestisius di Bintang Diponggo (H Y),18900000000,1030.0,1300.0,5.0,5.0,2.0,,Furnished,-7.26502,112.731003,rumah123
Rumah 2 Lantai Bebas Banjir di Girilaya Dekat Dukuh Kupang Surabaya,7200000000,308.0,308.0,6.0,6.0,2.0,1.0,Unfurnished,-7.26502,112.731003,rumah123
Dijual Rumah Hitung Tanah Dijalan Arjuna Surabaya,11500000000,469.0,469.0,1.0,1.0,1.0,,Unfurnished,-7.26502,112.731,rumah123
Dijual Rumah Dijalan Simo Katrungan Kidul Surabaya,1300000000,170.0,170.0,3.0,2.0,1.0,,Unfurnished,-7.271402,112.713886,rumah123
Rumah Raja Arjuno Hitung Tanah Strategis,25000000000,800.0,800.0,,,1.0,,Unfurnished,-7.26502,112.731003,rumah123
Dijual Rumah Dijalan Simo Sidomulyo Surabaya,2900000000,166.0,250.0,4.0,3.0,2.0,,Unfurnished,-7.2569071,112.7161889,rumah123
"800 M2 Rumah Hook Raya Nol Jalan Bintang Diponggo Dekat Dekat Mayjend Sungkono, Hr Muhammad, Ciputra World Mall Cocok untuk Kantor, Bank, Ruko, Rumah Makan, Cafe, Klinik Kecantikan",20000000000,800.0,1200.0,4.0,3.0,2.0,4.0,Unfurnished,-7.26502,112.731003,rumah123
"Kedung Anyar Pusat Kota MURAH, Harga BU, Nego Sampai Deal",4000000000,660.0,440.0,4.0,3.0,1.0,,Unfurnished,-7.26502,112.731,rumah123
Dijual Rumah Dijalan Simorejo Surabaya,900000000,200.0,200.0,3.0,2.0,1.0,,Unfurnished,-7.256558,112.711689,rumah123
Hunian Minimalis Strategis Dekat Area Komersil di Baratajaya,2300000000,144.0,300.0,5.0,4.0,2.0,,Unfurnished,-7.27396,112.748192,rumah123
"Rumah Baru Gress Mojoklangru Daerah Dharmahusada Dekat Unair,,Galaxi Mall",3100000000,133.0,170.0,3.0,3.0,2.0,,Unfurnished,-7.27396,112.748192,rumah123
Dijual Rumah Usaha dan Kos Ngagel Gubeng Surabaya Ron.a141,4750000000,350.0,700.0,9.0,9.0,2.0,2.0,Unfurnished,-7.27396,112.748192,rumah123
"Dijual Rumah Di Mojo Gubeng Surabaya Tengah Rumah Butuh Minim Renovasi SHM di Jl. Mojo II No.2, Mojo, Gubeng, Kota Surabaya, Jawa Timur, Indonesia, 60285, Gubeng",5750000000,500.0,600.0,7.0,5.0,2.0,1.0,Semi Furnished,-7.27396,112.748192,rumah123
Jual Minimalis Mewah Pakuwon Indah Dkt Graha Valencia Lontar,7300000000,240.0,300.0,5.0,5.0,2.0,,Unfurnished,,,rumah123
Rumah Mewah Murah Mojo Klanggru Kidul 2 LT,10500000000,999.0,980.0,5.0,5.0,2.0,8.0,Unfurnished,-7.28917,112.734,rumah123
Dijual Rumah Lokasi Strategis,3900000000,300.0,200.0,3.0,2.0,1.0,,Unfurnished,,,rumah123
Dijual Rumah Barata Jaya Gubeng Surabaya Ron.a2284,2800000000,140.0,240.0,5.0,4.0,2.0,2.0,Unfurnished,-7.27396,112.748192,rumah123
Dijual Rumah Raya Barata Jaya Gubeng Surabaya Ron.a1833,3800000000,240.0,200.0,4.0,3.0,1.0,1.0,Unfurnished,-7.27396,112.748192,rumah123
Dijual Rumah Barata Jaya Gubeng Surabaya Ron.a1824,1900000000,200.0,200.0,3.0,1.0,1.0,1.0,Unfurnished,-7.27396,112.748192,rumah123
Rumah di Dharmahusada Indah Mas,5000000000,300.0,450.0,5.0,3.0,1.0,,Unfurnished,-7.27396,112.748192,rumah123
Dijual Rumah 2 LT Mojoklangru Kidul,4400000000,350.0,300.0,6.0,3.0,2.0,2.0,Unfurnished,-7.27396,112.748192,rumah123
Dijual Rumah Semi Furnished Siap Huni Dharmahusada Indah,4800000000,300.0,250.0,4.0,3.0,1.0,2.0,Semi Furnished,-7.27396,112.748192,rumah123
Rumah Kolonial Di Tengah Kota Surabaya Strategis Utk Usaha,16500000000,601.0,195.0,3.0,2.0,1.0,2.0,Semi Furnished,-7.27396,112.74819,rumah123
Rumah Shm Jl Sumatera Pusat Kota Surabaya Bisa Untuk Usaha,16000000000,437.0,400.0,6.0,4.0,1.0,1.0,Unfurnished,-7.27396,112.74819,rumah123
Rumah Klasik Tengah Kota Gubeng Cocok Untuk Komersial Shm,15500000000,399.0,450.0,4.0,3.0,2.0,2.0,Unfurnished,-7.27396,112.74819,rumah123
Rumah Usaha Klasik Kolonial Surabaya Pusat Langka & Artistik,12500000000,465.0,575.0,9.0,4.0,1.0,,Unfurnished,-7.27396,112.748192,rumah123
Raya Gubeng Strategis,13500000000,399.0,400.0,,4.0,1.0,5.0,Unfurnished,-7.2738928,112.7482606,rumah123
Rumah 1 Lantai di Lingkungan Nyaman dengan Row Jalan 2 Mobilpondok Benowo Indah,750000000,95.0,100.0,3.0,1.0,1.0,1.0,Unfurnished,-7.23213,112.630142,rumah123
Bekas Cafe 50 meter dari Raya Kandangan Benowo Surabaya,750000000,64.0,100.0,1.0,2.0,2.0,,Unfurnished,-7.23213,112.63014,rumah123
Rumah 2 Lantai Grand Pakuwon Surabaya,850000000,72.0,120.0,3.0,2.0,2.0,1.0,Unfurnished,-7.23213,112.630142,rumah123
Rumah Hook Palma Grandia Sudah Renov,3800000000,283.0,275.0,4.0,3.0,1.0,2.0,Semi Furnished,-7.23213,112.63014,rumah123
"Dijual Cepat Rumah Di Citra Permata Regency, Kandangan, Benowo",1950000000,163.0,82.0,3.0,2.0,1.0,1.0,Semi Furnished,-7.23213,112.630142,rumah123
rumah siap huni di prambon asri benowo surabaya barat,350000000,60.0,60.0,2.0,1.0,1.0,,Unfurnished,,,rumah123
Rumah Citraland Utara Greenhill Surabaya Barat,3000000000,180.0,107.0,3.0,2.0,2.0,2.0,,,,rumah123
Dijual Rumah 2 Lantai Di Tengger Kandangan Benowo Surabaya,950000000,96.0,150.0,5.0,2.0,2.0,1.0,Unfurnished,-7.23213,112.630142,rumah123
Rumah Benowo Surabaya Sememi Jual Murah Cpt B.u Poll Dkt Sman 12,500000000,62.0,40.0,2.0,1.0,1.0,1.0,Semi Furnished,-7.249510197683875,112.64511804552228,rumah123
Grand Pakuwon Dekat Sampoerna School dan Tengah Kota Surabaya,3750000000,144.0,158.0,3.0,3.0,2.0,1.0,Unfurnished,,,rumah123
Dijual Rumah Pribadi 2 Lantai di Kendung Indah Sememi Surabaya Barat,750000000,84.0,84.0,4.0,1.0,2.0,1.0,Unfurnished,-7.23213,112.630142,rumah123
Rumah North West Park Siap Huni,1000000000,72.0,36.0,2.0,1.0,1.0,1.0,Unfurnished,-7.23213,112.630142,rumah123
2 Lantai - Siap Huni!! Jual Rumah Baru Gress di Perum Bukit Palma - Surabaya Barat,2150000000,120.0,170.0,5.0,5.0,2.0,2.0,Unfurnished,-7.25496941633574,112.62656209285616,rumah123
Luas Tanah 108 M2 Dekat Rs Bdh!! Rumah Dijual di Bukit Palma Citraland Surabaya Barat,1300000000,108.0,100.0,2.0,2.0,1.0,1.0,Unfurnished,-7.25496941633574,112.62656209285616,rumah123
Free AC New 3 Unit!! Dijual Rumah di Perum Bukit Palma Citraland Dekat Rs Bdh Surabaya,1000000000,100.0,80.0,2.0,2.0,1.0,1.0,Unfurnished,-7.25349534658203,112.63044093865558,rumah123
"Pantai Mentari, Rumah Baru, SHM - Sertifikat Hak Milik",2200000000,102.0,156.0,3.0,3.0,2.0,2.0,Unfurnished,-7.2409768104553,112.79512023926,rumah123
"Pantai Mentari, Rumah Baru, SHM - Sertifikat Hak Milik",2200000000,102.0,156.0,3.0,3.0,2.0,2.0,Unfurnished,-7.2409768104553,112.79512023926,rumah123
Dijual Rumah Sulthan Perum Elite+Private Pool+Furnished Surabaya,26000000000,1002.0,1200.0,5.0,5.0,2.0,3.0,Furnished,-7.240977,112.79512,rumah123
Jual Cepat Rumah Gading Indah Dekat Bulak Kenjeran Setro Kedungcowek,950000000,165.0,125.0,3.0,1.0,1.0,1.0,Unfurnished,-7.240977,112.79512,rumah123
Rumah New Model Romawi Bulak,950000000,60.0,44.0,2.0,2.0,3.0,1.0,Unfurnished,-7.240977,112.79512,rumah123
"Rumah Bagus, Dekat Kenjeran, Dekat Area Komersil",950000000,165.0,125.0,3.0,1.0,1.0,1.0,Unfurnished,-7.240977,112.79512,rumah123
Rumah Pantai Mentari Area Kenjeran Surabaya Dekat Pakuwon City Mulyosari,1850000000,90.0,135.0,4.0,4.0,2.0,,Unfurnished,,,rumah123
"Dijual Cepat - Rumah Siap Huni Gading Indah Regency, Surabaya Timur",1300000000,122.0,200.0,3.0,3.0,2.0,1.0,Furnished,-7.240977,112.79512,rumah123
Rumah Gading Indah Regency Surabaya Timur,1300000000,122.0,250.0,3.0,3.0,2.0,3.0,Unfurnished,,,rumah123
Rumah Mewah di Perumahan Gading Indah Regency,1300000000,122.0,250.0,3.0,3.0,2.0,1.0,Unfurnished,,,rumah123
Rumah Mewah Gading Indah Regency (Ln),1300000000,122.0,250.0,3.0,3.0,2.0,1.0,Unfurnished,,,rumah123
JUAL RUMAH BARU MINIMALIS 2 & 3 KAMAR TIDUR PANTAI MENTARI,993000000,50.0,50.0,2.0,1.0,2.0,2.0,Unfurnished,,,rumah123
"Jual Cepat‼️Perumahan Gading Indah Regency, Surabaya Termurah‼️",770000000,54.0,120.0,3.0,2.0,2.0,,Unfurnished,-7.2409767,112.7951194,rumah123
Jual Cepat‼️Rumah Mewah Gading Indah Regency,1300000000,122.0,250.0,4.0,3.0,2.0,1.0,Unfurnished,-7.2409767,112.7951194,rumah123
"Dijual Rumah Strategis di Bulak Setro, Bogorami",1100000000,107.0,107.0,2.0,1.0,1.0,,Unfurnished,-7.2323383,112.7820322,rumah123
Dijual Rumah Murah Minimalis Siap Huni Pantai Mentari,2500000000,144.0,160.0,3.0,3.0,2.0,,Unfurnished,-7.2409767,112.7951194,rumah123
Rumah Pantai Mentari STRATEGIS,1200000000,90.0,70.0,2.0,1.0,1.0,,Unfurnished,-7.240977,112.79512,rumah123
"Dijual Rumah di Pantai Mentari,Surabaya Timur",2800000000,158.0,158.0,5.0,4.0,2.0,,Unfurnished,-7.240977,112.79512,rumah123
Dijual Rumah Ciliwung Surabaya Pusat nol Jalan Lokasi Trategis,22000000000,626.0,500.0,5.0,2.0,1.0,10.0,Unfurnished,,,rumah123
Rumah Diponegoro SHM Hadap Barat Daya,25000000000,388.0,150.0,4.0,1.0,1.0,5.0,,,,rumah123
Rumah Diponegoro SHM Hadap Barat Daya (AN),25000000000,388.0,150.0,4.0,1.0,1.0,5.0,,,,rumah123
"RUMAH PUSAT KOTA SURABAYA COCOK BUAT KANTOR ATAU USAHA, DEKAT RS RKZ, RAYA DARMO",25000000000,626.0,300.0,5.0,2.0,,,Unfurnished,,,rumah123
Turun Harga Dijual Rumah Hitung Tanah di Pusat Kota Surabaya,20000000000,619.0,302.0,5.0,3.0,1.0,4.0,Unfurnished,,,rumah123
Dijual Paling Murah Pusat Kota Depan Tamanbungkul Cocok Utkkantor,19900000000,805.0,809.0,1.0,1.0,1.0,2.0,Unfurnished,-7.292112854939518,112.74000377390291,rumah123
Dijual Rumah Mewah Dekat Raya Darmo Siap Huni,18000000000,374.0,394.0,5.0,5.0,2.0,,Unfurnished,-7.304,112.731598,rumah123
Jual Rumah 1 M-An Joyoboyo.dekat Terminal,1400000000,125.0,60.0,3.0,1.0,1.0,,Unfurnished,-7.304,112.731598,rumah123
"Rumah Lokasi Strategis Tengah Kota dan Nol Jalan Raya Kutai, Wonokromo",9500000000,466.0,450.0,6.0,3.0,1.0,2.0,Semi Furnished,-7.28917,112.734,rumah123
"Dijual Cepat Rumah Pusat Kota , Jl Rokan Surabaya",5000000000,303.0,450.0,7.0,2.0,2.0,,Unfurnished,,,rumah123
"Jual Rumah Surabaya Pusat , Jl Rokan (Hook Rokan-Cipunegara)",7000000000,416.0,550.0,7.0,2.0,2.0,,Unfurnished,,,rumah123
"Jual Rumah Surabaya Pusat , Jl Rokan (Hook Rokan-Cipunegara)",7000000000,416.0,550.0,7.0,2.0,2.0,,Unfurnished,,,rumah123
Surabaya Kota. Jln Progo. Komersial Area,14900000000,513.0,700.0,3.0,3.0,2.0,3.0,Unfurnished,-7.28917,112.734,rumah123
Rumah Pusat Kota Terawat Jalan Porong Surabaya Pusat,65000000000,1352.0,1000.0,3.0,5.0,2.0,2.0,Unfurnished,-7.304,112.7316,rumah123
"Rumah Kantor Pusat Kota Surabaya Cocok untuk Kantor, Refleksi, Dll",17000000000,490.0,373.0,2.0,4.0,2.0,1.0,Unfurnished,,,rumah123
Dijual dan Disewakan Rumah Komersil Musi Surabaya Pusat Lokasi Strategis Area Ramai Kuliner,17000000000,390.0,290.0,,,1.0,,Unfurnished,-7.304,112.731598,rumah123
Rumah Komersial Strategis -Area Jl Raya Kutai,10500000000,445.0,450.0,6.0,3.0,1.0,1.0,Furnished,-7.29173,112.73404,rumah123
Dijual/Disewakan Rumah Raya Bengawan Surabaya,39990000000,604.0,226.0,6.0,3.0,1.0,1.0,Unfurnished,-7.304,112.731598,rumah123
"Dijual Murah, Cocok untuk Usaha, Rumah Indragiri",25000000000,529.0,600.0,2.0,1.0,1.0,,Unfurnished,-7.304,112.7316,rumah123
"RUMAH HITUNG TANAH JL. MONGINSIDI PUSAT KOTA dekat Kartini, Raya Darmo, Diponegoro, pusat bisnis dan komersial",45000000000,1500.0,1570.0,4.0,4.0,,,Unfurnished,,,rumah123
"RUMAH HITUNG TANAH JL. WR. SUPRATMAN pusat kota dekat Raya Darmo, Diponegoro, Dr. Soetomo pusat bisnis dan komersial",11500000000,392.0,280.0,4.0,2.0,,,Unfurnished,,,rumah123
"RUMAH HITUNG TANAH JL. WR. SUPRATMAN pusat kota dekat Raya Darmo, Diponegoro, Dr. Soetomo pusat bisnis dan komersial",10000000000,360.0,200.0,3.0,2.0,,,Unfurnished,,,rumah123
Av11. Dijual Rumah Baru Gunung Anyar Mas Rungkut Surabaya Timur,650000000,60.0,65.0,3.0,2.0,2.0,1.0,Unfurnished,-7.336074699999999,112.8040098,rumah123
Jual Cepat Rumah Siap Huni Wiguna Dekat Upn Rungkut 800Jtan,825000000,78.0,60.0,3.0,1.0,1.0,,Unfurnished,-7.33182,112.80822,rumah123
Dijual Rumah Wiguna Selatan - Baru Gress,975000000,90.0,90.0,3.0,2.0,1.0,1.0,Unfurnished,-7.33182,112.80822,rumah123
Dijual Rumah Wiguna Tengah 2 Lantai Semi Furnish Dekat Upn Surabaya Timur Rev.a1103,2000000000,135.0,270.0,5.0,2.0,2.0,1.0,Semi Furnished,-7.33182,112.80822,rumah123
Dijual Rumah Central Park Wiguna Gunung Anyar Surabaya Ron.a861,1990000000,185.0,183.0,3.0,2.0,2.0,1.0,Unfurnished,-7.33182,112.80822,rumah123
Dijual Rumah Royal Park Residence Gunung Anyar Surabaya Ron.a887,1100000000,72.0,140.0,3.0,2.0,2.0,2.0,Unfurnished,-7.33182,112.80822,rumah123
Dijual Rumah Puri Gunung Anyar Regency Surabaya Ron.a2234,950000000,128.0,59.0,3.0,2.0,1.0,1.0,Unfurnished,-7.33182,112.80822,rumah123
Dijual Rumah Pesona Alam Gunung Anyar Surabaya Ron.a863,850000000,72.0,72.0,2.0,1.0,1.0,1.0,Semi Furnished,-7.33182,112.80822,rumah123
Dijual Rumah Gunung Anyar Harapan Surabaya Ron.a947,1800000000,297.0,120.0,3.0,1.0,1.0,1.0,Unfurnished,-7.33182,112.80822,rumah123
Dijual Rumah Gunung Anyar Emas Surabaya Ron.a1033,1000000000,120.0,100.0,4.0,2.0,1.0,1.0,Unfurnished,-7.33182,112.80822,rumah123
Dijual Rumah Baru Gress Mezanine Gunung Anyar Rungkut,890000000,100.0,60.0,3.0,1.0,2.0,2.0,Unfurnished,-7.33182,112.80822,rumah123
Dijual Rumah Royal Paka Gunung Anyar Surabaya Ron.a952,1200000000,104.0,57.0,2.0,1.0,1.0,1.0,Semi Furnished,-7.33182,112.80822,rumah123
Jual Murah Rumah Gunung Anyar,750000000,90.0,60.0,2.0,1.0,1.0,1.0,Unfurnished,-7.33182,112.80822,rumah123
"Rumah, di Gununganyar,",668000000,30.0,51.0,2.0,1.0,1.0,1.0,Unfurnished,-7.33182,112.80822,rumah123
Rumah Siap Huni Purimas Regency Strategis Selangkah Upn,2500000000,128.0,160.0,3.0,3.0,1.0,,Unfurnished,-7.33182,112.80822,rumah123
Dijual Rumah Wiguna Selatan Gunung Anyar Surabaya Ron.a880,825000000,94.0,94.0,3.0,2.0,1.0,1.0,Unfurnished,-7.33182,112.80822,rumah123
Dijual Rumah 1Lt di Wiguna,1500000000,120.0,110.0,3.0,2.0,1.0,2.0,Unfurnished,-7.33182,112.80822,rumah123
Alana Palace Regency Surabaya Rumah 700jtan  Nol Jalan OEER Free Biaya2,700000000,50.0,30.0,2.0,1.0,1.0,1.0,Unfurnished,-7.33182,112.80822,rumah123
"Dekat Merr & Upn, Posisi Hook, Harga Cuma 1M-An - Rumah 2 Lantai di Royal Park Residence Gununganyar",1000000000,117.0,144.0,3.0,3.0,2.0,1.0,Unfurnished,-7.33182,112.80822,rumah123
Rumah Bagus Furnish Graha Surabaya Residence Pakal Benowo,599000000,100.0,70.0,2.0,1.0,,1.0,Semi Furnished,-7.24268,112.62981,rumah123
Dijual Rumah Baru di Pakal Madya Asri Surabaya Barat,1300000000,89.0,128.0,3.0,3.0,2.0,1.0,Unfurnished,-7.24268,112.629807,rumah123
Rumah Northwest Park Siap Huni Minimalis,1500000000,105.0,100.0,3.0,2.0,2.0,,Unfurnished,-7.24268,112.629807,rumah123
Dijual Rumah 2 Lantai Siap Huni di Nortwest Park Type Cambria Citraland Utara,1250000000,90.0,126.0,2.0,2.0,2.0,1.0,Unfurnished,-7.246275909114839,112.63052318161444,rumah123
"Dijual Rumah 1,5 Lantai Carport 2 Mobil di Benowo, Surabaya ✨",560000000,72.0,108.0,3.0,1.0,1.0,2.0,Unfurnished,-7.24268,112.629807,rumah123
For Sale Rumah Baru Gress Modern Minimalis di Bukit Palma Surabaya Kota Ma 473,2250000000,120.0,170.0,5.0,5.0,2.0,2.0,Unfurnished,-7.24268,112.629807,rumah123
Rumah 2 Lantai North West Hill Citraland Surabaya,750000000,60.0,57.0,2.0,1.0,2.0,1.0,Unfurnished,-7.24268,112.629807,rumah123
Dijual Rumah Baru Gress di Bukit Palma Surabaya Kota Ma 473,2250000000,120.0,170.0,5.0,5.0,2.0,2.0,Unfurnished,-7.24268,112.629807,rumah123
"Dijual Rumah Northwest Park, Citraland, Surabaya",1075000000,72.0,40.0,2.0,1.0,1.0,1.0,Unfurnished,-7.24268,112.62981,rumah123
Rumah 2 Lantai Siap Huni di Northwest Park Kawasan Premium Citraland Utara ✨,1250000000,90.0,126.0,2.0,2.0,2.0,1.0,Unfurnished,-7.255791721511926,112.62387326346504,rumah123
Murah Nwp Lake Harga Pasar 1.2M di Jual Hanya 1 M Saja,1000000000,55.0,55.0,1.0,2.0,1.0,,Unfurnished,-7.24268,112.629807,rumah123
Dijual Rumah Northwest Central Citraland 3Kt Full Furnish Istimewa,1850000000,90.0,135.0,3.0,3.0,2.0,1.0,Unfurnished,,,rumah123
Dijual Rumah Northwest Park Citraland 4Kt Terawat Siap Huni,1650000000,72.0,103.0,4.0,3.0,2.0,1.0,Semi Furnished,,,rumah123
Dijual Rumah Northwest Park Citraland 4Kt Terawat Siap Huni,1650000000,72.0,103.0,4.0,3.0,2.0,1.0,Semi Furnished,,,rumah123
Rumah 1 Lantai Bukit Palma Clasica Citraland Utara Surabaya Barat,1350000000,105.0,70.0,2.0,1.0,1.0,2.0,Semi Furnished,-7.24268,112.629807,rumah123
"Super Sale Rumah Baru Renovasi Northwest Hill, Citraland Surabaya",1000000000,60.0,62.0,2.0,2.0,3.0,1.0,Unfurnished,-7.24268,112.629807,rumah123
New Gress Ready Mepet Bukit Palma dan Northwest,633000000,72.0,75.0,2.0,1.0,1.0,1.0,Unfurnished,-7.243646086,112.615078,rumah123
Dijual Cepat Rumah Baru Renovasi Bukit Palma Siap Huni,1000000000,100.0,100.0,2.0,2.0,1.0,1.0,Furnished,-7.24268,112.629807,rumah123
Bukit Palma Citraland Dekat Superindo Sekolah Citra Berkat,1000000000,108.0,100.0,2.0,2.0,1.0,,Semi Furnished,,,rumah123
Dijual Rumah Pantai Mentari Baru Gres Row Jalan Besar,1850000000,90.0,135.0,4.0,3.0,2.0,2.0,Unfurnished,-7.23563,112.786163,rumah123
Dijual Rumah Siap Huni di Kapas Gading Kenjeran,1000000000,84.0,90.0,3.0,2.0,1.0,,Unfurnished,-7.28917,112.734,rumah123
Babatan Pantai Utara Baru 2Lt,2750000000,150.0,210.0,4.0,4.0,2.0,2.0,Unfurnished,-7.23563,112.786163,rumah123
Dijual Rumah Siap Huni Pantai Mentari Carport 2 Mobil,2150000000,153.0,194.0,5.0,4.0,2.0,,Unfurnished,-7.23563,112.786163,rumah123
Dijual Rumah Pantai Mentari Jalan Besar Cluster Row 3.5 Mobil,1900000000,153.0,85.0,3.0,2.0,1.0,,Unfurnished,-7.23563,112.786163,rumah123
Dijual Rumah Pogot Palm Regency Surabaya Utara,875000000,60.0,84.0,2.0,1.0,1.0,1.0,Unfurnished,-7.23563,112.786163,rumah123
Dijual Cepat Rumah Full Bangunan Daerah Kenjeran Surabaya,1250000000,70.0,70.0,3.0,2.0,2.0,,Unfurnished,-7.23563,112.786163,rumah123
Jual Cepat Rumah Tepi Jalan Raya Kenjeran Sebelah Alfamart Hadap Utara,7000000000,600.0,425.0,6.0,3.0,2.0,,Unfurnished,-7.23563,112.786163,rumah123
"Jual Rumah Pantai Mentari Cluster The Havens, Siap Huni, Harga Rumah 2 Lantai Setara dengan Harga Rumah 1 Lantai",1500000000,108.0,150.0,3.0,2.0,2.0,1.0,Unfurnished,-7.23563,112.786163,rumah123
Hitung Harga Tanah!! Strategis Nol Jalan Raya Kenjeran LT 593M2,6400000000,593.0,425.0,1.0,1.0,1.0,,Unfurnished,-7.23563,112.786163,rumah123
"Jual Rumah Jl. Lebak Rejo Utara Ii Dukuh Setro, Tambaksari, Surabaya. Dimensi: 7 X 26 [Vc]",1130000000,182.0,300.0,3.0,2.0,2.0,1.0,Unfurnished,-7.23563,112.786163,rumah123
Dijual Rumah Tambaksari Cocok.untuk Usaha,7250000000,325.0,650.0,12.0,2.0,2.0,2.0,Unfurnished,-7.23563,112.786163,rumah123
"Rumah,2 Lantai Surabaya Timur",900000000,60.0,58.0,3.0,2.0,2.0,1.0,Unfurnished,-7.23563,112.786163,rumah123
"Rumah 2 Lantai Gading Pantai Lokasi Aman, Bebas Banjir",3400000000,330.0,450.0,5.0,3.0,2.0,1.0,Semi Furnished,-7.23563,112.78616,rumah123
Babatan Pantai New Gres Scandinavian 2 Lantai Di Babatan Pantai,3700000000,165.0,250.0,4.0,3.0,2.0,2.0,Unfurnished,-7.23563,112.78616,rumah123
Rumah Pantai Mentari Luas Besar Model Klasik 2 Rumah Dijebol,3800000000,360.0,550.0,3.0,3.0,2.0,2.0,Semi Furnished,-7.240913969298788,112.79403772452036,rumah123
Rumah minimalis siap huni 2lt pantai mentari,3750000000,180.0,225.0,3.0,3.0,2.0,,Unfurnished,-7.234832000000001,112.785081,rumah123
Rumah Dijual Babatan Pantai Surabaya Timur,2500000000,144.0,200.0,4.0,3.0,2.0,2.0,Unfurnished,-7.23563,112.786163,rumah123
Rumah Baru Pantai Mentari 900Jutaan,917000000,50.0,55.0,2.0,1.0,2.0,2.0,Unfurnished,-7.23563,112.786163,rumah123
Rumah Dijual di Bendul Merisi Permai Surabaya,2900000000,240.0,240.0,5.0,3.0,1.0,,Unfurnished,-7.3070198,112.7462645,rumah123
Dijual Rumah Sidosermo Pdk Wonocolo Surabaya Ron.a339,2500000000,209.0,209.0,3.0,2.0,2.0,1.0,Semi Furnished,-7.3273,112.737198,rumah123
Rumah Murahhhhhh 2 Lantai Bendul Merisi Dekat Plaza Marina Surabaya,1050000000,90.0,150.0,3.0,2.0,2.0,1.0,Unfurnished,-7.3273,112.7372,rumah123
Dijual Rumah Jemur Andayani Wonocolo Surabaya Ron.a501,3600000000,301.0,225.0,5.0,3.0,2.0,1.0,Unfurnished,-7.3273,112.737198,rumah123
Rumah Dijual Dijalan Sidosermo Pdk Surabaya,3900000000,350.0,350.0,4.0,2.0,1.0,,Unfurnished,-7.3132339,112.7508489,rumah123
Rumah Dijual Dijalan Sidosermo Surabaya,3000000000,423.0,423.0,4.0,2.0,1.0,,Unfurnished,-7.307325620188067,112.75141190123946,rumah123
Dijual Rumah Nol Jalan Raya Jemur Andayani LT 600 M² Surabaya Selatan Rev.a1025,16100000000,600.0,337.0,4.0,4.0,1.0,2.0,Unfurnished,-7.3273,112.737198,rumah123
Dijual Rumah LT 600 M² LB 450 M² 6 Kamar Jemursari Selatan Rev.a1023,8500000000,600.0,450.0,6.0,3.0,1.0,1.0,Unfurnished,-7.3273,112.737198,rumah123
Dijual Rumah LT 600 M² Dimensi 20 X 30 Jemursari Selatan Rev.a1020,7800000000,600.0,257.0,5.0,3.0,1.0,1.0,Unfurnished,-7.3273,112.737198,rumah123
Rumah 2.5 LT di Bendul Merisi Permai,1950000000,136.0,240.0,3.0,2.0,2.0,1.0,Unfurnished,-7.3273,112.737198,rumah123
Rumah Bendul Merisi Selatan Terawat Siap Huni,3400000000,288.0,200.0,3.0,2.0,1.0,1.0,Furnished,-7.28917,112.734,rumah123
Dijual Rumah Minimalis 2 Lantai Siap Huni di Sidosermo Surabaya,7650000000,480.0,756.0,4.0,6.0,2.0,3.0,Unfurnished,-7.3273,112.737198,rumah123
Dijual Rumah Siwalankerto Tengah Wonocolo Surabaya Ron.a1929,1420000000,154.0,121.0,6.0,3.0,2.0,1.0,Unfurnished,-7.3273,112.737198,rumah123
Dijual Rumah Mewah 3 Lt di Margorejo Indah,10000000000,510.0,1530.0,5.0,4.0,2.0,,Furnished,-7.3273,112.7372,rumah123
Rumah Jl. Bendul Merisi | Lokasi Strategis & Potensial,3500000000,288.0,288.0,8.0,5.0,2.0,,Unfurnished,-7.3070198,112.7462645,rumah123
Dijual Rumah & Kos Hitung Tanah Kuldesak Strategis,3500000000,330.0,680.0,12.0,9.0,1.0,1.0,Unfurnished,-7.3273,112.737198,rumah123
Dijual Murah Rumah Sidosermo Dekat Plaza Marina Surabaya,3100000000,400.0,500.0,5.0,4.0,2.0,,Unfurnished,,,rumah123
"Siwalankerto Permai Dekat Kampus Uk Petra, Jalan Raya A Yani One Gate System",1300000000,119.0,105.0,,3.0,3.0,,Unfurnished,-7.3273,112.7372,rumah123
Rumah Klasik Mewah Raya Jemur Andayani,31000000000,1410.0,792.0,4.0,4.0,2.0,,Unfurnished,-7.3273,112.737198,rumah123
Rumah 1 Lantai Di Daerah Surabaya Selatan,650000000,190.0,141.0,4.0,2.0,1.0,,Unfurnished,-7.23983,112.75543,rumah123
Dijual Rumah 2 Lantai Granting Baru Sidoyoso Surabaya Timur,1700000000,105.0,210.0,4.0,2.0,2.0,1.0,Semi Furnished,-7.23983,112.755432,rumah123
"Rumah Minimalis 2 lantai di Gembong Sawah Barat, Surabaya (EL)",1700000000,120.0,160.0,4.0,4.0,2.0,2.0,Unfurnished,-7.23983,112.75543,rumah123
"Dijual Murah Rumah Siap Huni, Gembong Sawah Baru",5000000000,301.0,750.0,7.0,4.0,2.0,2.0,Unfurnished,,,rumah123
Jual Rumah Urah Strategis di Surabaya Dukuh Kupang,1800000000,183.0,183.0,2.0,1.0,1.0,,Unfurnished,-7.23983,112.755432,rumah123
Jual Rumah Strategis Samping Jalan Raya di Surabaya Simokerto,1600000000,183.0,183.0,2.0,1.0,1.0,,Unfurnished,-7.23983,112.755432,rumah123
Granting Baru,1800000000,400.0,400.0,12.0,6.0,3.0,,Unfurnished,,,rumah123
Dijual Rumah Cocok untuk Usaha Nego Lokasi Strartegis Komersil di Gembong Sawah Surabaya,4000000000,433.0,400.0,4.0,3.0,1.0,1.0,Unfurnished,-7.23983,112.755432,rumah123
"Rumah Donokerto Surabaya sudah SHM, Dijual & Disewakan",2400000000,171.0,200.0,3.0,1.0,1.0,1.0,Unfurnished,-7.23983,112.75543,rumah123
Dijual Rumah Di Simokerto Surabaya,1250000000,162.0,162.0,3.0,2.0,1.0,,Unfurnished,-7.23986,112.75567,rumah123
Sukolilo Dian Regency 1 Siap Huni 1 LT,930000000,72.0,72.0,2.0,1.0,1.0,1.0,Unfurnished,-7.28813,112.802902,rumah123
Wisma Mukti Semalang Indah Baru Gress 2Lt,2200000000,100.0,150.0,4.0,3.0,2.0,2.0,Unfurnished,-7.28813,112.8029,rumah123
Araya Siap Huni 2Lt Furnish Bagus,7000000000,375.0,490.0,5.0,3.0,2.0,2.0,Furnished,-7.28813,112.8029,rumah123
Puri Galaxy 2Lt Siap Huni,5600000000,300.0,308.0,4.0,3.0,2.0,2.0,Unfurnished,-7.28813,112.802902,rumah123
Klampis anom siap huni 2lt,12500000000,808.0,1100.0,7.0,4.0,2.0,6.0,Semi Furnished,-7.28813,112.8029,rumah123
Araya Thp2 Siap Huni 2lt,2300000000,105.0,200.0,4.0,4.0,2.0,2.0,Semi Furnished,-7.28813,112.802902,rumah123
Dijual Rumah Mewah Manyar Kertoadi (Bangunan Baru Gress),4800000000,200.0,300.0,5.0,4.0,2.0,2.0,Unfurnished,-7.28813,112.802902,rumah123
Rumah Mewah di Perumahan Elite Puri Galaxy,4950000000,375.0,500.0,5.0,4.0,1.0,,Unfurnished,-7.28813,112.8029,rumah123
Dijual Rumah Galaxi Bumi Permai,3400000000,180.0,280.0,4.0,4.0,2.0,1.0,Unfurnished,-7.290337033155097,112.78615768976653,rumah123
Rumah Minimalis 2 LT Full Furnish Galaxy Dekat Pakuwon,7970000000,297.0,380.0,4.0,4.0,2.0,2.0,Furnished,-7.290059541262778,112.78496375792054,rumah123
Dijual Cepat Rumah di Galaxy Bumi Permai 2,2150000000,167.0,145.0,2.0,1.0,1.0,1.0,Semi Furnished,-7.28813,112.802902,rumah123
JUAL RUMAH WISMA MUKTI,2200000000,87.0,130.0,3.0,3.0,2.0,,Unfurnished,,,rumah123
Rumah Strategis Manyar Jaya - Kesempatan Terbaik!,5250000000,264.0,326.0,4.0,4.0,2.0,2.0,Furnished,-7.297421,112.769978,rumah123
Dijual Rumah Murah Surabaya Timur Diamond Regency Keputih,790000000,72.0,66.0,2.0,1.0,1.0,2.0,Unfurnished,-7.28813,112.802902,rumah123
"Dijual Rumah Hook 2 Lantai dengan Taman yang Luas, Siap Huni di Klampis",2200000000,175.0,117.0,3.0,2.0,2.0,2.0,Unfurnished,-7.28813,112.8029,rumah123
"Rumah 3Lt Dekat Merr, Abd Rahman Hakim Sby, Cocok U Rumah Kost Dll",3500000000,240.0,500.0,6.0,3.0,3.0,2.0,Unfurnished,-7.28813,112.8029,rumah123
"Royal Green Bay , Rumah 2 lantai di daerah Sukolilo Surabaya Timur",1400000000,60.0,50.0,3.0,2.0,2.0,1.0,Unfurnished,-7.28813,112.8029,rumah123
Jual Rmh Siap Huniperumahan Citra Graha Mandiri ~ Asem Rowo Sby Barat*,590000000,84.0,84.0,1.0,3.0,1.0,1.0,Unfurnished,-7.28917,112.734,rumah123
"Perumahan Citra Graha Mandiri , Row Jalan 2 Mobil",625000000,84.0,80.0,3.0,1.0,1.0,,Unfurnished,-7.24736,112.707764,rumah123
Rumah.murah Perum Citra Graha Mandiri Asem Woro Surabaya Barat,590000000,84.0,84.0,3.0,1.0,1.0,1.0,Unfurnished,-7.24736,112.707764,rumah123
Rumah Asemrowo Dekat Margomulyo dan Perak SHM Harga 625 Juta,625000000,84.0,45.0,3.0,1.0,1.0,1.0,Unfurnished,-7.24736,112.707764,rumah123
Dijual Rumah Minimalis Asem Mulya,2500000000,225.0,150.0,,,1.0,1.0,Unfurnished,-7.24736,112.707764,rumah123
Dijual Rumah Jalan Asem Surabaya,3600000000,360.0,150.0,,,1.0,1.0,Unfurnished,-7.24736,112.707764,rumah123
Rumah Minimalis Jalan Asem,2100000000,360.0,150.0,,,1.0,1.0,Unfurnished,-7.24736,112.707764,rumah123
Dijual Rumah Jalan Asem Rowo Kali Surabaya,4100000000,324.0,324.0,4.0,2.0,2.0,,Unfurnished,-7.246170698,112.717406726,rumah123
"Rumah Dijual Jalan Asem,Asem Rowo Surabaya",7000000000,314.0,314.0,,,1.0,,Unfurnished,-7.25149982685185,112.713096357778,rumah123
"Rumah Butuh Renovasi Total Asemrowo, Surabaya",1400000000,358.0,300.0,3.0,1.0,1.0,2.0,Unfurnished,-7.24736,112.70776,rumah123
House For Sale Modern (3 Lantai) Araya (Galaxy Bumi Permai 2),3590000000,135.0,135.0,4.0,3.0,3.0,2.0,Unfurnished,-7.2149,112.748787,rumah123
"Rumah Semampir Strategis Siap Huni Dekat Merr Langka, Ada Taman Belakang",2190000000,200.0,150.0,3.0,1.0,1.0,,Unfurnished,-7.2149,112.748787,rumah123
Dekat Kampus Semampir Tengah Medokan Semampir Sukolilo Surabaya,1700000000,176.0,146.0,3.0,3.0,1.0,1.0,Unfurnished,-7.2149,112.748787,rumah123
Rumah Semampir Tengah Strategis - Minimalis - Siap Huni - Carport,1290000000,100.0,175.0,4.0,3.0,2.0,,Unfurnished,-7.2149,112.748787,rumah123
Dijual Cepat Rumah di Semampir Tengah,1150000000,100.0,175.0,4.0,3.0,2.0,1.0,Semi Furnished,-7.2149,112.748787,rumah123
"Rumah Surabaya Harga 400 Juta An, Lok Tambak Medayu Surabaya",473000000,32.0,64.0,2.0,2.0,1.0,1.0,Unfurnished,-7.2149,112.748787,rumah123
Rumah Semampir Tengah Siap Huni Dekat Merr Surabaya Timur,2390000000,200.0,150.0,5.0,1.0,1.0,,Unfurnished,-7.2149,112.74879,rumah123
A190. Dijual Rumah Siap Huni Selangkah Dari Merr,2190000000,200.0,150.0,3.0,1.0,1.0,2.0,Unfurnished,-7.2149,112.748787,rumah123
Araya 2 Baru Gress American Style,2950000000,120.0,155.0,4.0,3.0,2.0,2.0,Unfurnished,-7.2149,112.748787,rumah123
Dijual Rumah Full Furnised Araya 2 Lokasi Strategis Surabaya Timur,3200000000,135.0,135.0,4.0,3.0,2.0,2.0,Unfurnished,-7.2149,112.748787,rumah123
Dijual Rumah Dj Semampir Surabaya,1600000000,200.0,200.0,5.0,3.0,1.0,1.0,Unfurnished,-7.2149,112.748787,rumah123
Dijual Rumah di Semampir Barat Siap Huni Surabaya Timur,2400000000,156.0,156.0,5.0,3.0,2.0,,Unfurnished,-7.2149,112.748787,rumah123
"Rumah, 1 Lantai, SHM, di Semampir Wonosari Wonokusumo",200000000,247.0,200.0,3.0,2.0,1.0,,Unfurnished,-7.2149,112.748787,rumah123
"Rumah Raya Semampir Surabaya,Dekat Nirwana Eksekutif,Medokan",1600000000,126.0,100.0,4.0,2.0,2.0,1.0,Semi Furnished,-7.28917,112.734,rumah123
"Rumah 2 Lantai Baru SHM di Semampir, Surabaya",1380000000,60.0,80.0,3.0,3.0,2.0,,Unfurnished,-7.2149,112.74879,rumah123
"Jual Murah Hitung Tanah Under Market Rumah Siap Huni Di Raya Semampir, Dekat Raya Merr, Klampir, Nirwana Regency, Raya Nginden, Surabaya",1800000000,230.0,230.0,4.0,3.0,1.0,2.0,Unfurnished,-7.2149,112.748787,rumah123
Dijual Rumah Siap Huni Semampir Dekat Merr Bebas Banjir,1200000000,100.0,110.0,2.0,1.0,1.0,1.0,Unfurnished,-7.2149,112.74879,rumah123
Rumah Lokasi Wiyung Surabaya Barat Dekat Pakuwon dan Citraland,750000000,50.0,33.0,2.0,1.0,1.0,1.0,Unfurnished,-7.310969829559326,112.69806671142578,rumah123
Dijual Rumah Minimalis 2 LT Royal Residence,2900000000,144.0,350.0,3.0,3.0,1.0,2.0,Semi Furnished,-7.31097,112.698067,rumah123
"Jual Rumah Minimalis 2 Lantai SHM, Siap Huni di Pondok Maritim Indah, Surabaya",1100000000,78.0,100.0,3.0,2.0,2.0,1.0,Unfurnished,-7.31097,112.69807,rumah123
Dijual Rumah Wisata Bukit Mas De Louvre Wiyung Lt240m 5Kt,4900000000,240.0,360.0,5.0,4.0,2.0,,Unfurnished,,,rumah123
Dijual 240 M2 Rumah Royal Residence Raya Luar Cluster Row Jalan 4 Mobil View Danau,6500000000,240.0,384.0,4.0,3.0,3.0,2.0,Furnished,-7.31097,112.698067,rumah123
"Dijual 220 M2 Rumah Royal Residence Wiyung Surabaya Modern 2 Lantai 4+1 Kamar Tidur - Garasi Carport 3 Mobil Dekat Citraland , Pakuwon Mall",5000000000,220.0,240.0,4.0,4.0,2.0,2.0,Semi Furnished,-7.31097,112.698067,rumah123
"Dijual Rumah Royal Residence Wiyung Surabaya Spesial 4+1 Kamar Tidur - Full Furnished Modern - Carport 2 Mobil Dekat Pakuwon Mall, Citraland , Dian Istana Residence",2500000000,118.0,180.0,4.0,2.0,2.0,2.0,Furnished,-7.31097,112.698067,rumah123
"Dijual Rumah Royal Residence - Raya Luar Cluster - Row Jalan Lebar 4 Mobil - Wiyung Surabaya Barat Dekat Pakuwon Mall, Citraland, Dian Istana Residence",7500000000,387.0,450.0,4.0,3.0,2.0,2.0,Unfurnished,-7.31097,112.698067,rumah123
"Dijual Rumah Baru Royal Residence Richmond - Hadap Raya Boulevard Lebar 4 Mobil Bonus Semi Furniture New American Style Dekat Citraland, Pakuwon Indah , Graha Family, Dian Istana Residence",15000000000,450.0,550.0,4.0,4.0,2.0,2.0,Unfurnished,-7.31097,112.698067,rumah123
Dijual  Rumah Royal Residence cluster De Rosenburg Wiyung Surabaya Barat Siap Huni,5700000000,300.0,345.0,3.0,3.0,2.0,4.0,Semi Furnished,-7.3122653,112.6943559,rumah123
"Murah Luas Rumah Royal Residence Full Furnished Dekat Citraland, Wisata Bukit Mas, Dian Istana",2550000000,144.0,195.0,3.0,2.0,2.0,2.0,Furnished,-7.31097,112.698067,rumah123
Rumah Royal Residence SPESIAL 3+1 K.Tidur Wiyung Surabaya TerMURAH,2200000000,96.0,132.0,3.0,1.0,2.0,2.0,Semi Furnished,-7.31097,112.69807,rumah123
"Dijual Rumah Graha Sampurna Indah Wiyung Surabaya Barat - Samping Royal Residence Dekat Pakuwon Mall, Akses Tol Gunungsari",1600000000,135.0,92.0,4.0,2.0,1.0,1.0,Unfurnished,-7.31097,112.698067,rumah123
"Dijual Rumah Taman Pondok Indah, Wiyung-Surabaya",3000000000,250.0,120.0,3.0,2.0,1.0,1.0,Furnished,-7.317467632156138,112.6979055187012,rumah123
Dijual Rumah Baru Gress Dian Istana Park Avenue,6950000000,246.0,300.0,4.0,4.0,2.0,2.0,Semi Furnished,-7.31097,112.69807,rumah123
"Dijual Rumah Minimalis Taman Pondok Indah, Wiyung",1200000000,96.0,90.0,2.0,2.0,1.0,1.0,Unfurnished,-7.31097,112.698067,rumah123
Dijual Rumah Hook Moca Verbana - Dian Istana,3200000000,148.0,100.0,3.0,2.0,1.0,2.0,Semi Furnished,-7.31097,112.698067,rumah123
‼️Turun Harga 250 Juta ‼️Dijual Rumah Mocca Vrbana Dian Istana,3000000000,105.0,160.0,4.0,4.0,2.0,2.0,Semi Furnished,-7.31097,112.698067,rumah123
Dijual Rumah Pusat Kota Surabaya Jl Jaksa Agung,20000000000,881.0,550.0,12.0,4.0,2.0,,Unfurnished,-7.26125,112.74277,rumah123
Rumah Pusat Kota Surabaya Cocok untuk Kantor,20000000000,881.0,550.0,12.0,4.0,2.0,,Unfurnished,-7.26125,112.74277,rumah123
Rumah Komersial Kota Surabaya Walikota Mustajab Dekat Balaikota dan Grand City Mall Cocok untuk Usaha,23000000000,604.0,462.0,4.0,4.0,1.0,3.0,Unfurnished,-7.26125,112.742767,rumah123
12789 Rumah Pusat Kota Jl. Jaksa Agung Suprapto Surabaya,11200000000,563.0,1000.0,6.0,5.0,2.0,5.0,Unfurnished,-7.26125,112.74277,rumah123
Dijual Cepat Rumah Strategis 3Lt di Polak Wonorejo Sby,3000000000,189.0,567.0,5.0,5.0,3.0,,Unfurnished,-7.26125,112.742767,rumah123
Dijual Rumah Siap Huni Dekat Raya Kusuma Bangsa,8000000000,436.0,351.0,4.0,3.0,1.0,,Unfurnished,-7.26125,112.74277,rumah123
Dijual Cepat Rumah Hook 2 LT Jaksa Agung Suprapto Surabaya,12000000000,607.0,1212.0,3.0,3.0,2.0,,Unfurnished,-7.26125,112.74277,rumah123
Rumah di Pusat Kota Walikota Mustajab eks Hotel Surabaya,40000000000,600.0,1000.0,17.0,,1.0,,Unfurnished,-7.26125,112.74277,rumah123
Bangunan Rumah Jalan Seruni Surabaya Pusat,9000000000,288.0,325.0,3.0,2.0,1.0,,Unfurnished,,,rumah123
Rumah di Jalan Genteng Surabaya Cocok untuk Kos - Kos An dan Segala Usaha.,12000000000,520.0,390.0,6.0,3.0,1.0,,Unfurnished,-7.26125,112.742767,rumah123
Jl. Slamet,22500000000,597.0,260.0,4.0,2.0,1.0,,Unfurnished,,,rumah123
Rumah Ketandan Genteng Surabaya 1 Lantai Hook,2500000000,231.0,231.0,5.0,3.0,1.0,,Unfurnished,,,rumah123
Dijual Cepat Rumah 1Lt di Kalianyar,800000000,198.0,198.0,2.0,1.0,1.0,,Unfurnished,-7.26125,112.742767,rumah123
Dijual Rumah di Genteng Pusat Surabaya,15000000000,604.0,900.0,8.0,4.0,2.0,,Unfurnished,-7.26125,112.742767,rumah123
Dijual Rumah Kalianyar Hitung Tanah !!!,850000000,198.0,198.0,2.0,1.0,1.0,,Unfurnished,-7.26125,112.742767,rumah123
Jual Rumah di Slamet Pusat Kota Surabaya,14000000000,525.0,300.0,6.0,2.0,1.0,,Unfurnished,,,rumah123
Rumah 3 Lantai Undaan Surabaya - Rm009arb,1700000000,135.0,350.0,9.0,11.0,3.0,,Unfurnished,-7.26125,112.742767,rumah123
Rumah Tengah Kota Surabaya Pusat Walikota Mustajab SHM KPR,25000000000,689.0,400.0,3.0,2.0,2.0,,Unfurnished,-7.26125,112.742767,rumah123
Rumah Terawat Strategis Tengah Kota Dekat Raya Kusuma Bangsa,10000000000,529.0,271.0,4.0,1.0,1.0,,Unfurnished,-7.26125,112.742767,rumah123
"Termurah Rumah Kalikepiting Jaya 4 Kamar Hanya 1,4Man Saja",1400000000,159.0,120.0,4.0,2.0,1.0,,Unfurnished,-7.25371,112.75321,rumah123
"Rumah Vila Kalijudan Indah Siap Huni Dkt Ploso, Kenjeran",1300000000,56.0,90.0,3.0,2.0,2.0,,Unfurnished,,,rumah123
Rumah Karang Empat Strategis untuk Tinggal dan Usaha,1800000000,120.0,150.0,4.0,3.0,2.0,1.0,Unfurnished,-7.28917,112.734,rumah123
"2 LT, Nego! Dijual Rumah Ploso Surabaya!",1450000000,130.0,220.0,5.0,3.0,2.0,1.0,Unfurnished,-7.28917,112.734,rumah123
Nego! Dijual Rumah Mulyosari! Under 1M! Lokasi Strategis!,900000000,81.0,90.0,3.0,1.0,1.0,1.0,Unfurnished,-7.25371,112.753212,rumah123
For Sale Rumah Strategis Tengah Kota Raya Pacar Kembang Surabaya Mh 48,8000000000,450.0,450.0,4.0,2.0,1.0,,Unfurnished,-7.25371,112.753212,rumah123
Forsale Rumah Raya Pacar Kembang Strategis Surabaya Kota Mh 48,8000000000,450.0,450.0,4.0,2.0,1.0,,Unfurnished,-7.25371,112.753212,rumah123
Dijual Rumah Strategis Raya Pacar Kembang Surabaya Kota Mh 48,8000000000,450.0,450.0,4.0,2.0,1.0,,Unfurnished,-7.25371,112.753212,rumah123
"DIJUAL RUMAH BARU 2 LANTAI SIAP HUNI DI LEBAK ARUM 3+1 KAMAR TIDUR LUAS TANAH 122 HANYA 1,6MAN",1630000000,122.0,137.0,3.0,3.0,2.0,2.0,Unfurnished,-7.25371,112.753212,rumah123
Dijual Murah Rumah Hook Bronggalan Tambaksari Surabaya,975000000,75.0,100.0,4.0,2.0,2.0,1.0,Unfurnished,-7.25371,112.753212,rumah123
Dijual Rumah Ploso Timur,890000000,89.0,93.0,3.0,2.0,2.0,1.0,Unfurnished,-7.25371,112.753212,rumah123
"Dijual Rumah Minimalis di Lebak, Siap Huni, Row Jalan Lebar",1900000000,200.0,150.0,3.0,3.0,1.0,1.0,Unfurnished,-7.25371,112.753212,rumah123
Rumah Karang Asem Siap Huni Dekat Pasar Kapasan,1350000000,116.0,100.0,2.0,1.0,2.0,1.0,Unfurnished,-7.25371,112.753212,rumah123
"Jual Cepat Rumah Siap Huni Ploso Timur 1,5Man Saja",1500000000,134.0,119.0,3.0,2.0,1.0,,Unfurnished,-7.25371,112.753212,rumah123
Dijual Rumah Jl Ploso Timur 2 Tabaksari Sby,600000000,99.0,85.0,3.0,1.0,1.0,1.0,Unfurnished,-7.25371,112.753212,rumah123
600 Juta‼️ Rumah Ploso Timur Siap Huni,600000000,99.0,80.0,3.0,1.0,1.0,1.0,Unfurnished,-7.25371,112.753212,rumah123
Jual Cepat Rumah Daerah Lebak Arum Dekat Kenjeran,1150000000,190.0,190.0,4.0,2.0,1.0,1.0,Unfurnished,-7.25371,112.75321,rumah123
"Jual Cepat Murahhh Rumah Jl. Cancer, Karangempat",1450000000,200.0,300.0,5.0,3.0,2.0,,Unfurnished,-7.25371,112.753212,rumah123
Dijual Rumah Siap Huni Jolotundo Baru Pacarkeling Tambaksarig,2500000000,185.0,200.0,5.0,3.0,2.0,1.0,Unfurnished,-7.28917,112.734,rumah123
Satu Satunya Chofa New Rumah Baru Mewah Ada Pool,17000000000,510.0,800.0,5.0,5.0,2.0,2.0,Semi Furnished,-7.2728,112.69502,rumah123
"Satelit Utara Muraah, Turun Harga Lagi",2900000000,240.0,200.0,3.0,3.0,1.0,1.0,Unfurnished,,,rumah123
Rumah Darmo Harapan Surabaya Hadap Selatan Lokasi Strategis,5000000000,480.0,268.0,4.0,2.0,1.0,1.0,Unfurnished,,,rumah123
Dijual Cepat Dan Murahr Rumah Darmo Harapan,2600000000,220.0,200.0,3.0,3.0,2.0,2.0,Semi Furnished,-7.26548,112.6988,rumah123
Rumah Darmo Baru Barat Surabaya 2 Lantai Hadap Utara,3000000000,173.0,200.0,3.0,1.0,2.0,1.0,Semi Furnished,,,rumah123
Rumah Baru Gress Siap Huni Mewah Row Lebar Darmo Baru Barat,3100000000,120.0,200.0,4.0,4.0,2.0,2.0,Unfurnished,-7.26548,112.698799,rumah123
Rumah Baru Gress Siap Huni Mewah Row Lebar Darmo Baru Barat,4200000000,154.0,225.0,4.0,4.0,2.0,2.0,Unfurnished,-7.26548,112.698799,rumah123
Rumah Baru Gress Siap Huni Mewah Row Lebar Darmo Baru Barat,3450000000,126.0,200.0,4.0,3.0,2.0,2.0,Unfurnished,-7.26548,112.698799,rumah123
Turun Harga Dijual Rumah Kawasan Darmo Harapan Siap Huni,5000000000,480.0,268.0,4.0,2.0,1.0,,Unfurnished,-7.26548,112.698799,rumah123
Rumah Hitung Tanah - Akses Utama Sukomanunggal Ramai!,7500000000,300.0,200.0,2.0,1.0,1.0,,Unfurnished,-7.265573181579072,112.69904151239706,rumah123
Rumah-1 Lantai - Kupang Indah - Surabaya,5250000000,300.0,175.0,,,1.0,,Unfurnished,-7.26548,112.6988,rumah123
Dijual Rumah Donowati Sukomanunggal SHM,1700000000,189.0,324.0,4.0,3.0,2.0,2.0,Unfurnished,-7.267390907881849,112.70051723312348,rumah123
"Rumah Hitung Tanah 0 Jalan Raya Sukomanunggal, untuk Kantor, Cafe",7500000000,300.0,200.0,1.0,1.0,1.0,,Unfurnished,-7.265573181579072,112.69904151239706,rumah123
Dijual Rumah Mewa Dekat Sekolah International (V A),11500000000,600.0,870.0,7.0,3.0,2.0,4.0,Unfurnished,-7.26548,112.698799,rumah123
Rumah Strategis Raya Darmo Harapan Surabaya Barat,4899000000,330.0,127.0,5.0,3.0,1.0,1.0,Unfurnished,-7.26548,112.6988,rumah123
Rumah 2 Lantai Satelit Surabaya Barat Full Marmer Baru Siap Huni,13000000000,450.0,450.0,3.0,3.0,2.0,4.0,Furnished,-7.26548,112.698799,rumah123
Darmo Permai Timur Rumah Siap Huni,3250000000,300.0,250.0,3.0,2.0,2.0,,Unfurnished,,,rumah123
Darmo Permai. Raya Satelit Indah. Komersial Area,17000000000,450.0,500.0,4.0,3.0,2.0,2.0,Furnished,-7.26548,112.6988,rumah123
"Rumah Puncak Permai Utara Surabaya, Lokasi Strategis Akses Mudah",8000000000,535.0,950.0,5.0,3.0,2.0,1.0,Semi Furnished,-7.276855351539628,112.67998166667796,rumah123
Dijual Rumah Grand Harvest Cluster Belvoir Surabaya,1300000000,113.0,54.0,2.0,1.0,1.0,,Unfurnished,-7.34304,112.697388,rumah123
Dijusl Kebraon.2 Lantai.dekat.harvest Bagus Rumah,1650000000,90.0,150.0,3.0,2.0,2.0,1.0,Unfurnished,-7.28917,112.734,rumah123
Dijual Rumah Hook 2 Lantai Griya Kebraon Barat,1200000000,100.0,200.0,4.0,2.0,1.0,,Unfurnished,-7.28917,112.734,rumah123
"Rumah Baru Harvest Link.. Cuma 38 detik dari Jalan Raya Mastrip, Surabaya.⁣",2220000000,105.0,136.0,4.0,3.0,2.0,2.0,Unfurnished,,,rumah123
Rumah SHM Kedurus Karangpilang Surabaya 100 Meter Pasar Kedurus,1500000000,128.0,190.0,4.0,3.0,2.0,1.0,Semi Furnished,-7.34041,112.69703,rumah123
Murah Raya Mastrip Nol Jalan Butuh Segera Laku,3740000000,416.0,416.0,,,1.0,,Unfurnished,-7.34304,112.697388,rumah123
Rumah Dijual di Gunungsari Indah Surabaya 1.3 Miliar Ada Kitchen Set,1300000000,96.0,96.0,5.0,3.0,2.0,1.0,Semi Furnished,-7.32113,112.6997,rumah123
Rumah 2 LT Alana Gunung Sari Pinggir Jalan Raya Surabaya - Rm004arb,1400000000,60.0,60.0,3.0,2.0,2.0,1.0,Unfurnished,-7.34304,112.697388,rumah123
Dijual Rumah Dijual Rumah Ready Dekat Karang Pilang Surabaya,835000000,120.0,45.0,2.0,1.0,,1.0,Unfurnished,-7.34304,112.69739,rumah123
RUMAH DIJUAL DI SURABAYA BARAT MURAH GRAND HARVEST BEBAS BANJIR,1900000000,126.0,87.0,2.0,2.0,2.0,1.0,Unfurnished,-7.34304,112.69739,rumah123
Jual Rumah di Kebraon (Ada Tempat Utk Usaha),1300000000,96.0,144.0,4.0,2.0,1.0,,Semi Furnished,-7.342444,112.691977,rumah123
Rumah di Jual Murah Free DP di Dekat Gedangan Sidoarjo,576000000,72.0,36.0,2.0,1.0,1.0,1.0,Semi Furnished,-7.34304,112.697388,rumah123
Rumah Raya Mastrip Karangpilang Surabaya,14000000000,724.0,400.0,9.0,7.0,2.0,4.0,Unfurnished,-7.34304,112.697388,rumah123
Dijual Rumah Murah Lokasi Kebraun Indah Karangpilang,900000000,146.0,90.0,3.0,2.0,2.0,1.0,Unfurnished,-7.34304,112.69739,rumah123
RUMAH DIJUAL GRAND HARVEST MURAH STRATEGIS SURABAYA BARAT,1850000000,126.0,87.0,2.0,2.0,2.0,1.0,Unfurnished,-7.34304,112.69739,rumah123
Jual Rumah 2 Lantai Kemlaten Surabaya Selatan,2700000000,171.0,175.0,2.0,1.0,1.0,,Unfurnished,-7.34304,112.697388,rumah123
"Rumah Griya Kebraon Utara, Akses Mudah dan Lingkungan Asri",1100000000,110.0,160.0,3.0,1.0,1.0,1.0,Semi Furnished,-7.3302352125,112.698817725,rumah123
JUAL RUMAH JALAN TULUNGAGUNG GUNDIH SURABAYA,2900000000,303.0,175.0,6.0,2.0,1.0,3.0,Unfurnished,-7.25331,112.732857,rumah123
JUAL RUMAH JALAN TULUNGAGUNG GUNDIH SURABAYA,2900000000,303.0,175.0,6.0,2.0,1.0,3.0,Unfurnished,-7.25331,112.732857,rumah123
Rumah Dijual Jalan Purwodadi Bubutan Surabaya,1700000000,200.0,200.0,4.0,4.0,2.0,,Unfurnished,-7.240614539,112.7216668,rumah123
Rumah Jalan Tulungagung Surabaya Bubutan,2850000000,380.0,372.0,7.0,2.0,1.0,,Unfurnished,-7.25331,112.732857,rumah123
Lokasi Dekat Pgs Pasar Turi Rumah Cocok Gudang/ Kos di Gundih Surabaya Pusat Akses bisa Truk Ban Double,5500000000,601.0,400.0,6.0,6.0,1.0,2.0,Unfurnished,-7.25331,112.732857,rumah123
"Rumah Strategis Area Bg Junction, Peluang Usaha dan Investasi Kos",2000000000,224.0,224.0,3.0,1.0,1.0,,Unfurnished,-7.253306270167087,112.72860627838764,rumah123
Dijual Murah Rumah Usaha di Jalan Raya Tidar Surabaya Pusat Komersial,9000000000,440.0,440.0,1.0,1.0,1.0,,Unfurnished,-7.25331,112.732857,rumah123
North West Park Citraland Utara,800000000,72.0,36.0,2.0,1.0,1.0,1.0,Unfurnished,,,rumah123
"Jual Rumah Jalan Tulung Agung, Gundih, Surabaya",2300000000,303.0,175.0,10.0,3.0,2.0,3.0,Furnished,-7.2480146,112.7365609,rumah123
"Jual Rumah Jalan Tulung Agung, Gundih, Surabaya",2300000000,303.0,175.0,10.0,3.0,2.0,3.0,Furnished,-7.25331,112.732857,rumah123
Rumah Jalan Tulungagung Surabaya Pusat,4000000000,380.0,372.0,7.0,2.0,2.0,,Unfurnished,-7.25331,112.73286,rumah123
"Rumah Terawat, Bagus dan Lokasi Strategis di Praban Kulon, SBY",955000000,58.0,58.0,2.0,2.0,3.0,,Unfurnished,-7.25331,112.732857,rumah123
Rumah dan Ruko Dijual Dijalan Semarang Surabaya Pusat,12000000000,303.0,300.0,4.0,4.0,2.0,,Unfurnished,-7.2546827,112.7279606,rumah123
Bubutan Rumah Tengah Kota Strategis Jarang Ada Lokasi Bagus,1500000000,115.0,115.0,4.0,2.0,2.0,1.0,Unfurnished,-7.25331,112.732857,rumah123
Dijual Rumah Dijalan Purwodadi Surabaya Pusat,1900000000,200.0,200.0,4.0,1.0,1.0,,Unfurnished,-7.239435462,112.7221188,rumah123
Dijual Rumah Dijalan Tembok Gede Surabaya,850000000,143.0,143.0,3.0,1.0,1.0,,Unfurnished,-7.254870934150603,112.72873922563042,rumah123
DIJUAL RUMAH  TENGAH KOTA Jl.Sultan Agung - Semarang,27000000000,930.0,548.0,7.0,6.0,,9.0,Unfurnished,,,rumah123
Rumah Area Komersial Jalan Raya Bubutan Surabaya,28000000000,1402.0,850.0,4.0,4.0,2.0,4.0,Unfurnished,,,rumah123
Rumah Araya Galaxy Bumi Permai Tahap 1 Surabaya Timur,9900000000,360.0,540.0,6.0,6.0,2.0,2.0,Furnished,-7.27049,112.78055,rumah123
Rumah Araya Galaxy Bumi Permai Tahap 1 Surabaya Timur,9900000000,360.0,540.0,6.0,6.0,2.0,2.0,Furnished,-7.27049,112.78055,rumah123
"Dijual Rumah Usaha Strategis Nol Jalan Raya Kalijudan Dekat Kampus Unair & Univ Widya Mandala Uwm Cocok Dibangun Ruko, Kos, Kantor, Investasi Traffic Ramai Pusat Bisnis, Kuliner,Pendidikan. Harga Nego",5800000000,323.0,300.0,9.0,3.0,2.0,4.0,Unfurnished,-7.27049,112.780548,rumah123
Rumah Kertajaya Indah Mulyorejo Surabaya Timur Murah. Ron.a3210,3250000000,200.0,200.0,5.0,2.0,2.0,1.0,Semi Furnished,-7.27049,112.780548,rumah123
"Jual Rumah Baru Gress di Villa Kalijudan, Dekat Kampus Kedokteran Unair",1850000000,100.0,160.0,3.0,3.0,2.0,1.0,Unfurnished,-7.27049,112.780548,rumah123
Rumah Taman Gading Pantai Surabaya Murah. Ron.a3040,2500000000,452.0,223.0,,,1.0,,Unfurnished,-7.28917,112.734,rumah123
Rumah Usaha Raya Kalijudan Dekat Jalan Raya Merr dan Kampus Unair,5800000000,323.0,300.0,9.0,3.0,2.0,4.0,Unfurnished,-7.27049,112.780548,rumah123
"Rumah Regency One East Point, Mulyorjeo Dkt Mall Pakuwon City",1500000000,45.0,65.0,2.0,2.0,2.0,,Semi Furnished,-7.27049,112.78055,rumah123
Mulyosari Mas 2 LT Siap Huni Murah,3000000000,264.0,350.0,4.0,2.0,2.0,3.0,Unfurnished,-7.27049,112.78055,rumah123
Mulyosari Mas 2 LT Murah,3000000000,264.0,350.0,3.0,1.0,2.0,1.0,Unfurnished,-7.27049,112.78055,rumah123
Rumah Siap Huni 1 Lantai Babatan Pantai Surabaya Timur,1400000000,96.0,56.0,3.0,2.0,1.0,,Semi Furnished,-7.27049,112.780548,rumah123
Sutorejo Utara Full Furnished Siap Huni,4400000000,300.0,310.0,5.0,4.0,1.0,3.0,Furnished,-7.27049,112.78055,rumah123
"Rumah 1,5 LT Bhaskara SHM Siap Huni Dekat Mulyosari, Pakuwon City",1600000000,120.0,100.0,4.0,2.0,2.0,2.0,Unfurnished,-7.27049,112.780548,rumah123
Dijual Rumah Modern Minimalis Regency One Eastpoint (Baru Gress),1230000000,50.0,73.0,3.0,2.0,1.0,1.0,Unfurnished,-7.27049,112.780548,rumah123
Nego! Dijual Rumah Baru Babatan Pantai! 2 Lantai! New Unit! Hook!,2550000000,116.0,150.0,4.0,3.0,2.0,2.0,Unfurnished,-7.27049,112.780548,rumah123
"Dijual Rumah 2 Lantai - Pakuwon City Surabaya, Surabaya Timur",2600000000,104.0,150.0,4.0,3.0,2.0,2.0,Unfurnished,-7.27049,112.780548,rumah123
Dijual Rumah Hitung Tanah Manyar Kertoarjo Surabaya Harga bisa di Nego Sampai Deal,8000000000,420.0,400.0,,,1.0,,Furnished,-7.27049,112.780548,rumah123
Dijual Rumah Hitung Tanah Manyar Kertoarjo Surabaya Harga bisa di Nego Sampai Deal,8000000000,420.0,400.0,,,1.0,,Furnished,-7.27049,112.780548,rumah123
Forsale Rumah Pakuwon City Strategis Siap Huni Surabaya Dv 04,1950000000,112.0,112.0,5.0,2.0,1.0,,Unfurnished,-7.27049,112.780548,rumah123
Dijual Rumah 1 Lantai Lb 200 M2 Jl Darmo Harapan Utara 7 Surabaya,3850000000,250.0,200.0,3.0,2.0,1.0,2.0,Unfurnished,-7.258332299999999,112.6789576,rumah123
Rumah Grand Pakuwon Adelaidetipe Sanders Siap Huni Lokasi Premium,1400000000,72.0,70.0,2.0,2.0,2.0,,Unfurnished,-7.2551295,112.6616806,rumah123
Rumah di Grand Pakuwon Queensland,1200000000,48.0,60.0,2.0,2.0,2.0,1.0,Unfurnished,-7.25834,112.678978,rumah123
Dijual Rumah Grand Pakuwon,1700000000,72.0,70.0,2.0,2.0,2.0,,Semi Furnished,-7.25834,112.678978,rumah123
"Rumah Dijual Darmo Indah Timur, Surabaya",1750000000,105.0,105.0,3.0,2.0,2.0,,Unfurnished,-7.25834,112.67898,rumah123
"Rumah Dijual Darmo Harapan Indah, Tandes, Surabaya",1850000000,102.0,102.0,3.0,3.0,1.0,,Unfurnished,-7.25834,112.67898,rumah123
Rumah Murah Darmo Indah Timur 2 Lantai Surabaya Barat,1000000000,200.0,300.0,4.0,3.0,2.0,4.0,Unfurnished,-7.28917,112.734,rumah123
*Dijual Murah Rumah Grand Pakuwon Surabaya Barat*:Fire:grand Pakuwon Cluster Canberra,1680000000,90.0,100.0,4.0,2.0,2.0,,Unfurnished,-7.25834,112.678978,rumah123
Dijual Rumah dengan Attic di Cluster Adelaide Grand Pakuwon,1800000000,72.0,126.0,3.0,2.0,,2.0,Unfurnished,,,rumah123
Murah! Rumah Baru Siap Huni Grand Pakuwon Tandes Surabaya Jatim,1100000000,72.0,78.0,2.0,2.0,2.0,1.0,Unfurnished,-7.28917,112.734,rumah123
Rumah Grand Pakuwon Full Furnish,3100000000,160.0,185.0,3.0,3.0,2.0,1.0,Furnished,-7.25834,112.678978,rumah123
Jual Cepat Rumah Terawat SHM di Darmo Indah Surabaya Barat,2300000000,148.0,250.0,6.0,3.0,2.0,,Unfurnished,-7.25834,112.678978,rumah123
Rumah Graha Natura Cluster Edenia - Murahhhh Poll,1500000000,108.0,114.0,3.0,3.0,2.0,1.0,Unfurnished,-7.25834,112.67898,rumah123
Rumah Dijual Darmo Indah Barat Tandes Surabaya,5500000000,250.0,250.0,5.0,5.0,2.0,,Unfurnished,-7.262784545454627,112.68243727272925,rumah123
Dijual Rumah Raya Darmo Indah Sari bisa Dibuat Komersial,1600000000,135.0,150.0,1.0,1.0,1.0,1.0,Unfurnished,-7.28917,112.734,rumah123
"Dijual Rumah 1,5 LT Siap Huni Full Furnished Darmo Indah Timur",1750000000,105.0,150.0,3.0,2.0,2.0,1.0,Furnished,-7.28917,112.734,rumah123
Dijual Cepat. Nego Sampai Deal Minimalis Rumah di Grand Pakuwon,900000000,48.0,48.0,2.0,2.0,2.0,1.0,Unfurnished,-7.25834,112.678978,rumah123
Rumah Tengah Kota Surabaya Surabaya,1500000000,90.0,180.0,,,,,Unfurnished,,,rumah123
Dijual Rumah Strategis Dekat Akses ke Pelabuhan di Perak Barat Surabaya,6000000000,300.0,300.0,6.0,4.0,3.0,1.0,Unfurnished,-7.22996,112.724159,rumah123
Rumah 2 Lantai Bagus Siap Huni Akses Motor Saja Dekat Pasar Atom,650000000,111.0,111.0,3.0,2.0,2.0,,Furnished,-7.22996,112.724159,rumah123
Forsale Rumah Strategis di Kalisosok Hitung Tanah Surabaya Kota Ki 59,5200000000,405.0,405.0,1.0,1.0,1.0,,Unfurnished,-7.22996,112.724159,rumah123
Rumah Dijual Dijalan Kalongan Kecil Surabaya,1300000000,174.0,210.0,4.0,2.0,1.0,,Unfurnished,-7.24056,112.73351,rumah123
Dijual Rumah Jalan Ikan Belanak Krembangan Surabaya,4000000000,210.0,210.0,,2.0,2.0,,Unfurnished,-7.231161,112.727511,rumah123
Rumah Dijual Pesapen Krembangan Surabaya,2600000000,200.0,200.0,5.0,2.0,1.0,,Unfurnished,-7.233383843918986,112.733814196585,rumah123
Rumah Hitung Tanah Surat Ijo Pusat Kota,955000000,192.0,192.0,2.0,2.0,1.0,,Unfurnished,,,rumah123
Dijual Rumah Usaha Jl Krembangan Dekat Veteran Perak Rajawali,4000000000,330.0,500.0,5.0,2.0,2.0,3.0,Unfurnished,-7.22996,112.72416,rumah123
RUMAH SBY PUSAT JL. INDRAPURA NOL JALAN RAYA,15000000000,698.0,528.0,,,,,Unfurnished,,,rumah123
Karah,3000000000,256.0,450.0,5.0,4.0,2.0,1.0,Unfurnished,,,rumah123
Pagesangan,3200000000,233.0,233.0,6.0,3.0,1.0,,Unfurnished,,,rumah123
Dijual Rumah Royal Ketintang Terawat Siap Huni SHM,3400000000,120.0,200.0,3.0,3.0,2.0,1.0,Unfurnished,-7.31747,112.716637,rumah123
Jual Cepat Rumah Bagus Pagesangan 3 Menit Masjid Agung Surabaya,2200000000,98.0,150.0,4.0,2.0,2.0,1.0,Unfurnished,-7.31747,112.716637,rumah123
Dijual Rumah 3 Lantai di Jambangan Kebonagung Dekat Karah Agung,2800000000,172.0,345.0,5.0,5.0,3.0,1.0,Unfurnished,-7.31747,112.716637,rumah123
Rumah Dijual di Nol Jl Raya Jambangan Surabaya,4100000000,444.0,444.0,5.0,4.0,1.0,,Unfurnished,-7.31747,112.716637,rumah123
Rumah 2 lt Dijual di Kebonsari Tengah Surabaya,1500000000,180.0,180.0,4.0,4.0,2.0,,Unfurnished,-7.31747,112.716637,rumah123
Rumah Dijual di Jl Jambangan Surabaya Selatan,1800000000,184.0,184.0,3.0,2.0,1.0,,Unfurnished,-7.31747,112.716637,rumah123
Rumah Dijual di Jln Pagesangan Surabaya Selatan,2200000000,270.0,270.0,8.0,4.0,1.0,,Unfurnished,-7.31747,112.716637,rumah123
Dijual Rumah Terawat Siap Huni 2 Lantai One Gate System Karah Tama Jambangan,1900000000,144.0,220.0,4.0,3.0,2.0,2.0,Unfurnished,-7.28917,112.734,rumah123
Rumah Jambangan Indah Minimalis Siap Huni,2100000000,67.0,67.0,3.0,2.0,1.0,1.0,Unfurnished,-7.31747,112.716637,rumah123
Jual Rumah Jambangan Surabaya Lokasi Karah Dekat Gayungan,770000000,159.0,180.0,7.0,3.0,1.0,1.0,Unfurnished,-7.31747,112.716637,rumah123
Rumah siap huni nol jalan ketintang surabaya selatan,7300000000,315.0,300.0,6.0,5.0,2.0,1.0,Unfurnished,,,rumah123
Dijual Rumah Bagus Strategis di Central Park Ahmad Yani Surabaya,5600000000,200.0,350.0,4.0,2.0,2.0,1.0,Unfurnished,-7.31747,112.716637,rumah123
PALM SPRING SURABAYA SELATAN KAWASAN EKSKLUSIF  BISA NEGO (SG),2500000000,150.0,100.0,3.0,2.0,1.0,1.0,Unfurnished,,,rumah123
Lebar 11 Murah Minimalis Siap Huni,3900000000,275.0,400.0,3.0,2.0,1.0,2.0,Unfurnished,-7.324065,112.7133309,rumah123
Rumah Dijual Wisma Pagesangan Surabaya Selatan,2200000000,165.0,190.0,5.0,2.0,2.0,,Unfurnished,,,rumah123
Rumah Siap Huni 2 Lantai Lebar 8 Pasti Suka,1800000000,100.0,180.0,3.0,2.0,2.0,1.0,Furnished,-7.31747,112.716637,rumah123
"Rumah Full Furnish Dekat Sekolah Al-Hikmah, Masjid Agung, Tol.waru, Unesa di Kebonsari",1200000000,90.0,160.0,3.0,2.0,2.0,1.0,Furnished,-7.31747,112.716637,rumah123
Rumah 2Lt Siap Pakai Rungkut Surabaya Dekat S I E R & Transmart,800000000,66.0,128.0,4.0,2.0,2.0,1.0,Unfurnished,-7.31434,112.800232,rumah123
"Jual Apa Adanya Rumah Rungkut Surabaya Dekat Merr, Transmart & S I E R",700000000,66.0,70.0,3.0,1.0,1.0,1.0,Unfurnished,-7.31434,112.800232,rumah123
Rumah Gress 2Lt On Progress Bangun Rungkut Surabaya Dekat U P N & I T S,1250000000,75.0,125.0,3.0,2.0,2.0,1.0,Unfurnished,-7.31434,112.800232,rumah123
"Rumah Baru Gress Ready 2Lt Rungkut Surabaya Dekat Merr, U P N",1350000000,75.0,125.0,3.0,2.0,2.0,1.0,Unfurnished,-7.31434,112.800232,rumah123
Rumah Cocok untuk Usaha Kos-Kosan di Rungkut Mejoyo,1900000000,200.0,200.0,5.0,3.0,1.0,1.0,Unfurnished,-7.31434,112.800232,rumah123
Rumah Siap Huni 2 Lantai Rungkut Asri Tengah,2300000000,120.0,240.0,3.0,2.0,2.0,1.0,Semi Furnished,-7.31434,112.800232,rumah123
Rumah Luas Dekat Upn Cocok untuk Kos-Kosan,2650000000,286.0,540.0,7.0,4.0,2.0,2.0,Unfurnished,-7.31434,112.800232,rumah123
"Rumah 2 Lantai Rungkut Mapan, 5Kt 3Km SHM Siap Huni",1450000000,112.0,192.0,5.0,3.0,2.0,,Unfurnished,-7.31434,112.800232,rumah123
Graha Natura Lily Rumah Baru Minimalis,2550000000,96.0,101.0,3.0,3.0,2.0,1.0,Unfurnished,-7.27993,112.654648,rumah123
412-Dijual Rumah Mewah Furnished 700 M2 di Villa Bukit Regency,8750000000,375.0,700.0,4.0,5.0,2.0,2.0,Furnished,-7.27993,112.65465,rumah123
North West Garden ~ Citraland Utara 900 Juta An Ada Danau. Community Lounge. Rumah Bagus,900000000,40.0,59.0,2.0,2.0,2.0,1.0,Unfurnished,-7.27993,112.654648,rumah123
Rumah 3 LT Raya Lontar bisa untuk Usaha Traffic Tinggi,5700000000,264.0,550.0,6.0,7.0,3.0,2.0,Furnished,-7.28917,112.734,rumah123
Dijual Rumah Baru High Spec Pakuwon Indah The Mansion Rooftop Jacuzzi Surabaya Barat Rev.a855,7500000000,180.0,450.0,4.0,5.0,3.0,2.0,Unfurnished,-7.27993,112.654648,rumah123
Rumah Graha Natura Mewah Siap Huni Jual Cepat Murah,5500000000,432.0,500.0,3.0,4.0,2.0,2.0,Furnished,-7.28917,112.734,rumah123
Dijual Cepat Rumah Minimalis Graha Natura Free Ac!,6800000000,375.0,400.0,4.0,4.0,2.0,2.0,Unfurnished,-7.27993,112.654648,rumah123
"Graha Natura 1,5M-An 3 Kamar Tidur Bonus 4 Ac",1600000000,60.0,64.0,3.0,2.0,2.0,1.0,Unfurnished,-7.27993,112.654648,rumah123
Rumah 2 Lantai Minimalis 2 Master Bedroom Graha Natura Surabaya Barat Dekat Pakuwon Mall dan Citraland,7000000000,375.0,450.0,4.0,4.0,2.0,2.0,Unfurnished,-7.27993,112.654648,rumah123
Alam Hijau Gress,3100000000,120.0,195.0,4.0,4.0,2.0,1.0,Unfurnished,,,rumah123
Forsale Rumah Citraland Strategis Siap Tinggal Surabaya Kota Rk 214,9250000000,300.0,500.0,6.0,7.0,2.0,,Unfurnished,-7.27993,112.654648,rumah123
Forsale Rumah International Village Siap Huni Surabaya Kota Kha 63,2400000000,160.0,180.0,4.0,3.0,2.0,,Unfurnished,-7.27993,112.654648,rumah123
Dijual Rmh di Northwest Park Citraland Utarasurabaya Barat,1950000000,130.0,90.0,3.0,2.0,2.0,,Unfurnished,,,rumah123
Dijual Rumah Baru Modern Minimalis Dekat Fresh Market Citraland,4250000000,153.0,249.0,4.0,3.0,2.0,1.0,Unfurnished,-7.27993,112.654648,rumah123
For Sale Rumah Second Lebar 12Meter Siap Huni Citraland,6990000000,240.0,430.0,5.0,6.0,2.0,1.0,Semi Furnished,-7.27993,112.654648,rumah123
Dijual Rumah Dialam Galaxy Surabaya Barat,2800000000,162.0,165.0,3.0,2.0,2.0,,Unfurnished,,,rumah123
Jualsewa Rmh di Graha Natura Sambikerep Surabaya Barat,6900000000,375.0,400.0,4.0,4.0,2.0,,Unfurnished,,,rumah123
Jual Rumah Baru Gress Minimalis di Woodland Surabaya Barat,4700000000,162.0,250.0,4.0,5.0,2.0,1.0,Unfurnished,,,rumah123
Aset Bank Rumah Strategis Double Way Gayung Kebonsari Surabaya,5900000000,706.0,192.0,2.0,2.0,1.0,3.0,Unfurnished,-7.33,112.726021,rumah123
Murah Rumah Gayungsari Barat. Dkat Masjid Al Akbar dan Trans Icon,3600000000,360.0,450.0,5.0,5.0,2.0,2.0,Semi Furnished,-7.33,112.726021,rumah123
For Sale Rumah Cantik Luas Strategis di Gayungsari Surabaya Kota Jm 03,20000000000,720.0,350.0,5.0,3.0,1.0,,Unfurnished,-7.33,112.726021,rumah123
Forsale Rumah Gayungsari Strategis Siap Huni Surabaya Kota Jm 03,20000000000,720.0,350.0,5.0,3.0,1.0,,Unfurnished,-7.33,112.726021,rumah123
Dijual Rumah Luas Strategis Gayungsari Surabaya Kota Jm 03,20000000000,720.0,350.0,5.0,3.0,1.0,,Unfurnished,-7.33,112.726021,rumah123
"Jual Rumah di Menanggal Dekat Cito Mall, Trans Icon",1500000000,157.0,157.0,3.0,2.0,1.0,,Unfurnished,-7.33,112.72602,rumah123
Rumah di Gayungsari,2950000000,200.0,150.0,3.0,1.0,1.0,1.0,Unfurnished,-7.33,112.726021,rumah123
Rumah di Gayungkebonsari Surabaya,11000000000,504.0,750.0,5.0,6.0,2.0,2.0,Unfurnished,-7.33,112.726021,rumah123
Rumah Murah Minimalis Modern Lokasi Kebonsari Jambangan Surabaya Selatan,1200000000,90.0,160.0,4.0,3.0,2.0,1.0,Semi Furnished,-7.328381176793201,112.71437326920852,rumah123
Murah Blok Depan Central Park A Yani Siap Huni Minimalis,4000000000,198.0,200.0,3.0,4.0,3.0,1.0,Semi Furnished,-7.33,112.72602,rumah123
Forsale Turun Harga Rumah Gayungsari Strategis Surabaya Fd 270,5600000000,275.0,400.0,5.0,5.0,1.0,2.0,Unfurnished,-7.33,112.726021,rumah123
Rumah Gayung Kebonsari Terawat Siap Huni Semi Furnish Bagus,2750000000,136.0,140.0,4.0,3.0,2.0,2.0,Semi Furnished,-7.33,112.72602,rumah123
Rumah Baru Di Sekitar Gayungsari,2250000000,96.0,90.0,2.0,3.0,2.0,2.0,Furnished,-7.33,112.726021,rumah123
Dijual Rumah Gayungsari Barat Tropical Modern,3200000000,154.0,250.0,4.0,4.0,2.0,,Unfurnished,-7.33,112.72602,rumah123
Rumah Gayungsari 2 Lantai Dekat Trans Icon dan Masjid Agung,4700000000,350.0,350.0,4.0,4.0,2.0,1.0,Furnished,-7.33,112.726021,rumah123
Dijual Rumah Baru Gayungsari Barat Surabaya Selatan Dekat Masjid Al Akbar,3100000000,137.0,225.0,4.0,3.0,2.0,3.0,Unfurnished,-7.33,112.726021,rumah123
Dijual Rumah 1 Lantai Pangesangan Siap Huni SHM,2700000000,198.0,150.0,,2.0,1.0,1.0,Unfurnished,-7.33,112.726021,rumah123
Dijual Murah Rumah di Jalan Gayungsari Surabaya,3300000000,260.0,260.0,3.0,3.0,1.0,,Unfurnished,-7.33,112.726021,rumah123
Rumah Siap Huni Grand Royal Regency Area Bundaran Waru,890000000,77.0,75.0,2.0,2.0,2.0,1.0,Furnished,-7.33,112.726021,rumah123
Rumah Nol Jalan Raya Area Komersil Raya Tenggilis,9000000000,525.0,450.0,6.0,5.0,1.0,3.0,Unfurnished,-7.31943,112.755386,rumah123
Dijual Rungkut Mejoyo Selatan Dekat Univ Ubaya,2500000000,200.0,200.0,5.0,4.0,1.0,1.0,Unfurnished,-7.321267017592817,112.76246999578774,rumah123
Dijual rumah lama hitung tanah Tenggilis Mejoyo Dekat Univ UBAYA,1600000000,200.0,150.0,4.0,2.0,2.0,1.0,Unfurnished,-7.31471,112.764711,rumah123
Dijual Rumah tinggal lokasi komersial  Double Way Jl Raya Kendangsari Surabaya.,17000000000,1000.0,1080.0,4.0,4.0,2.0,5.0,Unfurnished,-7.31943,112.755386,rumah123
Rumah Baru Modern Minimalis**Lokasi Kendangsari Tenggilis Mejoyo Surabaya*,550000000,41.0,82.0,3.0,2.0,2.0,1.0,Unfurnished,-7.28917,112.734,rumah123
Tenggilis Utara Rumah Siap Huni Furnish,2900000000,200.0,150.0,4.0,4.0,1.0,1.0,Unfurnished,-7.31943,112.755386,rumah123
Rumah Murah Hitung Tanah Area Tenggilis Rungkut Fnl Nirwana Eksekutif,1750000000,288.0,160.0,6.0,2.0,2.0,2.0,Unfurnished,-7.31943,112.755386,rumah123
Rumah Dijual di Tenggilis Mejoyo Surabaya,3200000000,216.0,180.0,4.0,3.0,2.0,,Unfurnished,-7.317374660110218,112.767107171266,rumah123
Dijual Rumah Prapen Persada Mas Tenggilis Mejoyo Surabaya Ron.a563,5600000000,300.0,380.0,5.0,4.0,2.0,1.0,Unfurnished,-7.31943,112.755386,rumah123
Dijual Rumah Tenggilis Lama Tenggilis Mejoyo Surabaya Ron.a543,1600000000,195.0,320.0,6.0,3.0,2.0,,Unfurnished,-7.31943,112.755386,rumah123
Dijual Rumah Prapen Indah,7800000000,600.0,400.0,4.0,2.0,,1.0,Unfurnished,,,rumah123
Rumah Dijual di Tenggilis Mejoyo Surabaya,2900000000,246.0,200.0,7.0,3.0,2.0,,Unfurnished,-7.321725092677539,112.76111377794967,rumah123
"Rumah Bagus SHM di Panjang Jiwo Permai, Surabaya",2750000000,240.0,200.0,4.0,2.0,1.0,,Unfurnished,-7.31943,112.75539,rumah123
Dijual Rumah Furnished LT 600 M² Jemursari Selatan Rev.a1019,6600000000,600.0,480.0,5.0,2.0,1.0,3.0,Furnished,-7.31943,112.755386,rumah123
Rumah 1 Lantai Siap Huni Kendangsari Hadap Timur,2499000000,225.0,225.0,4.0,2.0,1.0,,Unfurnished,,,rumah123
Rumah Baru Kutisari Indah Utara Scandinavian Style Modern&Nyaman,1050000000,67.0,82.0,3.0,2.0,1.0,,Unfurnished,-7.33837994,112.7508581,rumah123
Rumah di Tenggilis Surabaya,1450000000,69.0,80.0,3.0,2.0,2.0,1.0,Unfurnished,-7.31943,112.755386,rumah123
Rumah di Tenggilis Utara,2950000000,144.0,230.0,4.0,3.0,2.0,1.0,Unfurnished,-7.31943,112.755386,rumah123
Dijual Rumah Minimalis Bangkingan Lakarsantri Surabaya,435000000,45.0,40.0,2.0,1.0,1.0,,Unfurnished,-7.30073,112.635658,rumah123
Dijual Rumah Siap Huni 1 Miliaran di Permata Safira Regency Surabaya Barat,1500000000,98.0,140.0,3.0,2.0,2.0,1.0,Unfurnished,-7.30073,112.635658,rumah123
"Dijual Murah Rumah Siap Huni di Lakarsantri, Surabaya Barat",990000000,92.0,120.0,3.0,3.0,2.0,2.0,Unfurnished,-7.30073,112.635658,rumah123
"""Rumah Premium di The Greenlake 1 Surabaya - Nyaman & Strategis",6499000000,264.0,294.0,4.0,3.0,2.0,1.0,Unfurnished,,,rumah123
Selat Golf Citraland,12500000000,300.0,550.0,5.0,6.0,3.0,1.0,Unfurnished,,,rumah123
Taman Puspa Raya New Gress,3000000000,105.0,160.0,4.0,3.0,2.0,1.0,Unfurnished,,,rumah123
Brand New House Citraland In Progress,12500000000,300.0,550.0,5.0,6.0,3.0,1.0,Unfurnished,,,rumah123
Rumah Mewah di Royal Residence Surabaya Barat - Strategis,13500000000,450.0,1000.0,6.0,5.0,2.0,1.0,Semi Furnished,-7.30073,112.63566,rumah123
"Disewakan Rumah Garden Ville, Graha Natuta",2550000000,120.0,146.0,4.0,2.0,3.0,,Unfurnished,-7.30073,112.635658,rumah123
Dijual Rumah Wisata Bukit Mas Surabaya Barat,6500000000,375.0,369.0,4.0,3.0,1.0,,Unfurnished,-7.30073,112.63566,rumah123
Rumah Somerset Citraland,5500000000,240.0,390.0,4.0,3.0,2.0,,Unfurnished,-7.30073,112.635658,rumah123
Dijual Rumah Baru Gress 2 Lantai Citraland Surabaya Barat,3000000000,105.0,163.0,4.0,3.0,2.0,2.0,Furnished,-7.30073,112.635658,rumah123
Dijual Rumah Second 2 Lantai Terawat Siap Huni,5500000000,240.0,390.0,4.0,3.0,2.0,,Unfurnished,-7.30073,112.635658,rumah123
For Sale Brand New House Citraland Utama,3650000000,135.0,213.0,4.0,5.0,2.0,2.0,Unfurnished,-7.30073,112.635658,rumah123
Dijual Rumah Baru Minimalis Citraland Siap Huni,6500000000,180.0,380.0,5.0,5.0,3.0,2.0,Semi Furnished,-7.30073,112.635658,rumah123
Rumah 2 Lantai SHGB LT 144 m2 LB 200 m2 Du Lyon Wisata Bukit Mas,2500000000,144.0,200.0,5.0,4.0,2.0,,Semi Furnished,-7.301031999999999,112.636021,rumah123
0037-Dijual Rumah Mewah di Bukit Golf Internasional Citraland,8500000000,300.0,475.0,5.0,6.0,2.0,2.0,Unfurnished,-7.30073,112.63566,rumah123
Dijual Rumah Mansion Nine Dekat Citraland Utama dan Pakuwon Mall Surabaya Barat,1500000000,72.0,105.0,3.0,3.0,2.0,,Semi Furnished,-7.30073,112.635658,rumah123
Termurah Rumah Ex Kantor Citra Sentosa Lakarsantri,880000000,165.0,240.0,1.0,1.0,1.0,,Unfurnished,-7.30073,112.635658,rumah123
"Rumah Darmo Permai Selatan Surabaya, Strategis & Luas",2600000000,200.0,120.0,3.0,2.0,1.0,1.0,Unfurnished,,,rumah123
Rumah Siap Huni Bagus SHM di Taman Simpang Darmo Permai,3900000000,277.0,200.0,4.0,2.0,1.0,,Unfurnished,-7.29503,112.710739,rumah123
Rumah 2 Lantai Commercial Area di Darmo Permai Selatan,5200000000,315.0,400.0,5.0,3.0,2.0,,Unfurnished,-7.29503,112.710739,rumah123
Dijual Rumah Mewah - Graha Famili Blok G,20000000000,390.0,600.0,5.0,5.0,3.0,2.0,Semi Furnished,-7.29503,112.710739,rumah123
Rumah 2 Lantai Villa Bukit Mas Cluster Mediterania Dekat Pintu Tol Surabaya,4300000000,240.0,300.0,5.0,5.0,2.0,2.0,Furnished,-7.29503,112.710739,rumah123
Dijual Rumah Graha Family Surabaya Blok Favorite Bagus,13500000000,375.0,400.0,4.0,4.0,2.0,2.0,Unfurnished,-7.29503,112.710739,rumah123
Dijual Rumah Hitung Tanah Kriskencana Sari Barat Dukuh Pakis Surabaya Ron.a1674,3400000000,240.0,190.0,3.0,1.0,1.0,,Unfurnished,-7.29503,112.710739,rumah123
Dijual Rumah Mewah di Darmo Hill Surabaya,25000000000,1080.0,850.0,6.0,6.0,2.0,,Unfurnished,-7.293332956,112.7149491,rumah123
Kupang Indah Hook,10750000000,735.0,1500.0,7.0,5.0,2.0,3.0,Unfurnished,-7.29503,112.710739,rumah123
Pakuwon Indah Rumah di Jalan Kembar,5500000000,230.0,250.0,4.0,5.0,2.0,1.0,Unfurnished,-7.29503,112.710739,rumah123
Wisata Bukit Mas 2 Cluster Palais,5000000000,330.0,300.0,5.0,5.0,2.0,2.0,Unfurnished,-7.29503,112.710739,rumah123
"Kupang Jaya, HGB, Murah",1200000000,144.0,100.0,2.0,4.0,1.0,,Unfurnished,,,rumah123
"Rumah Cantik Siap Huni Di Darmo Hill, Surabaya",7000000000,263.0,350.0,4.0,3.0,2.0,2.0,Semi Furnished,-7.29503,112.710739,rumah123
Dijual Rumah Kupang Indah Hitung Tanah Minimalis Strategis Siap Huni,12500000000,998.0,500.0,5.0,4.0,1.0,,Unfurnished,-7.29503,112.710739,rumah123
Rumah Mewah Villa Bukit Mas Cluster Paris (If),6000000000,374.0,375.0,4.0,3.0,2.0,1.0,Unfurnished,,,rumah123
Disewakan Rumah Usaha 0 Jalan Raya Musi Surabaya Pusat dan Barat Dekat Mayjend Ciputra World Indragiri Tunjungan,20500000000,525.0,525.0,1.0,2.0,1.0,,Semi Furnished,-7.29503,112.710739,rumah123
"Rumah 1 Lantai Terawat di Dukuh Kupang Timur, Surabaya Barat Dekat Universitas Wijaya Kusuma *",1450000000,180.0,144.0,3.0,2.0,1.0,1.0,Semi Furnished,-7.29503,112.710739,rumah123
Dijual Murah Rumah Hook Furnish di Graha Famili Surabaya,20000000000,731.0,1000.0,5.0,4.0,2.0,,Furnished,-7.29503,112.710739,rumah123
"Rumah di Bintang Diponggo, Surabaya Lokasi Elite Tengah Kota Cw",8725000000,513.0,236.0,3.0,2.0,1.0,1.0,Unfurnished,-7.26502,112.731,rumah123
Rumah Arjuna Tidar Lompobatang Petemon Hitung Tanah SHM Gudang,9000000000,795.0,560.0,4.0,2.0,1.0,4.0,Unfurnished,-7.28917,112.734,rumah123
Rumah Dijual Jalan Pacuan Kuda Sawahan Surabaya,15000000000,400.0,410.0,7.0,4.0,1.0,,Unfurnished,-7.25759,112.71741,rumah123
JUAL RUMAH MEDITERANIA BAGUS MEWAH SUDAH RENOVASI DI ARGOPURO,14800000000,589.0,423.0,5.0,4.0,2.0,1.0,Unfurnished,-7.26502,112.731003,rumah123
Dijual Rumah Dijalan Simo Katrungan Baru Surabaya,600000000,88.0,88.0,2.0,1.0,1.0,,Unfurnished,-7.262605500007629,112.71477049997874,rumah123
Dijual Lokasi tengah kota Raya Anjasmoro Surabaya,42000000000,1120.0,550.0,8.0,3.0,1.0,6.0,Unfurnished,-7.26502,112.731003,rumah123
Rumah Komersial Merapi Dekat Arjuno. Surabaya Pusat.,16500000000,767.0,500.0,7.0,7.0,2.0,1.0,Unfurnished,,,rumah123
Rumah Dijual Putat Jaya Timur Sawahan Surabaya,750000000,84.0,84.0,10.0,2.0,2.0,,Unfurnished,-7.2797575910660015,112.7202114786574,rumah123
Jual Murah Hitung Tanah Area Kedung Anyar Sawahan Harga Nego,1250000000,135.0,135.0,3.0,2.0,1.0,,Unfurnished,-7.2651218,112.7264295,rumah123
Dijual Rumah Dijalan Simo Gunung Barat Surabaya,1300000000,120.0,120.0,2.0,2.0,1.0,,Unfurnished,-7.2705012,112.7092106,rumah123
Dijual Rumah SHM di Simo Sidomulyo Surabaya Pusat,1300000000,156.0,84.0,2.0,1.0,1.0,,Unfurnished,-7.26502,112.731,rumah123
Dijual Dan Disewakan Rumah di Simolangit Siap Huni Baru Renov,2250000000,200.0,200.0,6.0,3.0,2.0,1.0,Unfurnished,-7.26502,112.731,rumah123
Rumah di Bintang Diponggo Surabaya Barat,9000000000,517.0,350.0,5.0,3.0,,,Unfurnished,,,rumah123
"Rumah Yang Nyaman Dengan Banyak Jendela Dan Sikulasi Udara Di Area Pusat Kota Surabaya, Jl Argopuro. Ke Mana2 Dekat",15000000000,620.0,600.0,5.0,4.0,2.0,2.0,Unfurnished,-7.258416,112.726917,rumah123
Dijual Murah Rumah Banyu Urip Sawahan Surabaya,1300000000,140.0,110.0,3.0,1.0,1.0,1.0,Furnished,-7.26502,112.731003,rumah123
"Jual Murah Rumah di Raya Simo Gunung , Surabaya Barat",5000000000,354.0,314.0,6.0,3.0,2.0,6.0,Unfurnished,-7.26502,112.731003,rumah123
Dijual Asset Raya Pandegiling Surabaya Pusat,5300000000,297.0,305.0,9.0,5.0,1.0,,Unfurnished,,,rumah123
Rumah Raya Arjuna Strategis Komersial Pusat Kota,26700000000,992.0,800.0,1.0,1.0,1.0,,Unfurnished,-7.26502,112.731003,rumah123
"Rumah 1 Lantai Semi Furnish Pusat Kota Pakis Tirtoasri, Surabaya",4500000000,300.0,500.0,8.0,4.0,2.0,1.0,Semi Furnished,-7.26502,112.731003,rumah123
Jual Rumah Dekat Tengah Kota Ngagel Jaya Selatan,1700000000,201.0,201.0,5.0,2.0,1.0,1.0,Unfurnished,-7.265151552715061,112.75282472915684,rumah123
Hunian Nyaman di Karang Menur Cocok Dibuat Hunian Maupun Kosan,1850000000,200.0,220.0,4.0,2.0,1.0,,Unfurnished,-7.27396,112.74819,rumah123
"Dijual Rumah 1,5 Lantai di Mojoarum Siap Huni",2950000000,294.0,294.0,4.0,3.0,2.0,1.0,Unfurnished,-7.27396,112.748192,rumah123
Jual Rumah Siap Huni Renov Bersih Layout Lega Pucang Anom,1500000000,144.0,144.0,5.0,3.0,1.0,1.0,Unfurnished,-7.265151552715061,112.75282472915684,rumah123
Dijual Rumah Mewah Baru Kertajaya Surabaya Harga Nego,9100000000,340.0,450.0,6.0,7.0,2.0,4.0,Unfurnished,-7.27396,112.748192,rumah123
Dijual Cepat Rumah Area Premium Dekat Stasiun Gubeng Surabaya,12000000000,476.0,290.0,4.0,3.0,1.0,3.0,Unfurnished,-7.27396,112.748192,rumah123
"Rumah di Ngagel Tama, Lingkungan Nyaman Lokasi Strategis",1400000000,170.0,170.0,2.0,2.0,1.0,,Unfurnished,-7.288727549963838,112.75750222088608,rumah123
0461 - Dijual Rumah JL Raya Menur 2 Lantai LT 420m KT 7 KM 3,9900000000,420.0,400.0,7.0,3.0,2.0,2.0,Unfurnished,-7.2774682,112.7622905,rumah123
Dijual Rumah Gubeng Kertajaya Surabaya,2750000000,252.0,148.0,,,1.0,,Unfurnished,-7.27396,112.748192,rumah123
Dijual Rumah Perum Dharma Indah Surabaya,2600000000,81.0,160.0,2.0,2.0,2.0,,Unfurnished,-7.27396,112.748192,rumah123
"Rumah Urban Mansion, Baru, Hadap Timur",1550000000,91.0,140.0,3.0,3.0,2.0,,Unfurnished,-7.27396,112.748192,rumah123
Dijual Rumah Perumahan Urban Mansion Surabaya,1550000000,91.0,140.0,3.0,3.0,2.0,,Unfurnished,-7.27396,112.748192,rumah123
Rumah Jl Sumatera Gubeng SHM Lokasi Strategis,14000000000,437.0,388.0,6.0,4.0,1.0,,Furnished,-7.27396,112.748192,rumah123
Kertajaya Indah Terawat Dan Mewah Modern Classic,37000000000,1834.0,571.0,5.0,5.0,1.0,2.0,Furnished,-7.28917,112.734,rumah123
"Rumah di Kedung Tarukan Lokasi Favorit,Akses Mudah ke Segala Arah",3500000000,384.0,280.0,4.0,3.0,1.0,,Semi Furnished,-7.266274766932668,112.76286010616866,rumah123
Rumah Bratang Binangun. Dekat Ubaya Ngagel,3500000000,313.0,360.0,5.0,5.0,1.0,,Unfurnished,-7.27396,112.74819,rumah123
Jual Cepat Rumah Temgah Kota Surabaya Dkt Pasarturi Demak,4000000000,380.0,372.0,7.0,2.0,2.0,,Unfurnished,,,rumah123
Dijual Disewakan Rumah Villa Bukit Regency Pakuwon Indah 5Kt 2Lt Furnish,10000000000,300.0,391.0,5.0,5.0,2.0,1.0,Unfurnished,,,rumah123
Rumah 2 Lantai di Benowo Dekat Food Junction,700000000,52.0,100.0,2.0,3.0,2.0,2.0,Unfurnished,-7.28917,112.734,rumah123
Luas 120M2!! Dijual Rumah Perum Bukit Palma Citraland Dekat Rs Bdh,1300000000,120.0,60.0,3.0,2.0,1.0,1.0,Unfurnished,-7.248874,112.631512,rumah123
Jual Cepat Perum Gading Mutiara Permai Blok D3.,550000000,84.0,84.0,2.0,2.0,1.0,,Unfurnished,-7.237192,112.604251,rumah123
Rumah Unt Pasangan Muda. Tenang. Asri. Lokasi Bagus.row Jalan Lebar,950000000,90.0,120.0,,,2.0,1.0,Unfurnished,-7.23213,112.630142,rumah123
Dijual Murah Rumah di Kandangan Rejo Surabaya Barat,350000000,62.0,62.0,2.0,1.0,1.0,1.0,Unfurnished,-7.23213,112.630142,rumah123
Dijual Rumah Dibawah Harga Pasar di Kendungrejo .Sememi Benowo .Surabaya Barat,500000000,90.0,90.0,2.0,1.0,2.0,1.0,Unfurnished,-7.23213,112.630142,rumah123
Ljm 0086 Dijual Rumah Baru Siap Huni Area Benowo Surabaya Barat Harga Start 650 Jutaan,650000000,90.0,70.0,2.0,,1.0,1.0,Semi Furnished,-7.23213,112.630142,rumah123
Dijual Rumah Hook di Tengger Kandangan Surabaya,950000000,157.0,36.0,2.0,1.0,1.0,1.0,Unfurnished,-7.26071189,112.66096742333336,rumah123
Dijual Rumah Siap Huni di Kendung Rejo Benowo Surabaya,525000000,90.0,90.0,2.0,1.0,2.0,1.0,Unfurnished,-7.23213,112.630142,rumah123
Rumah 1 Lantai Siap Huni Pakal Benowo Surabaya,2000000000,303.0,303.0,6.0,4.0,1.0,1.0,Unfurnished,-7.23213,112.630142,rumah123
Rumah Citraland Greenhill Citraland Utara,3400000000,180.0,225.0,5.0,4.0,1.0,3.0,Unfurnished,-7.23213,112.630142,rumah123
*Toko di Griya Benowo Indah Ii Urgent*,900000000,105.0,105.0,3.0,1.0,1.0,1.0,Unfurnished,,,rumah123
Dijual Rumah Strategis Siap Huni di Northwest Surabaya Kota Fd 262,1400000000,72.0,103.0,4.0,3.0,2.0,,Unfurnished,-7.23213,112.630142,rumah123
Rumah Bagus Baru Renov Sememi Rejoasri Benowo,500000000,62.0,40.0,2.0,1.0,1.0,,Unfurnished,,,rumah123
Rumah Baru Gresslokasi Pondok Benowo Indah Surabaya,850000000,97.0,140.0,3.0,3.0,2.0,1.0,Unfurnished,-7.28917,112.734,rumah123
Dijual Rumah di Perumahan Tengger Kandangan Surabaya,1100000000,119.0,200.0,4.0,3.0,2.0,,Unfurnished,-7.23213,112.630142,rumah123
Dijual Murah Rumah Baru Minimalis 2Lt Bagus Daerah Pakal Belakang Northwest Surabaya Barat Dekat Ptc Pakuwon Mall Bonus 4 Ac Water Heater Tandon Siap Huni,1300000000,94.0,150.0,3.0,3.0,2.0,1.0,Semi Furnished,-7.23213,112.630142,rumah123
Rumah 2 LT SHM Pantai Mentari Kenjeran Surabaya Timur Ja 721,2200000000,102.0,156.0,3.0,3.0,2.0,2.0,Unfurnished,-7.240977,112.79512,rumah123
Dijual Rumah Bulak Kalitinjang Baru Surabaya,1200000000,100.0,90.0,2.0,1.0,1.0,,Unfurnished,-7.28917,112.734,rumah123
Rumah Dijual Dijalan Gading Indah Utara Surabaya,1100000000,127.0,127.0,3.0,1.0,1.0,,Unfurnished,-7.2348578,112.781931,rumah123
Dijual Murah Rumah Mewah 2 Lantai Pantai Mentari Surabaya,1500000000,108.0,150.0,4.0,3.0,2.0,1.0,Unfurnished,-7.240977,112.79512,rumah123
Jual Murah Rumah Siap Huni,1500000000,90.0,90.0,4.0,3.0,2.0,1.0,Unfurnished,-7.240977,112.79512,rumah123
Dijual Rumah Pantai Mentari Surabaya Murah,650000000,108.0,150.0,4.0,3.0,2.0,1.0,Unfurnished,-7.240977,112.79512,rumah123
Dijual Rumah Dijalan Bulek Rukem Timur Surabaya,800000000,90.0,90.0,4.0,4.0,2.0,,Unfurnished,-7.233252139255654,112.77291104077835,rumah123
Dijual Rumah Dijalan Kyai Tambak Deres Surabaya,4500000000,583.0,250.0,5.0,3.0,1.0,,Unfurnished,-7.23263800001899,112.7844579999731,rumah123
Dijual Cepat Rumah Gading Indah Harga Dibawah Harga Pasar,950000000,165.0,125.0,3.0,1.0,2.0,1.0,Unfurnished,-7.240977,112.79512,rumah123
JUAL RUMAH PANTAI MENTARI NEW MINIMALIS,2650000000,128.0,190.0,4.0,3.0,2.0,2.0,Unfurnished,,,rumah123
Dijual Rumah di Kedinding Tengah Kenjeran Suramadu,1100000000,100.0,170.0,3.0,2.0,2.0,1.0,Unfurnished,-7.2409767,112.7951194,rumah123
"Dijual Rumah Di Pantai Mentari, Kenjeran",2850000000,181.0,181.0,3.0,2.0,1.0,1.0,Unfurnished,,,rumah123
Dijual Rumah 1 Lantai Lokasi Bulak Kali Tinjang Kenjeran,790000000,85.0,70.0,3.0,2.0,1.0,2.0,Unfurnished,-7.2409767,112.7951194,rumah123
Rumah Baru Kyai Tambak Deres Bulak Kenjeran Surabaya,650000000,30.0,60.0,2.0,2.0,2.0,1.0,Unfurnished,-7.240977,112.79512,rumah123
Dijual Rumah Pantai Mentari Cluster Depan Dekat Kenjeran,1000000000,72.0,50.0,3.0,1.0,1.0,1.0,Unfurnished,-7.28917,112.734,rumah123
Dijual Rumah Bulak Setro Surabaya Ron.a3128,420000000,24.0,50.0,2.0,2.0,2.0,,Unfurnished,-7.240977,112.79512,rumah123
Dijual Rumah di Gading Indah Utara,1300000000,122.0,250.0,3.0,2.0,2.0,1.0,Unfurnished,-7.240977,112.79512,rumah123
Dijual Rumah Full Furnish Pantai Mentari,3600000000,250.0,300.0,4.0,3.0,2.0,2.0,Furnished,-7.28917,112.734,rumah123
Rumah Minimalis 2 Lantai di Pusat Kota Surabaya Strategis [107],5000000000,242.0,280.0,6.0,2.0,2.0,,Unfurnished,-7.304,112.7316,rumah123
Bagus Terawat Rumah Darmo Kali Surabaya,25000000000,1072.0,500.0,8.0,4.0,1.0,3.0,Unfurnished,-7.304,112.7316,rumah123
"Siap Huni, Rumah, 1 Lantai di Darmo. Wonokromo Surabaya",7500000000,358.0,285.0,4.0,3.0,1.0,2.0,Semi Furnished,-7.28917,112.734,rumah123
Dijual Rumah Diponegoro Surabaya,52000000000,862.0,900.0,7.0,4.0,1.0,,Unfurnished,-7.304,112.731598,rumah123
Dijual Rumah Terawat Pusat Kota di Jalan Gadung Surabaya Selatan Dekat Rsal,950000000,177.0,177.0,5.0,2.0,1.0,,Unfurnished,-7.304,112.731598,rumah123
"Rumah di Area Darmo, Wonokromo Surabaya",25000000000,768.0,300.0,4.0,3.0,1.0,,Unfurnished,-7.304,112.731598,rumah123
Dijual Rumah Regency Kuda Dua Jagir Wonokromo Surabaya Ron.a1609,2400000000,191.0,200.0,3.0,3.0,2.0,2.0,Unfurnished,-7.304,112.731598,rumah123
Jual Rumah SHM Murah 2 Lantai di Wonokromo Surabaya,400000000,65.0,100.0,2.0,1.0,2.0,,Unfurnished,-7.300373,112.73716,rumah123
Dijual Rumah Dekat Raya Darmo Cocok untuk Usaha atau Kantor,28000000000,827.0,475.0,4.0,2.0,1.0,,Unfurnished,-7.304,112.731598,rumah123
Dijual Rumah Juwono,13500000000,574.0,500.0,7.0,4.0,2.0,3.0,Unfurnished,-7.28917,112.734,rumah123
Dijual Murah Rumah Luas Jl. Kutai Darmo Wonokromo Surabaya Pusat,5900000000,280.0,165.0,1.0,1.0,1.0,2.0,Unfurnished,-7.304,112.731598,rumah123
Cluster Taman Jivva Berlokasi di Kebraon Surabaya. Sold 50% Unit Terbatas. Dapatkan Promo Besar-Besaran Hanya Bulan Ini,700000000,50.0,33.0,2.0,1.0,1.0,1.0,Unfurnished,-7.304,112.731598,rumah123
Jual Rugi Butuh Cepat Laku,600000000,102.0,102.0,3.0,1.0,1.0,,Unfurnished,-7.296067641478928,112.74701615632164,rumah123
Dijual Rumah Hitung Tanah Ogan Darmo Wonokromo Surabaya Ron.a2483,4150000000,286.0,180.0,1.0,1.0,1.0,,Unfurnished,-7.304,112.731598,rumah123
"Siap Huni, Rumah, 1 Lantai, SHM, Dekat Fasilitas Kesehatan, Dekat Akses Tol",950000000,90.0,75.0,2.0,1.0,1.0,,Unfurnished,-7.304,112.731598,rumah123
"Bendul Merisi Selatan Dekat Plaza Marina, Royal Plaza, Tol, Polda",2300000000,200.0,135.0,4.0,3.0,1.0,1.0,Unfurnished,-7.304,112.731598,rumah123
Rumah Pusat Kota Jl. Darmo Kali Surabaya,6700000000,476.0,500.0,4.0,3.0,1.0,1.0,Unfurnished,-7.304,112.731598,rumah123
Dijual Rumah Dijalan Kedungsari Surabaya,1250000000,160.0,160.0,2.0,1.0,1.0,,Unfurnished,-7.2672151,112.7334399,rumah123
Dijual Rumah Tengah Kota Strategis Surabaya,11000000000,420.0,250.0,3.0,2.0,,1.0,Semi Furnished,-7.27355,112.73746,rumah123
"Rumah Strategis untuk Usaha di Raya Kedungsari, Surabaya Pusat",22150000000,886.0,750.0,11.0,5.0,1.0,3.0,Unfurnished,-7.27355,112.73746,rumah123
"Dijual Rumah Tengah Kota di Wr Supratman, Surabaya",15000000000,486.0,200.0,2.0,2.0,1.0,2.0,Furnished,-7.27355,112.73746,rumah123
"Dijual Rumah Tengah Kota di Wr Supratman, Surabaya",15000000000,486.0,200.0,2.0,2.0,1.0,2.0,Furnished,-7.27355,112.73746,rumah123
Rumah di Imam Bonjol Surabaya,21000000000,637.0,300.0,2.0,2.0,2.0,,Unfurnished,-7.27355,112.73746,rumah123
Rumah di Jl. Kapuas Surabaya,32000000000,685.0,250.0,5.0,2.0,1.0,7.0,Unfurnished,-7.27355,112.73746,rumah123
Rumah Murah Pol dan Strategis di Pusat Kota Surabaya,9250000000,1000.0,1000.0,1.0,1.0,1.0,,Unfurnished,-7.27355,112.73746,rumah123
Dijual Rumah Murah Hitung Tanah Tengah Kota Jl Musi Hook SHM,27000000000,799.0,573.0,2.0,2.0,1.0,2.0,Unfurnished,-7.285983798225914,112.73587047431796,rumah123
Rumah Mewah Pusat Kota Siap Huni Cocok Segala Usaha Siap Nego,30000000000,1080.0,1500.0,6.0,5.0,2.0,6.0,Semi Furnished,-7.27355,112.737457,rumah123
"Rumah Hitung Tanah Tengah Kota Lingkungan Nyaman, Shm, Tegalsari, Surabaya",12000000000,405.0,405.0,,,1.0,,Unfurnished,-7.27355,112.73746,rumah123
"Rumah Komersial @ Jl. Kartini, Surabaya Pusat",35000000000,765.0,1250.0,5.0,5.0,3.0,4.0,Semi Furnished,,,rumah123
Rumah Tanah Nol Raya Kedungsari. Strategis,16000000000,961.0,750.0,5.0,3.0,2.0,15.0,Unfurnished,-7.27355,112.737457,rumah123
Dijual Rumah di Jalan Dr Cipto Tegalsari Surabaya Pusat,12000000000,332.0,263.0,6.0,3.0,2.0,,Unfurnished,-7.27355,112.737457,rumah123
Strategis.parkirbyk.ccku/Klinik Kecantikan/Kantor/Kuliner.pusat Kota,13800000000,428.0,400.0,,,1.0,,Unfurnished,-7.273550033569336,112.73745727539062,rumah123
Cocok Kedutaan & Corporate Office - Rumah Mewah Wr Supratman Tegalsari Surabaya Pusat,35000000000,994.0,861.0,6.0,5.0,2.0,10.0,Unfurnished,-7.27355,112.737457,rumah123
Rumah Jual Area Komersil Surabaya Pusat Strategis,42000000000,881.0,850.0,5.0,3.0,1.0,12.0,Unfurnished,-7.27355,112.737457,rumah123
Dijual Rumah 2 Lantai Semi Furnished di Jalan Grudo,1900000000,105.0,105.0,4.0,1.0,2.0,,Semi Furnished,,,rumah123
"Rumah Hitung Tanah Saja di Wonorejo - Tegalsari, Surabaya Pusat",2350000000,240.0,200.0,3.0,1.0,1.0,,Unfurnished,-7.28917,112.734,rumah123
Hunian Nyaman & Terawat di Gununganyar Surabaya Timur,1100000000,120.0,120.0,3.0,2.0,1.0,,Unfurnished,-7.33182,112.80822,rumah123
"Dijual Rumah 2,5 Lantai LB 144 M² Rungkut Mapan Surabaya Timur Rev.a1049",1200000000,72.0,144.0,4.0,2.0,2.0,1.0,Unfurnished,-7.33182,112.80822,rumah123
Dijual Rumah Taman Wiguna Selatan Gunung Anyar Surabaya Ron.a341,1900000000,181.0,181.0,3.0,2.0,1.0,,Unfurnished,-7.33182,112.80822,rumah123
Dijual Rumah Hitung Tanah LT 180 M² Rungkut Menanggal Harapan Surabaya Timur Rev.a1040,1150000000,180.0,120.0,3.0,1.0,1.0,1.0,Unfurnished,-7.33182,112.80822,rumah123
Dijual Rumah Hook LT 255 M² Rungkut Mapan Surabaya Timur Rev.a1039,2800000000,255.0,255.0,4.0,2.0,1.0,2.0,Unfurnished,-7.33182,112.80822,rumah123
Dijual Rumah Wiguna Timur Gunung Anyar Surabaya Ron.a534,2000000000,150.0,300.0,4.0,2.0,2.0,1.0,Semi Furnished,-7.33182,112.80822,rumah123
Dijual Rumah Siap Huni LT 144 M² Rungkut Permai SHM Surabaya Timur Rev.a1034,1700000000,144.0,117.0,3.0,2.0,1.0,2.0,Unfurnished,-7.33182,112.80822,rumah123
Rumah Dijual di Gunung Anyar Cocok untuk Kos Surabaya,3000000000,205.0,205.0,15.0,,1.0,,Unfurnished,-7.342294,112.792763,rumah123
Dijual Rumah Furnished Siap Huni LT 135 M² Rungkut Barata Rev.a1026,1550000000,135.0,90.0,2.0,1.0,1.0,3.0,Furnished,-7.33182,112.80822,rumah123
Dijual Rumah Siap Huni LT 135 M² Puri Citra Rungkut SHM Rev.a1021,1350000000,135.0,100.0,3.0,2.0,1.0,1.0,Unfurnished,-7.33182,112.80822,rumah123
Rumah Gununganyar Tambak Surabaya Murah Fer.a272,1700000000,100.0,125.0,3.0,3.0,2.0,,Semi Furnished,-7.33182,112.80822,rumah123
Dijual Rumah Puri Mas Pecatu Gunung Anyar Surabaya Ron.a1829,3750000000,170.0,240.0,4.0,3.0,2.0,1.0,Unfurnished,-7.33182,112.80822,rumah123
Dijual Rumah Puri Mas Regency Gunung Anyar Surabaya Ron.a1895,2350000000,152.0,105.0,3.0,2.0,1.0,1.0,Unfurnished,-7.33182,112.80822,rumah123
Dijual Rumah Puri Mas Gianyar Gunung Anyar Surabaya Ron.a1873,3700000000,215.0,342.0,5.0,4.0,3.0,2.0,Unfurnished,-7.33182,112.80822,rumah123
Dijual Rumah Gunung Anyar Harapan Surabaya Ron.a1853,2500000000,198.0,350.0,4.0,2.0,2.0,3.0,Unfurnished,-7.33182,112.80822,rumah123
Dijual Rumah Gunung Anyar Baru Surabaya Ron.a1729,1300000000,75.0,75.0,4.0,2.0,2.0,2.0,Unfurnished,-7.33182,112.80822,rumah123
Dijual Rumah Gunung Anyar Emas Selatan Surabaya Ron.a1703,1500000000,144.0,120.0,3.0,2.0,1.0,1.0,Unfurnished,-7.33182,112.80822,rumah123
Dijual Rumah Wiguna Selatan Gunung Anyar Surabaya Ron.a1542,1200000000,120.0,150.0,3.0,2.0,2.0,2.0,Unfurnished,-7.33182,112.80822,rumah123
Jual Rumah Minimalis 3 KT di Wiguna Selatan Surabaya Siap Huni,975000000,90.0,90.0,3.0,2.0,1.0,2.0,Unfurnished,-7.341632400011328,112.80266240000336,rumah123
Rumah Wiguna Timur Regency Minimalis 2 LT Siap Huni,1950000000,153.0,140.0,3.0,2.0,2.0,2.0,Unfurnished,-7.28917,112.734,rumah123
Rumah Northwest Lake Citraland 2 Lantai Hadap Utara Full Furnish,1375000000,55.0,100.0,2.0,2.0,2.0,,Unfurnished,,,rumah123
"Bebas Banjir, Rumah, 1 Lantai, SHM, Dekat Sekolah Negeri, Siap Huni",550000000,70.0,70.0,3.0,2.0,1.0,1.0,Unfurnished,-7.24268,112.629807,rumah123
Rumah 2 Lantai Northwest Hill Citraland Utara Surabaya Barat,1600000000,72.0,73.0,2.0,2.0,2.0,1.0,Furnished,-7.24268,112.629807,rumah123
Dijual Rumah Bagus Northwest Citraland Utara Surabaya Barat Dekat Pakuwon Mall,1850000000,90.0,90.0,3.0,3.0,2.0,,Furnished,-7.24268,112.629807,rumah123
Dijual Rumah Northwest Citraland Utara Surabaya Barat Butuh Cepat Laku,1300000000,90.0,70.0,2.0,2.0,2.0,,Unfurnished,-7.24268,112.629807,rumah123
Dijual Rumah 3 Lantai Murah di Northwest Park Citraland Surabaya,1750000000,90.0,200.0,6.0,2.0,3.0,1.0,Semi Furnished,-7.24268,112.629807,rumah123
Rumah Citraland Utara 2 Lantai Modern Minimalis Bukit Palma,1650000000,120.0,150.0,4.0,4.0,2.0,,Unfurnished,-7.24268,112.629807,rumah123
Dijual Rumah Northwest Park,1250000000,90.0,126.0,3.0,2.0,2.0,,Unfurnished,-7.24268,112.629807,rumah123
Dijual Rumah Baru Minimalis Pakal Madya Asri Surabaya,1300000000,94.0,150.0,3.0,3.0,1.0,,Unfurnished,-7.224713867776184,112.6392513757324,rumah123
"Murah dan Dijual Cepat! Rumah Baru Gress 2 Lantai, Depan Danau Northwest Citraland",2400000000,135.0,138.0,3.0,3.0,2.0,1.0,Unfurnished,-7.24268,112.62981,rumah123
Rumah Bukit Palma Grandia Citraland Utara,1800000000,144.0,60.0,2.0,1.0,1.0,1.0,Unfurnished,-7.24268,112.629807,rumah123
Dijual Rumah Siap Huni Bebas Banjir di Northwest Hill Citraland Utara,1400000000,73.0,72.0,2.0,2.0,2.0,1.0,Unfurnished,-7.24268,112.629807,rumah123
Kesempatan Langka Rumah Lebar 10 Harga Segitu Nggak Bakalan Lama ! Jual Rumah Palma Classica Surabaya Barat,1650000000,150.0,85.0,4.0,3.0,1.0,,Unfurnished,-7.24268,112.629807,rumah123
Murah Terbaik Rumah Pelican Hill Citraland,3200000000,120.0,160.0,4.0,3.0,2.0,1.0,Unfurnished,,,rumah123
Northwest Lake,1150000000,72.0,69.0,2.0,2.0,2.0,1.0,Unfurnished,-7.24268,112.629807,rumah123
"Rumah 1,5 Lantai Siap Huni Nego di Palma Classica Citraland Utara Surabaya Barat",1600000000,105.0,65.0,3.0,1.0,1.0,2.0,Semi Furnished,-7.24268,112.629807,rumah123
Jual Cepat Rumah Baru Pakal Dekat Citraland Surabaya Barat,733000000,78.0,110.0,5.0,2.0,2.0,1.0,Unfurnished,-7.24268,112.629807,rumah123
"Dijual Rumah Siap Huni, Citraland Bukit Palma",1350000000,120.0,120.0,5.0,2.0,1.0,,Unfurnished,-7.24268,112.62981,rumah123
Turun Harga 300Jt Rumah New Minimalis 2 Lantai Pakal Madya Asri Belakang Norwest Citraland (Bb),1300000000,94.0,150.0,3.0,3.0,2.0,1.0,Unfurnished,-7.24268,112.62981,rumah123
Turun Harga 300Jt Rumah New Minimalis 2 Lantai Pakal Madya Asri Belakang Norwest Citraland (Bb),1300000000,94.0,150.0,3.0,3.0,2.0,1.0,Unfurnished,-7.24268,112.62981,rumah123
Rumah Baru Minimalis Surabaya Timur siap huni,1300000000,64.0,70.0,3.0,2.0,2.0,1.0,Unfurnished,-7.24195213394914,112.78326321426393,rumah123
Dijual Rumah Lokasi Kenjeran Surabaya,750000000,39.0,78.0,2.0,2.0,2.0,1.0,Unfurnished,-7.23563,112.786163,rumah123
Dijual Rumah Baru 2 Lantai Lokasi Pantai Mentari Kenjeran,1850000000,90.0,130.0,4.0,3.0,2.0,2.0,Unfurnished,-7.23563,112.786163,rumah123
Dijual Rumah 2 Lantai Lokasi Ploso Timur Surabaya,2500000000,120.0,90.0,5.0,3.0,2.0,1.0,Unfurnished,-7.23563,112.786163,rumah123
Dijual Cepat Rumah Pantai Mentari Cluster The Havens Siap Huni,1500000000,108.0,150.0,3.0,2.0,2.0,1.0,Unfurnished,-7.23563,112.786163,rumah123
"Rumah dengan Kolam Renang, Mewah , di Pantai Mentari, Surabaya Timur",17500000000,1100.0,1200.0,9.0,6.0,3.0,,Unfurnished,,,rumah123
Dijual Rumah Siap Huni Pantai Mentari Ocean Park Bagus Terawat .,1500000000,119.0,125.0,2.0,1.0,1.0,1.0,Unfurnished,-7.23563,112.78616,rumah123
Dijual Rumah Bulak Rukem Timur Murah Hitung Tanah,399000000,72.0,60.0,2.0,2.0,2.0,1.0,Unfurnished,-7.23563,112.786163,rumah123
"Rumah Hitung Tanah Lebak Arum Dekat Raya Kenjeran, Surabaya Timur. Dekat Kapas Krampung, Lebak Jaya, Babatan Pantai, The Grand Kenjeran, Puri Galaxy, Kedung Cowek, Karang Empat, Ploso, Bronggalan, Kalijudan, Sutorejo, Mulyosari, Pakuwon City.",4200000000,875.0,500.0,4.0,4.0,1.0,1.0,Unfurnished,-7.23563,112.786163,rumah123
"Rumah 1 Lantai Lebak Arum - Kenjeran, Surabaya Timur. Dekat Raya Merr Kenjeran, Karang Asem, Karang Empat, Kapas Krampung, Putro Agung, Ploso, Bronggalan, Babatan Pantai, Pakuwon City, Mulyosari, Pantai Mentari, Dll.",1650000000,250.0,200.0,3.0,2.0,1.0,1.0,Unfurnished,-7.23563,112.786163,rumah123
"Rumah Hitung Tanah Babatan Pantai, Surabaya Timur. Dekat The Grand Kenjeran - Pantai Mentari - Gading Pantai - Raya Kenjeran - Raya Merr - Pakuwon City - Mulyosari - Sutorejo - Mulyorejo - Dharmahusada Indah, Araya 1 / Araya I, Dll.",1900000000,200.0,150.0,3.0,2.0,1.0,1.0,Unfurnished,-7.23563,112.786163,rumah123
"Rumah Baru 2 Lantai Babatan Pantai Utara, Surabaya Timur. Dekat The Grand Kenjeran, Pakuwon City, Gading Pantai, Pantai Mentari, Pakuwon City, Merr Kalijudan, Sutorejo, Mulyosari, Lebak Arum, Araya 1 / Araya I, Dll.",2550000000,146.0,280.0,4.0,4.0,2.0,2.0,Unfurnished,-7.23563,112.786163,rumah123
Dijual Rumah Gress Kenjeran! Akses Dekat dengan Jalan Raya,1800000000,90.0,120.0,3.0,3.0,1.0,1.0,Semi Furnished,-7.23563,112.786163,rumah123
Dijual Rumah Sidosermo Pdk Strategis,3250000000,200.0,300.0,4.0,3.0,2.0,,Unfurnished,-7.3273,112.737198,rumah123
Rumah +Kos2 An Super Strategis Area Komersial Jl Ry Kutisari Selatan,3750000000,400.0,500.0,16.0,3.0,2.0,,Unfurnished,-7.3273,112.737198,rumah123
Rumah Area Komersial Row 3 Mobil Jl Ry Kutisari Selatan I,7000000000,688.0,300.0,4.0,2.0,1.0,,Unfurnished,-7.3273,112.737198,rumah123
Di Jual Rumah Hook Jemur Andayani Rumah 2 Lantai,2300000000,130.0,125.0,4.0,4.0,2.0,1.0,Semi Furnished,-7.3273,112.737198,rumah123
Rumah Second Dijual Cepat Bendul Merisi Selatan Surabaya,1000000000,90.0,90.0,2.0,2.0,1.0,1.0,Unfurnished,-7.3273,112.737198,rumah123
Dijual Rumah Sidoasermo,7000000000,480.0,756.0,5.0,6.0,2.0,,Unfurnished,-7.3273,112.737198,rumah123
"Jual Cepat 3.6M Nego , Rumah Bendul Merisi",3600000000,288.0,288.0,8.0,5.0,2.0,3.0,Unfurnished,-7.3273,112.737198,rumah123
Rumah 2.5 Lantai Wonocolo Surabaya - Rm275apd,1500000000,90.0,210.0,5.0,3.0,2.0,,Unfurnished,-7.3273,112.737198,rumah123
Rumah 1 Lantai Wonocolo Surabaya - Drm278apd,6500000000,448.0,233.0,5.0,3.0,1.0,,Unfurnished,-7.3273,112.737198,rumah123
Rumah 2 Lantai Wonocolo Surabaya - Rm277apd,3500000000,180.0,236.0,5.0,4.0,2.0,,Unfurnished,-7.3273,112.737198,rumah123
Rumah 1 Lantai Wonocolo Surabaya - Rm276apd,3400000000,288.0,200.0,4.0,3.0,2.0,,Unfurnished,-7.3273,112.737198,rumah123
Jual Rumah Jemur Andayani Depan Jalan Besar,3900000000,345.0,290.0,8.0,3.0,1.0,1.0,Unfurnished,-7.3273,112.737198,rumah123
Rumah Tenggilis Timur Hook Row Jalan Lebar,3500000000,300.0,125.0,5.0,2.0,,,Unfurnished,-7.327112899999999,112.7370565,rumah123
"Rumah Siap Huni Bendul Merisi - Surabaya Selatan Akses Mudah, Dekat Pusat Kota",1300000000,102.0,120.0,3.0,2.0,1.0,,Unfurnished,-7.3273,112.737198,rumah123
"Bebas Banjir, Rumah, 2 Lantai, SHM, Dekat Pusat Perbelanjaan, Siap Huni",2400000000,240.0,315.0,8.0,4.0,2.0,1.0,Unfurnished,-7.3273,112.737198,rumah123
Dijual Rumah Dijalan Srengganan Lebar Simokerto Surabaya,2800000000,162.0,162.0,4.0,3.0,1.0,,Unfurnished,-7.2360587,112.744914,rumah123
Rumah Untuk Investasi Hitung Tanah Furnished,6300000000,900.0,450.0,4.0,3.0,1.0,1.0,Furnished,-7.23983,112.75543,rumah123
"Dijual Rumah 1,5 Lantai di Jalan Simolawang Baru Surabaya",2500000000,140.0,140.0,3.0,2.0,1.0,,Unfurnished,-7.23983,112.75543,rumah123
RUMAH 2 LANTAI DI SIMOKERTO SURABAYA HARGA NEGO,2100000000,230.0,310.0,5.0,3.0,,,Unfurnished,,,rumah123
Turun Harga Bisa Nego Lagi Rumah Sidodadi Kulon Ii,1000000000,260.0,170.0,4.0,2.0,1.0,,Unfurnished,-7.23983,112.75543,rumah123
"Dijual Rumah Usaha Daerah Simokerto, Surabaya Utara",3200000000,171.0,190.0,2.0,3.0,1.0,1.0,Unfurnished,-7.23983,112.755432,rumah123
Dijual Rumah Hitung Tanah Daerah Sidoyoso,6300000000,900.0,900.0,4.0,3.0,1.0,,Unfurnished,-7.23983,112.75543,rumah123
Dijual Rumah Sidodadi Simokerto Surabaya,1500000000,147.0,147.0,,,1.0,,Unfurnished,-7.237631,112.747381,rumah123
"Rumah Sidodadi (Simokerto) Lantai Marmer, Dekat Kapasan",5500000000,350.0,650.0,5.0,3.0,2.0,1.0,Unfurnished,,,rumah123
Rumah Dijual Dijalan Simolawang Surabaya,608000000,76.0,76.0,2.0,1.0,1.0,,Unfurnished,-7.235903,112.753205,rumah123
Rumah Dijual Dijalan Simokerto Surabaya,1300000000,110.0,110.0,2.0,2.0,1.0,,Unfurnished,-7.238621,112.7546,rumah123
"Rumah Kantor Nol Jalan Raya Dilengkapi Gudang di Pusat Kota Kapasan-Kenjeran, Simokerto",5500000000,341.0,500.0,5.0,2.0,3.0,1.0,Semi Furnished,-7.28917,112.734,rumah123
Dijual Rumah Sidotopo Wetan Indah Surabaya Utara,1100000000,100.0,100.0,4.0,2.0,2.0,1.0,Unfurnished,-7.23983,112.755432,rumah123
Rumah Dijual Dijalan Donokerto Surabaya,1300000000,139.0,139.0,3.0,1.0,1.0,,Unfurnished,-7.239820002,112.75548,rumah123
Rumah Dijual Dijalan Simolawang Baru Surabaya,3000000000,247.0,247.0,5.0,1.0,2.0,,Unfurnished,-7.23696,112.75271,rumah123
Dijual Rumah Dijalan Simokerto Surabaya,1400000000,128.0,128.0,4.0,3.0,1.0,,Unfurnished,-7.2398087227981875,112.7553604560726,rumah123
Dijual Rumah Dijalan Simolawang Baru Surabaya,1200000000,90.0,90.0,2.0,1.0,1.0,,Unfurnished,-7.23897,112.75229,rumah123
Dijual Rumah SHM di Jalan Sidoyoso Simokerto Surabaya,1500000000,100.0,100.0,3.0,2.0,1.0,,Unfurnished,-7.23983,112.75543,rumah123
Rumah Strategis Siap Huni Koala Regency Dkt Puri Galaxy,1000000000,90.0,90.0,2.0,1.0,1.0,1.0,Unfurnished,-7.306251164554098,112.7928069584413,rumah123
"Rumah Baru, Lokasi Strategis dan One Gate di Klampis, Surabaya",1650000000,102.0,125.0,3.0,3.0,2.0,,Unfurnished,-7.28813,112.802902,rumah123
Rumah Siap Huni Manyar Indah Hadap Utara,2900000000,252.0,225.0,6.0,3.0,2.0,,Unfurnished,,,rumah123
Rumah 1 Lantai Koala Regency Belakang Puri Galaxy,1000000000,90.0,90.0,2.0,1.0,1.0,1.0,Unfurnished,-7.306251164554098,112.7928069584413,rumah123
Dijual Rumah Puri Galaxy Bamboo Lake,8000000000,450.0,370.0,6.0,4.0,2.0,1.0,Unfurnished,-7.28813,112.802902,rumah123
Dijual Rumah Araya Tahap 1 - Furnished - Boulevard,6950000000,375.0,500.0,6.0,4.0,2.0,2.0,Furnished,-7.28813,112.802902,rumah123
Dijual Rumah Galaxy Bumi Permai Araya 2,2900000000,212.0,150.0,4.0,3.0,1.0,,Unfurnished,-7.28917,112.734,rumah123
Jual Rumah Baru 3Kt 2Lt Klampis Wisma Mukti Pusat Kota,2200000000,88.0,135.0,3.0,3.0,1.0,2.0,Unfurnished,-7.28813,112.802902,rumah123
Dijual Rumah New Unit B Wisma Mukti Klampis Anom Surabaya,2250000000,107.0,172.0,5.0,4.0,2.0,,Unfurnished,-7.28813,112.802902,rumah123
Rumah Dijual Wisma Mukti Dekat Hang Tuah Surabaya,1750000000,95.0,120.0,4.0,3.0,2.0,,Semi Furnished,-7.297014942864507,112.77901856331532,rumah123
Dijual Rumah di Galaxy Bumi Permai Araya 1 Surabaya,4900000000,240.0,300.0,4.0,3.0,1.0,1.0,Unfurnished,-7.28813,112.802902,rumah123
Dijual Rumah Baru di Regency 21 .Dekat Merr .Araya dan Its Surabaya,4850000000,212.0,330.0,5.0,5.0,1.0,1.0,Unfurnished,-7.28813,112.802902,rumah123
"Rumah Araya 1 Galaxy Bumi Permai, Full Furnished",4650000000,189.0,300.0,4.0,3.0,2.0,,Furnished,,,rumah123
Rumah Manyar Kertoarjo Sukolilo Surabaya Timur Murah. Ron.a941,11200000000,510.0,880.0,5.0,5.0,2.0,2.0,Semi Furnished,-7.28813,112.802902,rumah123
"Jual Rumah Minimalis di Klampis, Dekat Manyar dan Kampus Its. Bangunan Istimewa, Semi Furnishe, Tata Ruang Bagus [Arg]",3200000000,135.0,180.0,4.0,4.0,2.0,1.0,Semi Furnished,-7.28813,112.802902,rumah123
Rumah Semampir Barat Surabya Murah. Ron.a466,1500000000,126.0,100.0,4.0,1.0,2.0,1.0,Semi Furnished,-7.28917,112.734,rumah123
Rumah Mewah 2 Lantai di Araya Galaxy Bumi Permai Surabaya,2650000000,85.0,169.0,4.0,3.0,2.0,2.0,Unfurnished,-7.28917,112.734,rumah123
Rumah Cantik dan Mewah Full Marmer di Regency 21 Surabaya Dekat Raya Merr,15000000000,425.0,420.0,4.0,5.0,2.0,2.0,Unfurnished,-7.28813,112.802902,rumah123
"Rumah Cantik 2 Lantai Termurah di Klampis Semolo Timur Dekat Raya Merr, Galaxy Mall",1850000000,102.0,125.0,4.0,4.0,2.0,1.0,Unfurnished,-7.28813,112.802902,rumah123
Dijual Rumah Semampir Selatan Sukolilo Surabaya Ron.a2623,1750000000,203.0,203.0,7.0,2.0,2.0,,Unfurnished,-7.2149,112.748787,rumah123
Dijual Rumah Semampir Praja Sukolilo Surabaya Ron.a2139,835000000,175.0,29.0,2.0,1.0,1.0,,Unfurnished,-7.2149,112.748787,rumah123
Dijual Rumah Medokan Semampir Indah Sukolilo Surabaya Ron.a770,900000000,200.0,70.0,2.0,1.0,1.0,,Semi Furnished,-7.2149,112.748787,rumah123
"Araya New Minimalis , Rumah Hook",3100000000,240.0,180.0,3.0,3.0,2.0,1.0,Unfurnished,-7.2149,112.748787,rumah123
Dijual Rumah 2 Lantai di Semampir Tengah Surabaya,1300000000,60.0,120.0,2.0,2.0,2.0,,Unfurnished,-7.2149,112.748787,rumah123
Rumah Semampir Tengah Strategis - Minimalis - Siap Huni - Carport,1290000000,100.0,175.0,4.0,3.0,2.0,,Unfurnished,-7.2149,112.748787,rumah123
Owner Bu Murah Rumah Semampir Tengah Siap Huni Selangkah ke Merr,2190000000,200.0,150.0,3.0,1.0,2.0,2.0,Unfurnished,-7.28917,112.734,rumah123
Rumah di Semampir Tengah-> Selangkah ke Merr,2390000000,200.0,150.0,3.0,2.0,1.0,2.0,Unfurnished,-7.2149,112.748787,rumah123
Rumah 2.5 LT di Semampir Tengah,1350000000,100.0,175.0,4.0,3.0,2.0,1.0,Unfurnished,-7.2149,112.748787,rumah123
"Rumah Mewah SHM Nol Jalan Raya Surabaya Utara, Siap Huni.",27000000000,274.0,600.0,7.0,4.0,2.0,3.0,Semi Furnished,-7.2149,112.748787,rumah123
Rumah Baru Dekat Its di Pakuwon City Lingkungan Nyaman Siap Huni,1500000000,78.0,60.0,1.0,1.0,,,Unfurnished,-7.2149,112.74879,rumah123
Rumah Siap Huni Semolo Elok Harga Dibawah Pasaran,700000000,102.0,102.0,3.0,1.0,1.0,1.0,Unfurnished,-7.2149,112.748787,rumah123
Dijual Rumah Dijalan Petukangan Tengah Surabaya,2400000000,144.0,144.0,4.0,2.0,2.0,,Unfurnished,-7.228794930946236,112.74219895056711,rumah123
Dijual Rumah Di Raya Wonokusumo Surabaya,2800000000,240.0,240.0,1.0,1.0,1.0,,Unfurnished,-7.2261691,112.7544363,rumah123
DIJUAL RUMAH Semampir Tengah - Surabaya,2150000000,186.0,156.0,4.0,2.0,1.0,1.0,Unfurnished,-7.2149,112.74879,rumah123
Rumah Nol Jalan Raya Sidotopo Wetan Semampir Surabaya Timur,4000000000,288.0,288.0,2.0,2.0,1.0,,Unfurnished,-7.2149,112.74879,rumah123
Semampir,2190000000,200.0,158.0,3.0,1.0,1.0,1.0,Unfurnished,,,rumah123
Termurah ! Rumah di Griya Amerta Medayu,445000000,47.0,47.0,2.0,1.0,1.0,1.0,Unfurnished,-7.2149,112.748787,rumah123
Dijual Rumah Siap Huni di Royal Residence Greenwich,2750000000,100.0,125.0,4.0,3.0,2.0,1.0,Semi Furnished,-7.31097,112.698067,rumah123
Rumah Asri Linkungan Aman Siap Huni di Taman Pondok Indah Wiyung,3500000000,280.0,200.0,1.0,5.0,4.0,1.0,Unfurnished,-7.31097,112.698067,rumah123
Dijual Rumah Griya Babatan Mukti Wiyung,1900000000,135.0,100.0,4.0,2.0,1.0,1.0,Unfurnished,-7.31097,112.698067,rumah123
Jual Rumah Baru Wiyung White House Dian Istana Free 3 Ac & Kanopi,3000000000,126.0,158.0,3.0,3.0,2.0,2.0,Semi Furnished,-7.31097,112.698067,rumah123
Dijual Rumah Murah White House Dian Istana Gratis Kanopi & 3 Ac,2500000000,105.0,140.0,3.0,3.0,2.0,2.0,Unfurnished,-7.31097,112.698067,rumah123
Strategi 0 Jl.raya Menganti Wiyung Dekat Binus School & Citraland,3000000000,120.0,184.0,3.0,3.0,3.0,2.0,Unfurnished,-7.31097,112.698067,rumah123
"Rumah Graha Green Garden, Dekat Citraland Wiyung",2150000000,150.0,150.0,3.0,3.0,2.0,,Unfurnished,,,rumah123
"Fully Furnished Rumah Wisata Bukit Mas 2, Surabaya",3000000000,180.0,190.0,3.0,3.0,2.0,,Unfurnished,,,rumah123
Dijual Rumah Baru Gress 2 Lantai di Graha Green Garden - Dian Istana,2250000000,150.0,100.0,3.0,2.0,2.0,2.0,Unfurnished,-7.31097,112.698067,rumah123
Dijual Rumah Royal Residen Green Wich Paddington Town House Unit Hook Depan Danau .Surabaya,2550000000,100.0,125.0,4.0,3.0,2.0,1.0,Unfurnished,-7.31097,112.698067,rumah123
Dijual Rumah Grand Harvest Surabaya Siap Huni,1250000000,60.0,80.0,2.0,2.0,2.0,1.0,Unfurnished,-7.31097,112.698067,rumah123
Dijual Rumah Forest Mansion Full Furnish Siap Huni,3500000000,180.0,250.0,4.0,4.0,2.0,2.0,Furnished,-7.31097,112.698067,rumah123
"Rumah Baru, Mewah 3 Lantai di Wiyung",4900000000,180.0,330.0,5.0,5.0,3.0,2.0,Unfurnished,-7.31097,112.698067,rumah123
Rumah Full Furnish Siap Huni Di Kotabaru Driyorejo Gresik,550000000,84.0,84.0,2.0,1.0,1.0,1.0,Furnished,-7.31097,112.69807,rumah123
Dijual Rumah Mewah Graha Famili 15X30 Hunian Prestise di Surabaya Barat,16000000000,450.0,600.0,5.0,5.0,2.0,2.0,Unfurnished,-7.31097,112.698067,rumah123
Dijual Rumah Mewah di Jalan Wijaya Kusuma,40000000000,1000.0,1000.0,8.0,4.0,2.0,1.0,Unfurnished,,,rumah123
Rumah di Jl. Jaksa Agung Suprapto,18000000000,590.0,400.0,,,,,Furnished,-7.2614722,112.7428284,rumah123
Rumah SHM Hitung Tanah Surabaya Pusat,8000000000,400.0,300.0,4.0,3.0,2.0,,Unfurnished,-7.26125,112.74277,rumah123
Dijual Rumah Jln Jaksa Agung Suprapto,10000000000,529.0,271.0,4.0,2.0,1.0,,Unfurnished,-7.26125,112.74277,rumah123
"Dijual Rumah Hanya 2 Menit ke Raya Darmo, Area Premium Pusat Kota Jl. Kanwa Surabaya",11500000000,433.0,500.0,7.0,4.0,,,Unfurnished,,,rumah123
Dijual Rumah di Ngaglik 1.5 M Negoo,1500000000,150.0,130.0,3.0,1.0,1.0,1.0,Unfurnished,-7.26125,112.742767,rumah123
Dijual Rumah Kos2an Aktif di Genteng Sidomukti,750000000,120.0,90.0,8.0,2.0,1.0,,Unfurnished,-7.26125,112.742767,rumah123
Ca1125 Dijual Rumah 2 LT Siap Huni Bagus Tengah Kota SHM di Walikota Mustajab Surabaya,26000000000,660.0,250.0,5.0,4.0,2.0,,Unfurnished,-7.26125,112.742767,rumah123
Dijual Rumah Tengah Kota Jaksa Agung Suprapto Surabaya,12000000000,612.0,734.0,4.0,2.0,2.0,1.0,Unfurnished,-7.26125,112.742767,rumah123
Jual Rumah Strategis Pusat Kota Surabaya,18000000000,738.0,525.0,4.0,4.0,2.0,10.0,Furnished,-7.26125,112.742767,rumah123
Murah Dijual Rumah Usaha Surabaya Pusat Jalan Walikota Mustajab - Ketabang - Genteng - Hadap Nol Jalan Rayakomersial Area - Parkiran Mobil Luas Cocok Buat Segala Usaha - SHM,18000000000,738.0,525.0,4.0,2.0,2.0,10.0,Unfurnished,-7.26125,112.742767,rumah123
Dijual Rumah Komersial Pusat Kota Surabaya,23000000000,604.0,462.0,3.0,3.0,1.0,,Unfurnished,-7.26125,112.74277,rumah123
Dijual Rumah Siap Huni Ambengan Surabaya Pusat,5500000000,498.0,200.0,2.0,1.0,1.0,,Unfurnished,-7.26125,112.74277,rumah123
Rumah Strategis Pusat Kota Jalan Kecilung Surabaya Pusat,6500000000,370.0,600.0,5.0,4.0,2.0,3.0,Unfurnished,-7.26125,112.742767,rumah123
Rumah Pusat Kota Dijual Murah Butuh Cepat Laku,2500000000,264.0,600.0,5.0,6.0,3.0,2.0,Unfurnished,-7.26125,112.742767,rumah123
Kalianyar Seberang Sekolah Petra Area Tambaksari.,10000000000,480.0,480.0,1.0,1.0,1.0,,Unfurnished,-7.26125,112.742767,rumah123
*dijual Rumah Kalianyar**(masuk Gang)**_hitung Tanah !!!_*,800000000,198.0,165.0,2.0,1.0,1.0,1.0,Unfurnished,-7.26125,112.742767,rumah123
"RUMAH JALAN SLAMET COCOK BUAT HOMESTAY, KOST, KULINER LEBAR 15X35 METER ADA 6 KAMAR TIDUR",12000000000,524.0,400.0,6.0,3.0,1.0,5.0,Semi Furnished,,,rumah123
Rumah Tengah Kota Jl Pandan Surabaya,8000000000,390.0,300.0,7.0,2.0,1.0,2.0,Unfurnished,,,rumah123
Ruang Kantor Praxis Office,2000000000,88.0,88.0,2.0,1.0,1.0,1.0,Furnished,,,rumah123
Dijual Rumah Baru Siap Huni 2 Lantai Villa Kalijudan Surabaya,1970000000,100.0,160.0,3.0,3.0,3.0,1.0,Unfurnished,-7.25371,112.75321,rumah123
Rumah Ploso Timur Strategis Siap Huni Murah,600000000,99.0,85.0,3.0,1.0,1.0,,Unfurnished,-7.25371,112.753212,rumah123
Dijual Rumah Baru Gress Karang Asem Minimalis Baru,1300000000,80.0,110.0,3.0,3.0,2.0,,Unfurnished,-7.25371,112.753212,rumah123
"Pasti Murah Ploso Timur (Terima Siap Huni, Row 1.Mobil)",600000000,99.0,85.0,3.0,1.0,1.0,,Unfurnished,-7.25371,112.75321,rumah123
Rumah Jl Kesumba Kondisi Terawat Strategis Siap Huni Bonus Full Furnished,3400000000,265.0,180.0,4.0,2.0,1.0,,Furnished,-7.25371,112.753212,rumah123
Rumah Siap Huni di Setro - Surabaya,1050000000,77.0,154.0,4.0,2.0,2.0,1.0,Unfurnished,-7.239860201203257,112.77681055757232,rumah123
Dijual Rumah Mewah di Lebak Jaya Surabaya,6000000000,485.0,435.0,4.0,4.0,2.0,1.0,Furnished,-7.246890350718175,112.77731258996874,rumah123
Dijual Rumah Mewah Siap Huni Harga Tanah di Lebak Jaya 2 Surabaya,3500000000,304.0,400.0,5.0,4.0,2.0,1.0,Furnished,-7.246768902205218,112.77504065936267,rumah123
Rumah Luas Siap Usaha/Home Industry Ploso Timur Surabaya,2600000000,410.0,380.0,10.0,10.0,1.0,1.0,Semi Furnished,-7.25531,112.77606,rumah123
Dijual Rumah Ploso 2 Lantai Siap Huni,2300000000,156.0,180.0,4.0,3.0,2.0,1.0,Furnished,-7.25371,112.753212,rumah123
"Villa Kalijudan, 2 Lantai, SHM, Terawat",1300000000,56.0,96.0,3.0,2.0,2.0,1.0,Unfurnished,-7.28917,112.734,rumah123
7Jt-An/Mtr‼️Rumah Hitung Tanah Lebak Dekat Kenjeran Surabaya Timur,1300000000,170.0,140.0,4.0,2.0,1.0,2.0,Unfurnished,-7.25371,112.753212,rumah123
Bronggalan Minimalis Siap Huni,1550000000,112.0,200.0,4.0,3.0,2.0,,Unfurnished,,,rumah123
"Jual Rmh 1.5Lt Siap Huni di Karang Empat Dekat Unair,Kaza Dll",1400000000,120.0,135.0,4.0,3.0,2.0,1.0,Unfurnished,-7.25371,112.753212,rumah123
Rumah Baru Ploso Timur Dekat ke Tengah Kota,775000000,48.0,80.0,3.0,2.0,2.0,1.0,Unfurnished,-7.25371,112.753212,rumah123
Karang Empat Besar Cocok Utk Usaha,1500000000,136.0,175.0,3.0,3.0,1.0,,Unfurnished,-7.25371,112.75321,rumah123
Rumah Lebak SHM Luas 10X17 Hanya 8Juta Meter Nego Ada Dek untuk Jemuran Atas,1360000000,170.0,170.0,3.0,1.0,1.0,1.0,Unfurnished,-7.25371,112.753212,rumah123
Rumah Lebak Indah - Strategis - Siap Huni,1650000000,188.0,160.0,3.0,4.0,1.0,,Unfurnished,-7.25371,112.753212,rumah123
Rukost Aktif - Darmo Permai Timur,6600000000,360.0,550.0,13.0,13.0,2.0,1.0,Unfurnished,,,rumah123
Dijual Rumah Hitung Tanah di Darmo Harapan (H N),2400000000,220.0,100.0,3.0,2.0,1.0,,Unfurnished,-7.26548,112.698799,rumah123
Rumah Satelit Utara Sukomanunggal 150M ke Raya Satelit SHM Row 2.5Mobil Longgar,3100000000,240.0,200.0,3.0,2.0,1.0,2.0,Unfurnished,-7.26548,112.698799,rumah123
Rumah Strategis Nol Jalan Kembar Darmo Harapan Surabaya Barat,4900000000,330.0,127.0,3.0,3.0,1.0,1.0,Unfurnished,-7.26548,112.6988,rumah123
Jual Cepat Rumah Raya Satelit Surabaya Jalan Kembar,8000000000,450.0,700.0,5.0,3.0,2.0,2.0,Semi Furnished,-7.26548,112.698799,rumah123
Jual Cepat Rumah Raya Satelit Murah Surabaya Barat,8000000000,450.0,700.0,5.0,3.0,2.0,2.0,Unfurnished,-7.26548,112.698799,rumah123
Dijual rumah surabaya Barat Taman Hunian Satelit 1 siap huni,21000000000,1050.0,968.0,5.0,7.0,2.0,3.0,Unfurnished,-7.26548,112.698799,rumah123
"Rumah di Perum Bavarian Village , Darmo Surabaya ( De 8152 )",3600000000,176.0,225.0,5.0,4.0,2.0,2.0,Unfurnished,-7.26548,112.698799,rumah123
Rumah Minimalis Siap Huni di Tanjung Sari (Lm),3500000000,200.0,270.0,5.0,4.0,2.0,1.0,Unfurnished,,,rumah123
Dijual Rumah Mewah Lux Model Villa Taman Hunian Satelit,7500000000,314.0,350.0,4.0,3.0,2.0,2.0,Furnished,-7.26548,112.6988,rumah123
Dijual Rumah Raya Satelit,10500000000,600.0,870.0,8.0,4.0,2.0,,Unfurnished,-7.26548,112.698799,rumah123
Dijual Rumah Murahsukomanunggal Surabaya,1500000000,120.0,45.0,2.0,1.0,1.0,1.0,Unfurnished,-7.26548,112.698799,rumah123
Murahh Rumah Hitung Tanah Nego di Darmo Harapan Surabaya,3250000000,400.0,250.0,4.0,3.0,1.0,1.0,Unfurnished,-7.26548,112.6988,rumah123
Rumah Siap Huni Lokasi Strategis Satelit Utara Sukomanunggal,3250000000,275.0,260.0,4.0,3.0,,,Unfurnished,-7.265425,112.6988784,rumah123
Chofa Mewah Minimalis Rumah Baru Ada Kolam Renang Swimming 12.5m,12500000000,408.0,500.0,4.0,3.0,3.0,2.0,Furnished,-7.26548,112.698799,rumah123
Darmo Harapan Cluster Tierra Residence Tipe Sun Best View Garden,6150000000,144.0,209.0,5.0,5.0,2.0,,Semi Furnished,-7.26548,112.6988,rumah123
Rumah Darmo Harapan Cluster Tierra Residence Lokasi Strategis,3520000000,105.0,109.0,5.0,4.0,2.0,,Semi Furnished,-7.26548,112.6988,rumah123
Rumah Minimalis Siap Huni di Darmo Permai Surabaya Barat,1650000000,108.0,103.0,3.0,2.0,2.0,1.0,Unfurnished,-7.26548,112.698799,rumah123
Dijual Rumah Mewah Puncak Permai Utara Hunian Nyaman,11000000000,780.0,800.0,5.0,4.0,2.0,2.0,Unfurnished,-7.26548,112.6988,rumah123
Dijual Rumah Elite Strategis Dekat Universitas Negeri Surabaya,3200000000,112.0,128.0,5.0,3.0,2.0,2.0,Unfurnished,-7.2771,112.717407,rumah123
Rumah Jual Murah Alam Hijau Pojok Strategis,2900000000,210.0,240.0,3.0,3.0,2.0,2.0,Unfurnished,-7.309354,112.656548,rumah123
Pakis Argosari Mayjen Sungkono Ciputra World,6500000000,420.0,290.0,3.0,2.0,1.0,,Unfurnished,,,rumah123
Rumah Bagus Terenovasi HGB Bangkingan Surabaya,800000000,96.0,65.0,2.0,1.0,1.0,1.0,Unfurnished,-7.34304,112.697388,rumah123
Rumah Modern Siap Huni. 2 Lantai. untuk Keluarga Milenial Minimalis,1050000000,50.0,70.0,2.0,2.0,2.0,1.0,Unfurnished,-7.34304,112.697388,rumah123
Dijual Rumah Baru Gress Siap Huni di Grand Harvest,1250000000,108.0,49.0,2.0,1.0,1.0,2.0,Unfurnished,-7.34304,112.697388,rumah123
Taman Jivva 0857xxxxxxxx,750000000,50.0,33.0,2.0,1.0,1.0,1.0,Unfurnished,,,rumah123
"Rumah Baru, Row 3 Mobil di Kemlaten Karangpilang",750000000,50.0,33.0,2.0,1.0,1.0,1.0,Unfurnished,-7.34304,112.697388,rumah123
Rumah Baru 2 Lantai dengan KT 4 di Surabaya Selatan,1260000000,72.0,91.0,4.0,2.0,2.0,1.0,Unfurnished,-7.34304,112.697388,rumah123
Dijual Rumah Siap Huni Terawat Semi Furnished 2 Lantai Row Luas Maharaja Village Kebraon,1300000000,105.0,105.0,3.0,2.0,1.0,1.0,Semi Furnished,-7.28917,112.734,rumah123
"RUMAH BARU DI ALANA REGENCY GUNUNGSARI, SURABAYA BARANG",700000000,60.0,63.0,3.0,2.0,,,Unfurnished,,,rumah123
Flash Sale! Tanah Hook Ngantong - Gunungsari Indah Surabaya Selatan Cocok Dibangun Kost 2 Lantai,2360000000,249.0,53.0,2.0,1.0,1.0,,Unfurnished,-7.34304,112.697388,rumah123
Dijual Rumah Griya Kebraon Karangpilang Surabaya Ron.a2174,1200000000,109.0,170.0,4.0,2.0,2.0,1.0,Unfurnished,-7.34304,112.697388,rumah123
Dijual Rumah Jalan Kemlaten Karangpilang Surabaya,1200000000,253.0,253.0,5.0,3.0,1.0,,Unfurnished,-7.328370750795898,112.70739414190648,rumah123
Dijual Rumah Gunungsari Indah - Hitung Tanah,1800000000,239.0,75.0,2.0,1.0,1.0,1.0,Unfurnished,-7.34304,112.697388,rumah123
Rumah Baru Taman Pondok Jati Taman Sidoarjo,990000000,128.0,45.0,2.0,1.0,1.0,1.0,Unfurnished,-7.34304,112.697388,rumah123
Rumah Kemlaten Baru Barat di Surabaya Selatan,700000000,70.0,70.0,3.0,1.0,1.0,1.0,Unfurnished,-7.34304,112.69739,rumah123
"Rumah Kemlaten Baru Barat Karangpilang, Surabaya Selatan",700000000,70.0,70.0,3.0,1.0,1.0,1.0,Unfurnished,-7.34304,112.69739,rumah123
"Rumah Dijual Gunungsari Indah, Karangpilang, Surabaya",950000000,96.0,96.0,2.0,1.0,1.0,,Unfurnished,-7.34304,112.69739,rumah123
"Rumah Siap Huni Bawah Harga Pasar di Gunung Sari Indah, Karang Pilang",2000000000,120.0,165.0,4.0,3.0,2.0,1.0,Unfurnished,-7.28917,112.734,rumah123
DIJUAL RUMAH GRIYA KEBRAON UTARA SURABAYA,1500000000,103.0,100.0,3.0,1.0,1.0,1.0,Unfurnished,-7.34304,112.69739,rumah123
Dijual Rumah Dijalan Dupak Bandarejo Surabaya,2500000000,198.0,198.0,4.0,2.0,2.0,,Unfurnished,-7.243155,112.7192933,rumah123
Rumah Dijual di Jalan Tembok Dukuh Surabaya Pusat,5900000000,360.0,330.0,3.0,2.0,1.0,,Unfurnished,-7.25331,112.732857,rumah123
DIJUAL RUMAH MEWAH ASRI LOKASI STRATEGIS,2000000000,170.0,218.0,3.0,2.0,1.0,,Unfurnished,,,rumah123
Rumah Dijual Kalibutuh Bubutan Surabaya,1500000000,105.0,180.0,2.0,2.0,2.0,,Unfurnished,-7.2556854064968945,112.72371295427882,rumah123
"Dijual Rumah Baru Bangun, Northwest Lake Surabaya",975000000,55.0,65.0,2.0,2.0,2.0,1.0,Unfurnished,-7.25331,112.732857,rumah123
Dijual Rumah Dekat Jln Demak,650000000,84.0,84.0,3.0,1.0,1.0,1.0,Unfurnished,-7.25331,112.732857,rumah123
Rumah 2 Lantai Siap Huni Gundih Bubutan Surabaya,1400000000,129.0,250.0,5.0,3.0,2.0,1.0,Unfurnished,-7.25331,112.732857,rumah123
Rumah Dijual Dijalan Demak Surabaya,1300000000,231.0,231.0,5.0,3.0,1.0,,Unfurnished,-7.247139,112.71881,rumah123
"Dijual Rumah Raya Bubutan. Lokasi Strategis. Cocok untuk Rumah Tinggal, Tempat Usaha, Ekspedisi",28000000000,1400.0,850.0,7.0,2.0,2.0,2.0,Unfurnished,-7.25331,112.732857,rumah123
Dijual Rumah Dian Istana,6750000000,270.0,305.0,4.0,4.0,1.0,,Unfurnished,-7.25331,112.732857,rumah123
Rumah / Kantor di Jalan Tulungagung Surabaya,2850000000,380.0,372.0,7.0,2.0,2.0,1.0,Unfurnished,,,rumah123
Dijual Rumah Dijalan Dupak Surabaya Pusat,2000000000,119.0,119.0,6.0,2.0,2.0,,Unfurnished,-7.245047000002897,112.72361649999785,rumah123
"Siap Huni, Rumah, 1 Lantai, SHM, di Bubutan",4000000000,345.0,90.0,2.0,2.0,1.0,,Unfurnished,-7.25331,112.732857,rumah123
Dijual Cepat Rumah Siap Huni di Demak Timur,1500000000,129.0,250.0,5.0,2.0,2.0,1.0,Semi Furnished,-7.25331,112.732857,rumah123
Dijual Rumah Dijalan Purwodadi Surabaya,1900000000,200.0,200.0,4.0,1.0,1.0,,Unfurnished,-7.239435462,112.7221188,rumah123
"Dijual Murah Rumah Pusat Kota Surabaya, Maspati-Surabaya",1700000000,184.0,175.0,3.0,3.0,1.0,,Unfurnished,-7.25331,112.732857,rumah123
"Jual Rumah Bubutan Pusat Kota Surabaya, Dekat Tunjungan Plasa",600000000,85.0,60.0,3.0,1.0,1.0,,Unfurnished,-7.28917,112.734,rumah123
"Rumah Jalan Demak, Cocok Untuk Usaha, Dekat Tol",15000000000,319.0,319.0,1.0,1.0,1.0,1.0,Unfurnished,,,rumah123
Dijual Rumah Dijalan Jepara Surabaya Pusat,2700000000,358.0,358.0,5.0,4.0,2.0,,Unfurnished,-7.239257092824033,112.7247210311878,rumah123
For Sale Rumah Cantik Pakuwon City Surabaya Kota Dv 04,1950000000,112.0,112.0,5.0,2.0,,,Unfurnished,-7.27049,112.780548,rumah123
"Rumah Baru di Jual di Suterejo Prima Surabaya Timur Dekat Kampus Its, Unair",1990000000,90.0,90.0,4.0,3.0,2.0,,Unfurnished,,,rumah123
Rumah Dijual Mulyosari Utara Gress New Minimalis,1550000000,82.0,115.0,3.0,3.0,2.0,1.0,Unfurnished,,,rumah123
Dijual Cepat Rumah Pakuwon City Siap Huni Surabaya Kota Dv 04,1950000000,112.0,112.0,5.0,2.0,2.0,,Unfurnished,-7.27049,112.780548,rumah123
"Mulyosari Minimalis 2 Lantai, Carport 2 Mobil, Dekat Kampus Its, Unair",1550000000,83.0,115.0,3.0,3.0,2.0,2.0,Unfurnished,-7.27049,112.780548,rumah123
Rumah Babatan Pantai Strategis Hitung Tanah Row 3 Mobil,3850000000,320.0,200.0,3.0,3.0,1.0,,Unfurnished,-7.27049,112.780548,rumah123
Rumah Sutorejo Utara Row 3 Mobil,2750000000,200.0,175.0,4.0,3.0,1.0,,Unfurnished,-7.27049,112.780548,rumah123
Rumah Hitung Tanah Sutorejo Surabaya Timur,1750000000,135.0,184.0,3.0,2.0,1.0,,Furnished,-7.27049,112.780548,rumah123
"Rumah Imperial Beach, Palm Beach, Pakuwon City Minimalis, Siap Huni",3700000000,160.0,240.0,4.0,4.0,2.0,,Unfurnished,-7.27049,112.780548,rumah123
"Rumah Babatan Pantai New, Minimalis, Carport 2",2550000000,146.0,280.0,4.0,4.0,3.0,,Unfurnished,-7.27049,112.780548,rumah123
Pakuwon City Minimalis Lebar 9 Dekat Sekolah & Mall,4000000000,162.0,171.0,4.0,4.0,2.0,2.0,Unfurnished,,,rumah123
Pakuwon City Lebar 7 Tinggal Masuk Under 2M,1800000000,91.0,180.0,3.0,2.0,2.0,1.0,Unfurnished,,,rumah123
Rumah Wisma Permai Row Jalan 2.5 Mobil Hook,3100000000,261.0,200.0,4.0,3.0,1.0,,Unfurnished,-7.27049,112.780548,rumah123
Rumah Sutorejo Timur Hook Row 2 Mobil,1420000000,60.0,100.0,3.0,2.0,2.0,,Unfurnished,-7.27049,112.780548,rumah123
Rumah Sutorejo Tengah New Minimalis Hook Carport 2 Row Jalan 2 Mobil,2250000000,112.0,130.0,5.0,4.0,2.0,,Unfurnished,-7.27049,112.780548,rumah123
Rumah Sutorejo Tengah Butuh Renov Row 2 Mobil,1290000000,120.0,100.0,2.0,2.0,1.0,,Unfurnished,-7.27049,112.780548,rumah123
Rumah Sutorejo Utara Strategis Row 3 Mobil,2750000000,200.0,175.0,4.0,3.0,1.0,,Unfurnished,-7.27049,112.780548,rumah123
Dijual Rumah Sutorejo Tengah New Minimalis Hook,2250000000,112.0,130.0,4.0,3.0,2.0,,Unfurnished,-7.27049,112.780548,rumah123
Dijual Rumah Sutorejo Tengah,1290000000,120.0,100.0,2.0,2.0,1.0,,Unfurnished,-7.27049,112.780548,rumah123
Dijual Nego Sampai Deal Minimalis Rumah di Grand Pakuwon,900000000,48.0,48.0,2.0,2.0,2.0,1.0,Unfurnished,-7.25834,112.678978,rumah123
Dijual Rumah Mewah Siap Huni di Kawasan Satelit Town House Surabaya,21000000000,1050.0,968.0,5.0,7.0,2.0,3.0,Unfurnished,-7.25834,112.678978,rumah123
Grand Pakuwon Canberra #Kode Ll,1700000000,90.0,100.0,3.0,2.0,2.0,1.0,Unfurnished,-7.25834,112.678978,rumah123
Termurah Rumah Grand Pakuwon Canberra Paling Murah Surabaya,1340000000,90.0,180.0,4.0,2.0,2.0,,Unfurnished,-7.25834,112.67898,rumah123
Dijual Rumah Istimewa di Grand Pakuwon South Victoria,2350000000,160.0,200.0,4.0,3.0,2.0,1.0,Unfurnished,-7.2551295,112.6616806,rumah123
Di Jual Cepat Rumah Bangunan Baru Gress Posisi Hook di Manukan Tandes Mrn 03,2300000000,121.0,85.0,3.0,2.0,1.0,,Unfurnished,-7.25834,112.678978,rumah123
Rumah Terawat Siap Huni di Darmo Indah Barat,1800000000,105.0,135.0,3.0,3.0,2.0,1.0,Semi Furnished,-7.28917,112.734,rumah123
Termurah Rumah Queensland Grand Pakuwon Furnish Paling Murah Surabaya,1090000000,60.0,79.0,3.0,2.0,2.0,,Unfurnished,-7.25834,112.67898,rumah123
Dijual Rumah Darmo Indah Barat,3100000000,120.0,200.0,5.0,5.0,2.0,2.0,Unfurnished,-7.262351285555667,112.68701262584663,rumah123
Dijual Rumah Darmo Indah Barat,3100000000,120.0,200.0,5.0,5.0,2.0,2.0,Unfurnished,-7.262351285555667,112.68701262584663,rumah123
Dijual Rumah Darmo Indah Barat,3100000000,120.0,200.0,5.0,5.0,2.0,2.0,Unfurnished,-7.262351285555667,112.68701262584663,rumah123
Grand Pakuwon Canberra #Kode Tik,2150000000,90.0,100.0,3.0,2.0,2.0,,Furnished,-7.25834,112.678978,rumah123
Grand Pakuwon Adelaide #Kode Jn,1350000000,72.0,70.0,2.0,2.0,2.0,,Unfurnished,-7.25834,112.678978,rumah123
Grand Pakuwon Canberra #Kode Fy,2200000000,90.0,100.0,4.0,2.0,2.0,,Unfurnished,-7.25834,112.678978,rumah123
Dijual Rumah Minimalis Modern Grand Pakuwon Surabaya,2060000000,144.0,202.0,3.0,3.0,2.0,,Unfurnished,-7.25834,112.678978,rumah123
Rumah Tanah Luas Di Menganti 0 Jalan Raya. Info Rumah Dimana Saja Wa Saya.,523000000,84.0,30.0,2.0,1.0,1.0,1.0,Unfurnished,-7.25834,112.67898,rumah123
Rumah Darmo Indah Timur 2 Lantai Siap Huni,2100000000,150.0,300.0,4.0,3.0,2.0,,Unfurnished,-7.25834,112.67898,rumah123
"Rumah Minimalis Modern Grand Pakuwon, Lokasi Strategis",2700000000,160.0,180.0,3.0,3.0,2.0,2.0,Semi Furnished,-7.25834,112.67898,rumah123
"LJM 009 MURAH BANGET, Dijual Rumah Hitung Tanah Di Area Darmo Indah Surabaya Dekat Margomulyo",1100000000,84.0,130.0,2.0,1.0,1.0,1.0,Unfurnished,-7.26521,112.68128,rumah123
Dijual Rumah Mewah SHM Kebonsari Surabaya 2 Lantai Lt 400 Lb 750,9000000000,400.0,750.0,5.0,4.0,2.0,,Semi Furnished,-7.31747,112.71664,rumah123
Hot Item! Karah Agung Ketintang Minimalis Dua Lantai,1500000000,120.0,165.0,4.0,4.0,2.0,1.0,Unfurnished,-7.31747,112.716637,rumah123
Rumah Strategis B U Kebonsari - Surabaya,2200000000,120.0,157.0,3.0,2.0,2.0,1.0,Unfurnished,-7.31747,112.716637,rumah123
Rumah Gayungsari Jambangan Surabaya Selatan,4500000000,367.0,220.0,3.0,3.0,1.0,1.0,Semi Furnished,-7.31747,112.716637,rumah123
Rumah Terawat Kebonsari Elveka Full Furnish,4400000000,240.0,250.0,2.0,2.0,2.0,,Furnished,-7.31747,112.716637,rumah123
Rumah di Gayungsari Barat Surabaya Terawat Bagus dan Asri,5000000000,506.0,480.0,6.0,5.0,2.0,4.0,Unfurnished,-7.334029743353184,112.71989653582,rumah123
"Rumah 2 Lantai Siap Huni Jambangan Surabaya Selatan, Bebas Banjir",2200000000,100.0,180.0,3.0,2.0,2.0,,Unfurnished,,,rumah123
Jual Jambangan 2 Lantai Surabaya Dkt Karang Pilang,2100000000,100.0,180.0,3.0,3.0,2.0,,Unfurnished,,,rumah123
Rumah Karah Tama Asri Baru Gress Pusat Kota Surabaya,1375000000,64.0,110.0,3.0,3.0,2.0,1.0,Unfurnished,,,rumah123
Dijual Rumah Style Classic (butuh Renovasi)**lokasi Karah Jambangan Surabaya*,2900000000,256.0,400.0,5.0,5.0,2.0,2.0,Unfurnished,-7.28917,112.734,rumah123
0334 - Dijual Rumah SHM Palm Spring Regency LT 96m LB 54m,1750000000,96.0,54.0,2.0,1.0,1.0,1.0,Furnished,-7.316822,112.71613,rumah123
Rumah 2 Lantai Jambangan Indah Siap Huni,1950000000,99.0,150.0,3.0,2.0,2.0,1.0,Unfurnished,,,rumah123
Rumah Jambangan Nol Jalan Cocok Buat Usaha,1900000000,132.0,264.0,5.0,2.0,2.0,1.0,Unfurnished,-7.324065,112.7133309,rumah123
Rumah Hook 2 Lantai Di Palm Spring Jambangan Surabaya Selatan,2800000000,200.0,280.0,8.0,4.0,2.0,4.0,Semi Furnished,-7.31747,112.71664,rumah123
"Rumah Palm Spring Jambangan Dekat Ketintang, A.yani, Wonokromo",3000000000,240.0,300.0,4.0,4.0,2.0,1.0,Unfurnished,-7.31747,112.716637,rumah123
Dijual Rumah Jambangan Siap Huni Bagus Dekat Masjid Agung,4300000000,240.0,480.0,5.0,3.0,2.0,,Unfurnished,-7.31747,112.716637,rumah123
Dijual Murah Rumah Jambangan Surabaya Dekat Kampus Unmer,800000000,72.0,72.0,3.0,1.0,1.0,,Unfurnished,-7.31747,112.716637,rumah123
Satu-Satunya Rumah Murah 400 Jutaan yang Mepet Jambangan. Ready Unit. Info Perumahan Lainnya Wa Saja,498000000,60.0,30.0,2.0,1.0,1.0,1.0,Unfurnished,-7.28917,112.734,rumah123
Cluster Taman Jivva Berlokasi di Kebraon Dekat Jambangan Surabaya. Sold 50% Unit Terbatas. Dapatkan Promo Besar-Besaran Hanya Bulan Ini,700000000,50.0,33.0,2.0,1.0,1.0,1.0,Unfurnished,-7.31747,112.716637,rumah123
"Dijual Cepat Rumah Murah 2Lt Perumahan Wiguna Sby Timur Dekat Kampus Upn Akses Cepat Merr, Exit Tol Juanda Pondok Tjandra. Harga Nego Keras",1200000000,180.0,250.0,3.0,3.0,2.0,1.0,Unfurnished,-7.31434,112.800232,rumah123
Rumah Siap Huni 1 Lantai Wiguna Selatan Rungkut Surabaya Timur,850000000,90.0,60.0,2.0,1.0,1.0,1.0,Unfurnished,-7.28917,112.734,rumah123
Medokan Asri Timur Rungkut Cocok Dibangun Rumah Kos Dekat Kampus,1750000000,200.0,200.0,5.0,3.0,2.0,2.0,Unfurnished,-7.28917,112.734,rumah123
Dijual Murah Butuh Laku Cepat,725000000,84.0,54.0,2.0,1.0,1.0,1.0,Unfurnished,-7.31434,112.800232,rumah123
"Dijual Rumah Usaha atau Kos, Open Space, Siap Huni, Rungkut Harapan",1980000000,200.0,250.0,9.0,4.0,2.0,2.0,Unfurnished,-7.31434,112.800232,rumah123
"Perum Pondok Nirwana Kedung Baruk, Rungkut, Dekat Medokan, Dekat Merr",1300000000,122.0,100.0,3.0,2.0,1.0,1.0,Unfurnished,,,rumah123
Rumah 2 Lantai SHM di Rungkut Harapan Dekat Merr,2180000000,200.0,250.0,9.0,5.0,2.0,1.0,Unfurnished,-7.322959723707811,112.77917540228714,rumah123
Jual Rumah Royal Park Residence Gunung Anyar,990000000,72.0,85.0,3.0,3.0,2.0,1.0,Semi Furnished,-7.31434,112.800232,rumah123
Rumah di Pandugo Surabaya kondisi bagus pemilik pingin cepat laku,1850000000,135.0,196.0,4.0,2.0,2.0,1.0,Unfurnished,-7.31434,112.80023,rumah123
Jual Rumah di Perumahan Grand Alana Regency Rungkut Surabaya,1400000000,90.0,95.0,3.0,2.0,2.0,1.0,Unfurnished,-7.31434,112.800232,rumah123
Jual Rumah Hook di Rungkut Surabaya Free 6 Ac,2950000000,300.0,230.0,6.0,3.0,2.0,1.0,Unfurnished,-7.31434,112.800232,rumah123
Rumah SHM Dijual Murah Dekat Kampus Upn Rencana Jalan Oerr,750000000,75.0,45.0,2.0,1.0,1.0,1.0,Unfurnished,-7.31434,112.800232,rumah123
Rumah Shm2 Lantai Dekat Kampus Upn,750000000,75.0,70.0,3.0,2.0,2.0,1.0,Unfurnished,-7.31434,112.800232,rumah123
Rumah Shm 400 Jutaan Rungkut,435000000,40.0,30.0,2.0,1.0,,1.0,Unfurnished,-7.31434,112.80023,rumah123
"Rumah Mewah Shm Di Perumahan Nirwana Eksekutif Wonorejo, Rungkut, Kota Surabaya Dekat Merr",3900000000,211.0,330.0,5.0,3.0,1.0,2.0,Unfurnished,-7.31434,112.80023,rumah123
Rumah Mewah Shm Ready Unit Dekat Mcdonald Rungkut,2350000000,110.0,158.0,3.0,2.0,2.0,2.0,Unfurnished,-7.31434,112.80023,rumah123
Rumah Mewah Dekat Kampus Upn dan Rencana Jalan Oerr,1350000000,90.0,90.0,3.0,2.0,2.0,1.0,Unfurnished,-7.31434,112.800232,rumah123
Jual Rumah di Citraland Utama Surabaya Barat,3600000000,180.0,240.0,4.0,3.0,2.0,1.0,Unfurnished,,,rumah123
Jual Rmh Dicitraland Cluster Depan Surabaya Barat,5500000000,288.0,260.0,5.0,4.0,2.0,1.0,Unfurnished,,,rumah123
Jual Rmh Murahhh Divilla Valensia Surabaya Barat,2350000000,150.0,144.0,3.0,2.0,2.0,,Unfurnished,,,rumah123
Rumah Di North West Park Bagus,850000000,72.0,40.0,2.0,1.0,,1.0,Unfurnished,-7.27993,112.65465,rumah123
Rumah Simpang Darmo Permai Utara Surabaya,3800000000,415.0,600.0,3.0,3.0,2.0,1.0,Unfurnished,-7.27993,112.654648,rumah123
"Rumah Hook di Diamond Hill, Citraland Surabaya",8900000000,368.0,500.0,4.0,3.0,2.0,,Unfurnished,-7.27993,112.654648,rumah123
Graha Natura Siap Huni,6750000000,375.0,400.0,4.0,4.0,2.0,1.0,Unfurnished,,,rumah123
574-Rumah Mewah 2 Lantai Shgblb 285 M2 La Riz Wood Pakuwon Indah,8500000000,252.0,285.0,5.0,4.0,2.0,,Furnished,-7.279971300000001,112.6546522,rumah123
"Rumah 2 Lantai LB 550m2 di Imperial Golf Regency, Pakuwon Indah",8200000000,330.0,550.0,5.0,4.0,,,Semi Furnished,-7.279971300000001,112.6546522,rumah123
Rumah LT 840 m2 LB 1000 m2 di Pakuwon Indah Surabaya,20000000000,840.0,1000.0,4.0,4.0,2.0,,Furnished,-7.279971300000001,112.6546522,rumah123
"Rumah 2,5 Lantai LT 350 m2 12,5x28 LB 500 m2 di VBR 3 Pakuwon Indah Surabaya",11250000000,350.0,500.0,5.0,5.0,2.0,,Unfurnished,-7.279971300000001,112.6546522,rumah123
Murah... Rumah Citraland Utama 2 Lantai International Village,3800000000,210.0,300.0,5.0,5.0,2.0,2.0,Semi Furnished,-7.27993,112.654648,rumah123
Rumah Cluster Oakwood Park Type Arizona Semi Furnish,2750000000,120.0,153.0,3.0,3.0,2.0,1.0,Unfurnished,-7.27993,112.654648,rumah123
"Murah! Villa Sentra Raya Citraland - Baru Renovasi, Siap Huni, SHM",3500000000,160.0,220.0,4.0,4.0,2.0,1.0,Unfurnished,-7.288034689183888,112.65104089924358,rumah123
Dijual Rumah Kondisi Bagus di Graha Natura Edenia (V A),2000000000,90.0,74.0,2.0,2.0,2.0,1.0,Unfurnished,-7.27993,112.654648,rumah123
Jual Rmh Dibgi Citraland Surabaya Barat,10500000000,300.0,665.0,4.0,5.0,3.0,1.0,Unfurnished,,,rumah123
Rumah di Raya Jelidro Sambikerep Surabaya,7000000000,245.0,245.0,,,1.0,,Unfurnished,-7.27993,112.65465,rumah123
Murah! Dijual Rumah Baru Gress 2Lantai Jln Jelidro Hanya 600Jt Deket Alam Galaxy dan Graha Natura Surabaya Baratr,600000000,42.0,58.0,2.0,2.0,2.0,1.0,Unfurnished,-7.27993,112.654648,rumah123
Dijual Rmh di Graha Natura,5100000000,144.0,240.0,4.0,5.0,2.0,,Unfurnished,,,rumah123
Dijual Rumah Hitung Tanah Saja Termurah dan Nego di Kawasan Dukuh Menanggal Surabaya,3200000000,230.0,180.0,2.0,2.0,2.0,1.0,Unfurnished,-7.33,112.726021,rumah123
Dijual Rumah Jemursari Regency 2 Lantai Siap Huni,3500000000,160.0,214.0,3.0,2.0,2.0,1.0,Unfurnished,-7.33,112.726021,rumah123
Rumah Baru Gress Minimalis Gayungkebonsari,4300000000,189.0,260.0,4.0,3.0,2.0,,Unfurnished,-7.33,112.72602,rumah123
"461/Rumah Super Mewah,Kolam Renang Terekonomis,Strategis,Cctv,Bisa Nego Lg",5300000000,300.0,600.0,,,1.0,,Furnished,-7.329999923706055,112.72602081298828,rumah123
Rumah Graha Indah Gayungan Sby,2000000000,136.0,126.0,2.0,2.0,2.0,2.0,Unfurnished,-7.33,112.726021,rumah123
Rumah Kebonsari Elveka Gayungan Strategis Siap Huni,3000000000,272.0,450.0,4.0,3.0,2.0,,Unfurnished,-7.33,112.726021,rumah123
"200 Meter ke Masjid Al Akbar! Rumah Baru Premium 2 Lantai LT 137,5M², 4+2 KT, Carport 3 Mobil di Gayungsari Surabaya",3100000000,137.0,225.0,4.0,3.0,2.0,3.0,Unfurnished,-7.33,112.726021,rumah123
Dijual Rumah Second 2 T Terawat,5500000000,350.0,250.0,3.0,3.0,2.0,2.0,Furnished,-7.33,112.726021,rumah123
* Modern Tropical Luxury di Gayungsari Barat *,3090000000,137.0,225.0,4.0,3.0,2.0,,Unfurnished,-7.33,112.72602,rumah123
Dijual Rumah Luxury Italian Marble The Gayungsari,6500000000,198.0,300.0,4.0,2.0,2.0,2.0,Furnished,-7.33,112.72602,rumah123
Ada Private Pool Rumah Modern Minimalis 2 Lantai The Gayungsari Surabaya Dkt Masjid Agung Dan Sekolah Al Hikmah,8000000000,225.0,400.0,4.0,4.0,2.0,3.0,Furnished,-7.33,112.72602,rumah123
"Rumah Ketintang Timur Posisi Hook, Dekat Royal Plaza",5000000000,200.0,350.0,8.0,6.0,2.0,,Unfurnished,,,rumah123
Di Jual Rumah Baru di Gayung Sari Barat Ready Hanya 2 Unit SHM Bw 484,3100000000,137.0,255.0,4.0,3.0,2.0,3.0,Unfurnished,-7.33,112.726021,rumah123
"Rumah Selatan Surabaya Dekat Trans Icon, Legalitas SHM",1090000000,112.0,75.0,3.0,1.0,1.0,2.0,Unfurnished,-7.33,112.726021,rumah123
Dijual/Disewakan Rumah Siap Huni Sangat Terawat Full Furnished Jati di Menanggal,2300000000,135.0,200.0,4.0,4.0,2.0,1.0,Furnished,-7.33,112.726021,rumah123
Rumah 2 Lantai Gayungsari Barat Dekat Masjid Agung Hadap Timur,9300000000,400.0,450.0,7.0,7.0,2.0,1.0,Furnished,-7.33,112.726021,rumah123
Rumah 2 Lantai Taman Gayungsari Dekat Masjid Agung Dbl Grahapena,4050000000,186.0,250.0,4.0,3.0,2.0,2.0,Unfurnished,-7.33,112.726021,rumah123
Tawar Saja Sampai Deal Rumah 2 Lantai Wisma Menanggal Surabaya 2 Lantai Harga 1m An Nego,1700000000,90.0,140.0,5.0,3.0,2.0,2.0,Unfurnished,-7.33,112.72602,rumah123
Rumah di Jalan Gayungsari Barat,2500000000,175.0,150.0,1.0,2.0,2.0,,Unfurnished,-7.33,112.726021,rumah123
Rumah Mewah Minimalis di Tenggilis Permai Selangkah Dari Jemursari Dkt Merr,2500000000,368.0,500.0,5.0,5.0,2.0,,Unfurnished,-7.31943,112.75539,rumah123
Dijual Rumah New Gress di Tenggilis,1650000000,90.0,145.0,3.0,3.0,2.0,,Unfurnished,,,rumah123
"Rumah Tenggilis Mejoyo , Listrik 2200 (Token) , Row Jalan 3 Mobil",1850000000,100.0,130.0,3.0,3.0,2.0,,Unfurnished,-7.31943,112.755386,rumah123
Dijual Rumah Tenggilis Mejoyo Utara Surabaya Ron.a2344,3000000000,200.0,300.0,3.0,2.0,2.0,1.0,Unfurnished,-7.31943,112.755386,rumah123
Dijual Rumah Tenggilis Mejoyo Surabaya Ron.a2375,2400000000,200.0,300.0,8.0,3.0,2.0,2.0,Unfurnished,-7.31943,112.755386,rumah123
Baru dan Siap Huni di Rumah di Surabaya Selatan,1400000000,64.0,115.0,4.0,4.0,1.0,,Unfurnished,-7.321725092677539,112.76111377794967,rumah123
Turun Harga!! Dijual Rumah di Kendangsari (Kt),3800000000,386.0,480.0,6.0,4.0,2.0,4.0,Semi Furnished,-7.31943,112.755386,rumah123
Dijual 2 Unit Rumah Baru Siap Huni Tenggilis,1650000000,90.0,145.0,3.0,3.0,2.0,1.0,Unfurnished,-7.31943,112.75539,rumah123
Rumah 1 Lantai Kutisari Indah Surabaya Dekat Rungkut Tenggilis,1500000000,105.0,105.0,2.0,1.0,1.0,1.0,Unfurnished,-7.28917,112.734,rumah123
Dijual Rumah Baru di Tenggilis Utara Dekat Jemursari Surabaya Timur,1200000000,81.0,69.0,3.0,2.0,2.0,1.0,Unfurnished,-7.31943,112.755386,rumah123
Rumah Baru Scandinavian - Konsep Modern di Kutisari Indah Utara,1050000000,67.0,82.0,3.0,2.0,2.0,2.0,Unfurnished,-7.33837994,112.7508581,rumah123
"New, Smart Home, Tenggilis Mejoyo",2400000000,120.0,160.0,3.0,3.0,2.0,2.0,Unfurnished,-7.31943,112.755386,rumah123
Rumah Tenggilis Mejoyo 2Lt Dijual Dekat Kampus Ubaya Surabaya,1850000000,100.0,130.0,4.0,4.0,2.0,1.0,Unfurnished,-7.31943,112.755386,rumah123
Murah Tenggilis 2Lt Luas 200 Siap Huni Harga 2Man Dekat Ubaya Prapen,2400000000,200.0,300.0,5.0,4.0,2.0,,Unfurnished,-7.31943,112.755386,rumah123
Dijual Rumah Tenggilis Mejoyo Selatan Surabaya Ron.a2487,2750000000,200.0,300.0,5.0,4.0,2.0,2.0,Unfurnished,-7.31943,112.755386,rumah123
Rumah Murah Hitung Tanah di Perumahan Kutisari Indah Surabaya Selatan,1300000000,200.0,180.0,5.0,2.0,2.0,1.0,Unfurnished,-7.3390451,112.7451105,rumah123
Dijual Rumah Siap Huni Full Furnished SHM.,2300000000,200.0,200.0,7.0,4.0,1.0,2.0,Furnished,-7.31943,112.755386,rumah123
Dijual Rumah di Tenggilis Mejoyo Surabaya Timur,2900000000,246.0,200.0,7.0,3.0,1.0,1.0,Unfurnished,-7.31943,112.755386,rumah123
Siap Huni Rumah Prambanan Residence 2 Lantai Fully Furnished,5250000000,249.0,290.0,3.0,2.0,2.0,2.0,Unfurnished,-7.30073,112.63566,rumah123
Greenlake Citraland,2300000000,120.0,143.0,3.0,3.0,2.0,1.0,Unfurnished,,,rumah123
Citraland Clasic Moder,13000000000,437.0,600.0,6.0,4.0,2.0,2.0,Semi Furnished,-7.30073,112.63566,rumah123
Rumah 2 Lantai di Kawasan Elite Pakuwon Indah Siap Huni,5900000000,230.0,250.0,3.0,4.0,1.0,1.0,Furnished,-7.296509517215028,112.67001316825537,rumah123
"Termurah Rumah di Royal Residence, Dekat Pakuwon Mall, Sby",2000000000,128.0,125.0,3.0,3.0,2.0,,Semi Furnished,-7.30073,112.635658,rumah123
Rumah Mewah di Prambanan Residence,2550000000,240.0,300.0,4.0,4.0,2.0,2.0,Unfurnished,-7.30073,112.63566,rumah123
Tmaan Wisata Regency Murah Siap Huni Dkt Wiyung Menganti,800000000,105.0,54.0,2.0,1.0,1.0,1.0,Unfurnished,-7.28917,112.734,rumah123
Rumah Mewah di Prambanan Residence,2550000000,240.0,300.0,4.0,4.0,2.0,2.0,Unfurnished,-7.30073,112.63566,rumah123
Rumah minimalis di Boulevard Rumah Prambanan Residence Surabaya,5500000000,360.0,379.0,4.0,4.0,2.0,2.0,Semi Furnished,-7.30073,112.635658,rumah123
Dijual Rumah 2 Lantai di Prambanan Residence Surabaya Barat,6000000000,388.0,311.0,4.0,4.0,2.0,,Unfurnished,-7.30073,112.635658,rumah123
Rumah Bagus Lakarsantri Surabaya Gmk04127,2900000000,248.0,550.0,2.0,2.0,2.0,1.0,Unfurnished,-7.30643,112.660098,rumah123
Wisata Bukit Mas 2 Full Furnished Bagus,4100000000,292.0,360.0,3.0,3.0,2.0,,Furnished,-7.30073,112.635658,rumah123
"Dijual Rumah Minimalis Baru, Citraland Utama Cluster International Village",4200000000,150.0,230.0,5.0,5.0,2.0,,Unfurnished,-7.299158488012054,112.63561836689706,rumah123
"Dijual Rumah Minimalis Baru, Citraland Utama Cluster International Village",4200000000,150.0,230.0,5.0,5.0,2.0,,Unfurnished,-7.299158488012054,112.63561836689706,rumah123
Jual Rumah Citraland Hook Lokasi Strategis dengan Pool,5800000000,313.0,235.0,3.0,3.0,2.0,4.0,Semi Furnished,-7.299158488012054,112.63561836689706,rumah123
Jual Rumah Citraland Hook Lokasi Strategis dengan Pool,5800000000,313.0,235.0,3.0,3.0,2.0,4.0,Semi Furnished,-7.299158488012054,112.63561836689706,rumah123
Dijual Rumah Royal Residence Surabaya Barat,2990000000,150.0,250.0,4.0,4.0,2.0,1.0,Semi Furnished,-7.30073,112.63566,rumah123
Dijual Rumah Mewah Citraland Baru Gress,9950000000,300.0,600.0,5.0,5.0,3.0,2.0,Unfurnished,-7.30073,112.635658,rumah123
Dijual Rumah Komersial Area Jl Slamet Surabaya Pusat,22500000000,600.0,260.0,1.0,1.0,1.0,,Unfurnished,-7.29503,112.710739,rumah123
"Rumah Mewah 2Kavling Gandeng di Darmo Hill, Surabaya Barat",25000000000,1080.0,850.0,7.0,5.0,2.0,4.0,Semi Furnished,-7.29503,112.710739,rumah123
Dijual Rumah Puncak Permai Utara Mewah Bagus Surabaya Barat,12000000000,750.0,800.0,4.0,3.0,1.0,,Semi Furnished,-7.295030117034912,112.7107391357422,rumah123
"Langka‼️*Brand New, Rumah Classic Modern 3 Lantai**Harga 4M-An di Graha Family Surabaya*",4750000000,128.0,300.0,4.0,4.0,2.0,1.0,Unfurnished,-7.28917,112.734,rumah123
Forsale Rumah Mewah Darmo Hill Strategis Siap Huni Surabaya Kota Jdw 136,5700000000,300.0,500.0,5.0,5.0,2.0,1.0,Unfurnished,-7.29503,112.710739,rumah123
Dijual rumah darmo permai selatan surabaya,3750000000,210.0,400.0,3.0,3.0,2.0,1.0,Unfurnished,-7.29503,112.71074,rumah123
Dijual Rumah Villa Bukit Mas Sby,6500000000,312.0,400.0,5.0,4.0,1.0,2.0,Unfurnished,-7.29503,112.710739,rumah123
Darmo Permai Selatan Baru Gress,3900000000,153.0,250.0,4.0,4.0,2.0,,Unfurnished,-7.29503,112.710739,rumah123
Dijual Harga Super Spesial Rumah Siap Huni Kupang Baru!,4800000000,490.0,350.0,5.0,3.0,1.0,2.0,Unfurnished,-7.29503,112.710739,rumah123
Darmo Permai Selatan Dijual Rumah Kondisi Apa Adanya,2500000000,200.0,250.0,4.0,3.0,2.0,,Unfurnished,,,rumah123
Rumah Graha Family Surabaya Barat Dekat Pakuwon Indah dan Bdg,13000000000,487.0,550.0,4.0,4.0,2.0,2.0,Unfurnished,-7.299911287176656,112.68339554395028,rumah123
Rumah Graha Family Surabaya Dekat Bdg dan Citraland,11900000000,360.0,500.0,4.0,4.0,2.0,2.0,Unfurnished,-7.299911287176656,112.68339554395028,rumah123
Rumah Darmo Permai Selatan Surabaya,1800000000,180.0,150.0,3.0,3.0,1.0,1.0,Unfurnished,-7.29503,112.710739,rumah123
Rumah Kupang Indah 2 Lantai Surabaya Barat,11000000000,691.0,296.0,10.0,5.0,2.0,1.0,Unfurnished,-7.29503,112.710739,rumah123
Rumah Mewah di Jalan Kembar Bukit Darmo Golf,33000000000,956.0,1300.0,5.0,4.0,2.0,2.0,Unfurnished,-7.29503,112.71074,rumah123
Rumah Mewah di Jalan Kembar Bukit Darmo Golf,33000000000,956.0,1300.0,5.0,4.0,2.0,2.0,Unfurnished,-7.29503,112.71074,rumah123
Rumah Classic Hitung Tanah di Graha Family,899000000,375.0,500.0,4.0,4.0,2.0,2.0,Unfurnished,-7.29503,112.71074,rumah123
Rumah di Perumahan Elite Graha Family,6150000000,312.0,450.0,3.0,2.0,2.0,2.0,Unfurnished,-7.29503,112.71074,rumah123
"Rumah Komersial Area, Jalan Raya Arjuno Tidar",16000000000,601.0,601.0,,,2.0,,Unfurnished,-7.26502,112.731,rumah123
Jual Murah Turun Harga Komersial Surabaya Pusat Jalan Arjuna,8920000000,469.0,400.0,1.0,1.0,1.0,,Unfurnished,-7.26502,112.731003,rumah123
Dijual Rumah Usaha di Jalan Raya Arjuno Surabaya Pusat,19900000000,676.0,300.0,1.0,1.0,1.0,,Unfurnished,-7.26502,112.731003,rumah123
Rumah Jual Murah Hitung Tanah Dekat Ciputra World,1100000000,160.0,80.0,,1.0,1.0,1.0,Unfurnished,-7.26502,112.731003,rumah123
"Rumah Siap Huni Lokasi Sangat Strategis Pusat Kota Jl Widodaren, Sawahan",12000000000,392.0,650.0,5.0,4.0,2.0,,Unfurnished,-7.26502,112.731,rumah123
Rumah Mewah Simo Gunung Barat Sawahan Surabaya,5500000000,390.0,302.0,6.0,8.0,2.0,1.0,Semi Furnished,-7.26502,112.731003,rumah123
Rumah Butuh Renovasi Pusat Kota Arjuno Sawahan Surabaya,6500000000,620.0,450.0,6.0,4.0,1.0,1.0,Unfurnished,-7.26502,112.731003,rumah123
JUAL CEPAT RUMAH MURAH KERTAJAYA INDAH STRATEGIS DEKAT RAYA KERTAJAYA SURABAYA TIMUR,5500000000,360.0,220.0,4.0,3.0,,1.0,Unfurnished,,,rumah123
Petemon,9500000000,1170.0,430.0,3.0,3.0,1.0,,Unfurnished,,,rumah123
Jl Anjasmoro Pusat Kota Surabaya,37000000000,1148.0,750.0,8.0,2.0,2.0,,Unfurnished,,,rumah123
Jl Anjasmoro Pusat Kota Surabaya,17000000000,573.0,400.0,4.0,2.0,1.0,,Unfurnished,,,rumah123
Dijual Rumah 2 Lantai Strategis Pusat Kota Lokasi di Jl.blauran,1000000000,120.0,150.0,2.0,2.0,2.0,,Unfurnished,-7.26502,112.731003,rumah123
Dijual Rumah Dijalan Anjasmoro Surabaya Pusat,17118000000,634.0,634.0,3.0,2.0,1.0,,Unfurnished,-7.26502,112.731,rumah123
Rumah Murah Pusat Kota Surabaya Jalan Kawi SHM KPR Arjuna Petemon,6750000000,634.0,287.0,4.0,3.0,1.0,1.0,Unfurnished,-7.26502,112.731003,rumah123
RUMAH HOOK DI JL KAWI SAWAHAN SURABAYA,7000000000,634.0,287.0,5.0,4.0,1.0,,Unfurnished,,,rumah123
DIJUAL RUMAH HOOK 0 JALAN RAYA DEKAT TIDAR,6750000000,634.0,287.0,5.0,4.0,1.0,4.0,Unfurnished,-7.26502,112.731003,rumah123
"Jual Rumah Kantor Pusat Kota Jl Argopuro, Sawahan",15000000000,620.0,600.0,5.0,4.0,2.0,6.0,Semi Furnished,-7.2592526,112.7282045,rumah123
Rumah Jalan Anjasmoro Surabaya Pusat,43000000000,1120.0,550.0,8.0,3.0,2.0,,Unfurnished,-7.26502,112.731,rumah123
Dijual Rumah Kedung Anyar Sawahan Surabaya,2000000000,274.0,274.0,1.0,1.0,1.0,,Unfurnished,-7.263896,112.727574,rumah123
Dijual Rumah Strategis di Jalan Anjasmoro Surabaya Pusat,16000000000,573.0,400.0,2.0,1.0,1.0,,Unfurnished,-7.26502,112.731003,rumah123
"Rumah, 2 Lantai,Manyar Kertoarjo. Siap Huni Furnished. Row Jalan 3,5 Mobil. SHM. Murah. Nego",10500000000,510.0,800.0,5.0,5.0,2.0,2.0,Furnished,-7.27396,112.748192,rumah123
Dijual Rumah Pusat Surabaya Timur Dharmahusada Indah Lebar 15M,9500000000,450.0,600.0,5.0,5.0,2.0,2.0,Unfurnished,-7.27396,112.748192,rumah123
"Rumah Pucang 2 Lantai Kondisi Bagus Siap Huni, Selangkah ke Jalan Raya Pucang",2300000000,230.0,380.0,6.0,5.0,2.0,,Unfurnished,-7.27396,112.748192,rumah123
Rumah Mojoklanggru Kidul Surabaya 2 Lantai Hadap Timur Kosongan,2850000000,180.0,260.0,5.0,4.0,2.0,2.0,Unfurnished,,,rumah123
Rumah Hitung Tanah 2 Lantai SHM di Mojoklanggru Lokasi Strategis,10200000000,972.0,1200.0,4.0,6.0,2.0,,Unfurnished,-7.27396,112.748192,rumah123
"Rumah Usaha Dekat Tengah Kota Lokasi di Jalan Dharmawangsa, Strategis Area Komersil",6000000000,236.0,285.0,2.0,3.0,1.0,,Unfurnished,-7.27396,112.748192,rumah123
"Rumah Jl Biliton STRATEGIS, BAGUS",35000000000,1289.0,1289.0,4.0,3.0,1.0,,Unfurnished,-7.27396,112.748192,rumah123
"Siap Huni, Rumah, 2 Lantai, Shm,Murah Kec Gubeng",3000000000,300.0,300.0,7.0,3.0,2.0,1.0,Unfurnished,-7.27396,112.748192,rumah123
Rumah Hitung Tanah Gubeng Kertajaya,850000000,132.0,80.0,2.0,1.0,1.0,,Unfurnished,,,rumah123
Rumah Hitung Tanah Gubeng Kertajaya,850000000,132.0,80.0,2.0,1.0,1.0,,Unfurnished,,,rumah123
Rumah Hitung Tanah Gubeng Kertajaya,850000000,132.0,80.0,2.0,1.0,1.0,,Unfurnished,,,rumah123
Dijual Rumah Deket Kampus Unair A C Dekat Sekolah Nsa Pusat Kota Surabaya,1650000000,91.0,150.0,4.0,3.0,2.0,1.0,Unfurnished,-7.28917,112.734,rumah123
"Rumah Gubeng Kertajaya, Strategis Hadap Selatan",2200000000,200.0,180.0,3.0,1.0,1.0,,Unfurnished,-7.27396,112.748192,rumah123
Rumah Strategis di Ngagel Jaya Tengah | Lokasi Favorit Surabaya,3800000000,300.0,750.0,6.0,3.0,2.0,,Unfurnished,-7.291565875223469,112.75816836835202,rumah123
Rumah Bratang Binangun Siap Isi Lokasi Strategis,1200000000,142.0,140.0,5.0,2.0,2.0,2.0,Unfurnished,-7.28917,112.734,rumah123
Rumah Minimalis 2 Lantai Jojoran Dekat Unair Dharmahusada Belakang Atlas Lebar.7m,1550000000,91.0,140.0,3.0,3.0,2.0,1.0,Unfurnished,-7.27396,112.748192,rumah123
"Dijual Rumah Modern ± 5 Menit ke Galaxy Mall Jl. Mojoklanggru, Surabaya Timur",4000000000,200.0,300.0,4.0,4.0,,,Unfurnished,,,rumah123
Di Jual Rumah Mojo Kidul Dekat Unair Tengah Kota Surabaya SHM Mj 02,2500000000,169.0,210.0,3.0,3.0,2.0,,Unfurnished,-7.27396,112.748192,rumah123
Rumah Besar Manyar Kertoarjo Surabaya Dekat Galaxy Mall,11500000000,510.0,880.0,5.0,4.0,2.0,2.0,Unfurnished,-7.27396,112.748192,rumah123
"Rumah Nol Jalan Raya di Pucang Jajar, Surabaya",3900000000,287.0,260.0,3.0,2.0,2.0,1.0,Semi Furnished,-7.28917,112.734,rumah123
Rumah Siap Huni 99M² Row 2 Mobil Pondok Benowo Indah Surabaya,550000000,99.0,63.0,2.0,1.0,1.0,1.0,Unfurnished,-7.23213,112.630142,rumah123
Termurah Rumah Siap Huni di Bumi Benowo Asri Surabaya Barat Dekat Gelora Bung Tomo,670000000,146.0,146.0,3.0,2.0,1.0,1.0,Unfurnished,-7.23213,112.630142,rumah123
Jual Rumah di Denaila Residence Surabaya,625000000,98.0,100.0,3.0,2.0,1.0,,Unfurnished,,,rumah123
Murah Rumah Minimalis di Sememi Surabaya Barat (Msy),790000000,84.0,100.0,2.0,2.0,2.0,1.0,Semi Furnished,,,rumah123
Rumah di Griya Sumberejo Asri Pakal Surabaya,525000000,135.0,80.0,3.0,2.0,1.0,1.0,Unfurnished,-7.23213,112.630142,rumah123
Rumah Dijual Raya Tengger Kandangan Benowo Surabaya,2500000000,200.0,200.0,4.0,2.0,2.0,,Unfurnished,-7.258726,112.65813,rumah123
Rumah Siap Huni Graha Suryanata Benowo,600000000,72.0,72.0,2.0,1.0,1.0,1.0,Unfurnished,-7.23213,112.630142,rumah123
"Rumah Pelican Hill Siap Huni, Kondisi Siap Huni",2200000000,120.0,135.0,3.0,3.0,2.0,,Semi Furnished,,,rumah123
Rumah Cantik Siap Huni Benowo Indah,750000000,72.0,45.0,2.0,1.0,1.0,1.0,Semi Furnished,-7.23213,112.630142,rumah123
Rumah Bagus Pelican Hill,2000000000,105.0,121.0,3.0,2.0,1.0,2.0,Furnished,-7.23213,112.630142,rumah123
Pondok Benowo Indah siap Huni Mewah,1500000000,138.0,300.0,4.0,3.0,2.0,1.0,Unfurnished,,,rumah123
RUMAH 3 LANTAI DI SEMEMI BARU SURABAYA BARAT,900000000,84.0,150.0,5.0,2.0,3.0,,Unfurnished,,,rumah123
Rumah Murah Sememi Benowo Surabaya Jual Cpt B.u Poll Dkt Sman 12,500000000,62.0,40.0,2.0,1.0,1.0,1.0,Unfurnished,-7.2526803,112.6441981,rumah123
Rumah Murah Sememi Sudah Renov Siap Huni Dekat Margomulyo Dan Ptc,567000000,90.0,60.0,2.0,1.0,,1.0,Semi Furnished,-7.23213,112.63014,rumah123
RUMAH SIAP HUNI BENOWO  SIAP KPR 2 KAMAR BENOWO SBY BARAT,650000000,90.0,50.0,2.0,1.0,1.0,,Unfurnished,-7.23213,112.63014,rumah123
Jual Cepat Rumah Benowo Surabaya Termurah Bu,550000000,112.0,70.0,3.0,1.0,1.0,,Unfurnished,-7.23213,112.63014,rumah123
Rumah Cantik Siap Hunilokasi Citraland Surabaya (Cluster Pelican Hill),4100000000,200.0,250.0,5.0,4.0,2.0,2.0,Unfurnished,-7.28917,112.734,rumah123
Dijual Rumah 2 Lantai Lokasi Benowo,1350000000,72.0,144.0,2.0,2.0,1.0,1.0,Unfurnished,-7.23213,112.630142,rumah123
Dijual Murah Rumah 2 Lt Palm Residence Sememi Barat,1350000000,105.0,170.0,3.0,3.0,2.0,1.0,Unfurnished,-7.23213,112.63014,rumah123
Rumah Pantai Mentari 1 Lantai Siap Huni Ada Carport Dekat Pos Security,1900000000,120.0,120.0,2.0,1.0,1.0,2.0,Unfurnished,-7.240977,112.79512,rumah123
Rumah Pantai Mentari 2 Lantaii SHM Lantai Granit Rangka Galvalum,2000000000,136.0,146.0,4.0,3.0,2.0,1.0,Unfurnished,-7.240977,112.79512,rumah123
For Sale Rumah Baru Gress 2 Lantai di Pantai Mentari,1850000000,90.0,135.0,5.0,4.0,2.0,2.0,Unfurnished,-7.240977,112.79512,rumah123
Rumah 2 Lantai Siap Huni Bulak Cumpat Surabaya,900000000,72.0,102.0,2.0,1.0,2.0,1.0,Unfurnished,-7.240977,112.79512,rumah123
Rumah 2 Lantai Baru SHM di Pantai Mentari Cluster Hampton,5000000000,236.0,400.0,4.0,2.0,2.0,,Semi Furnished,-7.240977,112.79512,rumah123
"Rumah Baru 2 Lantai di Pantai Mentari SHM Dekat Pakuwon City, Superindo, Dll.",1850000000,90.0,135.0,5.0,4.0,1.0,2.0,Unfurnished,-7.240977,112.79512,rumah123
Rumah Jalan Ciliwung Lokasi Strategis Cocok untuk Usaha,2500000000,147.0,215.0,2.0,2.0,1.0,,Unfurnished,-7.304,112.731598,rumah123
"Rumah Siap Huni Bagus Cocok untuk Klinik. Salon Kecantikan, Cafe. Lokasi Tengah Kota. Nego",17000000000,648.0,521.0,7.0,6.0,2.0,3.0,Semi Furnished,-7.304,112.731598,rumah123
"Jual Rumah Surabaya Pusat , Jl Rokan (Hook Rokan-Cipunegara)",7000000000,416.0,550.0,7.0,2.0,2.0,,Unfurnished,,,rumah123
Rumah Darmokali Surabaya,8500000000,505.0,340.0,4.0,3.0,1.0,,Unfurnished,,,rumah123
"Hunian Tengah Kota Cocok untuk Kantor atau Usaha, Dekat Raya Diponegoro",4700000000,132.0,299.0,3.0,3.0,3.0,,Unfurnished,-7.304,112.731598,rumah123
"Jual Rumah Strategis Tengah Kota Cocok untuk Kantor atau Usaha, 3 Menit Dari Raya Diponegoro",4700000000,132.0,299.0,3.0,3.0,3.0,,Unfurnished,-7.304,112.731598,rumah123
"Dijual Cepat, Murah, Strategis, di Area Komersiil Ry. Diponegoro",7000000000,155.0,100.0,2.0,1.0,2.0,,Unfurnished,-7.304,112.731598,rumah123
"Rumah Murah di Pusat Kota Jl Progo, Dekat Taman Bungkul Surabaya",19900000000,805.0,805.0,2.0,2.0,1.0,,Unfurnished,-7.304,112.731598,rumah123
Rumah Jalan Kapuas Surabaya Dekat Raya Darmo SHM Luas 685 M 40 Juta/M Nego,28000000000,685.0,252.0,5.0,2.0,1.0,2.0,Unfurnished,-7.27355,112.737457,rumah123
Rumah di Ji. Kartini Surabaya Lokasi Commercil Area Dkt Grand City,21500000000,530.0,358.0,9.0,4.0,2.0,,Unfurnished,-7.27355,112.73746,rumah123
Rumah Bangunan Hitung Tanah Pusat Kota Surabaya Tegalsari SHM,3850000000,215.0,150.0,2.0,1.0,1.0,1.0,Unfurnished,-7.27355,112.737457,rumah123
"Rumah 2 Lantai di Raya Kedungsari, Surabaya",14000000000,444.0,365.0,4.0,3.0,2.0,,Unfurnished,-7.27355,112.73746,rumah123
Rumah Usaha Pusat Kota,4500000000,450.0,360.0,3.0,3.0,2.0,3.0,Unfurnished,-7.27355,112.73746,rumah123
Dijual Rumah.jl Cempaka Surabaya Pusat Lux,30000000000,1080.0,1500.0,7.0,6.0,2.0,5.0,Semi Furnished,-7.27355,112.737457,rumah123
Rumah Ruko Tengah Kota Surabaya Pusat Jalan Dr Soetomo Raya Darmo Kapuas Diponegoro Tegalsari Kutai Indragiri,28000000000,496.0,471.0,,,1.0,,Unfurnished,-7.27355,112.737457,rumah123
Dijual Rumah Cocok untuk Usaha di Jalan Mh Thamrin Surabaya Pusat,37100000000,1060.0,700.0,7.0,7.0,1.0,,Unfurnished,-7.27355,112.737457,rumah123
Dijual Rumah Tengah Kota Surabaya Cocok Unt Kos Dan Cafe,12000000000,365.0,534.0,22.0,8.0,,3.0,Unfurnished,-7.27355,112.73746,rumah123
"RUMAH USAHA BANGUNAN BELANDA JL. IMAM BONJOL PUSAT KOTA LINGKUNGAN ELIT dekat Raya Darmo, Diponegoro, pusat bisnis dan komersial.",33000000000,738.0,423.0,4.0,2.0,,,Unfurnished,-7.27355,112.73746,rumah123
Dijual Rumah di Jl Untung Suropati Surabaya Pusat,57750000000,1650.0,800.0,4.0,3.0,1.0,,Unfurnished,-7.27355,112.737457,rumah123
"Rumah Jl. Wr. Supratman Pusat Kota Dekat Raya Darmo, Diponegoro, Dr. Soetomo Pusat Bisnis Dan Komersial",16000000000,470.0,299.0,8.0,5.0,,,Unfurnished,,,rumah123
"RUMAH USAHA PANDEGILING PUSAT KOTA DEKAT RAYA DARMO, BASUKI RAHMAT, BANYU URIP, RAYA GUBENG",25000000000,840.0,300.0,2.0,2.0,,,Unfurnished,,,rumah123
"RUMAH JL. IMAM BONJOL pusat kota dekat Raya Darmo, Diponegoro, Kartini pusat bisnis dan komersial",32000000000,935.0,650.0,3.0,3.0,,,Furnished,,,rumah123
Dijual Rumah Usaha Raya Tegalsari Lokasi Strategis dan Komersial,23000000000,650.0,600.0,6.0,7.0,2.0,,Unfurnished,-7.27355,112.737457,rumah123
"RUMAH HITUNG TANAH JL. UNTUNG SUROPATI pusat kota dekat Raya Darmo, Diponegoro, Dr. Soetomo pusat bisnis dan komersial",20000000000,715.0,300.0,,,,,Unfurnished,,,rumah123
Wiguna Selatan,789000000,78.0,55.0,3.0,1.0,1.0,,Unfurnished,,,rumah123
Rumah 1 Lantai Siap Huni Sudah SHM Dekat Tol Dekat Akses Bandara,675000000,89.0,65.0,3.0,1.0,1.0,1.0,Unfurnished,-7.344746300848712,112.80377692905267,rumah123
"Rumah Semi Furnish Baru Renov di Wiguna Rumah Bagus SHM di Wiguna Timur Regency, Jl. Taman Wiguna Timur Rw.ix, Gunung Anyar Tambak, Gunung Anyar, Kota Surabaya, Jawa Timur, Indonesia, 60294, Gununganyar",1600000000,139.0,140.0,4.0,2.0,1.0,1.0,Semi Furnished,-7.33182,112.80822,rumah123
"Rumah Sultan di Surabaya Timur Wonorejo - Gunung Anyar , Fasilitas Kawasan Premium One Gate System , Konsep Mewah & Modern",700000000,60.0,60.0,3.0,2.0,2.0,,Unfurnished,-7.33182,112.80822,rumah123
Dijual Cepat Rumah Amesta Living - Furnish - Baru Gress,1160000000,60.0,75.0,3.0,2.0,2.0,1.0,Furnished,-7.33182,112.80822,rumah123
Dijual Rumah Taman Gunung Anyar Surabaya Ron.a2655,840000000,100.0,70.0,3.0,2.0,1.0,,Unfurnished,-7.33182,112.80822,rumah123
New Gress dan Ready Siap Huni Perumahan Dekat Upn,750000000,100.0,70.0,3.0,2.0,1.0,,Unfurnished,-7.333032506606791,112.79669550130453,rumah123
Dijual Rumah Wisma Tirta Agung Asri Gunung Anyar Surabaya Ron.a2367,550000000,105.0,105.0,2.0,2.0,1.0,1.0,Unfurnished,-7.33182,112.80822,rumah123
Dijual Murah Rumah Modern Minimalis Bebas Banjir di Amesta Living Surabaya,975000000,50.0,72.0,2.0,1.0,2.0,1.0,Furnished,-7.33182,112.80822,rumah123
Rumah Modern 2 Lantai Siap Huni di Amesta Living Surabaya,2500000000,90.0,120.0,4.0,3.0,2.0,1.0,Unfurnished,-7.33182,112.80822,rumah123
Dijual Rumah Standart Raya Wiguna Timur Surabaya,1500000000,164.0,80.0,3.0,2.0,1.0,1.0,Unfurnished,-7.33182,112.80822,rumah123
Dijual Rumah Baru Gress Wiguna Timur Surabaya,1500000000,120.0,80.0,3.0,2.0,1.0,1.0,Unfurnished,-7.33182,112.80822,rumah123
Hunian Nyaman & Terawat di Central Park Wiguna,1500000000,108.0,108.0,2.0,1.0,1.0,,Unfurnished,-7.33182,112.80822,rumah123
Rumah Murah Lokasi Strategis Dekat Kampus Upn Rungkut Gununganyar,665000000,75.0,50.0,2.0,1.0,1.0,1.0,Furnished,-7.335536081730765,112.80185463557892,rumah123
Rumah 2 Lantai di Puri Jimbaran Regency - Gunung Anyar,1470000000,116.0,200.0,3.0,2.0,2.0,1.0,Unfurnished,-7.33182,112.80822,rumah123
"Jual Rumah Semi Furnished 2 Kamar Tidur KT Br- Amesta Living, Gunung Anyar Tambak, Surabaya Timur/Selatan(±5 Menit Dari Wiguna: Wisma Gunung Anyar)",1350000000,60.0,75.0,3.0,2.0,2.0,1.0,Semi Furnished,-7.33182,112.80822,rumah123
Dijual Rumah SHM 2 Lntai Lt 264m Lb 400m Purimas Regency Surabaya,6500000000,264.0,400.0,4.0,3.0,2.0,,Furnished,-7.33182,112.80822,rumah123
Jual Rumah Modern Minimalis Northwest Hill 2 Lantai Siap Huni,1700000000,72.0,102.0,4.0,3.0,2.0,2.0,Unfurnished,,,rumah123
Rumah Terenovasi Bukit Palma,1500000000,60.0,120.0,3.0,2.0,2.0,,Unfurnished,,,rumah123
Jarang Ada! Dijual Rumah 2 Lantai Minimalis di Pondok Benowo Indah - Surabaya Barat Cocok untuk Hunian Nyaman atau Investasi Menguntungkan!J,750000000,90.0,160.0,4.0,2.0,2.0,,Unfurnished,-7.24268,112.62981,rumah123
Jarang Ada! Dijual Rumah 2 Lantai Minimalis di Pondok Benowo Indah - Surabaya Barat,750000000,90.0,160.0,4.0,2.0,2.0,,Unfurnished,-7.24268,112.62981,rumah123
Rumah Minimalis Bukit Palma Hadap Selatan 2 Lantai,1500000000,84.0,110.0,3.0,2.0,2.0,1.0,,,,rumah123
"di Dijual ‼️ Bukit Palma Minimalis Baru Gress, Surabaya",3100000000,193.0,230.0,4.0,4.0,2.0,1.0,Unfurnished,-7.24268,112.62981,rumah123
"Dijual Baru Gress Rumah di Bukit Palma, Surabaya",1250000000,72.0,58.0,3.0,2.0,2.0,1.0,Unfurnished,-7.24268,112.62981,rumah123
"Rumah 2 Lantai di Bukit Palma, Surabaya Gress, Modern Minimalis",3100000000,193.0,230.0,4.0,4.0,2.0,,Unfurnished,-7.24268,112.62981,rumah123
"Rumah 2 Lantai, Northwest Lake, Citraland",1100000000,72.0,69.0,2.0,2.0,2.0,1.0,,,,rumah123
Rumah 2 Lantai Northwest Lake,1980000000,72.0,110.0,3.0,2.0,2.0,1.0,Semi Furnished,-7.24268,112.629807,rumah123
Rumah 2 Lantai Northwest Lake,1800000000,55.0,100.0,2.0,2.0,2.0,,Semi Furnished,-7.24268,112.629807,rumah123
Dijual Rumah 2 lantai di Pakal Madya Jaya Surabaya,1600000000,94.0,105.0,3.0,3.0,2.0,,Unfurnished,-7.24268,112.629807,rumah123
Dijual Rumah Hook 2 lantai di Pakal Madya Jaya Surabaya,1600000000,89.0,150.0,3.0,3.0,2.0,,Unfurnished,-7.24268,112.629807,rumah123
Rumah Bukit Palma - Citraland Utara. Siap Huni,1200000000,120.0,100.0,2.0,2.0,1.0,1.0,Unfurnished,-7.24268,112.629807,rumah123
✨ Rumah Cantik Lebar 10 di Citraland ✨,1650000000,150.0,85.0,3.0,2.0,1.0,1.0,Unfurnished,-7.2558723072475,112.62850306133976,rumah123
Citraland Utara Minimalis 2 Lantai Lebar 7 ! Jual Rumah Citraland Northwest Surabaya Barat,2100000000,105.0,96.0,3.0,3.0,2.0,1.0,Semi Furnished,-7.24268,112.629807,rumah123
Rumah siap huni di Northwest Park Citraland (DT),760000000,72.0,46.0,2.0,1.0,1.0,1.0,Unfurnished,-7.24268,112.629807,rumah123
Rumah Nwp Dekat Club House,850000000,72.0,42.0,2.0,1.0,1.0,,Semi Furnished,,,rumah123
Rumah di Bukit Palma Surabaya Barat Citraland,1100000000,84.0,100.0,3.0,2.0,1.0,1.0,,,,rumah123
Dijual Rumah Baru Gress di Pantai Mentari Dekat Merr dan Unair SHM,2650000000,128.0,190.0,5.0,4.0,2.0,2.0,Unfurnished,-7.23563,112.786163,rumah123
Rumah Pantai Mentari Strategis Row 4 Mobil Minimalis Siap Huni,1750000000,102.0,160.0,3.0,2.0,2.0,,Unfurnished,-7.23563,112.786163,rumah123
Rumah 1.5 Lantai di Jalan Sidotopo Wetan Baru Surabaya,6000000000,625.0,625.0,8.0,7.0,1.0,,Unfurnished,-7.23563,112.786163,rumah123
Termurah Rumah Hitung Tanah Karang Empat Kenjeran Lebak,1950000000,355.0,200.0,3.0,1.0,1.0,,Unfurnished,-7.23563,112.78616,rumah123
Babatan Pantai Utara 5,3000000000,300.0,350.0,5.0,2.0,2.0,1.0,Unfurnished,,,rumah123
"Rumah 2 Lantai Murah di Lebak Indah, Siap Huni, Dekat Kenjeran",1100000000,84.0,120.0,2.0,2.0,2.0,1.0,Unfurnished,-7.24475,112.78034,rumah123
Rumah Siap Huni Baru Renov Selangkah Raya Kenjeran di Lebak Jaya,2300000000,216.0,200.0,4.0,3.0,1.0,2.0,Unfurnished,-7.2423941994843855,112.77662033004346,rumah123
Dijual Rumah Siap Huni di Akeno The Grand Kenjeran Babatan Pantai,2750000000,96.0,150.0,2.0,3.0,2.0,1.0,Furnished,-7.2603627,112.7871941,rumah123
"Murah Dijual Rumah 2,5 Lantai di Lebak Jaya",3500000000,305.0,400.0,4.0,3.0,3.0,,Unfurnished,-7.23563,112.786163,rumah123
Jual Rumah Baru Karang Empat Kenjeran,1300000000,80.0,110.0,3.0,2.0,2.0,1.0,Unfurnished,-7.23563,112.786163,rumah123
Dijual Murah Rumah Aries Karang Empat Surabaya Dekat dengan Pusat Kota,1800000000,105.0,160.0,4.0,3.0,2.0,2.0,Unfurnished,-7.28917,112.734,rumah123
"Rumah Kalilom Baru, Surabaya, Dekat Raya Kedung Cowek Cocok untuk Gudang, Usaha, Home Industry",2250000000,650.0,900.0,1.0,1.0,2.0,,Unfurnished,-7.23563,112.786163,rumah123
Rumah Mewah 2 Lantai di Babatani Utara Dekat Kampus Unair,2750000000,146.0,280.0,4.0,4.0,2.0,1.0,Semi Furnished,-7.2530259259,112.7902043229,rumah123
Rumah Baru Siap Huni Shm Hook Taman Gading Pantai Dekat Pakuwon City,1800000000,90.0,120.0,3.0,3.0,2.0,1.0,Unfurnished,-7.23563,112.786163,rumah123
Rumah Baru Surabaya Dekat Pakuwon City Pantai Mentari,2450000000,140.0,200.0,4.0,3.0,2.0,2.0,Unfurnished,,,rumah123
Rumah Baru Kenjeran Surabaya Timur Dekat Hook 2 Lantai SHM Dekat Galaxy Mall Dan Pakuwon City,1800000000,90.0,120.0,3.0,3.0,2.0,1.0,Unfurnished,-7.23563,112.78616,rumah123
RUMAH BARU SIAP HUNI DEKAT PAKUWON CITY PANTAI MENTARI,2250000000,138.0,170.0,3.0,3.0,2.0,,Unfurnished,,,rumah123
Rumah Baru Surabaya Timur Pantai Mentari Siap Huni,1850000000,90.0,135.0,4.0,3.0,2.0,2.0,Unfurnished,-7.23563,112.786163,rumah123
Rumah Baru 2 Lantai di Pantai Mentari Dekat Pakuwon City,1850000000,90.0,135.0,4.0,3.0,2.0,2.0,Unfurnished,-7.28917,112.734,rumah123
Jual Rumah Kapas Krampung Ploso Surabaya The Edge,16000000000,777.0,400.0,7.0,3.0,1.0,,Unfurnished,-7.23983,112.75543,rumah123
"Rumah di Sidoyoso Surabaya, Hitung Tanah !!!",1500000000,178.0,140.0,4.0,1.0,,,Unfurnished,,,rumah123
Klampis Semolo (Wisma Mukti) Baru Greeess,2200000000,87.0,130.0,4.0,4.0,2.0,1.0,Unfurnished,-7.28813,112.802902,rumah123
"Jual Rumah Etnik di Keputih Sukolilo Surabaya Timur, bisa Beli Tanahnya Saja",4250000000,311.0,280.0,3.0,2.0,2.0,1.0,Unfurnished,-7.292691,112.80956,rumah123
"Dijual Rumah 2 Lantai di Perumahan Wisma Mukti Surabaya Timur, Mewah",3200000000,135.0,210.0,5.0,3.0,2.0,1.0,Semi Furnished,-7.297014942864507,112.77901856331532,rumah123
"Dijual Rumah 2 Lantai di Perumahan Wisma Mukti, Klampis Semolo Barat Surabaya Timur",5200000000,250.0,220.0,4.0,3.0,2.0,1.0,Semi Furnished,-7.290036841441349,112.77525353419554,rumah123
"Dijual Rumah 2 Lantai - Koala Regency, Surabaya Timur",1250000000,98.0,115.0,2.0,2.0,2.0,1.0,Unfurnished,-7.28813,112.802902,rumah123
"Jual Rumah Second Masih Terawat di Area Klampis Manyar, Surabaya",2750000000,192.0,190.0,3.0,2.0,1.0,1.0,Unfurnished,-7.28813,112.802902,rumah123
Jual rumah 2 lantai baru gress di Eastern Park Residence,1200000000,60.0,73.0,3.0,2.0,1.0,,Unfurnished,-7.28813,112.8029,rumah123
Langka Jual Cepat Klampis Indah Wisma Mukti Row.jalan 5 Mobil,6000000000,462.0,500.0,8.0,4.0,2.0,2.0,Unfurnished,-7.28813,112.802902,rumah123
"Eastern Park Residence Sukolilo Dekat Pakuwon City, Its, Bumi Marina",1350000000,70.0,79.0,3.0,2.0,2.0,2.0,Unfurnished,-7.28813,112.8029,rumah123
Jual Rumah Wisma Mukti Klampis Indah Blok Depan,3900000000,300.0,250.0,5.0,3.0,2.0,1.0,Unfurnished,-7.28813,112.802902,rumah123
Rumah Sultan Di Jalan Utama Araya Galaxy Bumi Permai Surabaya,18000000000,525.0,1000.0,6.0,4.0,2.0,,Furnished,-7.28813,112.8029,rumah123
Rumah New Gress Wisma Mukti di Jl. Klampis Anom,2350000000,112.0,183.0,4.0,3.0,2.0,,Unfurnished,-7.28813,112.802902,rumah123
Dijual Rumah Baru Renov Bagus Siap Nego Strategis Surabaya Pusat,1950000000,144.0,200.0,4.0,3.0,2.0,1.0,Unfurnished,-7.28813,112.802902,rumah123
"Rumah Semampir - Siap Huni, Nyaman untuk Keluarga",2190000000,200.0,150.0,3.0,1.0,1.0,,Semi Furnished,-7.303367,112.790559,rumah123
Premium Rumah Gress Minimalis 2 LT Marmer Furnish Regency 21 Pakuwon,12000000000,425.0,420.0,4.0,4.0,2.0,2.0,Semi Furnished,-7.290093576407443,112.78370206994214,rumah123
Dijual Rumah Araya Galaxy Bumi Permai 2 Lantai,2500000000,135.0,260.0,3.0,3.0,2.0,1.0,Unfurnished,-7.28813,112.802902,rumah123
"Dijual Rumah Araya Galaxy Bumi Permai Siap Huni 2,5 Lantai",7500000000,360.0,500.0,4.0,3.0,2.0,,Unfurnished,-7.28813,112.802902,rumah123
Dijual Rumah Bagus Terawat Siap Huni Galaxy Bumi Permai,6500000000,375.0,265.0,4.0,3.0,2.0,,Semi Furnished,-7.28813,112.802902,rumah123
Rev.a907 Rumah Semampir Tengah Area Nyaman untuk Keluarga Murah,2210000000,200.0,150.0,3.0,1.0,1.0,2.0,Semi Furnished,-7.2149,112.748787,rumah123
Rumah Strategis Jual di Raya Semampir Surabaya Timur,2490000000,295.0,300.0,8.0,4.0,1.0,1.0,Unfurnished,-7.2149,112.74879,rumah123
Rumah Baru 3Kt 2Km Harga 900Jutaan di Semampir Sby,950000000,95.0,50.0,3.0,2.0,1.0,1.0,Unfurnished,-7.2149,112.748787,rumah123
Hunian 1 Lantai di Semampir Surabaya Selangkah ke Pusat Kota,267000000,58.0,43.0,1.0,1.0,1.0,1.0,Unfurnished,-7.2149,112.748787,rumah123
Dijual Rumah Semampir Tengah Jalan Lebar Bebas Banjir,1300000000,60.0,120.0,5.0,1.0,2.0,,Unfurnished,,,rumah123
Dijual Rumah Cuma Semenit Dari Galaxy Mall dan Raya Merr Surabaya Timur,6500000000,240.0,300.0,5.0,5.0,2.0,2.0,Unfurnished,-7.2149,112.748787,rumah123
Dijual Rumah New Gress Progres Araya Galaxy Bumi Permai 2,2650000000,75.0,160.0,4.0,3.0,2.0,2.0,Unfurnished,-7.2149,112.748787,rumah123
Best Investment Rumah Murah di Semampir View Suramadu,850000000,72.0,85.0,3.0,1.0,1.0,1.0,Unfurnished,-7.371220641753638,112.76968037000272,rumah123
Jual Rumah Bagus Siap Huni di Semampir Barat Surabaya,1500000000,120.0,200.0,5.0,3.0,2.0,,Unfurnished,-7.2149,112.748787,rumah123
Dijual Rumah di Semampir Tengah. Dekat MERR. Siap Huni,2500000000,195.0,154.0,3.0,2.0,1.0,1.0,Unfurnished,-7.2149,112.748787,rumah123
Rumah Semampir Tengah,2200000000,140.0,218.0,4.0,4.0,2.0,1.0,Semi Furnished,-7.2149,112.748787,rumah123
"Raya Semampir Dkt Semolowaru, Merr, Baruk",2500000000,295.0,300.0,8.0,4.0,1.0,,Unfurnished,,,rumah123
Dijual Rumah Dijalan Sukodono Surabaya Utara,2500000000,115.0,115.0,4.0,1.0,1.0,,Unfurnished,-7.2264938,112.7419805,rumah123
Araya,7900000000,375.0,500.0,6.0,4.0,2.0,,Unfurnished,,,rumah123
"Rumah Semampir Tengah Murah Harga Nego, Dekat Merr, Surabaya",2300000000,200.0,200.0,3.0,3.0,1.0,,Semi Furnished,-7.214805999999999,112.748855,rumah123
Dijual Rumah Lama Strategis di Jalan Raya Kapasari Surabaya,18000000000,666.0,350.0,9.0,4.0,1.0,,Unfurnished,-7.26125,112.742767,rumah123
Rumah Kapasari Cocok untuk Rukos,1200000000,203.0,113.0,6.0,2.0,1.0,,Unfurnished,-7.2558094,112.7493067,rumah123
Rumah Kapasari Cocok untuk Rukos,1200000000,113.0,203.0,6.0,2.0,2.0,,Unfurnished,-7.2558094,112.7493067,rumah123
Dijual Rumah Ngaglik Surabaya,5000000000,200.0,25.0,4.0,3.0,1.0,,Unfurnished,-7.26125,112.742767,rumah123
Dijual Rumah Raya Kecilung Surabaya Pusat,8500000000,426.0,405.0,7.0,4.0,2.0,2.0,Semi Furnished,-7.26125,112.742767,rumah123
"Rumah 1 Lantai 3 Kamar Daerah Genteng Surabaya, Dekat Rs Undaan",590000000,148.0,140.0,3.0,2.0,1.0,,Unfurnished,-7.252256787436735,112.7380482276992,rumah123
Dijual Rumah Strategis di Jl Walikota Mustajab Surabaya Pusat,23990000000,604.0,400.0,3.0,3.0,1.0,,Unfurnished,-7.26125,112.742767,rumah123
Dijual Murah Rumah Hook di Jl Jaksa Agung Suprapto Surabaya Pusat,12000000000,612.0,734.0,4.0,2.0,2.0,,Unfurnished,-7.26125,112.742767,rumah123
Dijual Rumah di Jalan Kemuning Ketabang Surabaya Pusat,10000000000,604.0,421.0,5.0,2.0,1.0,,Unfurnished,-7.26125,112.742767,rumah123
JAKSA AGUNG PUSAT KOTA SURABAYA STRATEGIS COCOK BUAT KANTOR USAHA,12500000000,607.0,600.0,3.0,2.0,1.0,,Unfurnished,,,rumah123
Rumah Strategis di Pusat Kota Surabaya Dekat Ambengan Jaksa Agung Suprapto,7490000000,396.0,470.0,4.0,3.0,1.0,2.0,Unfurnished,-7.26125,112.742767,rumah123
Dijual Rumah Lama Strategis di Jalan Raya Kapasari Surabaya,18000000000,666.0,350.0,9.0,4.0,1.0,,Unfurnished,-7.26125,112.742767,rumah123
Dijual Rumah Siap Huni di Jl Kaca Piring Surabaya Pusat,5000000000,448.0,230.0,3.0,2.0,1.0,,Unfurnished,-7.26125,112.742767,rumah123
Rumah Lebak Rejo - Strategis - Murah - Row 2.5 Mobil,1350000000,182.0,218.0,3.0,3.0,2.0,,Unfurnished,-7.25371,112.753212,rumah123
Rumah Baru Gress 2 Unit Jejer READY Lebak Indah Utara,1700000000,100.0,120.0,3.0,3.0,2.0,,Unfurnished,-7.25371,112.75321,rumah123
Rumah Bagus Siap Huni Di Karang Gayam Surabaya,1600000000,200.0,300.0,4.0,4.0,,,Unfurnished,-7.253838,112.75289199999996,rumah123
"Hot Item! Lebak Indah Rumah Siap Pakai, Fast Sale",1100000000,84.0,120.0,3.0,3.0,2.0,1.0,Unfurnished,-7.25371,112.753212,rumah123
Rumah Klasik Surabaya Pusat,15000000000,392.0,850.0,6.0,7.0,3.0,4.0,Unfurnished,-7.25371,112.753212,rumah123
"Rumah Siap Huni di Perumahan Mulia Residence Jalan Mulyorejo, Tambaksari Surabaya",1900000000,120.0,126.0,3.0,2.0,2.0,1.0,Unfurnished,-7.25371,112.753212,rumah123
"Dijual Rumah 2 Lantai Tambaksari, Dekat Rsud Dr Soetomo",1600000000,72.0,120.0,4.0,3.0,2.0,1.0,Unfurnished,-7.25371,112.75321,rumah123
"Rumah Siap Huni di Jalan Kesumba, Taman Paliatif",3600000000,265.0,180.0,4.0,2.0,1.0,1.0,Unfurnished,-7.25371,112.75321,rumah123
Rumah Siap Huni Area Gading Pantai- Listrik 5.500 Watt - Hadap Utara,4500000000,465.0,325.0,4.0,2.0,2.0,,Unfurnished,-7.25371,112.753212,rumah123
Rumah Baru Ploso Timur - Modern Tropis,850000000,48.0,48.0,3.0,2.0,2.0,,Unfurnished,-7.25371,112.753212,rumah123
"Rumah Ploso Timur, Baru, Hadap Barat, Row 2 Mobil",850000000,48.0,48.0,3.0,2.0,2.0,,Unfurnished,-7.25371,112.753212,rumah123
Jual Rumah Minimalis Ploso Timur,1100000000,100.0,100.0,5.0,2.0,1.0,1.0,Unfurnished,-7.25371,112.753212,rumah123
BARU GRESSS Rumah Ploso Tambaksari Surabaya Timur Harga 500Jtan Ready 8 Unit,525000000,45.0,45.0,2.0,1.0,1.0,1.0,Unfurnished,-7.25371,112.753212,rumah123
Dijual Rumah New Minimalis.2 Lantai Lebak Surabaya,650000000,68.0,96.0,1.0,3.0,2.0,1.0,Unfurnished,-7.25371,112.753212,rumah123
"[ Dijual ] Rumah Ploso , Kenjeran , Tambaksari - Surabaya Timur",1900000000,156.0,180.0,,,1.0,1.0,Semi Furnished,-7.25371,112.753212,rumah123
Dijual Rumah Gress Siap Huni,670000000,35.0,35.0,2.0,2.0,2.0,,Unfurnished,,,rumah123
Rumah Lebak Indah Strategis Siap Huni Row 3 Mobil,1650000000,188.0,160.0,4.0,5.0,1.0,,Unfurnished,-7.25371,112.753212,rumah123
Hunian Tengah Kota Surabaya Straregis di Tambak Sari,1600000000,134.0,119.0,3.0,2.0,1.0,,Unfurnished,-7.25371,112.753212,rumah123
"Rumah Hitung Tanah 1,5 Lantai di Villa Kalijudan Surabaya, Row Jalan Lebar",1100000000,65.0,120.0,2.0,2.0,2.0,1.0,Unfurnished,-7.2621803166451,112.77607541649354,rumah123
Jual Rumah Bronggalan Sawah,1100000000,77.0,105.0,4.0,2.0,1.0,1.0,Unfurnished,-7.25371,112.753212,rumah123
Dijual Rumah 2 Lantai Darmo Permai Utara,1300000000,90.0,150.0,3.0,2.0,2.0,1.0,Semi Furnished,-7.28917,112.734,rumah123
Rumah Minimalis Baru Gress di Darmo Permai Timur Surabaya Barat,2800000000,147.0,190.0,4.0,4.0,2.0,1.0,Unfurnished,-7.26548,112.698799,rumah123
Rumah Raya Satelit Utara Lokasi Nol Jalan Cocok Buat Komersial,13000000000,600.0,800.0,5.0,4.0,2.0,2.0,Unfurnished,-7.26548,112.6988,rumah123
Rumah Kupang Jaya Surabaya 2 Lantai Lokasi Strategis,1400000000,135.0,160.0,3.0,3.0,2.0,1.0,Unfurnished,,,rumah123
"Darmo Baru Barat, Rumah Baru 2 Lantai",3100000000,120.0,200.0,4.0,4.0,2.0,,Unfurnished,,,rumah123
"Darmo Baru Barat, Dijual Rumah Gress Row Jalan Lebar",4200000000,154.0,225.0,4.0,4.0,2.0,,Unfurnished,,,rumah123
Rumah Lay Out Loss Siap Huni,9500000000,207.0,250.0,1.0,3.0,1.0,,Unfurnished,,,rumah123
Rumah Strategis Raya Satelit Utara Ramai Traffic Cocok Komersial,13000000000,600.0,800.0,5.0,4.0,2.0,1.0,Unfurnished,-7.26548,112.6988,rumah123
Termurah Rumah Darmo Baru Barat Paling Murah Surabaya,2490000000,168.0,260.0,5.0,3.0,2.0,,Unfurnished,-7.26548,112.6988,rumah123
Hunian Mewah Full Granit dan Kayu Jati Semifurnished Nego di Darmo Harapan Regency Site,16000000000,560.0,493.0,6.0,4.0,2.0,,Semi Furnished,-7.26548,112.698799,rumah123
Dijual Rumah Darmo Satelit,4500000000,312.0,300.0,4.0,2.0,2.0,1.0,Unfurnished,-7.26548,112.698799,rumah123
"Dekat Akses Tol, Rumah, 2 Lantai, SHM, Dekat Pusat Perbelanjaan, Siap Huni",1650000000,104.0,132.0,4.0,3.0,2.0,1.0,Unfurnished,-7.26548,112.698799,rumah123
Hunian Nyaman dengan Akses Mudah di Darmo Harapan,3500000000,400.0,250.0,4.0,3.0,1.0,,Semi Furnished,-7.272842000008851,112.68810550000028,rumah123
Darmo Permai. Raya Kupang Baru. Sukomanunggal,21500000000,817.0,600.0,4.0,4.0,1.0,2.0,Semi Furnished,-7.26548,112.6988,rumah123
Dijual Cepat Rumah Istimewa di Satelit Utara,3500000000,240.0,200.0,3.0,3.0,1.0,3.0,Unfurnished,-7.26548,112.698799,rumah123
"Rumah Hook di Simomulyo Baru, Sukomanunggal",1100000000,133.0,140.0,4.0,2.0,2.0,1.0,Semi Furnished,-7.28917,112.734,rumah123
Dijual Rumah Mewah2lt Darmo Satelit,6500000000,375.0,259.0,6.0,4.0,2.0,1.0,Unfurnished,-7.26548,112.698799,rumah123
Rumah Bagus Strategis Nol Jalan Raya Bebas Banjir Siap Huni,9000000000,450.0,400.0,6.0,4.0,2.0,1.0,Semi Furnished,-7.26548,112.698799,rumah123
Dijual Rumah Dijalan Tuban Raya Surabaya,1600000000,192.0,192.0,4.0,3.0,1.0,,Unfurnished,-7.24025,112.72356,rumah123
Rumah Raya Bubutan Jalan Kembar Jalur Lambat Strategis,32500000000,1400.0,750.0,8.0,2.0,2.0,6.0,Unfurnished,-7.25331,112.73286,rumah123
RUMAH 2 LANTAI DI JALAN BUBUTAN BISA TEMBUS KE JALAN PAHLAWAN DIMENSI 7X16.5 METER ADA 4KAMAR TIDUR,1500000000,115.0,115.0,4.0,2.0,2.0,,Semi Furnished,,,rumah123
Hanya 6jt per meter Rumah 2 Lantai Jalan Cepu Bubutan Sby [540],3200000000,526.0,800.0,5.0,4.0,2.0,,Unfurnished,-7.25331,112.73286,rumah123
RUMAH KANTOR JALAN PASAR TURI LUAS 1.114M2 TANAH NGANTONG HOKI HANYA 100METER DARI JALAN BUBUTAN,15000000000,1114.0,748.0,4.0,4.0,2.0,2.0,Unfurnished,,,rumah123
Rumah Asem Jaya Surabaya Murah (VIN.A201),950000000,68.0,57.0,2.0,1.0,,,Unfurnished,-7.25331,112.73286,rumah123
Dijual Rumah Bubutan Surabaya Ron.a1639,1500000000,115.0,115.0,4.0,2.0,2.0,,Unfurnished,-7.25331,112.732857,rumah123
"Dijual Rumah 3 Lantai - Northwest Park, Citraland Surabaya Barat",1750000000,90.0,200.0,6.0,2.0,3.0,1.0,Semi Furnished,-7.25331,112.732857,rumah123
Dijual Rumah 1 Lantai Northwest Park Siap Huni,850000000,72.0,46.0,2.0,1.0,1.0,1.0,Unfurnished,-7.25331,112.732857,rumah123
Dijual Rumah 1 Lantai Northwest Park Siap Huni,850000000,72.0,36.0,1.0,1.0,1.0,1.0,Unfurnished,-7.25331,112.732857,rumah123
Rumah Dijual Dijalan Kranggan Surabaya,2000000000,144.0,144.0,5.0,3.0,1.0,,Unfurnished,-7.255090214599221,112.73169401238778,rumah123
Rumah Dijual Dijalan Praban Wetan Surabaya Pusat,1100000000,100.0,100.0,3.0,1.0,1.0,,Unfurnished,-7.255328999766121,112.73646406039154,rumah123
Dijual Rumah Murah Lokasi di Northwest Park Citraland,1750000000,200.0,90.0,6.0,2.0,3.0,,Unfurnished,-7.25331,112.73286,rumah123
Northwest Park,1650000000,105.0,100.0,3.0,2.0,2.0,1.0,Unfurnished,,,rumah123
Rumah Dijual Dijalan Praban Kulon Surabaya Pusat,750000000,85.0,60.0,3.0,1.0,1.0,,Unfurnished,-7.2540727766049,112.73497942037623,rumah123
Rumah Bubutan Semarang Surabaya Pusat Kota Murah. Ric.a182,6500000000,165.0,500.0,3.0,2.0,3.0,,Unfurnished,-7.25331,112.732857,rumah123
Dijual Rumah Dijalan Demak Barat Surabaya,2000000000,127.0,164.0,7.0,2.0,2.0,,Unfurnished,-7.2471480002591555,112.71860524999998,rumah123
Dijual Rumah Dijalan Tulungagung Bubutan Surabaya,2000000000,207.0,207.0,5.0,2.0,1.0,,Unfurnished,-7.24629,112.727584,rumah123
Dijual Rumah Dijalan Praban Kulon Surabaya,2250000000,192.0,232.0,5.0,2.0,1.0,,Unfurnished,-7.2545097,112.7349326,rumah123
Jual Rumah Mulyosari Prima Dekat Its Pakuwoncity Mulyorejo,1750000000,108.0,160.0,4.0,3.0,2.0,1.0,Unfurnished,-7.27049,112.780548,rumah123
Dijual Rumah Sutorejo Utara,3700000000,300.0,120.0,3.0,2.0,1.0,,Unfurnished,-7.27049,112.780548,rumah123
Rumah Sutorejo Utara Strategis,2750000000,200.0,175.0,4.0,3.0,1.0,,Unfurnished,-7.27049,112.780548,rumah123
Rumah Strategis Mulyosari Mulyorejo Surabaya Timur,1750000000,108.0,160.0,4.0,3.0,2.0,1.0,Semi Furnished,-7.27049,112.780548,rumah123
Rumah Baru di Babatan Pantai Surabaya Timur,2950000000,153.0,216.0,4.0,3.0,2.0,2.0,Unfurnished,-7.27049,112.78055,rumah123
Li69. New Project Rumah Kertajaya Indah Timur,6800000000,240.0,300.0,4.0,4.0,2.0,,Unfurnished,-7.27049,112.78055,rumah123
2112 Jual Rumah Besar di Surabaya Kertajaya Timur,7000000000,300.0,400.0,7.0,4.0,2.0,1.0,Semi Furnished,-7.27049,112.780548,rumah123
Dijual Rumah Semi Furnish 2Lt Pakuwon City,7000000000,240.0,270.0,4.0,4.0,2.0,1.0,Semi Furnished,-7.27049,112.780548,rumah123
Jual Rumah Baru Hook Sutorejo,1950000000,98.0,129.0,3.0,3.0,2.0,1.0,Semi Furnished,-7.27049,112.78055,rumah123
"Jual Rumah Baru 2 Lantai Area Sutorejo, Surabaya",3350000000,134.0,210.0,4.0,3.0,2.0,2.0,Unfurnished,-7.27049,112.780548,rumah123
Rumah Siap Huni Villa Kalijudan Dekat Widya Mandala dan Unair Kampus C,1780000000,100.0,160.0,3.0,3.0,2.0,1.0,Unfurnished,-7.27049,112.780548,rumah123
Dijual Rumah di Dharmahusada Indah Timur Surabaya Mewah Siap Huni,9500000000,450.0,900.0,5.0,4.0,1.0,,Semi Furnished,-7.27049,112.780548,rumah123
Rumah Surabaya Sutorejo Tengah Mulyorejo Mulyosari,1800000000,77.0,110.0,3.0,3.0,2.0,,Unfurnished,-7.27049,112.780548,rumah123
Dijual Rumah LT 165 M² Villa Kalijudan Surabaya Timur Dekat Galaxy Mall Rev.a1073,2210000000,165.0,135.0,3.0,3.0,1.0,1.0,Unfurnished,-7.27049,112.780548,rumah123
Dijual Rumah Babatan Pantai Timur Mulyorejo Surabaya Ron.a3028,2250000000,144.0,175.0,2.0,2.0,2.0,1.0,Unfurnished,-7.27049,112.780548,rumah123
Ready 2 Unit! Rumah Baru Sutorejo Prima Selatan,3350000000,134.0,210.0,4.0,3.0,2.0,,Unfurnished,-7.27049,112.78055,rumah123
Rumah Babatan Pantai Utara Dekat Grand Kenjeran Merr Galaxy Mall,2850000000,150.0,210.0,5.0,5.0,2.0,2.0,Unfurnished,-7.27049,112.780548,rumah123
"Dijual Rumah 1,5 Lantai Darmo Indah Timur",1350000000,105.0,100.0,3.0,2.0,1.0,1.0,Unfurnished,-7.28917,112.734,rumah123
Dijual Rumah Darmo Harapan Indah,1850000000,180.0,140.0,3.0,1.0,,1.0,Unfurnished,,,rumah123
Dijual Rumah Grand Pakuwon Semi Furnish 2Lt Lb212m Dekat Food Junction Mall,3000000000,144.0,212.0,4.0,4.0,2.0,,Semi Furnished,,,rumah123
Dijual Rumah Murah @ Grand Pakuwon Cluster Queensland,1200000000,48.0,61.0,2.0,2.0,2.0,,Furnished,-7.25834,112.678978,rumah123
Dijual Rumah Grand Pakuwon Adelaide Surabaya,3200000000,144.0,212.0,4.0,4.0,2.0,2.0,Unfurnished,-7.28917,112.734,rumah123
Rumah di Jalan Darmo Harapan,7000000000,352.0,264.0,6.0,4.0,2.0,1.0,Unfurnished,-7.25834,112.678978,rumah123
Jual Rumah Darmo Harapan Indah 2 Surabaya Barat,1850000000,180.0,140.0,3.0,1.0,1.0,1.0,Unfurnished,-7.265282720222061,112.68399761838162,rumah123
Di Jual Rumah di Grand Pakuwon,1600000000,72.0,84.0,3.0,2.0,2.0,,Unfurnished,-7.25834,112.678978,rumah123
"Rumah Usaha Nol Jalan Darmo Permai Cocok Toko,Kantor, Bengkel Ramai Penduduk di Surabaya Barat",3250000000,180.0,360.0,4.0,3.0,1.0,4.0,Unfurnished,-7.25834,112.678978,rumah123
Dijual Rumah Cluster Elite North Victoria Grand Pakuwon Surabaya Barat 4 Kamar Siap Huni,3000000000,144.0,180.0,4.0,4.0,2.0,2.0,Unfurnished,-7.2426202,112.6637502,rumah123
Termurah Rumah Baru Gress Canberra Grand Pakuwon,2350000000,160.0,185.0,4.0,3.0,1.0,1.0,Unfurnished,-7.25834,112.678978,rumah123
"Dijual Rumah di Grand Pakuwon, Dekat Margomulyo",2000000000,90.0,100.0,3.0,2.0,2.0,1.0,Unfurnished,,,rumah123
Jual Rumah 2 Lantai Grand Pakuwon North Victoria Tandes Surabaya Barat,3000000000,144.0,180.0,4.0,4.0,2.0,1.0,Semi Furnished,-7.243766067600077,112.66322244175215,rumah123
Jual Rumah 2 Lantai Grand Pakuwon Cluster Brisbane Surabaya Barat,3200000000,144.0,158.0,3.0,3.0,2.0,1.0,Semi Furnished,-7.240597220526354,112.66739832327836,rumah123
Dijual Rumah Grand Pakuwon Surabaya,1990000000,90.0,140.0,4.0,3.0,2.0,2.0,Unfurnished,-7.25834,112.678978,rumah123
Rumah 1 Lantai di Manukan Jaya Surabaya Barat,950000000,96.0,96.0,3.0,1.0,1.0,,Unfurnished,-7.25834,112.678978,rumah123
Rumah Mewah 2 Lantai Dekat Mcdonald'S Rungkut,999000000,50.0,82.0,3.0,2.0,2.0,1.0,Unfurnished,-7.31434,112.80023,rumah123
Rumah dekat UPN 2 Lantai SHM,750000000,72.0,45.0,3.0,2.0,2.0,1.0,Unfurnished,-7.31434,112.80023,rumah123
Rumah Mewah 2 Lantai Dekat Mcdonald'S Rungkut Dijual Murah,999000000,50.0,84.0,3.0,2.0,2.0,1.0,Unfurnished,-7.31434,112.80023,rumah123
Rumah Mezzanine SHM Dekat Upn Jual Murah,590000000,50.0,41.0,3.0,1.0,2.0,1.0,Unfurnished,-7.31434,112.800232,rumah123
Rumah SHM Ready Unit Dekat Kampus Upn,699000000,60.0,50.0,2.0,2.0,2.0,1.0,Unfurnished,-7.31434,112.800232,rumah123
Rumah Ready Unit 2 Lantai 500 Jutaan Lokasi Rungkut,510000000,35.0,36.0,2.0,1.0,2.0,1.0,Unfurnished,-7.31434,112.80023,rumah123
Rumah Baru Shm Ready Unit Rungkut  Murah,905000000,84.0,90.0,3.0,2.0,2.0,,Unfurnished,-7.31434,112.80023,rumah123
Rumah 2 Lantai SHM Murah Wonorejo Rungkut,587000000,60.0,64.0,3.0,2.0,2.0,,Unfurnished,-7.31434,112.80023,rumah123
Rumah SHM Ready Unit dijual Murah Rungkut Surabaya,600000000,50.0,36.0,2.0,1.0,,,Unfurnished,-7.31434,112.80023,rumah123
Rumah SHM Dekat Kampus Ready Unit Jual Murah,699000000,60.0,50.0,2.0,2.0,2.0,1.0,Unfurnished,-7.31434,112.800232,rumah123
Rumah Shmready Unit Dekat Stikom,850000000,100.0,50.0,3.0,1.0,1.0,1.0,Unfurnished,-7.31434,112.800232,rumah123
Rumah 2 Lantai Under 1M di Surabaya?:Fire: Wow Murah Banget! :Fire: Medokan Ayu - Rungkut Surabaya :Fire::Fire: Dijual Rumah 2 Lantai :Fire: Ukuran 6 X 15 Shm✨ Spesifikasi Rumah:️ KT 3 KM 2️ Ruang Tamu️ Dapur‍‍‍ Ruang Keluarga️ Balkon Rumah 2 Lantai Harga,750000000,90.0,120.0,3.0,2.0,2.0,1.0,Unfurnished,-7.31434,112.800232,rumah123
"Dijual Rumah Dekat Pakuwon Mall, Strategis, Simpang Darmo Permai",2500000000,180.0,260.0,8.0,3.0,2.0,,Semi Furnished,,,rumah123
Pakuwon Indah Villa Valensia Termurah Model Mediterania,3990000000,265.0,275.0,4.0,3.0,2.0,2.0,Unfurnished,-7.27993,112.65465,rumah123
Dijual Rumah Citrland Siap Huni Strategis Surabaya Kota Rk 214,9250000000,300.0,500.0,6.0,7.0,2.0,,Unfurnished,-7.27993,112.654648,rumah123
"Rumah Eastwood, Citraland",6250000000,288.0,360.0,4.0,3.0,2.0,,Unfurnished,-7.27993,112.654648,rumah123
Grand Eastwood Minimalis Bagus,5900000000,276.0,315.0,4.0,3.0,2.0,,Unfurnished,-7.27993,112.654648,rumah123
Minimalis Siap Huni Citraland Eastwood,5500000000,238.0,350.0,5.0,3.0,2.0,,Unfurnished,-7.27993,112.654648,rumah123
Murah Rumah Murah Siap Hunilokasi Alam Galaxy Sambikerep Surabaya,2100000000,162.0,174.0,4.0,5.0,2.0,1.0,Unfurnished,-7.28917,112.734,rumah123
"Rumah 2 LT Siap Huni di Green Mansion Regency-> Dkt Darmo Permai , Satelit",1350000000,78.0,120.0,3.0,2.0,2.0,2.0,Semi Furnished,-7.27993,112.654648,rumah123
Diamond Hill Citraland,8900000000,368.0,500.0,4.0,3.0,2.0,,Unfurnished,,,rumah123
Diamond Hill Citraland,8900000000,368.0,500.0,4.0,3.0,2.0,,Unfurnished,,,rumah123
Rumah Graha Natura Edenia Blok E Kondisi Kosongan,3200000000,144.0,144.0,3.0,4.0,2.0,,Unfurnished,,,rumah123
Dijual Rumah Siap Huni di Simpang Darmo Surabaya Barat,1700000000,1041.0,132.0,3.0,2.0,2.0,2.0,Semi Furnished,-7.27993,112.654648,rumah123
Rumah Modern di Graha Natura Surabaya Barat - Lokasi Strategis,7500000000,375.0,400.0,4.0,4.0,2.0,1.0,Unfurnished,-7.2797029156,112.6587989951,rumah123
Dijual Rumah Siap Huni Graha Natura Surabaya Barat,2700000000,140.0,130.0,3.0,3.0,2.0,,Unfurnished,-7.28917,112.734,rumah123
Dijual Rumah Pakuwon Indah Minimalis 3 Lantai Siap Huni,6500000000,180.0,225.0,5.0,4.0,3.0,2.0,Unfurnished,-7.27993,112.654648,rumah123
Dijual Rumah Pakuwon Indah Lariz Wood 2 Lantai Siap Huni,7750000000,240.0,300.0,4.0,4.0,2.0,2.0,Unfurnished,-7.27993,112.654648,rumah123
Rumah Siap Huni Row 4 Mobil Loss di Villa Bukit Permai Dkt Graha Pakuwon Citraland,3300000000,300.0,220.0,4.0,3.0,2.0,,Unfurnished,-7.27993,112.65465,rumah123
Rumah 2 Lantai Modern Siap Huni di Forest Mansion Menganti,1900000000,135.0,160.0,3.0,2.0,2.0,,Semi Furnished,-7.306840247905384,112.66476771959503,rumah123
"Dijual Cepat‼️Rumah Royal Residence - 2 Lantai, Siap Huni!",3950000000,180.0,255.0,4.0,3.0,2.0,1.0,Unfurnished,-7.30073,112.63566,rumah123
Dijual Ex Sekolah Posisi Hook di Daerah Menganti Surabaya,15000000000,627.0,1000.0,20.0,6.0,3.0,5.0,Unfurnished,-7.28917,112.734,rumah123
Rumah Minimalis Dekat Univ Ciputra Citraland Surabaya 2Lantai One Gate System Hanya 900 Jutaan,990000000,92.0,110.0,3.0,2.0,2.0,1.0,Semi Furnished,-7.30073,112.635658,rumah123
"Prambanan Residence, Dijual Rumah Hook Terawat",6250000000,388.0,311.0,4.0,3.0,2.0,,Unfurnished,,,rumah123
Dijual Rumah Istimewa Ada Kolam Renang Nyaman,5500000000,280.0,400.0,3.0,5.0,2.0,,Semi Furnished,,,rumah123
American Modern New House Citraland 4 Lantai Siap Huni,4890000000,150.0,350.0,4.0,4.0,4.0,2.0,Semi Furnished,-7.30073,112.635658,rumah123
Jual Rumah Baru Gress Royal Residence Serenade,1250000000,50.0,65.0,2.0,1.0,2.0,1.0,Furnished,-7.300740317468012,112.63141273083858,rumah123
"2 Milyaran Dijual Rumah Forest Mansion - Blossom Hill - Spesial 5 Kamar Tidur - Lakarsantri Wiyung Surabaya Barat - Semi Furnished - Dekat Citraland , Wbm, Royal Residence, Pakuwon Mall",2500000000,136.0,160.0,5.0,4.0,2.0,2.0,Semi Furnished,-7.30073,112.635658,rumah123
"2 Milyaran Dijual Rumah Forest Mansion Lakarsantri Wiyung Surabaya Barat - Semi Furnished - Dekat Citraland , Wbm, Royal Residence, Pakuwon Mall",2800000000,162.0,200.0,4.0,3.0,2.0,2.0,Semi Furnished,-7.30073,112.635658,rumah123
"Rumah Dijual! Perumahan Royal Residence - 2 Lantai, View Taman",2600000000,98.0,125.0,3.0,2.0,2.0,2.0,Unfurnished,-7.30073,112.63566,rumah123
"Rumah Baru Gress 2 Lantai di The Greenlake, Citraland",2800000000,120.0,143.0,3.0,3.0,2.0,2.0,Unfurnished,-7.28917,112.734,rumah123
Grand Palais Wisata Bukit Mas,3500000000,153.0,250.0,4.0,3.0,2.0,1.0,Unfurnished,,,rumah123
Jual Rumah Asri 2 Lantai Greenlake Citraland,3900000000,200.0,257.0,5.0,4.0,2.0,2.0,Unfurnished,-7.302960918648893,112.6321272141181,rumah123
Rumah 2 Lantai Depan Danau Royal Residence Cluster Greenwich Kondisi Furnished,5000000000,240.0,311.0,5.0,4.0,2.0,,Furnished,-7.30073,112.63566,rumah123
Dijual Rumah Green.lake Citraland,2300000000,90.0,98.0,3.0,3.0,1.0,2.0,Unfurnished,-7.30073,112.635658,rumah123
"Dijual Rumah - Jelidro Indah, Lakarsantri, Surabaya Barat",525000000,92.0,92.0,3.0,1.0,1.0,,Unfurnished,-7.30073,112.635658,rumah123
"Rumah.wisata.bukit Mas 2 Semi Furnished. Bagus. Murah, Nego",2700000000,200.0,200.0,5.0,3.0,2.0,2.0,Semi Furnished,-7.30073,112.635658,rumah123
Murah Rumah Bagus & Strategis di Royal Residence Greenwich,2250000000,144.0,200.0,2.0,2.0,2.0,1.0,Unfurnished,-7.30073,112.635658,rumah123
Rumah Exclusive Prambanan Residence Nego Sampe Deal,3900000000,252.0,350.0,4.0,4.0,2.0,1.0,Unfurnished,-7.30073,112.63566,rumah123
"Rumah Bagus SHM di Pondok Benowo Indah, Surabaya",1700000000,202.0,300.0,8.0,4.0,2.0,1.0,Semi Furnished,-7.23213,112.63014,rumah123
Rumah Mewah Bisa Dp 0 Di Menganti Fasilitas Premium. Info Rumah Dimana Saja Tanya Saya.,484000000,60.0,36.0,2.0,1.0,1.0,1.0,Unfurnished,-7.23213,112.63014,rumah123
Rumah Murah Fasilitas Mewah Di Menganti Otw Sold Out !! Info Rumah Di Surabaya Dan Sekitar Wa Saya Saja,484000000,60.0,36.0,2.0,1.0,,1.0,Unfurnished,-7.23213,112.63014,rumah123
Dijual Rumah Daerah Pondok Benowo Indah Surabaya,3100000000,144.0,144.0,8.0,9.0,2.0,1.0,Unfurnished,-7.23213,112.63014,rumah123
Dijual Rumah Jalan Bendil Jaya Benowo Surabaya,450000000,100.0,100.0,2.0,3.0,1.0,1.0,Unfurnished,-7.28917,112.734,rumah123
"Dijual Rumah Baru Gress di Palma Grandia, Citraland",2500000000,180.0,158.0,4.0,4.0,2.0,,Unfurnished,-7.253608108934742,112.63071349979953,rumah123
Rumah Dp 0 Hanya 15 Menit ke Ptc Unesa Lidah. 20 Menit Dari Benowo Suku Bunga Termurah Se-Indonesia. Info Rumah Dimana Saja Tanya Saya,550000000,78.0,36.0,,2.0,1.0,1.0,Unfurnished,-7.23213,112.630142,rumah123
"Dijual Rumah 2 Lantai - Surabaya Barat - Griya Citra Asri, Benowo Surabaya Barat",1350000000,72.0,144.0,2.0,2.0,2.0,1.0,Unfurnished,-7.23213,112.630142,rumah123
Dijual Rumah Perumahan Wisata Semanggi Benowo Surabaya,775000000,72.0,36.0,2.0,1.0,1.0,,Unfurnished,-7.23213,112.630142,rumah123
Dijual Rumah Jalan Bendil Jaya Benowo,450000000,100.0,100.0,3.0,1.0,1.0,1.0,Unfurnished,-7.23213,112.630142,rumah123
Dijual Rumah Bukit Palma Citraland Surabaya,1000000000,100.0,70.0,1.0,1.0,1.0,1.0,Unfurnished,-7.23213,112.630142,rumah123
Li94 New Pantai Mentari Pantai Mentari Blok M,1800000000,90.0,135.0,4.0,3.0,2.0,2.0,Unfurnished,-7.240977,112.79512,rumah123
Rumah Siap Huni Harga Dibawah Pasar Nego Sampai Deal di Kedinding Kenjeran Surabaya,1150000000,135.0,115.0,4.0,1.0,1.0,,Unfurnished,-7.23563,112.786163,rumah123
"Rumah Dekat Suramadu, Perak, Ampel, Kenjeran Bulak Rukem- Lingkungan Ramai, tetapi Tetap Nyaman untuk Hunian - Cocok untuk Keluarga Maupun Tempat Tinggal Pekerja",399000000,72.0,60.0,1.0,1.0,1.0,,Unfurnished,-7.23563,112.786163,rumah123
Rumah Baru Surabaya Timur 2 Lantai Desain Modern Minimalis,1590000000,90.0,120.0,3.0,3.0,2.0,1.0,Unfurnished,-7.23563,112.786163,rumah123
Dijual Rumah Baru Lebak Jaya Indah Utara Murah,775000000,82.0,75.0,3.0,2.0,1.0,1.0,Unfurnished,-7.23563,112.786163,rumah123
Rumah 1 LT Siap Huni @ Pantai Mentari,1500000000,102.0,102.0,3.0,2.0,1.0,1.0,Unfurnished,-7.23563,112.786163,rumah123
Dijual Rumah Babatan Pantai - Baru Gress - Rooftop,2500000000,146.0,280.0,5.0,5.0,2.0,1.0,Unfurnished,-7.23563,112.786163,rumah123
Dijual Rumah Lebak Jaya Tengah Utara Dekat Kenjeran Surabaya,1350000000,72.0,110.0,3.0,2.0,2.0,,Unfurnished,-7.23563,112.786163,rumah123
Murahh!! Dijual Rumah Hook Kenjeran Indah,1800000000,128.0,150.0,3.0,2.0,1.0,1.0,Unfurnished,-7.23563,112.786163,rumah123
Komersial Surabaya Pusat Dekat Kusuma Bangsa Rumah Jl Seruni,9000000000,457.0,500.0,4.0,3.0,2.0,2.0,Semi Furnished,-7.23563,112.786163,rumah123
"Rumah Villa Kalijudan Strategis , Hadap Utara PLN 10.600",8500000000,827.0,1000.0,7.0,7.0,2.0,,Unfurnished,-7.23563,112.786163,rumah123
Rumah Babatan Pantai Strategis Murah Row 3 Mobil,2500000000,144.0,216.0,5.0,3.0,2.0,,Unfurnished,-7.23563,112.786163,rumah123
Rumah Dijual Dijalan Pantai Mentari Kenjeran Surabaya,1300000000,90.0,90.0,2.0,2.0,1.0,,Unfurnished,-7.23694706,112.7917099,rumah123
Rumah Babatan Pantai Strategis Murah Row 3 Mobil,2500000000,144.0,216.0,5.0,3.0,2.0,,Unfurnished,-7.23563,112.786163,rumah123
Rumah Lebak Indah Town House Full Furnished,1950000000,96.0,288.0,4.0,4.0,3.0,1.0,Furnished,-7.23563,112.786163,rumah123
Kenjeran,1300000000,100.0,109.0,3.0,3.0,2.0,,Unfurnished,,,rumah123
Dijual Rumah Minimalis di Pantai Mentari Siap Huni,1670000000,96.0,120.0,3.0,2.0,2.0,1.0,Unfurnished,-7.23563,112.786163,rumah123
Babatan Pantai Hook 2 Lantai,2550000000,116.0,150.0,4.0,3.0,2.0,2.0,Unfurnished,-7.23563,112.786163,rumah123
Dijual Rumah Semi Furnish Di Raya Kedung Cowek Surabaya,9000000000,737.0,1000.0,7.0,5.0,2.0,,Semi Furnished,-7.24340890002,112.7692676,rumah123
Rumah Baru Minimalis Modern di Lebak Jaya Kenjeran Surabaya Utara,1350000000,75.0,130.0,3.0,2.0,2.0,1.0,Unfurnished,-7.2428369,112.7778777,rumah123
Dijual Rumah 2Lt Siap Huni di Lebak Indah,1500000000,96.0,150.0,4.0,2.0,2.0,1.0,Unfurnished,-7.23563,112.786163,rumah123
"Dijual Cepat Rumah Genteng Durasim Dkt Tunjungan, Ps Genteng",12000000000,530.0,400.0,11.0,3.0,2.0,2.0,Unfurnished,-7.26125,112.74277,rumah123
Dijual Rumah Pusat Kota Jl Jaksa Agung Suprapto Surabaya,13000000000,607.0,1212.0,3.0,3.0,2.0,,Unfurnished,-7.28917,112.734,rumah123
Jual Cepat Rumah Surabaya Pusat Nol Jalan Raya Komersial Area,25000000000,629.0,500.0,11.0,11.0,2.0,6.0,Semi Furnished,-7.26125,112.742767,rumah123
Jual Langka Komersial Area Termurah Luas Embong Trengguli Surabaya Pusat Dekat Tunjungan,39900000000,877.0,670.0,,,1.0,,Unfurnished,-7.26125,112.742767,rumah123
Rumah Northwes,1900000000,105.0,100.0,4.0,3.0,2.0,1.0,Semi Furnished,,,rumah123
Rumah Northwest,2300000000,125.0,149.0,5.0,4.0,2.0,1.0,Semi Furnished,,,rumah123
Rumah Dijual Demak Timur Bubutan Surabaya,1600000000,128.0,128.0,3.0,1.0,1.0,,Unfurnished,-7.24611335,112.7239656,rumah123
Rumah Dijual Demak Timur Bubutan Surabaya,1600000000,128.0,128.0,3.0,1.0,1.0,,Unfurnished,-7.24611335,112.7239656,rumah123
Rumah Tinggal Bagus dan Nyaman di Surabaya,1250000000,199.0,263.0,4.0,2.0,2.0,1.0,Unfurnished,-7.241588834969706,112.72503385196464,rumah123
Rumah Dijual Jalan Tuban Bubutan Surabaya,1100000000,75.0,150.0,4.0,2.0,2.0,,Unfurnished,-7.241041221764334,112.72309537921348,rumah123
Dijual Rumah SHM di Jalan Kawatan Bubutan Surabaya Pusat,1400000000,200.0,200.0,7.0,2.0,1.0,,Unfurnished,-7.25331,112.73286,rumah123
RUMAH DI JL TULUNGAGUNG BUBUTAN,3000000000,163.0,242.0,6.0,7.0,,,Unfurnished,,,rumah123
Rumah Jalan Semarang Surabaya 17 Juta Permeter Lokasi Strategis,8296000000,488.0,488.0,1.0,1.0,1.0,1.0,Unfurnished,-7.25331,112.73286,rumah123
Dijual Rumah 2Lt Pantai Mentari,2000000000,136.0,146.0,3.0,2.0,2.0,1.0,Unfurnished,-7.240977,112.79512,rumah123
Rumah 2 LT Pantai Mentari Surabaya Timur Siap Huni Sudah Renov,1500000000,108.0,150.0,3.0,2.0,2.0,1.0,Unfurnished,-7.240977,112.79512,rumah123
Dijual Rumah Pantai Mentari Surabaya,1850000000,90.0,135.0,4.0,3.0,2.0,2.0,Unfurnished,-7.240977,112.79512,rumah123
Rumah Pantai Mentari 2 Lantai Hadap Utara Kosongan,2000000000,72.0,144.0,3.0,3.0,2.0,,Unfurnished,,,rumah123
Rumah Sultan+R.gym+R.stodio+Aviary+Private Pool Bulak Surabaya Bu,26000000000,1002.0,1200.0,5.0,5.0,2.0,3.0,Furnished,-7.240977,112.79512,rumah123
Dijual Rumah 3 Lantai Terawat Gading Indah Regency Surabaya,770000000,54.0,54.0,3.0,2.0,3.0,1.0,Unfurnished,-7.28917,112.734,rumah123
JUAL RUMAH BARU GRESS MINIMALIS BERKUALITAS PANTAI MENTARI,2450000000,140.0,200.0,4.0,3.0,,1.0,Unfurnished,,,rumah123
Dijual Cepat Rumah 2 Lantai Siap Huni di Pantai Mentari Surabaya,1500000000,108.0,150.0,3.0,2.0,1.0,1.0,Unfurnished,-7.240977,112.79512,rumah123
Rumah 2 Lantai Pantai Mentari Cluster The Havens Surabaya Utara,1500000000,108.0,150.0,3.0,2.0,2.0,1.0,Semi Furnished,-7.240977,112.79512,rumah123
Dijual Rumah Perum Pantai Mentari Kenjeran,1500000000,119.0,220.0,3.0,2.0,1.0,1.0,Unfurnished,-7.240913969298788,112.79403772452036,rumah123
Dijual Rumah Perum Pantai Mentari Kenjeran,1500000000,119.0,220.0,3.0,2.0,1.0,1.0,Unfurnished,-7.240913969298788,112.79403772452036,rumah123
Dijual Rumah Perum Pantai Mentari Kenjeran,1500000000,119.0,220.0,3.0,2.0,1.0,1.0,Unfurnished,-7.23694706,112.7917099,rumah123
Dijual Rumah Mewah Hook Full Interior dan Furnish Surabaya Timur,1300000000,122.0,250.0,3.0,2.0,2.0,1.0,Unfurnished,,,rumah123
Termurah Rumah Strategis di Gading Indah Surabaya,950000000,165.0,125.0,4.0,3.0,1.0,1.0,Unfurnished,-7.240977,112.79512,rumah123
Dijial Murah Rumah New Minimalis Pantai Mentari,1300000000,72.0,130.0,3.0,3.0,2.0,1.0,Unfurnished,-7.240977,112.79512,rumah123
JUAL RUMAH BARU GRESS MINIMALIS BERKUALITAS PANTAI MENTARI,2450000000,140.0,200.0,4.0,3.0,,1.0,Unfurnished,,,rumah123
Dijual Rumah Jalan Plemahan Tegalsari Surabaya,1800000000,164.0,164.0,5.0,2.0,2.0,,Unfurnished,-7.265283,112.736108,rumah123
Dijual Jalan Imam Bonjol Tegalsari Surabaya,12500000000,480.0,494.0,,4.0,2.0,,Unfurnished,-7.281180260697724,112.735591203436,rumah123
"Dijual Cepat, Murah Banget, Strategis, Rumah di Ronggolawe. Pusat Kota. Sby",19000000000,616.0,300.0,3.0,1.0,1.0,,Unfurnished,-7.27355,112.73746,rumah123
Jual Rumah 2 Lantai,1750000000,133.0,133.0,2.0,1.0,1.0,1.0,Unfurnished,-7.25843159012129,112.77446653733024,rumah123
Jual Rumah 2 Lantai,1750000000,133.0,133.0,2.0,1.0,1.0,1.0,Unfurnished,-7.25843159012129,112.77446653733024,rumah123
Jual Rumah 2 Lantai,1750000000,133.0,133.0,2.0,1.0,1.0,1.0,Unfurnished,-7.251199784525056,112.76404075480173,rumah123
"Rumah,1 Lantai, SHM, Dekat Pusat Perbelanjaan, Bebas Banjir.cocok.untuk Psrkantoran. Kos Kosan dan Usaha Lainnya",4000000000,188.0,188.0,4.0,2.0,1.0,2.0,Unfurnished,-7.27355,112.737457,rumah123
Rumah Komersial Nol Jalan Kartini Surabaya Pusat Tengah Kota,16500000000,406.0,350.0,2.0,2.0,2.0,,Unfurnished,-7.27355,112.73746,rumah123
"Rumah Usaha Murah & Strate di Pusat Kota, Tegalsari, Surabayagis",3850000000,215.0,215.0,2.0,2.0,1.0,,Unfurnished,-7.27355,112.737457,rumah123
Dijual Rumah Jalan Blambanga Tegalsari Surabaya,8500000000,390.0,200.0,4.0,2.0,1.0,,Unfurnished,-7.28198191877033,112.74303307932963,rumah123
Dijual Rumah Jalan Kapuas Tegalsari Surabaya,28000000000,685.0,685.0,6.0,3.0,1.0,,Unfurnished,-7.288798398983502,112.74003610238492,rumah123
Dijual Rumah Jl. Blambangan Surabaya Pusat,9000000000,420.0,300.0,6.0,2.0,2.0,2.0,Unfurnished,-7.27355,112.73746,rumah123
Rumah Mewah Harga Pasar di Pusat Kota Surabaya di Imam Bonjol,37500000000,1383.0,1276.0,2.0,2.0,1.0,,Furnished,-7.27355,112.73746,rumah123
Jual Rumah Hitung Tanah Di Jl Tegalsari,24000000000,650.0,600.0,4.0,2.0,1.0,4.0,Unfurnished,-7.27355,112.737457,rumah123
Turun Harga. Dijual Cepat Rumah Kedungdoro Surabaya,3400000000,506.0,274.0,5.0,5.0,1.0,,Unfurnished,-7.27355,112.73746,rumah123
"Rumah Furnished Bagus Terawat, Teuku Umar, Surabaya",7500000000,225.0,306.0,3.0,3.0,2.0,,Semi Furnished,,,rumah123
"Komersil Area Jl Kapuas Cocok Unt Cafe, Resto, Bank, Dll",40000000000,790.0,600.0,1.0,3.0,1.0,,Unfurnished,-7.27355,112.73746,rumah123
Rumah Classic Etnic Tengah Kota Surabaya Cocok untuk Usaha,10000000000,745.0,360.0,4.0,3.0,1.0,6.0,Unfurnished,-7.27355,112.737457,rumah123
Dijual & Disewakan - Rumah Jl. Imam Bonjol Surabaya,28000000000,730.0,1200.0,6.0,6.0,2.0,,Unfurnished,-7.27355,112.73746,rumah123
Babatan Pantai Gress 2 Lantai,2750000000,150.0,210.0,4.0,4.0,2.0,2.0,Unfurnished,-7.23563,112.786163,rumah123
Rumah Baru 2 Lantai SHM Siap Huni Dekat Kenjeran,990000000,57.0,58.0,3.0,2.0,2.0,1.0,Unfurnished,-7.23563,112.786163,rumah123
Dijual Rumah Cantik di Lebak Permai,1500000000,143.0,180.0,4.0,2.0,1.0,,Unfurnished,,,rumah123
Dijual Rumah American Classic New Pantai Mentari,1850000000,90.0,135.0,5.0,4.0,2.0,2.0,Unfurnished,-7.23563,112.786163,rumah123
"Dijual Rumah Pantai Mentari Lokasi Nyaman, Asri Dekat Pakuwon City Mall, Galaxy Mall, Rumah Sakit Siloam, Universitas Its, Airlangga",1950000000,126.0,150.0,3.0,2.0,2.0,1.0,Unfurnished,-7.23563,112.786163,rumah123
Rumah Murah Design Classic di Surabaya Timur Alana Palace Regency,832000000,60.0,49.0,3.0,2.0,2.0,1.0,Semi Furnished,-7.23563,112.786163,rumah123
Dijual Rumah Kalilom Lor Timur Kenjeran Surabaya Ron.a2382,1200000000,160.0,160.0,3.0,2.0,1.0,1.0,Unfurnished,-7.23563,112.786163,rumah123
Dijual Rumah Baru Lebak Arum SHM,650000000,30.0,65.0,2.0,2.0,2.0,1.0,Unfurnished,-7.23563,112.786163,rumah123
Rumah Gress Minimalis Babatan Pantai Utara,2850000000,150.0,210.0,4.0,4.0,2.0,1.0,Unfurnished,,,rumah123
"Dijual Rumah Sidotopo Wetan, Surabaya",3000000000,215.0,200.0,5.0,3.0,2.0,1.0,Unfurnished,-7.23563,112.78616,rumah123
Dijual Rumah Baru Siap Huni Pantai Mentar,1850000000,90.0,130.0,4.0,3.0,2.0,2.0,Unfurnished,-7.23563,112.78616,rumah123
Dijual Rumah Mewah Siap Huni Surabaya Utara,2000000000,153.0,85.0,3.0,2.0,1.0,1.0,Unfurnished,-7.28917,112.734,rumah123
Dijual Rumah Baru Siap Huni Progres Ready April Kenjeran,1850000000,90.0,130.0,4.0,3.0,1.0,2.0,Unfurnished,-7.23563,112.78616,rumah123
Rumah 2 Lantai Siap Huni Posisi Hook Dekat Its Hangtua dan Unair,1800000000,90.0,120.0,3.0,3.0,2.0,2.0,Unfurnished,-7.23563,112.786163,rumah123
Rumah Murah 2 Lantai Lokasi Pantai Mentari Dekat Its Unair,2350000000,153.0,194.0,4.0,4.0,2.0,2.0,Semi Furnished,-7.23563,112.786163,rumah123
"Bebas Banjir, Rumah, 2 Lantai, SHM, Dekat Pusat Perbelanjaan, bisa KPR, Lokasi Kenjeran",1850000000,90.0,135.0,3.0,3.0,2.0,1.0,Unfurnished,-7.23563,112.786163,rumah123
Rumah Lebak Arum Hadap Selatan Row Jalan 2.5 Mobil,2450000000,490.0,490.0,1.0,1.0,1.0,,Unfurnished,-7.23563,112.786163,rumah123
"Lebak Indah Townhouse Minimalis Terawat Dkt Kenjeran, Ploso",1400000000,92.0,110.0,3.0,2.0,2.0,,Unfurnished,,,rumah123
"Lebak Indah Townhouse Minimalis Terawat Dkt Kenjeran, Ploso",1400000000,92.0,110.0,3.0,2.0,2.0,,Unfurnished,,,rumah123
Jual Rumah Surabaya Pusat Jl. Slamet,14000000000,525.0,300.0,6.0,2.0,1.0,,Unfurnished,-7.26125,112.742767,rumah123
Dijual Rumah Tengah Kota Surabaya Lokasi Komersial,39900000000,877.0,670.0,4.0,4.0,1.0,4.0,Unfurnished,-7.264832450696147,112.74386646797892,rumah123
Rumah Dijual Jalan BKR Pelajar Genteng Surabaya,3500000000,193.0,280.0,4.0,3.0,1.0,,Unfurnished,-7.258110085132159,112.75187450803526,rumah123
RUMAH DENGAN TAMAN LUAS DI WALIKOTA MUSTAJAB DEKAT GRAND CITY MALL DIMENSI 21X43 METER PUNYA 3 KAMAR YANG LUAS,30000000000,689.0,442.0,3.0,2.0,1.0,3.0,Semi Furnished,,,rumah123
Rumah dengan Taman Luas di Walikota Mustajab Dekat Grand City Mall Luas 689M2 Ada 3 Kamar Luas,25000000000,689.0,442.0,3.0,2.0,1.0,2.0,Semi Furnished,-7.260667,112.746105,rumah123
RUMAH DI GENTENG SURABAYA,1500000000,240.0,240.0,2.0,3.0,1.0,,Unfurnished,,,rumah123
Dijual Rumah SHM di Jalan Kapasari Surabaya,1500000000,240.0,240.0,3.0,2.0,1.0,,Unfurnished,-7.26125,112.74277,rumah123
DIJUAL RUMAH & TEMPAT USAHA DI AMBENGAN PUSAT KOTA SURABAYA,14000000000,560.0,390.0,5.0,3.0,,3.0,Semi Furnished,,,rumah123
"Rumah di Jl. Legundi, Surabaya Pusat, Lokasi Strategis, Terawat, Bisa untuk rumah tinggal/Kantor",11000000000,337.0,245.0,3.0,3.0,,1.0,Unfurnished,,,rumah123
Dijual Murah Rumah Hook di Jl Jaksa Agung Suprapto Surabaya Pusat,12000000000,612.0,734.0,4.0,2.0,2.0,,Unfurnished,-7.26125,112.742767,rumah123
Dijual Rumah Usaha di Jalan Walikota Mustajab Pusat Kota Surabaya,17000000000,738.0,525.0,3.0,2.0,2.0,,Unfurnished,-7.26125,112.742767,rumah123
"Rumah Hook Jaksa Agung Suprapto, Surabaya",21000000000,881.0,550.0,5.0,3.0,1.0,10.0,Unfurnished,-7.26125,112.742767,rumah123
Jual Depan Balai Kota Sby Pusat,22000000000,604.0,462.0,4.0,4.0,1.0,6.0,Unfurnished,-7.26125,112.742767,rumah123
"Langka Dijual Tanah Rumah Jalan Panglima Sudirman, Surabaya",27000000000,441.0,300.0,,,1.0,,Unfurnished,-7.26125,112.74277,rumah123
Rumah Pusat Kota Hitung Tanah Di Jalan Cempaka Daerah Genteng Surabaya,22000000000,845.0,1100.0,7.0,5.0,1.0,1.0,Unfurnished,-7.2614722,112.7428284,rumah123
Di Jual Rumah Taman Ais Nasution Surabaya Pusat,54900000000,1047.0,280.0,7.0,4.0,1.0,5.0,Unfurnished,-7.26125,112.74277,rumah123
Dijual Rumah Pusah Kota di Jl Jaksa Agung Suprapto Surabaya,18000000000,881.0,550.0,8.0,4.0,1.0,,Unfurnished,-7.26125,112.742767,rumah123
"Rumah di Jaksa Agung Suprapto, Surabaya Pusat.",21000000000,881.0,550.0,6.0,5.0,1.0,,Unfurnished,-7.26125,112.742767,rumah123
Dijual Rumah Hitung Tanah Kalianyar Surabaya (Masuk Gang),800000000,198.0,198.0,2.0,1.0,1.0,,Unfurnished,-7.26125,112.742767,rumah123
Rumah Tengah Kota di Genteng Cocok untuk Usaha (Kantor/Cafe),6000000000,278.0,275.0,4.0,2.0,1.0,,Unfurnished,-7.25876,112.74078,rumah123
Dijual Rumah Vintage Hitung Tanah Tegalsari Surabaya Pusat,42000000000,1870.0,939.0,1.0,1.0,2.0,,Unfurnished,-7.27355,112.737457,rumah123
Rumah Hitung Tanah Nol Jalan Raya Arjuno Deretan Hotel n Kuliner,23000000000,1602.0,258.0,3.0,3.0,1.0,11.0,Unfurnished,-7.27355,112.73746,rumah123
Dijual Rumah Klasik Di Jalan Trunojoyo Surabaya,7500000000,260.0,160.0,2.0,1.0,1.0,,Unfurnished,-7.27355,112.737457,rumah123
"Rumah di Raya Pandegiling, Tegalsari",13000000000,482.0,600.0,13.0,5.0,2.0,,Unfurnished,-7.27355,112.73746,rumah123
Dijual Murah Rumah di Jalan Kedungsari Surabaya Pusat,7000000000,399.0,500.0,5.0,2.0,2.0,,Unfurnished,-7.27355,112.737457,rumah123
Rumah Mewah Kontemporer.raya Dr.soetomo.siap Pakai,17500000000,600.0,750.0,8.0,8.0,2.0,2.0,Unfurnished,-7.27355,112.737457,rumah123
"Dijual Rumah hitung tanah, Raya Kedungsari.",7000000000,543.0,543.0,4.0,3.0,1.0,,Unfurnished,-7.27355,112.73746,rumah123
Rumah Lama Hitung Tanah Area Komersial Sam Ratulangi,11000000000,556.0,480.0,4.0,2.0,1.0,2.0,Unfurnished,-7.2735500335693,112.73745727539,rumah123
"Rumah Wonorejo,Tegalsari",2600000000,400.0,440.0,8.0,5.0,1.0,1.0,Unfurnished,-7.27355,112.737457,rumah123
Rumah di Jalan Wr Supratman Surabaya,28000000000,994.0,1000.0,2.0,2.0,2.0,,Unfurnished,-7.27355,112.73746,rumah123
Rumah Usaha 2 Lantai Bagus SHM di Nol Jalan Kedungsari Pusat Kota,7000000000,399.0,500.0,5.0,2.0,2.0,,Unfurnished,-7.27355,112.737457,rumah123
Rumah Pusat Kota SHM di Sam Ratulangi Lokasi Strategis,11000000000,556.0,480.0,4.0,2.0,1.0,,Unfurnished,-7.27355,112.737457,rumah123
Dijual Cepat Rumah di Jl Teuku Umar Surabaya Pusat,5500000000,196.0,300.0,4.0,2.0,2.0,,Unfurnished,-7.27355,112.737457,rumah123
Area Komersial Eksklusif Super Langka di Jalan Dinoyo Surabaya,62500000000,2500.0,800.0,8.0,4.0,1.0,,Unfurnished,-7.28029,112.74421,rumah123
"Dijual Rumah di Jalan Besar Bintang Diponggo, Surabaya",17000000000,695.0,800.0,6.0,5.0,1.0,1.0,Unfurnished,-7.2890353,112.7164412,rumah123
Rumah Jl Wr Supratman Strategis Pusat Kota,28000000000,565.0,500.0,1.0,1.0,1.0,,Unfurnished,-7.27355,112.737457,rumah123
Dijual Rumah Jl Wr Supratman Surabaya Pusat,10500000000,392.0,280.0,4.0,2.0,1.0,,Unfurnished,-7.27355,112.737457,rumah123
Dijual Rumah Pusat Kota di Jl Kapuas Dekat Darmo Surabaya,28000000000,685.0,250.0,5.0,2.0,1.0,,Unfurnished,-7.27355,112.737457,rumah123
Dijual Murah Rumah di Jalan Kedungsari Surabaya Pusat,7000000000,399.0,500.0,5.0,2.0,2.0,,Unfurnished,-7.27355,112.737457,rumah123
"Rumah Bagus Minimalis dan Strategis di Musi, Surabaya",20000000000,513.0,500.0,5.0,5.0,2.0,,Semi Furnished,-7.27355,112.737457,rumah123
"Lebak Indah Townhouse Minimalis Terawat Dkt Kenjeran, Ploso",1400000000,92.0,110.0,3.0,2.0,2.0,,Unfurnished,,,rumah123
"Lebak Indah Townhouse Minimalis Terawat Dkt Kenjeran, Ploso",1400000000,92.0,110.0,3.0,2.0,2.0,,Unfurnished,,,rumah123
"Lebak Indah Townhouse Minimalis Terawat Dkt Kenjeran, Ploso",1400000000,92.0,110.0,3.0,2.0,2.0,,Unfurnished,,,rumah123
"Hitung Tanah Rumah Pantai Mentari Dekat Grand Kenjeran, Pakuwon City",1500000000,153.0,100.0,3.0,2.0,1.0,,Unfurnished,,,rumah123
"Rumah Impian American Classic di Babatan Pantai, Surabaya Timur",1970000000,86.0,130.0,4.0,3.0,2.0,,Unfurnished,-7.255935003997635,112.79330545187868,rumah123
Rumah Cantik 2 Lantai Babatan Pantai Lokasi Strategis,3150000000,153.0,216.0,4.0,3.0,2.0,2.0,Unfurnished,-7.23563,112.78616,rumah123
Rumah 2 Lantai Plus Rooftop Hadap Selatan Dekat Galaxy Mall,2750000000,146.0,280.0,4.0,4.0,3.0,2.0,Semi Furnished,-7.23563,112.786163,rumah123
Rumah Cantik 2 Lantai Babatan Pantai Lokasi Strategis,3150000000,153.0,216.0,4.0,3.0,2.0,2.0,Unfurnished,-7.23563,112.78616,rumah123
Lebak Timur Asri Hadap Utara,1450000000,74.0,120.0,3.0,3.0,2.0,,Unfurnished,-7.23563,112.786163,rumah123
Rumah Kalijudan Asri Baru Gress - Smart Doorlock,1300000000,127.0,100.0,3.0,1.0,1.0,,Unfurnished,-7.23563,112.786163,rumah123
Rumah Lebak Asri Hadap Utara Strategis,1450000000,74.0,120.0,3.0,3.0,2.0,,Unfurnished,-7.23563,112.786163,rumah123
"Murah Rumah Strategis di Lebak, Dkt ke Raya Kenjeran, Sby",1300000000,184.0,160.0,3.0,1.0,1.0,,Semi Furnished,-7.23563,112.786163,rumah123
Dijual: Rumah 2 Lantai (American Classic Mewah) di Babatan Pantai Utara - Sby Timur,2550000000,116.0,150.0,4.0,3.0,2.0,2.0,Unfurnished,-7.23563,112.78616,rumah123
Dijual Rumah Modern Clasic di Pantai Mentari Surabaya,1850000000,90.0,135.0,4.0,3.0,2.0,2.0,Unfurnished,-7.23563,112.786163,rumah123
Grand Kenjeran Astoria Siap Huni Murah,3290000000,180.0,218.0,5.0,4.0,2.0,2.0,Semi Furnished,-7.23563,112.786163,rumah123
Jual Rumah di Lebak Jaya,1700000000,200.0,150.0,3.0,3.0,1.0,,Unfurnished,,,rumah123
Rumah di Kedung Cowek Hadap Selatan Listrik 2200 Watt Sumur Air Bersih,650000000,200.0,190.0,3.0,1.0,1.0,,Unfurnished,-7.23563,112.786163,rumah123
Jual Rugi Rumah Siap Huni The Grand Kenjeran Pinewood Surabaya Timur,3990000000,160.0,210.0,3.0,3.0,2.0,2.0,Furnished,-7.23563,112.786163,rumah123
"Rumah Luas 7 Kamar di Kenjeran, Siap Huni Dekat Fasilitas Kota",1300000000,95.0,190.0,7.0,3.0,1.0,,Unfurnished,-7.23563,112.786163,rumah123
"Rumah Strategis di Sidotopo Wetan Mulia, Surabaya",1250000000,70.0,140.0,3.0,2.0,2.0,,Furnished,-7.23121980002,112.762286,rumah123
Dijual Rumah Strategis di Walikota Mustajab Surabaya Kota Mh 25,26000000000,660.0,660.0,5.0,4.0,1.0,,Unfurnished,-7.26125,112.742767,rumah123
Termurah Rumah Jalan Slamet Grand City Paling Murah Surabaya,10900000000,524.0,524.0,6.0,3.0,1.0,,Unfurnished,-7.26125,112.74277,rumah123
Rumah di Jual di Genteng Sidomukti,750000000,120.0,190.0,9.0,2.0,2.0,1.0,Unfurnished,-7.26125,112.74277,rumah123
Jual Rumah Murah Cocok untuk Usaha Pusat Kota Surabaya,11000000000,529.0,271.0,4.0,2.0,1.0,2.0,Semi Furnished,-7.26125,112.742767,rumah123
Dijual Rumah Strategis di Jalan Jaksa Agung Suprapto Dekat ke Jalan Ambengan,10000000000,529.0,271.0,4.0,3.0,1.0,,Unfurnished,-7.26125,112.742767,rumah123
Dijual Cepat Rumah Usaha Lebar 17 M Nol Raya Jaksa Agung Suprapto,25000000000,595.0,200.0,,,1.0,,Unfurnished,-7.258435,112.746161,rumah123
Rumah di Walikota Mustajab Fully Furnish Dimensi22x29meter Cocok Komersial Dekat Grandcity,22000000000,604.0,462.0,3.0,2.0,1.0,6.0,Furnished,-7.260761323735366,112.7478505276162,rumah123
Rumah Jalan Ketupa Lebar 20m Surabaya Pusat,8000000000,400.0,400.0,5.0,3.0,1.0,,Unfurnished,-7.26125,112.74277,rumah123
Rumah Dijual Dijalan Jagalan Surabaya,1200000000,179.0,179.0,4.0,2.0,1.0,,Unfurnished,-7.249039001812264,112.74361533088546,rumah123
Kantor Di Raya Panglima Sudirman Surabaya Pusat,8500000000,432.0,432.0,,,1.0,,Unfurnished,-7.26125,112.74277,rumah123
Dijual Kantor Di Raya Panglima Sudirman Surabaya Pusat,8500000000,432.0,432.0,,,1.0,,Unfurnished,-7.26125,112.74277,rumah123
Rumah 2 Lantai Komersial Area Walikota Mustajab Surabaya Pusat.,20000000000,732.0,525.0,5.0,4.0,2.0,4.0,Unfurnished,-7.26125,112.742767,rumah123
Dijual Rumah Tengah Kota Cocok untuk Usaha (Kantor/Cafe),6000000000,278.0,275.0,,2.0,1.0,,Unfurnished,-7.26125,112.742767,rumah123
Dijual Rumah Dijalan Kalianyar Wetan Surabaya,750000000,60.0,60.0,3.0,2.0,2.0,,Unfurnished,-7.2484233,112.7492317,rumah123
Dijual Rumah Dijalan Jaksa Agung Suprapto Surabaya,16000000000,632.0,632.0,6.0,6.0,1.0,,Unfurnished,-7.25336,112.7473,rumah123
Rumah Dijual Tambak Dukuh Genteng Surabaya,750000000,72.0,72.0,2.0,2.0,1.0,,Unfurnished,-7.251068510899444,112.75101000600796,rumah123
Rumah Jaksa Agung Suprapto Surabaya Pusat Murah,12490000000,607.0,1000.0,3.0,3.0,2.0,3.0,Semi Furnished,-7.26125,112.742767,rumah123
Rumah di Jalan Kalianyar Peruntukan Komersial Sangat Strategis,12000000000,569.0,371.0,6.0,2.0,1.0,,Unfurnished,-7.26125,112.74277,rumah123
Dijual Rumah Mewah Siap Huni di Tengah Kota Surabaya,30000000000,1080.0,1500.0,6.0,5.0,3.0,10.0,Unfurnished,-7.28917,112.734,rumah123
Dijual Rumah di Jalan Trunojoyo Surabaya Pusat,19000000000,554.0,950.0,15.0,4.0,3.0,,Unfurnished,-7.27355,112.737457,rumah123
Dijual Rumah di Jalan Dr Cipto Tegalsari Surabaya Pusat,12000000000,332.0,263.0,6.0,3.0,2.0,,Unfurnished,-7.27355,112.737457,rumah123
Rumah 1.5 Lantai di Thamrin - Sby Pusat,6000000000,279.0,164.0,4.0,3.0,1.0,1.0,Unfurnished,-7.27355,112.737457,rumah123
Dijual Rumah Strategis Nol Jalan Raya Kartini,10750000000,400.0,300.0,3.0,2.0,1.0,,Unfurnished,-7.27355,112.73746,rumah123
Dijual Rumah di Greenlake Wonorejo No Cluster Greenlake Tahap Awal Ini,615000000,72.0,50.0,2.0,1.0,1.0,,Unfurnished,-7.27355,112.737457,rumah123
Prime Location Cbd Surabaya Pusat !! Rumah Mewah Wr. Supratman Bangunan Terawat Ex Kedutaan 994M2 SHM Jual Cepat,35000000000,994.0,861.0,6.0,5.0,2.0,10.0,Unfurnished,-7.27355,112.737457,rumah123
Dijual Rumah Imam Bonjol Surabaya,6000000000,198.0,330.0,3.0,2.0,2.0,1.0,Furnished,-7.27355,112.737457,rumah123
"Rumah Kuno 1 Lantai di Jl Comal, Surabaya",25469000000,1032.0,801.0,,,,,Unfurnished,,,rumah123
"Rumah Kolonial yang Sudah Direnovasi Hanya 1 Lantai di Jl. Trunojoyo, Surabaya",31910000000,1323.0,300.0,,,,,Unfurnished,,,rumah123
Rumah Pusat Kota SHM di Sam Ratulangi Lokasi Strategis,11000000000,556.0,480.0,4.0,2.0,1.0,,Unfurnished,-7.27355,112.737457,rumah123
Rumah Dijual Dijalan Kampung Malang Utara Surabaya,2200000000,132.0,132.0,6.0,2.0,3.0,,Unfurnished,-7.2686379,112.7361204,rumah123
Rumah Second Dijual+Kontrakan5unit Tegalsari Surabaya,800000000,200.0,180.0,7.0,6.0,1.0,,Unfurnished,-7.27355,112.737457,rumah123
Ex Kos2 An Blambangan di Surabaya - Harga bisa Nego,13000000000,434.0,520.0,13.0,5.0,2.0,2.0,Unfurnished,-7.27355,112.73746,rumah123
Rumah Dijual Dijalan Kedung Rukem Surabaya,850000000,132.0,132.0,3.0,1.0,1.0,,Unfurnished,-7.261880106121666,112.73491932597769,rumah123
Rumah Komersial Pusat Kota Imam Bonjol Murah,12000000000,492.0,490.0,5.0,4.0,1.0,2.0,Unfurnished,-7.27355,112.737457,rumah123
Jual Cepat Rumah 2 Lantai Jln Kapuas Darmo Surabaya,17000000000,399.0,360.0,4.0,4.0,,,Unfurnished,,,rumah123
Strategis Kartini Surabaya Cocok Usaha Komersial Area Pusat Kota,11500000000,393.0,303.0,2.0,1.0,1.0,1.0,Unfurnished,-7.27932,112.73675,rumah123
"Dijual Cepat,murah,di Blambangan. Sby",8000000000,390.0,250.0,4.0,1.0,1.0,1.0,Unfurnished,-7.27355,112.73746,rumah123
Jual Rumah Dibawah Harga Pasaran Kondisi Bagus Terawat di Pantai Mentari Cluster Havens Dekat dengan Pakuwoncity Surabaya.,1500000000,108.0,150.0,4.0,3.0,2.0,1.0,Unfurnished,-7.28917,112.734,rumah123
Dijual Rumah Siap Huni Pantai Mentari Hampton Kenjeran,1900000000,102.0,103.0,3.0,2.0,2.0,,Unfurnished,-7.23563,112.786163,rumah123
Rumah Siap Huni The Grand Kenjeran Pinewood,3990000000,160.0,210.0,3.0,3.0,2.0,2.0,Unfurnished,,,rumah123
Rumah Pantai Mentari Aman dan Nyaman One Gate,1450000000,143.0,200.0,5.0,3.0,2.0,,Unfurnished,-7.23563,112.786163,rumah123
Rumah Mewah Minimalis di Pantai Mentari,2550000000,233.0,300.0,4.0,4.0,2.0,2.0,Unfurnished,-7.23563,112.78616,rumah123
Rumah Hitung Tanah Murah di Jl Randu Sidotopo Wetan,2100000000,325.0,325.0,3.0,2.0,2.0,2.0,Unfurnished,-7.23563,112.78616,rumah123
Rumah Siap Huni The Grand Kenjeran Pinewood,3990000000,160.0,210.0,3.0,3.0,2.0,2.0,Furnished,-7.257182683862382,112.78889122488869,rumah123
Rumah Pantai Mentari Minimalis Siap Huni,1400000000,119.0,83.0,2.0,1.0,1.0,,Unfurnished,-7.23563,112.786163,rumah123
Dijual Rumah Babatan Pantai Surabaya,2750000000,146.0,280.0,4.0,4.0,2.0,2.0,Semi Furnished,-7.23563,112.786163,rumah123
"Dijual Rumah Minimalis Donokerto. Dekat Rs Adi Husada, Surabaya.",1050000000,66.0,70.0,3.0,2.0,2.0,1.0,Unfurnished,-7.244912432,112.7531968,rumah123
Rumah Mewah Minimalis di Pantai Mentari,2550000000,233.0,300.0,4.0,4.0,2.0,2.0,Unfurnished,-7.23563,112.78616,rumah123
Rumah Hitung Tanah Murah di Jl Randu Sidotopo Wetan,2100000000,325.0,325.0,3.0,2.0,2.0,2.0,Unfurnished,-7.23563,112.78616,rumah123
Komersial Surabaya Pusat dekat Kusuma Bangsa  Rumah jl Seruni,9000000000,457.0,500.0,4.0,3.0,2.0,2.0,Semi Furnished,-7.23563,112.786163,rumah123
DIJUAL RUMAH KENJERAN INDAH dekat MERR,2900000000,153.0,240.0,4.0,3.0,2.0,2.0,Semi Furnished,-7.23563,112.786163,rumah123
DIJUAL RUMAH HOOK LOKASI KENJERAN INDAH,1800000000,128.0,150.0,3.0,2.0,1.0,1.0,Unfurnished,-7.23563,112.786163,rumah123
Rumah Tambak Wedi Surabaya Utara,700000000,95.0,70.0,2.0,1.0,1.0,,Unfurnished,-7.28917,112.734,rumah123
Termurah‼️Sudah Renov Rumah Pantai Mentari,1450000000,143.0,200.0,5.0,3.0,2.0,,Unfurnished,-7.23563,112.786163,rumah123
Rumah New American Classic Mewah di Babatan Pantai Utara Surabaya,2850000000,150.0,210.0,4.0,4.0,2.0,2.0,Unfurnished,-7.23563,112.786163,rumah123
Rumah Hook Pantai Mentari Siap Huni Baru Renovasi Dekat Raya Kenjeran,1450000000,143.0,200.0,5.0,3.0,2.0,,Unfurnished,-7.23563,112.786163,rumah123
Tengah Kota Strategis Rumah Jl. Kemuning Surabaya Bisa Nego Lagi,18000000000,604.0,421.0,5.0,2.0,1.0,,Unfurnished,-7.26125,112.74277,rumah123
Cepat Rumah Lama di Walikota Mustajab! Nol Jalan Utama Pusat Kota Surabaya Commercial Area Selangkah ke Grand City Mall!,30000000000,689.0,442.0,3.0,2.0,1.0,2.0,Unfurnished,,,rumah123
Rumah Hitung Tanah Surabaya Pusat,12000000000,617.0,500.0,4.0,3.0,2.0,,Unfurnished,-7.26125,112.74277,rumah123
Rumah Nol Jalan Raya Kalianyar Area Komersial Lokasi Strategis,2500000000,190.0,189.0,4.0,4.0,1.0,,Unfurnished,-7.26125,112.74277,rumah123
Dijual Rumah Lokasi Strategis Hook LT 403 M2 di Jalan Kayun Surabaya Jawa Timur,8600000000,403.0,403.0,4.0,3.0,1.0,2.0,Unfurnished,-7.266831020547895,112.74965277583404,rumah123
Raya Ketabangkali Hok Hit Tanah Pusat Kota Surabaya,32000000000,1286.0,589.0,4.0,3.0,1.0,2.0,Unfurnished,-7.26125,112.742767,rumah123
1674. Rumah di Pusat Kota Jl Kecilung Surabaya,12500000000,401.0,544.0,7.0,3.0,3.0,,Unfurnished,-7.26125,112.74277,rumah123
Dijual Rumah di Jalan Kemuning Ketabang Surabaya Pusat,10000000000,604.0,421.0,5.0,2.0,1.0,,Unfurnished,-7.26125,112.742767,rumah123
RUMAH TENGAH KOTA PINGGIR JALAN RAYA DEKAT GRAND CITY MALL,25000000000,530.0,200.0,3.0,2.0,1.0,2.0,Unfurnished,,,rumah123
Dijual Rumah Usaha di Jalan Walikota Mustajab Pusat Kota Surabaya,17000000000,738.0,525.0,2.0,2.0,2.0,,Unfurnished,-7.26125,112.742767,rumah123
Rumah Dijual Walikota Mustajab Surabaya,27500000000,689.0,442.0,3.0,2.0,1.0,3.0,Unfurnished,-7.26125,112.742767,rumah123
"Rumah Dijual di Walikota Mustajab, Surabaya",27500000000,689.0,442.0,4.0,3.0,1.0,,Unfurnished,-7.26125,112.74277,rumah123
Dijual Rumah 3 Lantai di Jalan Serayu Surabaya Pusat,12500000000,500.0,1000.0,5.0,3.0,3.0,,Unfurnished,-7.26125,112.742767,rumah123
Dijual Rumah Mewah & Strategis Full Marmer di Surabaya Pusat,14500000000,483.0,625.0,5.0,4.0,2.0,2.0,Semi Furnished,-7.28917,112.734,rumah123
Dijual Murah Bangunan Komersial di Jl Kusuma Bangsa Surabaya Pusat,13800000000,705.0,1000.0,2.0,2.0,2.0,,Unfurnished,-7.26125,112.742767,rumah123
Dijual Rumah Peneleh Genteng Surabaya Ron.a3126,550000000,148.0,140.0,3.0,2.0,1.0,,Unfurnished,-7.26125,112.742767,rumah123
"Rumah Bagus di Jl Kaca Piring, Surabaya",5000000000,448.0,230.0,3.0,2.0,1.0,,Unfurnished,-7.26125,112.74277,rumah123
Dijual Rumah Usaha di Jl Mh Thamrin Surabaya Pusat,37100000000,1060.0,700.0,7.0,7.0,1.0,,Unfurnished,-7.26125,112.742767,rumah123
Rumah 2 Lantai,11000000000,426.0,405.0,6.0,3.0,2.0,2.0,Unfurnished,-7.261250019073486,112.74276733398438,rumah123
Rumah Dijual Dijalan Wonorejo Tegalsari Surabaya,1800000000,196.0,170.0,5.0,2.0,1.0,,Unfurnished,-7.271722,112.73207,rumah123
Misbakh Sebelah Kartini Hitung Tanah,10000000000,410.0,410.0,1.0,1.0,3.0,2.0,Unfurnished,-7.27355,112.737457,rumah123
Rumah Usaha Hitung Tanah Di Nol Jalan Raya Dr Soetomo,55062500000,881.0,985.0,1.0,1.0,1.0,,Unfurnished,-7.27355,112.73746,rumah123
Jual Rumah Strategis Jl Comal Surabaya Pusat,14000000000,460.0,330.0,6.0,3.0,2.0,1.0,Semi Furnished,-7.287427,112.740831,rumah123
Dijual Rumah 1 Lantai Termurah di Kampung Malang Surabaya Pusat 6 Menit ke Rumah Sakit Siloam,3000000000,229.0,190.0,6.0,2.0,1.0,1.0,Unfurnished,-7.27355,112.737457,rumah123
Termurah Rumah di Kampung Malang Surabaya Pusat 7 Menit ke Tunjungan Plaza,2000000000,169.0,120.0,3.0,1.0,1.0,1.0,Unfurnished,-7.27355,112.737457,rumah123
Jual Rumah Mewah Dekat Tunjungan Plaza Sursbaya Ada Lapangan Basket Indoor,30000000000,1080.0,1600.0,7.0,6.0,1.0,13.0,Unfurnished,-7.28917,112.734,rumah123
"Dijual/ Disewakan 832 M2 Rumah Raya Darmo - Dr. Soetomo - Tegalsari - Hadap Nol Jalan Raya Kembar Komersial Surabaya Pusat Kota - Tidak Cagar Budaya - Parkiran Masuk 20 Mobil Luas - Surat SHM - Dekat Mc Donald Raya Darmo, Kantor Wismilak",52000000000,832.0,260.0,4.0,2.0,1.0,20.0,Unfurnished,-7.27355,112.737457,rumah123
Dijual 554 M2 Rumah Surabaya Pusat Kota Jalan Trunojoyo - Dr.soetomo.- Tegalsari - Gaya Kuno Kolonial Belanda Instagramable - Surat SHM,19000000000,554.0,950.0,15.0,4.0,3.0,2.0,Semi Furnished,-7.27355,112.737457,rumah123
Dijual Rumah Tengah Kota Jalan Blambangan Surabaya,11000000000,420.0,250.0,3.0,2.0,,2.0,Semi Furnished,-7.27355,112.73746,rumah123
"DIPONEGORO, SURABAYA",42000000000,881.0,850.0,5.0,3.0,2.0,1.0,Unfurnished,,,rumah123
RUMAH TOWNHOUSE TEGALSARI PUSAT KOTA SURABAYA,500000000,20.0,50.0,1.0,1.0,2.0,,Furnished,-7.27355,112.73746,rumah123
"Rumah dijual di Raya Diponegoro Pusat Kota Surabaya, Sangat Strategis",60000000000,1240.0,700.0,9.0,5.0,1.0,9.0,Unfurnished,-7.277155994869512,112.72873692193438,rumah123
Rumah Lama Hitung Tanah Dinoyo Dekat Kampus Wm Surabaya Pusat,12500000000,794.0,794.0,1.0,1.0,1.0,,Unfurnished,-7.27355,112.73746,rumah123
"Ra kartini Pusat Kota MURAH , Harga BU",12500000000,400.0,280.0,4.0,4.0,1.0,,Unfurnished,-7.27355,112.73746,rumah123
Rumah Trunojoyo Dr. Soetomo Tegalsari Surabaya Murah.ron.a2600,45000000000,929.0,576.0,6.0,6.0,2.0,3.0,Semi Furnished,-7.27355,112.73746,rumah123
Dijual Rumah Pusat Kota di Jalan Tegalsari Surabaya,13000000000,470.0,280.0,4.0,3.0,1.0,,Unfurnished,-7.27355,112.737457,rumah123
Dijual Rumah Dijalan Wonorejo Surabaya Pusat,2600000000,159.0,159.0,5.0,2.0,1.0,,Unfurnished,-7.2677392,112.7325967,rumah123
Dijual Rumah Komersial Jalan Kartini Surabaya Pusat,30000000000,700.0,1000.0,5.0,5.0,2.0,,Unfurnished,-7.27355,112.737457,rumah123
Rumah Baru Gress Babatan Pantai Utara American Classic Style,2550000000,116.0,150.0,4.0,3.0,2.0,2.0,Unfurnished,-7.23563,112.786163,rumah123
Rumah Hook Pantai Mentari Siap Huni Baru Renovasi Dekat Raya Kenjeran,1450000000,143.0,200.0,5.0,3.0,2.0,,Unfurnished,-7.23563,112.786163,rumah123
Trmurah Pantai Mentari Rmh Hook Second Baru Renov Like New,1450000000,143.0,200.0,5.0,3.0,2.0,1.0,Unfurnished,-7.23563,112.786163,rumah123
Hot Deal Komersial - Nol Jalan Raya Kenjeran,7000000000,593.0,425.0,6.0,3.0,1.0,2.0,Unfurnished,-7.23563,112.786163,rumah123
Rumah Mewah di Sby Timur Taman Gading Pantai,4500000000,437.0,400.0,4.0,2.0,1.0,2.0,Semi Furnished,-7.23563,112.78616,rumah123
Jual Rumah Pantai Mentari Lingkungan Asri dan Hijau Kenjeran Surabaya,1310000000,145.0,128.0,5.0,3.0,1.0,,Unfurnished,-7.251032,112.785267,rumah123
Scandinavian 2 LT Gres Hook Gading Pantai Posisi Depan Fasum,1800000000,90.0,120.0,3.0,3.0,2.0,1.0,Unfurnished,-7.23563,112.78616,rumah123
"Rumah Full Furnish di Pantai Mentari, Hadap Timur, Ada 4 Unit AC",3500000000,250.0,300.0,4.0,3.0,2.0,,Unfurnished,-7.23563,112.786163,rumah123
Rumah di Pantai Mentari Row 3 Mobil Carport 2 Mobil,2200000000,102.0,156.0,3.0,3.0,2.0,,Unfurnished,-7.23563,112.786163,rumah123
Rumah di Pantai Mentari Hadap Timur Row 3 Mobil,2200000000,102.0,156.0,3.0,3.0,2.0,2.0,Unfurnished,-7.23563,112.786163,rumah123
Jual Rumah Pantai Mentari Lingkungan Asri dan Hijau Kenjeran Surabaya,1280000000,145.0,128.0,4.0,3.0,2.0,2.0,Unfurnished,-7.251032,112.785267,rumah123
"Rumah Full Furnish di Pantai Mentari, Hadap Timur",3500000000,250.0,300.0,4.0,3.0,2.0,,Furnished,-7.23563,112.786163,rumah123
Lebak Rumah Siap Huni Bagus Terawat 2Lantai Jarang Ada Nego Lokasi Strategis,1500000000,105.0,105.0,4.0,2.0,2.0,1.0,Unfurnished,-7.23563,112.786163,rumah123
Rumah Amerikan Classic Bagus Siap Pakai Di Pantai Mentari,1790000000,102.0,160.0,3.0,2.0,,,Unfurnished,-7.234832000000001,112.785081,rumah123
Pantai Mentari 3 Lantai Mewah Siap Huni Dekat Raya Kenjeran,3500000000,160.0,360.0,3.0,4.0,3.0,,Unfurnished,-7.23563,112.786163,rumah123
Rumah Pantai Mentari Strategis Minimalis,1400000000,119.0,119.0,2.0,1.0,1.0,,Unfurnished,-7.23563,112.786163,rumah123
Rumah di Pantai Mentari Strategis Siap Huni Terawat,2500000000,144.0,160.0,3.0,3.0,2.0,,Unfurnished,-7.23563,112.786163,rumah123
"Rumah Villa Kalijudan Indah Strategis , Hadap Utara",1300000000,56.0,90.0,3.0,2.0,2.0,,Unfurnished,-7.23563,112.786163,rumah123
Rumah Pantai Mentari Strategis Minimalis Hadap Selatan,2150000000,153.0,194.0,4.0,3.0,2.0,2.0,Unfurnished,-7.23563,112.786163,rumah123
Jual Rumah Hit Tanah O Jalan Raya Kedung Cowek Sisi Madura - Surabaya Ada Stand Toko SHM Rumah di Kenjeran,3600000000,346.0,346.0,5.0,4.0,2.0,1.0,Unfurnished,-7.23563,112.78616,rumah123
Rumah Dijual Dijalan Kanginan Surabaya Pusat,1100000000,131.0,233.0,4.0,2.0,2.0,,Unfurnished,-7.257416037569112,112.75218144110454,rumah123
Rumah Dijual Dijalan Genteng Sidomulyo Surabaya Pusat,1600000000,62.0,62.0,3.0,2.0,2.0,,Unfurnished,-7.256769000000001,112.74067599999998,rumah123
Dijual Rumah Dijalan Peneleh Surabaya Pusat,980000000,111.0,111.0,5.0,2.0,2.0,,Unfurnished,-7.253781,112.7384827,rumah123
Rumah Emong Kenongo Surabaya Bangunan Lama Lokasi Strategis,15000000000,309.0,309.0,4.0,4.0,1.0,3.0,Unfurnished,-7.26125,112.74277,rumah123
DI JUAL RUMAH BELANDA Jl. Wuni 3 (dekat Jl.Walikota Mustajab/ Ondomohen) - SURABAYA,22000000000,525.0,250.0,3.0,2.0,,,Unfurnished,,,rumah123
Dijual Rumah Dijalan Kusuma Bangsa Surabaya,7500000000,324.0,310.0,4.0,2.0,1.0,,Unfurnished,-7.258869974565229,112.75110136420176,rumah123
Dijual Murah Rumah Hook 2 Lantai Full Furnished di Jalan Seruni,9500000000,486.0,760.0,5.0,4.0,2.0,1.0,Furnished,,,rumah123
Dijual Rumah Pusat Kota Lawang Seketeng,350000000,32.0,64.0,3.0,2.0,2.0,,Unfurnished,-7.26125,112.742767,rumah123
Rumah Dijual Jalan jaksa Agung Suprapto Ketabang Genteng Surabaya,10000000000,529.0,271.0,5.0,3.0,1.0,,Unfurnished,-7.2565215,112.7456447,rumah123
Rumah Pusat Kota Jalan Slamet Surabaya (Nat),11500000000,524.0,524.0,6.0,3.0,1.0,,Unfurnished,,,rumah123
Rumah Pusat Kota Surabaya Cocok Untuk Kantor,20000000000,881.0,550.0,12.0,4.0,2.0,,Unfurnished,-7.26125,112.74277,rumah123
"Rumah Surabaya Pusat Dekat Tunjungan, Darmo, Kedungdoro",6000000000,278.0,278.0,3.0,2.0,1.0,1.0,Unfurnished,-7.26125,112.742767,rumah123
Praxis Office Bangunan Komersil Lokasi Pusat Kota Surabaya,2500000000,88.0,88.0,1.0,1.0,1.0,,Furnished,,,rumah123
Rumah Jalan Seruni Surabaya Hadap Selatan,10500000000,504.0,520.0,7.0,3.0,2.0,2.0,Unfurnished,-7.26125,112.74277,rumah123
RUMAH DI PANGLIMA SUDIRMAN PUSAT KOTA SEGITIGA EMAS SURABAYA DERETAN INTILAND TOWER DIMENSI 21X21 METER,28600000000,441.0,300.0,5.0,5.0,2.0,2.0,Semi Furnished,,,rumah123
Rumah di Embong Kenongo Tengah Kota dekat Raya Panglima Sudirman,15000000000,309.0,247.0,5.0,5.0,1.0,,Unfurnished,-7.26125,112.742767,rumah123
Murah Rumah Pusat Kota Hitung Tanah,8000000000,400.0,300.0,3.0,2.0,2.0,2.0,Unfurnished,-7.26125,112.74277,rumah123
Dijual Murah Rumah di Jalan Trunojoyo Surabaya Pusat,7000000000,260.0,160.0,2.0,1.0,1.0,,Unfurnished,-7.27355,112.737457,rumah123
Ptr04. Rumah Jalan Cokroaminoto Surabaya Pusat,19000000000,580.0,800.0,6.0,8.0,1.0,3.0,Unfurnished,-7.27355,112.73746,rumah123
Dijual Rumah Sam Ratulangi Dr. Soetomo Tegalsari Surabaya Ron.a3098,11500000000,556.0,480.0,4.0,2.0,1.0,3.0,Unfurnished,-7.27355,112.737457,rumah123
Rumah Strategis Area Komersial Jalan Raya Dinoyo Surabaya Pusat,62500000000,2500.0,800.0,8.0,4.0,1.0,,Unfurnished,-7.286360167543066,112.74270648351104,rumah123
"Dijual Rumah Jl.kedungsari - Kec. Tegalsari - Surabaya Pusat Kota Dekat Tunjungan Plaza, Kedungdoro , Jl. Pregolan - Nol Jalan Raya Cocok Buat Segala Usaha , Coffee Shop, Kopitiam, Depot, Resto, Bakery",7500000000,375.0,200.0,3.0,2.0,1.0,2.0,Unfurnished,-7.27355,112.737457,rumah123
Dijual Rumah Dijalan Tegalsari Surabaya Pusat Kota,13000000000,470.0,280.0,5.0,3.0,1.0,,Unfurnished,-7.2657256,112.7379169,rumah123
Rumah di Jalan Wr Supratman Surabaya Selangkah Ke Tengah Kota,28000000000,994.0,1000.0,4.0,4.0,2.0,,Unfurnished,-7.27355,112.73746,rumah123
Rumah di Imam Bonjol Surabaya Dekat Tengah Kota Surabaya,21000000000,637.0,300.0,3.0,3.0,2.0,,Unfurnished,-7.27355,112.73746,rumah123
Jual Rumah Pusat Kota Sam Ratulangi,11500000000,556.0,480.0,4.0,2.0,1.0,,Unfurnished,-7.27355,112.737457,rumah123
Dijual Rumah Cocok untuk Usaha di Jalan Mh Thamrin Surabaya Pusat,37100000000,1060.0,700.0,7.0,7.0,1.0,,Unfurnished,-7.27355,112.737457,rumah123
Dijual Rumah Pusat Kota di Jalan Trunojoyo Surabaya,29900000000,929.0,576.0,6.0,6.0,2.0,,Unfurnished,-7.27355,112.737457,rumah123
RUMAH PUSAT KOTA DI HJ MISBAKH DEKAT RAYA DARMO LINGKUNGAN TENANG,12000000000,450.0,500.0,4.0,3.0,,,Unfurnished,,,rumah123
RUMAH LANGKA SIAP HUNI di jl KAPUAS SURABAYA,33000000000,1100.0,750.0,4.0,2.0,,,Unfurnished,,,rumah123
"Rumah Tengah Kota Dekat Raya Darmo, Strategis",14000000000,460.0,330.0,4.0,2.0,2.0,1.0,Unfurnished,-7.27355,112.737457,rumah123
"Surabaya Pusat Rumah Kantor Dekat Raya Darmo, Siap Pakai",13800000000,428.0,400.0,4.0,3.0,2.0,6.0,Unfurnished,-7.27355,112.73746,rumah123
Rumah Usaha 2 Lantai Bagus SHM di Nol Jalan Kedungsari Pusat Kota,7000000000,399.0,500.0,5.0,2.0,2.0,,Unfurnished,-7.27355,112.737457,rumah123
Jual Rumah Pusat Kota Surabaya Selangkah ke Raya Darmo,21500000000,530.0,358.0,7.0,3.0,1.0,1.0,Unfurnished,-7.27355,112.737457,rumah123
Dijual Cepat Rumah di Jl Teuku Umar Surabaya Pusat,5500000000,196.0,300.0,4.0,2.0,2.0,,Unfurnished,-7.27355,112.737457,rumah123
Rumah Pusat Kota,18000000000,300.0,300.0,7.0,3.0,1.0,,Unfurnished,-7.27355,112.73746,rumah123
Rumah Hitung Tanah Dekat Kenjeran Cocok Untuk Workshop Gudang Luas 396m 11 M,3000000000,396.0,200.0,3.0,2.0,1.0,1.0,Unfurnished,-7.23563,112.786163,rumah123
"Rumah Cantik 2 Lantai di Hampton Pantai Mentari, Harga Spesial",1400000000,102.0,100.0,3.0,2.0,2.0,1.0,Furnished,-7.229514306811353,112.79033868338342,rumah123
"Rumah Siap Pakai Lokasi Pantai Mentari Dekat Raya Kenjeran, Pakuwon City Surabaya Timur",1400000000,119.0,100.0,2.0,1.0,1.0,1.0,Semi Furnished,-7.23563,112.786163,rumah123
Rumah di Pantai Mentari Surabaya Siap Huni Kondisi Bagus Terawat,1400000000,120.0,90.0,3.0,2.0,1.0,1.0,Unfurnished,-7.240913969298788,112.79403772452036,rumah123
New Gress Rumah 2 Lantai Model Scandinavia Babatan Pantai,3390000000,165.0,165.0,5.0,4.0,2.0,2.0,Unfurnished,-7.23563,112.786163,rumah123
Murah Rumah Pantai Mentari Lebar 8 Siap Huni Dekat Pakuwon City Galaxy Mall Surabaya Timur,1600000000,120.0,120.0,2.0,1.0,1.0,2.0,Semi Furnished,-7.28917,112.734,rumah123
Dijual Rumah di Jalan Aries Karang Asem Nego,3000000000,208.0,400.0,6.0,3.0,2.0,1.0,Unfurnished,-7.23563,112.786163,rumah123
Dijual Rumah Usaha di Jalan Taurus Karang Asem,3000000000,278.0,406.0,,2.0,2.0,1.0,Unfurnished,-7.23563,112.786163,rumah123
Dijual Rumah di Aries Karang Asem Harga Nego,1800000000,93.0,136.0,3.0,2.0,2.0,1.0,Unfurnished,-7.23563,112.786163,rumah123
"Bebas Banjir, Rumah, 1 Lantai, SHM, Dekat Sekolah Negeri, Siap Huni",800000000,84.0,60.0,2.0,1.0,1.0,1.0,Unfurnished,-7.23563,112.786163,rumah123
Rumah Hook Babatan Pantai Surabaya Timut.baru Mewah Siap.pakai,3300000000,165.0,280.0,5.0,4.0,2.0,2.0,Unfurnished,-7.23563,112.786163,rumah123
Dijual Cepat Rumah Siap Huni di Lebak Jaya,1350000000,57.0,114.0,3.0,2.0,2.0,1.0,Furnished,-7.23563,112.786163,rumah123
"Rumah Modern Siap Huni - Pantai Mentari, Lingkungan Elite",1500000000,108.0,150.0,3.0,2.0,2.0,1.0,Unfurnished,-7.240913969298788,112.79403772452036,rumah123
Rumah 2 Lantai The Grand Kenjeran Pinewood Terawat Siap Huni,3700000000,144.0,175.0,3.0,3.0,2.0,,Unfurnished,,,rumah123
Rumah Siap Huni Pantai Mentari Luas 8X15 SHM Semi Furnish Interior Dekat Mulyosari Lebak Sutorejo Pakuwon City,1600000000,120.0,120.0,2.0,1.0,1.0,2.0,Unfurnished,-7.23563,112.786163,rumah123
Dijual Show Unit Grand Kenjeran Tipe Capital Madderia Surabaya Timur,3660000000,126.0,173.0,5.0,4.0,2.0,2.0,Furnished,-7.23563,112.786163,rumah123
Dijual Rumah di Pantai Mentari Pasific Regency Surabaya,2200000000,102.0,156.0,3.0,3.0,2.0,,Unfurnished,-7.23563,112.786163,rumah123
Dijual Rumah Baru Gress Babatan Pantai Surabaya Timur,3450000000,153.0,230.0,5.0,4.0,2.0,2.0,Unfurnished,-7.23563,112.786163,rumah123
Dijual Rumah Baru Gress Babatan Pantai Surabaya,1970000000,87.0,130.0,5.0,4.0,2.0,2.0,Unfurnished,-7.23563,112.786163,rumah123
Rumah Baru Premium Babatan Pantai - Dekat Grand Kenjeran,1970000000,86.0,130.0,4.0,3.0,2.0,2.0,Unfurnished,-7.255935003997635,112.79330545187868,rumah123
Rumah Ketupa Surabaya Pusat,7600000000,350.0,500.0,5.0,3.0,2.0,,Unfurnished,-7.26125,112.742767,rumah123
"Rumah 1 Lantai di Jl. Telasih, Surabaya Pusat",5500000000,392.0,364.0,6.0,4.0,1.0,2.0,Unfurnished,-7.26125,112.742767,rumah123
"Rumah Jl. Seruni, Surabaya Pusat - Owner Lagi Bu",9500000000,486.0,760.0,5.0,4.0,2.0,,Unfurnished,,,rumah123
Rumah Siap Huni Achmad Jais,21900000000,730.0,500.0,7.0,4.0,2.0,,Unfurnished,-7.2614722,112.7428284,rumah123
RUMAH 2 LT DI EMBONG WUNGU SURABAYA PUSAT,15000000000,493.0,441.0,5.0,4.0,,,Unfurnished,,,rumah123
"Rumah Mewah Jl. Seruni LT 486m², Full Furnish Siap Huni",9500000000,486.0,760.0,5.0,4.0,2.0,2.0,Furnished,-7.26125,112.74277,rumah123
"Dijual Rumah Dijalan BKR Pelajar, Genteng Surabaya",3500000000,192.0,280.0,4.0,3.0,2.0,,Unfurnished,-7.2580279,112.7508222,rumah123
Rumah Pusat Kota Surabaya,14000000000,673.0,600.0,4.0,2.0,1.0,1.0,Unfurnished,-7.26125,112.74277,rumah123
"rumah di jl. Slamet, Surabaya",15000000000,525.0,300.0,6.0,2.0,,,Unfurnished,,,rumah123
RUMAH JL PECINDILAN - GENTENG SURABAYA,1500000000,204.0,204.0,2.0,3.0,1.0,,Unfurnished,,,rumah123
"Dijual Cepat Embong Kartiko, Sial Huni, Lok. Strategis",2900000000,150.0,100.0,4.0,1.0,1.0,,Furnished,-7.26125,112.742767,rumah123
1335. Rumah Kutisari Selatan Surabaya Jawa Timur,895000000,47.0,75.0,2.0,2.0,2.0,,Unfurnished,-7.26125,112.74277,rumah123
DI JUAL RUMAH BELANDA Jl. Wuni (dekat Jl.Walikota Mustajab/ Ondomohen) - SURABAYA,22000000000,525.0,250.0,3.0,2.0,,,Unfurnished,,,rumah123
Dijual Rumah Kuno Butuh Renovasi Di Raya Peneleh,1250000000,85.0,85.0,1.0,1.0,,,Unfurnished,-7.26125,112.74277,rumah123
Jual Cepat Rumah di Segitiga Emas Surabaya Timur ! Good Invest Banget!!!,50000000000,1047.0,280.0,7.0,4.0,1.0,2.0,Unfurnished,-7.28917,112.734,rumah123
Rumah Lama Cocok Buat Cafe atau Kantor Surabaya Pusat Raya Slamet,14500000000,525.0,300.0,6.0,3.0,1.0,2.0,Unfurnished,-7.26125,112.742767,rumah123
Rumah Bagus Pusat Kotaraya Jaksa Agung Suprapto,19000000000,600.0,550.0,5.0,4.0,,,Unfurnished,-7.2614719,112.74284590000002,rumah123
Rumah Hitung Tanah Murahhh di Pusat Kota Cocok untuk Usaha,5500000000,324.0,280.0,1.0,1.0,1.0,1.0,Unfurnished,-7.26125,112.742767,rumah123
Dijual Rumah Jalan Peneleh Genteng Surabaya,2100000000,97.0,202.0,6.0,2.0,2.0,,Unfurnished,-7.253053072,112.73758984,rumah123
"Rumah Usaha 0 Jalan Kusuma Bangsa, Siap Pakai",13500000000,820.0,800.0,5.0,4.0,2.0,6.0,Unfurnished,-7.26125,112.742767,rumah123
Dijual Rumah Trunojoyo Tegalsari Surabaya Ron.a1728,21000000000,554.0,950.0,15.0,4.0,3.0,4.0,Semi Furnished,-7.27355,112.737457,rumah123
Dijual Rumah di Jl Pajajaran Tegalsari Surabaya Pusat,18000000000,540.0,223.0,3.0,1.0,1.0,,Unfurnished,-7.27355,112.737457,rumah123
Rumah Luxurious Raya Kartini Surabaya Pusat,29999990000,700.0,1000.0,5.0,5.0,2.0,3.0,Semi Furnished,-7.27355,112.73746,rumah123
Rumah Bagus Area Komersial SHM di Pusat Kota Raya Kartini,20000000000,530.0,400.0,6.0,3.0,1.0,2.0,Unfurnished,-7.27355,112.737457,rumah123
Murah Rumah Komersial Trunojoyo Pusat Kota Surabaya Dekat Darmo,19000000000,554.0,950.0,3.0,2.0,3.0,2.0,Unfurnished,-7.27355,112.73746,rumah123
"RUMAH JL. COKROAMINOTO HOOK SAWUNGGALING LOKASI PUSAT KOTA STRATEGIS dekat Raya Darmo, Diponegoro, pusat bisnis dan komersial",17500000000,580.0,700.0,6.0,6.0,2.0,,Semi Furnished,-7.27355,112.73746,rumah123
Dijual Rumah di Jl Pajajaran Tegalsari Surabaya Pusat,18000000000,540.0,223.0,3.0,1.0,1.0,,Unfurnished,-7.27355,112.737457,rumah123
Dijual Murah Rumah di Jalan Trunojoyo Surabaya Pusat,9100000000,260.0,160.0,2.0,1.0,1.0,,Unfurnished,-7.27355,112.737457,rumah123
"Rumah Pusat Kota (area Kartini, Pandegiling, Raya Darmo) Surabaya Pusat",11500000000,556.0,400.0,4.0,3.0,,2.0,Unfurnished,-7.27355,112.73746,rumah123
Dijual Rumah di Jalan Comal Surabaya Pusat,12990000000,600.0,477.0,4.0,4.0,2.0,,Unfurnished,-7.27355,112.737457,rumah123
"rumah hitung tanah, lokasi pusat kota. Jalan rame. Cocok unt usaha apa aja.",13000000000,659.0,465.0,13.0,,2.0,,Unfurnished,-7.287962,112.7393952,rumah123
Rumah Komersial Area Surabaya Pusat Darmo Cafe Resto Kartini SHM,6500000000,240.0,150.0,3.0,1.0,1.0,,Unfurnished,-7.27355,112.737457,rumah123
Pusat Kota Murahh! Rumah Usaha Jl Kedungsari - Area Komersial,7000000000,399.0,500.0,5.0,2.0,2.0,2.0,Unfurnished,-7.27355,112.73746,rumah123
Rumah Mewah Marocco Stylelokasi Cokroaminoto Surabaya,17000000000,580.0,750.0,9.0,9.0,2.0,,Unfurnished,-7.28917,112.734,rumah123
"Rumah Usaha Murah dan Lokasi Strategis di Jl Musi, Surabaya",21500000000,710.0,710.0,1.0,1.0,1.0,,Unfurnished,-7.27355,112.737457,rumah123
Dijual Rumah Tegalsari Surabaya Pusat Kota LT 470 SHM Strategis Cocok Investasi,14000000000,470.0,330.0,4.0,2.0,2.0,2.0,Unfurnished,-7.287427,112.740831,rumah123
Dijual Rumah Pantai Mentari Ocean Park Furnish Row Lebar,1400000000,119.0,125.0,3.0,3.0,1.0,,Furnished,-7.23563,112.786163,rumah123
"[ Dijual ] Rumah Lebak Arum ( Unit B ) , Kenjeran , Tambaksari - Surabaya Timur",1800000000,127.0,140.0,3.0,3.0,2.0,2.0,Unfurnished,-7.248699,112.777783,rumah123
"[ Dijual ] Rumah Lebak Arum ( Unit A ) , Kenjeran , Tambaksari - Surabaya Timur",1750000000,112.0,120.0,3.0,3.0,2.0,2.0,Unfurnished,-7.248699,112.777783,rumah123
"Rumah Pantai Mentari New Minimalis Carport 2, Row 2.5 Mobil",1850000000,90.0,135.0,5.0,4.0,2.0,,Unfurnished,-7.23563,112.786163,rumah123
Dijual Rumah Pantai Mentari Jalan Besar Cluster Row 3.5 Mobil,1900000000,153.0,85.0,3.0,2.0,1.0,,Unfurnished,-7.23563,112.786163,rumah123
Rumah Baru Dekat Kenjeran Luas 120M (8X15) SHM Tidak Mblusuk Murah Siap Huni,1000000000,120.0,100.0,2.0,1.0,1.0,2.0,Unfurnished,-7.23563,112.786163,rumah123
Hanya 1 M-An Rumah 2 Lantai Dekat Kenjeran Unair Mulyosari,1500000000,123.0,176.0,4.0,3.0,2.0,1.0,Unfurnished,-7.23563,112.786163,rumah123
Dijual Rumah Lebak Indah Town House Surabaya,1500000000,112.0,99.0,3.0,3.0,1.0,,Unfurnished,-7.23563,112.786163,rumah123
Lokasi Favorit! Rumah 2 Lantai Raya Kenjeran Dekat Merr Siap Huni,7000000000,600.0,425.0,6.0,3.0,2.0,1.0,Furnished,-7.252469,112.796224,rumah123
"Dijual Rumah di Pantai Mentari, Kenjeran, Dekat Merr",1850000000,90.0,135.0,4.0,3.0,2.0,2.0,Unfurnished,,,rumah123
Rumah Baru 2 Lantai di di Kenjeran Surabaya,1800000000,90.0,120.0,4.0,4.0,2.0,1.0,Unfurnished,-7.23563,112.78616,rumah123
"New House Modern Minimalis Pantai Mentari, Sby Timur",1850000000,90.0,135.0,5.0,4.0,2.0,2.0,Unfurnished,-7.23563,112.786163,rumah123
Rumah New Gress Sby Timur Babatan Pantai,3450000000,153.0,230.0,5.0,4.0,2.0,2.0,Unfurnished,-7.23563,112.786163,rumah123
Rumah New Gress Sby Timur Babatan Pantai,3450000000,153.0,230.0,5.0,4.0,2.0,2.0,Unfurnished,-7.23563,112.786163,rumah123
Rumah Babatan Pantai Kenjeran Indah Surabaya Dkt Pakuwon City,1970000000,87.0,130.0,5.0,4.0,2.0,,Unfurnished,-7.23563,112.78616,rumah123
"Rumah, 2 Lantai, SHM,",1000000000,96.0,127.0,5.0,2.0,2.0,1.0,Unfurnished,-7.28917,112.734,rumah123
"Jual Rmh Baru bisa Kpr,Di Kapas Gading Madya.7 Menit ke Unair",950000000,92.0,65.0,3.0,2.0,1.0,1.0,Unfurnished,-7.23563,112.786163,rumah123
Dijual Rumahjln Lebak Jaya,2500000000,200.0,180.0,3.0,2.0,2.0,1.0,Unfurnished,-7.28917,112.734,rumah123
Rumah Kedinding Tengah Dekat Banyak Fasum,1100000000,100.0,150.0,3.0,3.0,2.0,2.0,Semi Furnished,-7.28917,112.734,rumah123
Rumah Hitung Tanah kemuning murah butuh laku cepat,16000000000,608.0,400.0,3.0,2.0,1.0,,Unfurnished,-7.26125,112.74277,rumah123
Dijual Rumah Siap Huni di Jl Kaca Piring Surabaya Pusat,5000000000,448.0,230.0,3.0,2.0,1.0,,Unfurnished,-7.26125,112.742767,rumah123
Dijual Rumah Raya Kecilung Surabay Timur,8500000000,426.0,405.0,7.0,4.0,2.0,2.0,Unfurnished,-7.26125,112.742767,rumah123
"Dijual! Rumah Jl Pengampon, Genteng Surabaya - Bangunan 1 Lantai",16000000000,610.0,625.0,3.0,2.0,1.0,1.0,Unfurnished,-7.26125,112.74277,rumah123
1912 Jl. Kecilung Pusat Kota Surabayaij1,9500000000,370.0,500.0,6.0,5.0,2.0,2.0,Unfurnished,-7.26125,112.742767,rumah123
Rumah 1 Lantai Siap Huni Jl Bkr Pelajar Strategis Area Tengah Kota,2500000000,139.0,280.0,4.0,3.0,2.0,,Unfurnished,-7.26125,112.74277,rumah123
Rumah Surabaya Pusat SHM Row Jalan Lebar Dekat Tp,27000000000,1080.0,1500.0,8.0,6.0,2.0,5.0,Unfurnished,-7.26125,112.742767,rumah123
Dijual Rumah 2 Lantai Bagus Minimalis di Gembong Sawah Barat,1500000000,120.0,180.0,4.0,3.0,2.0,2.0,Unfurnished,-7.26125,112.74277,rumah123
Dijual! Rumah di Jalan Ketupa - Lokasi Strategis!,8000000000,400.0,350.0,5.0,3.0,1.0,1.0,Unfurnished,-7.26125,112.74277,rumah123
Rumah Dijual Dijalan Jaksa Agung Suprapto Surabaya Pusat,25000000000,595.0,200.0,3.0,2.0,1.0,,Unfurnished,-7.2554149,112.7471189,rumah123
"Jual Rumah Hanya 2 Menit ke Raya Darmo, Area Premium Pusat Kota Jl. Kanwa Surabaya",11500000000,433.0,500.0,7.0,4.0,,,Unfurnished,,,rumah123
Jual Rumah Sangat Strategis di Jalan Jaksa Agung Suprapto Dekat dengan Perkantoran,10000000000,529.0,271.0,5.0,4.0,1.0,,Unfurnished,-7.26125,112.742767,rumah123
JUAL RUMAH MURAH DI TENGAH KOTA DI JL. PENELEH,750000000,148.0,140.0,4.0,2.0,1.0,,Unfurnished,,,rumah123
Rumah Strategis Di Tengah Kota ( Surabaya Pusat ),5000000000,380.0,380.0,5.0,2.0,2.0,1.0,Unfurnished,,,rumah123
Rumah + Kos Kosan di Area Pusat Jantung Kota Surabaya Pusat di Jual Cepat Jl.legundi,2100000000,294.0,294.0,4.0,2.0,1.0,,Unfurnished,-7.260838815,112.7435064,rumah123
Dijual Rumah Peneleh,1250000000,80.0,140.0,3.0,2.0,2.0,,Unfurnished,,,rumah123
Rumah Hitung Tanah Daerah Walikota Mustajab,10000000000,604.0,421.0,5.0,2.0,1.0,2.0,Unfurnished,-7.26125,112.742767,rumah123
Strategis Cocok untuk Usaha Pusat Kota Area Ramai,10000000000,489.0,600.0,5.0,3.0,1.0,,Unfurnished,-7.26125,112.74277,rumah123
Ljm 0051 Dijual Rumah Mewah Siap Huni Lokasi Surabaya Pusat,25000000000,680.0,800.0,5.0,4.0,2.0,4.0,Semi Furnished,-7.27355,112.737457,rumah123
Dijual Rumah Pusat Kota di Jl Kedondong Tegalsari Surabaya,990000000,103.0,103.0,1.0,1.0,1.0,,Unfurnished,-7.27355,112.737457,rumah123
Rumah Usaha Ngantong Jln Pandegiling,12000000000,512.0,444.0,5.0,3.0,1.0,2.0,Unfurnished,-7.27355,112.737457,rumah123
"Rumah dengan Halaman Luas,Pusat Kota,Dekat Mall",22000000000,845.0,600.0,4.0,4.0,1.0,2.0,Unfurnished,-7.27355,112.737457,rumah123
Komersial Raya Kartini Surabaya Pusat Dekat Tunjungan Palaza,12500000000,393.0,308.0,,,1.0,1.0,Unfurnished,-7.27355,112.737457,rumah123
"Rumah Bagus SHM di Jl. Kapuas, Surabaya",40000000000,790.0,600.0,4.0,3.0,1.0,,Unfurnished,-7.27355,112.73746,rumah123
Dijual Rumah Komersial Surabaya Pusat Jalan Wr Supratman,12500000000,486.0,380.0,4.0,3.0,1.0,1.0,Unfurnished,-7.27355,112.737457,rumah123
Rumah Tengah Kota Jl. Wr Supratman,12000000000,1401.0,217.0,,,1.0,,Unfurnished,-7.27355,112.73746,rumah123
Jual Rumah 2 Lantai,1750000000,133.0,133.0,2.0,1.0,1.0,,Unfurnished,-7.254960736833624,112.7697377952187,rumah123
Rumah Komersial Ciliwung Surabaya Pusat Siap Pakai,21000000000,603.0,300.0,7.0,2.0,1.0,,Unfurnished,,,rumah123
Jual Rumah 2 Lantai,1750000000,133.0,133.0,2.0,1.0,2.0,,Unfurnished,-7.254960736833624,112.7697377952187,rumah123
"Jual Rumah Tengah Kota Jalan Kapuas Lingkungan Nyaman, Bebas Banjir",30000000000,685.0,252.0,5.0,2.0,1.0,,Unfurnished,-7.27355,112.737457,rumah123
"Murah!!Rumah Jl. Kartini, Cocok untuk Usaha, Strategis Pusat Kota",10000000000,400.0,300.0,3.0,3.0,1.0,2.0,Unfurnished,-7.2790885,112.73622845,rumah123
"Rumah di Kartini, Bangunan Baru 3 Lantai, Interior Mewah. Parkir Luas bisa 20 Mobil - Tan -",32000000000,785.0,1500.0,3.0,3.0,,20.0,Unfurnished,,,rumah123
Rumah Di Wonorejo Surabaya Pusat,1500000000,407.0,350.0,4.0,3.0,1.0,1.0,Unfurnished,-7.27355,112.737457,rumah123
Dijual Rumah Dijalan Tempel Sukorejo Surabaya,1400000000,160.0,160.0,4.0,2.0,1.0,,Unfurnished,-7.273346732538016,112.73034111482276,rumah123
"Rumah Lama di Jl. Dr. Soetomo, Pusat Kota Sby Hitung Harga Tanah",45000000000,1000.0,265.0,6.0,3.0,2.0,3.0,Unfurnished,-7.27355,112.737457,rumah123
Rumah Pusat Kota Surabaya Dekat Basuki Rahmat,30000000000,1080.0,1500.0,6.0,5.0,2.0,1.0,Semi Furnished,,,rumah123
Dijual Rumah Dijalan Plemahan Surabaya,4000000000,171.0,171.0,1.0,1.0,1.0,,Unfurnished,-7.263224025,112.7361834,rumah123
Rumah Besar Tengah Kota Dekat Raya Darmo,32000000000,685.0,250.0,6.0,3.0,1.0,5.0,Unfurnished,-7.27355,112.73746,rumah123
Rumah Pantai Mentari Minimalis Premium Harga Terjangkau,1850000000,90.0,135.0,4.0,3.0,2.0,2.0,Unfurnished,-7.23563,112.78616,rumah123
Pantai Mentari Baru Gres dan Mewah Siap Huni,4000000000,250.0,305.0,6.0,5.0,2.0,2.0,Semi Furnished,-7.23563,112.78616,rumah123
"Jolotundo Dkt Kenjeran Nol Jalan Komersil Area, Best Deal",2200000000,196.0,110.0,3.0,2.0,1.0,,Unfurnished,-7.23563,112.78616,rumah123
"Rumah Siap Huni Pantai Mentari Kenjeran 2 Lantai Surabaya, Nego Tipis",3200000000,180.0,250.0,5.0,4.0,2.0,,Unfurnished,-7.23563,112.78616,rumah123
Termurah Hitung Tanah Rumah Babatan Pantai dekat Kenjeran lebar 10,2200000000,200.0,150.0,6.0,1.0,1.0,,Unfurnished,-7.23563,112.786163,rumah123
American Classic Babatan Pantai Kenjeran,1975000000,87.0,130.0,4.0,3.0,2.0,,Unfurnished,,,rumah123
Dijual Rumah di Kedinding Tengah Siap Huni,975000000,135.0,115.0,4.0,1.0,1.0,,Unfurnished,-7.23563,112.786163,rumah123
Pantai Mentari 1 Lt Butuh Renov,1400000000,120.0,90.0,3.0,2.0,1.0,1.0,Unfurnished,-7.23563,112.78616,rumah123
Gress Semi Classic Rumah Babatan Pantai Utara,2850000000,150.0,210.0,4.0,4.0,2.0,1.0,Unfurnished,-7.23563,112.78616,rumah123
Rumah Dijual di Pantai Mentari Ocean Park Surabaya,1400000000,119.0,110.0,2.0,1.0,1.0,,Unfurnished,-7.23563,112.786163,rumah123
Lebak Rumah Minimalis 2Lantai Bagus Terawat Siap Huni bisa Nego..,1550000000,137.0,206.0,5.0,4.0,2.0,2.0,Unfurnished,-7.23563,112.786163,rumah123
Lebak Permai Dijual Gercep,800000000,108.0,108.0,2.0,2.0,1.0,1.0,Unfurnished,-7.28917,112.734,rumah123
Rumah Pantai Mentari New Minimalis Row 3 Mobil,3500000000,162.0,230.0,5.0,5.0,2.0,,Unfurnished,-7.23563,112.786163,rumah123
Rumah 3 Lantai Pantai Mentari Surabaya SHM Dekat Kenjeran,1350000000,102.0,180.0,7.0,4.0,3.0,,Semi Furnished,-7.240913969298788,112.79403772452036,rumah123
Dijual Rumah Babatan Timur Pantai Kenjeran Harga Kurang Dari 4M,3600000000,230.0,240.0,5.0,5.0,2.0,,Unfurnished,-7.25665,112.79497,rumah123
Dijual Rumah Babatan Pantai Timur Kenjeran Harga Kurang Dari 4M An,3600000000,230.0,240.0,5.0,5.0,2.0,,Unfurnished,-7.25665,112.79497,rumah123
Pisces,1300000000,72.0,110.0,3.0,3.0,2.0,,Unfurnished,,,rumah123
Rumah Babatan Pantai Utara Minimalis Semi Classic,2850000000,150.0,210.0,4.0,4.0,2.0,1.0,Unfurnished,-7.23563,112.78616,rumah123
Brand New House Regency Lebak Arum,1560000000,122.0,137.0,4.0,3.0,2.0,1.0,Unfurnished,-7.23563,112.786163,rumah123
Dijual Termurah Rumah Layak Huni di Lebo Agung,1100000000,123.0,123.0,3.0,2.0,1.0,,Unfurnished,-7.23563,112.786163,rumah123
"Dijual Rumah harga Tanah di Pusat Kota Jln.Jaksa Agung Suprapto, Genteng, Surabaya",13000000000,600.0,750.0,3.0,3.0,2.0,2.0,Unfurnished,-7.26125,112.74277,rumah123
Rumah Mewah Pusat Kota Jl Pandan Full Marmer 2 Lantai,19500000000,525.0,700.0,4.0,3.0,2.0,2.0,Semi Furnished,-7.26125,112.74277,rumah123
Rumah Dijual Kupang Panjaan Tegalsari Surabaya,2000000000,154.0,94.0,4.0,2.0,2.0,,Unfurnished,-7.276013577012151,112.73232067834384,rumah123
Rumah Jalan Imam Bonjol Surabaya Pusat,38000000000,1000.0,600.0,3.0,3.0,2.0,1.0,Unfurnished,-7.27355,112.73746,rumah123
Rumah Tengah Pusat Kota Surabaya Tegalsari Cempaka Shm Kpr Murah,5500000000,390.0,380.0,8.0,5.0,1.0,1.0,Unfurnished,-7.27355,112.737457,rumah123
Dijual Rumah SHM di Jl Tumapel Surabaya Pusat,8250000000,396.0,396.0,10.0,3.0,1.0,,Unfurnished,-7.27355,112.737457,rumah123
Rumah Dijual Tempel Sukorejo Tegalsari Surabaya,2500000000,240.0,240.0,4.0,4.0,2.0,,Unfurnished,-7.27205852234286,112.72904598251417,rumah123
Rumah Dijual Pusat Kota di Jalan Tegalsari Surabaya,13000000000,470.0,280.0,5.0,3.0,1.0,,Unfurnished,-7.27355,112.737457,rumah123
Rumah jantung kota surabaya cocok kantor hotel,24999999999,1032.0,358.0,3.0,2.0,1.0,1.0,Unfurnished,-7.27355,112.73746,rumah123
Rumah Lama Hitung Tanah Hak Milik Pusat Kota Surabaya Tempel Sukorejo,6000000000,783.0,400.0,4.0,2.0,1.0,1.0,Unfurnished,-7.27355,112.73746,rumah123
Rumah jantung kota surabaya cocok kantor hotel,24999999999,1032.0,358.0,3.0,2.0,1.0,1.0,Unfurnished,-7.27355,112.73746,rumah123
Rumah Lama Hitung Tanah Hak Milik Pusat Kota Surabaya Tempel Sukorejo,6000000000,783.0,400.0,4.0,2.0,1.0,1.0,Unfurnished,-7.27355,112.73746,rumah123
RUMAH KARTINI PUSAT KOTA DEKAT RAYA DARMO LEBAR 17METER LUAS 530M2 BANGUNAN 2 LANTAI ADA 6 KAMAR TIDUR,25000000000,530.0,400.0,6.0,3.0,2.0,3.0,Unfurnished,,,rumah123
"RUMAH HITUNG TANAH LOKASI LANGKA DI IMAM BONJOL DIMENSI 16X48.5 METER DEKAT KE KARTINI, WR SUPRATMAN, DIPONEGORO",31000000000,776.0,200.0,4.0,2.0,1.0,2.0,Unfurnished,,,rumah123
Dijual Rumah di Embong Wungu,18000000000,493.0,441.0,,,2.0,,Unfurnished,,,rumah123
Murah Jarang Ada Rumah Kos Aktif di Pusat Kota Surabaya [545],10000000000,363.0,850.0,50.0,50.0,3.0,,Semi Furnished,-7.27355,112.73746,rumah123
Rumah 2 LT di Jl Kedung Klinter Surabaya,3900000000,304.0,304.0,7.0,3.0,,,Unfurnished,,,rumah123
Rumah jantung kota surabaya cocok kantor hotel,24999999999,1032.0,358.0,3.0,2.0,1.0,1.0,Unfurnished,-7.27355,112.73746,rumah123
"Rumah Pusat Kota Surabaya Dekat Raya Darmo, Kartini, Diponegoro",26000000000,730.0,730.0,6.0,5.0,2.0,2.0,Unfurnished,,,rumah123
Dijual Rumah Raya Kartini Lokasi Strategis Pusat Kota,17000000000,456.0,300.0,4.0,3.0,2.0,,Unfurnished,-7.27355,112.73746,rumah123
"Rumah di Jl. Kartini, Lokasi Pusat Kota cocok untuk Resto/Cafe, Klinik, Kantor Bank",7400000000,228.0,200.0,,3.0,,,Unfurnished,,,rumah123
Pantai mentari kenjeran surabaya. Unit ready DP bisa di angsur,1500000000,78.0,90.0,3.0,2.0,,2.0,Unfurnished,,,rumah123
Dijual Rumah Lebak Jaya Baru Gres Selangkah ke Raya Kenjeran,1490000000,95.0,130.0,3.0,3.0,2.0,2.0,Unfurnished,-7.23563,112.786163,rumah123
Jual Rumah Kalijudan Indah 2 Lantai Dkt Galaxy Mall,7000000000,650.0,720.0,7.0,4.0,2.0,,Unfurnished,,,rumah123
Gading Pantai - rumah mewah minimalis selangkah dari Raya Kenjeran dekat UNAIR,6300000000,465.0,265.0,3.0,4.0,2.0,2.0,Semi Furnished,-7.25096678,112.789136495,rumah123
"Rumah Harga Bawah Pasar Di Pantai Mentari, Kenjeran",2400000000,153.0,153.0,4.0,3.0,1.0,,Semi Furnished,-7.23563,112.786163,rumah123
"Rumah Siap Huni 2 Lantai di Pantai Mentari, Kenjeran",2350000000,153.0,194.0,4.0,3.0,2.0,2.0,Semi Furnished,-7.240913969298788,112.79403772452036,rumah123
Rumah Babatan Pantai Utara Semi Klasik Minimalis Baru Gress,2850000000,150.0,210.0,4.0,4.0,2.0,2.0,Unfurnished,-7.255326710261201,112.78738518943555,rumah123
"Rumah 3 Lantai di Pantai Mentari Kenjeran Murah, Butuh Renov",1450000000,102.0,180.0,7.0,4.0,3.0,1.0,Unfurnished,-7.231806100788063,112.78989251654792,rumah123
Rumah Semi Klasik Babatan Pantai Utara Minimalis Baru Gress,2850000000,150.0,210.0,4.0,4.0,2.0,1.0,Unfurnished,-7.252869242260061,112.79159628763853,rumah123
Dijual Rumah Baru Modern Lokasi Rungkut Mapan Tengah Surabaya*,5000000000,236.0,400.0,6.0,5.0,2.0,2.0,Unfurnished,-7.28917,112.734,rumah123
Rumah 2 Lantai Baru SHM di Pantai Mentari Cluster Hampton,5000000000,236.0,400.0,4.0,2.0,2.0,,Semi Furnished,-7.23563,112.786163,rumah123
Rumah Komersial Harga Hitung Tanah Raya Kenjeran,9000000000,600.0,425.0,6.0,3.0,1.0,2.0,Unfurnished,-7.2500770001,112.79099,rumah123
Lebak Indah Town house murah baru renov,1500000000,100.0,120.0,4.0,2.0,,,Unfurnished,,,rumah123
Dijual Rumah Baru Minimalis 2 Lantai Surabaya Timur,3450000000,153.0,230.0,4.0,3.0,2.0,1.0,Unfurnished,,,rumah123
Rumah Murah Lebak Dekat Kenjeran Pakuwon Citu Surabaya Timur,850000000,107.0,107.0,2.0,2.0,1.0,1.0,Unfurnished,-7.23563,112.786163,rumah123
Bw39 Dijual Rumah Bagus Siap Huni Nyaman Strategis SHM di Pantai Mentari,1750000000,102.0,125.0,3.0,2.0,2.0,2.0,Unfurnished,-7.23563,112.786163,rumah123
Dijual Rumah Pantai Mentari Surabaya Timur,1020000000,50.0,55.0,2.0,1.0,2.0,1.0,Unfurnished,-7.23563,112.786163,rumah123
Rumah Baru Gress Minimalis Pantai Mentari,1850000000,90.0,135.0,4.0,3.0,2.0,2.0,Unfurnished,-7.23563,112.786163,rumah123
Rumah Pantai Mentari Minimalis Siap Huni,2200000000,102.0,156.0,3.0,3.0,2.0,2.0,Unfurnished,-7.23563,112.786163,rumah123
"Rumah Dinoyo Area Komersial Strategis, Cocok untuk Bisnis",62500000000,2500.0,800.0,8.0,4.0,1.0,,Unfurnished,-7.28029,112.74421,rumah123
Dijual Rumah Jalan Raya Trunojoyo Bebas Banjir,7000000000,260.0,220.0,3.0,2.0,1.0,,Unfurnished,-7.27355,112.737457,rumah123
Sam ratulangi pusat kota surabaya,11500000000,556.0,480.0,4.0,2.0,1.0,1.0,Unfurnished,-7.27355,112.73746,rumah123
"Ric.a075 Jual Rumah Area Pantai Mentari Kenjeran, Extra PLN untuk Mobil Listrik",2300000000,90.0,90.0,3.0,2.0,2.0,1.0,Unfurnished,-7.23563,112.786163,rumah123
Dijual Rumah Pantai Mentari Surabaya,1850000000,90.0,135.0,4.0,3.0,2.0,2.0,Unfurnished,-7.23563,112.786163,rumah123
"Dijual Rumah Pantai Mentari, Harga 1 Lantai Dapat 2 Lantai",1500000000,108.0,150.0,3.0,2.0,2.0,1.0,Unfurnished,-7.23563,112.786163,rumah123
"Hitung Tanah Rumah Pantai Mentari Dekat Grand Kenjeran, Pakuwon City",1500000000,153.0,100.0,3.0,2.0,1.0,,Unfurnished,,,rumah123
[ Dijual ] Rumah American Classic Baru Pantai Mentari,1850000000,90.0,135.0,4.0,3.0,2.0,2.0,Unfurnished,-7.239183900199109,112.7947643883964,rumah123
"Dijual Rumah Lebak Timur Surabaya 1,5 Lantai Dekat Gading Pantai - Merr",1100000000,100.0,110.0,3.0,2.0,1.0,1.0,Semi Furnished,-7.23563,112.78616,rumah123
Dijual Rumah / Ruko Jalan Kenjeran Nol Jalan (Hl),9500000000,300.0,500.0,5.0,3.0,3.0,4.0,Unfurnished,-7.23563,112.78616,rumah123
Dijual Rumah / Ruko Jalan Kenjeran Nol Jalan (Hl),9500000000,300.0,500.0,5.0,3.0,3.0,4.0,Unfurnished,-7.23563,112.78616,rumah123
Rumah Babatan Pantai Utara Strategis Siap Huni,2500000000,100.0,215.0,5.0,4.0,3.0,,Unfurnished,-7.23563,112.786163,rumah123
Rumah SHM di Lebak Jaya Utara Surabaya,1350000000,105.0,105.0,3.0,2.0,2.0,,Unfurnished,-7.23563,112.78616,rumah123
Dijual Rumah Strategis di Jalan Raya Kenjeran Surabaya,32000000000,663.0,663.0,5.0,4.0,1.0,,Unfurnished,-7.23563,112.786163,rumah123
Dijual Rumah di Nol Jl Raya Kenjeran Surabaya,9500000000,300.0,500.0,5.0,3.0,1.0,,Unfurnished,-7.23563,112.78616,rumah123
Murah !! Rumah Hitung Tanah di Rangkah Rejo Cm 4Jt An/M,1000000000,223.0,400.0,6.0,3.0,1.0,,Unfurnished,-7.246627,112.7660889,rumah123
"Rumah Hitung Tanah Ploso Baru Dkt Kalijudan, Kenjeran",1200000000,210.0,147.0,2.0,2.0,1.0,,Unfurnished,,,rumah123
Lebak Dkt Kenjeran Babatan Pantai Gading Pantai,1250000000,45.0,70.0,3.0,2.0,2.0,2.0,Unfurnished,-7.23563,112.78616,rumah123
Pantai Mentari Dkt Lebak Babatan Kenjeran,1850000000,90.0,135.0,5.0,4.0,2.0,2.0,Unfurnished,-7.23563,112.78616,rumah123
"Rumah, SHM, di Kenjeran,",425000000,24.0,50.0,2.0,2.0,2.0,,Unfurnished,-7.23563,112.786163,rumah123
Rumah Pantai Mentari Kenjeran Surabay Timur Murah. Ric.a228,1600000000,90.0,120.0,3.0,2.0,2.0,1.0,Unfurnished,-7.23563,112.786163,rumah123
"Murah! 10Jt/Meter, Cocok untuk Investor, 2 Menit ke Raya Kenjeran",2000000000,200.0,200.0,2.0,1.0,1.0,,Unfurnished,-7.23563,112.786163,rumah123
Dijual Rumah Cantik Minimalis Siap Huni Grand Kenjeran,2750000000,96.0,150.0,2.0,3.0,2.0,2.0,Semi Furnished,-7.23563,112.786163,rumah123
Jual Rumah Klasik Mediterania Area Diponegoro Kantor Klinik Kafe Surabaya Puaat,20000000000,513.0,500.0,5.0,5.0,2.0,2.0,Semi Furnished,-7.27355,112.737457,rumah123
Rumah di Jl Kapuas Surabaya Masih Bagus Akses Strategis,32000000000,685.0,250.0,5.0,2.0,1.0,,Unfurnished,-7.27355,112.73746,rumah123
"Dijual 504 M2 Rumah Surabaya Pusat Kota - Jl. Comal - Keputran - Tegalsari Dekat Raya Darmo, Jl. Dinoyo, Jl.kapuas - Surat HGB",13260000000,501.0,305.0,3.0,2.0,1.0,2.0,Unfurnished,-7.27355,112.737457,rumah123
"Dijual 362 M2 Rumah Jl. Untung Suropati - Dr.sutomo - Surabaya Pusat Dekat Cafe , Resto, Kantor, Bakery",8310000000,362.0,226.0,3.0,2.0,1.0,2.0,Unfurnished,-7.27355,112.737457,rumah123
Dijual Rumah Dijalan Kedungsari Surabaya,6000000000,149.0,149.0,3.0,1.0,1.0,,Unfurnished,-7.27355,112.73746,rumah123
"Murah Rumah Tengah Kota di Jl. R.a. Kartini, Surabaya.",11500000000,393.0,300.0,3.0,2.0,1.0,,Semi Furnished,-7.27355,112.73746,rumah123
Dijual Rumah Dijalan Pandegiling Surabaya,900000000,45.0,45.0,2.0,2.0,1.0,,Unfurnished,-7.2750294,112.7313738,rumah123
Dijual Rumah Dijalan Kedondong Surabaya,5000000000,188.0,208.0,3.0,2.0,1.0,,Unfurnished,-7.2718674,112.7381382,rumah123
Dijual Cepat Rumah di Jl Teuku Umar Surabaya Pusat,5500000000,196.0,300.0,4.0,2.0,2.0,,Unfurnished,-7.27355,112.737457,rumah123
Dijual Rumah di Jalan Trunojoyo Surabaya Pusat,9100000000,260.0,160.0,2.0,1.0,1.0,,Unfurnished,-7.27355,112.737457,rumah123
Dijual Rumah Usaha Strategis di Jl Raya Diponegoro Surabaya,55000000000,1410.0,510.0,3.0,5.0,2.0,,Unfurnished,-7.27355,112.737457,rumah123
"Rumah Baru 2 Unit Jejer Regency One Wonorejo, Surabaya",2000000000,153.0,300.0,3.0,2.0,2.0,,Semi Furnished,,,rumah123
Dijual Rumah Mewah Jalan Trunojoyo Surabaya Pusat,19000000000,554.0,954.0,15.0,4.0,3.0,3.0,Unfurnished,-7.27355,112.737457,rumah123
Area Komersial Rumah Raya Kedungsari Pusat Kota 2 Lantai,7000000000,399.0,500.0,5.0,2.0,2.0,2.0,Unfurnished,-7.27355,112.737457,rumah123
Rumah Surabaya Pusat Tengah Wr Supratman Diponegoro Dr Sutomo,33000000000,994.0,1500.0,5.0,4.0,2.0,10.0,Unfurnished,-7.27355,112.737457,rumah123
"Rumah Dua Lantai Semi Furnished di Jalan Grudo, Tegalsari",1900000000,105.0,105.0,4.0,1.0,2.0,1.0,Semi Furnished,-7.28917,112.734,rumah123
"Rumah Hitung Tanah Saja di Wonorejo - Tegalsari, Surabaya Pusat",2350000000,240.0,200.0,3.0,1.0,1.0,,Unfurnished,-7.27355,112.737457,rumah123
Rumah Baru 1 Lantai Lebak Kenjeran Siap Huni,2250000000,187.0,138.0,3.0,2.0,1.0,2.0,Unfurnished,-7.23563,112.786163,rumah123
Rumah Daerah Kenjeran Jalan Pogot,650000000,67.0,67.0,3.0,1.0,1.0,1.0,Unfurnished,-7.23563,112.786163,rumah123
Jual Rumah Modern Babatan Pantai Surabaya Timur Siap Huni Tinggal Bawa Koper,3450000000,153.0,230.0,5.0,4.0,2.0,2.0,Unfurnished,-7.23563,112.786163,rumah123
Rumah Baru Pantai Mentari 2 Lantai Under 2 M,1850000000,90.0,135.0,4.0,3.0,2.0,2.0,Unfurnished,-7.23563,112.786163,rumah123
Rumah Minimalis Baru Babatan Pantai Dekat Manyar dan Pakuwon City,2850000000,150.0,210.0,4.0,4.0,2.0,2.0,Unfurnished,-7.23563,112.786163,rumah123
Rumah Mewah American Clasic Design Dekat Grand Kenjeran di Perum Babatan Pantai Utara,2850000000,150.0,210.0,5.0,5.0,2.0,,Unfurnished,-7.23563,112.786163,rumah123
Rumah Taman Gading Pantai Kenjeran Hitung Tanah,2750000000,345.0,100.0,,,1.0,,Unfurnished,-7.23563,112.786163,rumah123
Rumah Khalilom Minimalis Siap Huni,600000000,50.0,125.0,4.0,2.0,2.0,,Unfurnished,-7.23563,112.786163,rumah123
Dijual Rumah Baru di Lebak Arum,1700000000,125.0,140.0,3.0,3.0,2.0,2.0,Unfurnished,-7.23563,112.786163,rumah123
Dijual Rumah di Ploso Timur,1500000000,102.0,160.0,3.0,3.0,1.0,1.0,Unfurnished,-7.23563,112.786163,rumah123
Dijual Rumah 2 Lantai di Pantai Mentari,2700000000,180.0,360.0,4.0,4.0,2.0,1.0,Unfurnished,-7.23563,112.786163,rumah123
Rumah Pantai Mentari Semifurnish One Gate System Lebar 7 Harga 1.5M Nego,1500000000,119.0,125.0,2.0,1.0,1.0,1.0,Unfurnished,-7.23563,112.786163,rumah123
Dijual Rumah 2 Lantai Minimalis di Kenjeran Surabaya Timur bisa Nego,1850000000,120.0,200.0,4.0,3.0,2.0,,Unfurnished,-7.2382,112.79527,rumah123
New 100% Rumah Minimalis Berkualitas di Pantai Mentari,1700000000,90.0,130.0,4.0,3.0,2.0,,Unfurnished,-7.23563,112.786163,rumah123
"Gading Pantai New Scandinavian Dkt Kenjeran, Babatan, Lebak",1800000000,90.0,120.0,3.0,3.0,2.0,,Unfurnished,,,rumah123
"Sisa 1 Unit 2 Lantai Dekat Raya Kedung Cowek, Suramadu, Kenjeran.",996000000,65.0,61.0,2.0,2.0,2.0,1.0,Unfurnished,-7.23563,112.78616,rumah123
Selangkah Dari Raya Kenjeran Gress Termurah  Di Gading Pantai,1800000000,90.0,120.0,3.0,3.0,2.0,1.0,Unfurnished,-7.23563,112.78616,rumah123
Dijual Rumah Baru Gress Babatan Pantai Surabaya Timur,3450000000,153.0,230.0,5.0,4.0,2.0,2.0,Unfurnished,-7.23563,112.786163,rumah123
Dijual Rumah Karang Empat Timur,1800000000,170.0,240.0,3.0,4.0,2.0,1.0,Unfurnished,-7.23563,112.786163,rumah123
"RUMAH 2UNIT HITUNG TANAH SAJA DI WONOREJO - TEGALSARI, SURABAYA PUSAT",2950000000,394.0,368.0,6.0,2.0,1.0,,Unfurnished,,,rumah123
"RUMAH HITUNG TANAH SAJA DI WONOREJO - TEGALSARI, SURABAYA PUSAT",3500000000,394.0,368.0,6.0,2.0,,,Unfurnished,,,rumah123
"RUMAH HITUNG TANAH DI WONOREJO TEGALSARI, SURABAYA PUSAT",1000000000,128.0,128.0,3.0,1.0,,,Unfurnished,,,rumah123
"Rumah Surabaya Pusat, Daerah Elite Tengah Kota",8000000000,289.0,164.0,4.0,2.0,2.0,,Unfurnished,,,rumah123
"Rumah Murah di Pusat Kota Jl Kedondong, Dekat Mall Tp",1150000000,103.0,180.0,2.0,2.0,2.0,,Unfurnished,-7.27355,112.737457,rumah123
Dijual Rumah Jln Musi Surabaya Pusat,20000000000,513.0,500.0,5.0,5.0,1.0,,Unfurnished,-7.27355,112.737457,rumah123
Rumah Usaha Dijual di Tengah Kota Jalan Pandegiling,12000000000,512.0,444.0,5.0,3.0,1.0,,Unfurnished,-7.28917,112.734,rumah123
Rumah Premium Darmo Surabaya Dijual - Cocok Hunian atau Usaha,8500000000,505.0,340.0,4.0,3.0,1.0,,Unfurnished,-7.289604199999999,112.74299,rumah123
Rumah Mewah Pusat Kota Trunojoyo Surabaya Area Elite,29900000000,929.0,576.0,6.0,6.0,1.0,3.0,Unfurnished,-7.27355,112.73746,rumah123
Rent Or Sale! Rumah Raya Darmo Surabaya Pusat - Parkiran Luas,52000000000,800.0,300.0,3.0,2.0,1.0,,Unfurnished,-7.27355,112.73746,rumah123
DIJUAL RUMAH WONOREJO * KAMPUNG MALANG),2600000000,407.0,305.0,4.0,3.0,2.0,1.0,Unfurnished,-7.27355,112.73746,rumah123
Rumah Tempel Sukorejo Cepat Murah Surabaya Pusat,2500000000,240.0,200.0,4.0,3.0,2.0,1.0,Unfurnished,,,rumah123
Jual Rumah Strategis di Tengah Pusat Kota Surabaya Tegalsari,2500000000,240.0,300.0,5.0,3.0,2.0,,Unfurnished,-7.27355,112.737457,rumah123
Rumah di Jalan Kapuas,30000000000,685.0,252.0,5.0,2.0,2.0,,Unfurnished,-7.27355,112.737457,rumah123
Bangunan dan Tanah di Jl Raya Kedungsari Surabaya,16000000000,961.0,750.0,5.0,3.0,1.0,1.0,Unfurnished,-7.27355,112.737457,rumah123
Edisi Rumah Pusat Kota Cocok Buat Kost² An,13000000000,434.0,524.0,14.0,6.0,3.0,,Unfurnished,-7.267185814193013,112.7355234665797,rumah123
Edisi Rumah Pusat Kota Cocok Buat Kost² An,13000000000,434.0,524.0,14.0,6.0,3.0,,Unfurnished,-7.267185814193013,112.7355234665797,rumah123
"Jalan Raya Wr.supratman Surabaya, Hook Langka, SHM.",12000000000,489.0,400.0,3.0,3.0,1.0,6.0,Unfurnished,-7.27355,112.737457,rumah123
Pantai Mentari,1850000000,90.0,135.0,4.0,3.0,2.0,,Unfurnished,,,rumah123
Rumah siap huni sangat terawat Pantai Mentari lokasi terdepan,3750000000,180.0,225.0,3.0,3.0,2.0,2.0,Semi Furnished,-7.23563,112.78616,rumah123
Rumah New Minimalis di Babatan Pantai Barat dekat Sutorejo,2750000000,144.0,270.0,40.0,4.0,2.0,,Unfurnished,-7.23563,112.786163,rumah123
"Rumah Mewah Siap Huni di Astoria Park, Kenjeran",3290000000,180.0,218.0,4.0,3.0,2.0,,Unfurnished,-7.23563,112.786163,rumah123
"Rumah Mewah, Second Road di Babatan Pantai Cocok Untuk Kantor, Bimbel, Klinik Dll",3800000000,210.0,300.0,,4.0,2.0,,Unfurnished,-7.23563,112.78616,rumah123
Jual Rumah Pacifik Regency Pantai Mentari,3600000000,250.0,300.0,4.0,3.0,1.0,1.0,Furnished,-7.23563,112.786163,rumah123
Dijual Cepat Rumah di Setro Baru,850000000,88.0,176.0,3.0,2.0,2.0,1.0,Unfurnished,-7.23563,112.786163,rumah123
A5540 Pantai Mentari Rumah Modern 2 Lantai Surabaya Timur,1850000000,90.0,135.0,4.0,3.0,2.0,2.0,Unfurnished,-7.23563,112.786163,rumah123
Dijual Rumah Baru 2 Lantai di Pantai Mentari Surabaya,1850000000,90.0,135.0,4.0,3.0,2.0,,Unfurnished,-7.23563,112.786163,rumah123
Murah Butuh Cepat Dibawah 1M Lebak Kenjeran,800000000,72.0,72.0,2.0,1.0,1.0,1.0,Unfurnished,-7.23563,112.786163,rumah123
Dijual Rumah di Pantai Mentari Pasific Regency Surabaya,2200000000,102.0,156.0,3.0,3.0,2.0,,Unfurnished,-7.23563,112.786163,rumah123
Dijual Rumah 1 Lantai Siap Huni di Lebak Arum,2250000000,187.0,138.0,3.0,2.0,1.0,2.0,Unfurnished,-7.23563,112.786163,rumah123
Dijual Rumah Dijalan Kapas Gading Madya Surabaya,750000000,50.0,50.0,2.0,1.0,1.0,,Unfurnished,-7.239122400193466,112.77277835663024,rumah123
Rumah Lebak Timur Siap Huni Baru Renov,950000000,100.0,100.0,3.0,2.0,1.0,1.0,Semi Furnished,-7.23563,112.786163,rumah123
"Astoria Park Kenjeran Dkt Mulyosari, Sutorejo, Pakuwon City",4300000000,200.0,250.0,4.0,3.0,2.0,,Semi Furnished,,,rumah123
Siap Huni Rumah Babatan Pantai Surabaya Dekat Raya Kenjeran,1300000000,96.0,56.0,3.0,2.0,1.0,,Semi Furnished,-7.28917,112.734,rumah123
Rumah di Bronggalan Surabaya Murah Strategis Butuh Di Renovasi,950000000,108.0,86.0,3.0,1.0,1.0,1.0,Unfurnished,-7.256833479696212,112.7648717239286,rumah123
Lebak Permai Dijual Gercep,800000000,108.0,108.0,2.0,2.0,1.0,1.0,Unfurnished,-7.28917,112.734,rumah123
Harga Murahh!! Dijual Rumah Hitung Tanah Lebo Agung,2200000000,450.0,430.0,8.0,5.0,1.0,1.0,Unfurnished,-7.23563,112.786163,rumah123
DIJUAL RUMAH KENJERAN INDAH dekat MERR,2900000000,153.0,240.0,4.0,3.0,2.0,2.0,Semi Furnished,-7.23563,112.786163,rumah123
Rumah Raya Pandegiling 13 Kamar Strategis,11000000000,482.0,482.0,13.0,,2.0,,Unfurnished,-7.27355,112.737457,rumah123
Rumah Pusat Kota Jalan Comal Keputran Tegalsari Surabaya,15000000000,388.0,300.0,,,1.0,,Unfurnished,-7.27355,112.73746,rumah123
Rumah Jl. Blambangan Lokasi Startegis Tengah Kota,9000000000,420.0,300.0,6.0,2.0,2.0,2.0,Unfurnished,-7.27355,112.73746,rumah123
"Dijual Rumah SHM Jalan Blambangan, Surabaya Pusat",11000000000,420.0,250.0,4.0,3.0,1.0,,Unfurnished,-7.27355,112.737457,rumah123
Dijual Rumah 2 Lantai di Jalan Ronggolawe Surabaya Pusat,22000000000,625.0,638.0,9.0,5.0,2.0,,Unfurnished,-7.27355,112.737457,rumah123
Jual Komersial Surabaya Kartini Darmo Diponegoro Dr Sutomo Kpr,23000000000,942.0,700.0,7.0,7.0,1.0,6.0,Unfurnished,-7.27355,112.737457,rumah123
Dijual 486 M2 Rumah Surabaya Pusat Di Jalan W R Supratman - Dr. Soetomo - Tegalsari - Hook - Shm Cocok Buat Segala Usaha,12000000000,486.0,165.0,3.0,2.0,1.0,2.0,Unfurnished,-7.27355,112.737457,rumah123
Rumah Mewah 2.5 Lt Di Pusat Kota Surabaya,17000000000,580.0,750.0,6.0,5.0,2.0,4.0,Furnished,-7.27355,112.737457,rumah123
"Dijual Rumah Tengah Kota di Jl. M.h Thamrin, Surabaya",13600000000,388.0,296.0,4.0,3.0,1.0,6.0,Unfurnished,-7.27355,112.73746,rumah123
Dijual Rumah Pusat Kota di Jl Blambangan Surabaya,11000000000,420.0,250.0,3.0,2.0,1.0,,Unfurnished,-7.27355,112.737457,rumah123
"Dijual Rumah Tengah Kota di Wr Supratman, Surabaya (VN)",15000000000,486.0,200.0,2.0,2.0,1.0,2.0,Furnished,-7.27355,112.73746,rumah123
Rumah Pusat Kota Surabaya di Jl Ir Anwari Dekat Kartini Dan Wr. Supratman,10000000000,353.0,450.0,4.0,3.0,2.0,2.0,Unfurnished,-7.27355,112.73746,rumah123
Dijual Cepat Rumah Mewah Jl Cempaka Surabaya Jawa Timur,35000000000,1080.0,1000.0,6.0,5.0,2.0,5.0,Unfurnished,-7.27355,112.73746,rumah123
Dijual Rumah di Jl Kedung Rukem Surabaya Pusat,1300000000,90.0,90.0,3.0,1.0,1.0,,Unfurnished,-7.27355,112.737457,rumah123
Rumah Jalan Comal Raya Darmo,15000000000,372.0,322.0,3.0,2.0,2.0,,Semi Furnished,,,rumah123
"RUMAH MEWAH IMAM BONJOL PUSAT KOTA SURABAYA LEBAR 15 METER ROW JALAN 5 MOBIL DENGAN 6KAMAR TIDUR DEKAT RAYA DARMO, DIPONEGORO, KARTINI",27999000000,730.0,730.0,6.0,5.0,2.0,2.0,Unfurnished,,,rumah123
Rumah Commercial Area untuk Usaha Pusat Kota,16000000000,708.0,708.0,20.0,3.0,2.0,,Unfurnished,,,rumah123
Rumah 3 LT di Tumapel Surabaya Pusat,4500000000,98.0,225.0,2.0,3.0,3.0,,Unfurnished,,,rumah123
Dijual Murah Banget Rumah di Jalan Imam Bonjol Surabaya,11000000000,418.0,716.0,4.0,4.0,2.0,2.0,Unfurnished,-7.27355,112.73746,rumah123
DIJUAL RUMAH HOOK LOKASI KENJERAN INDAH,1800000000,128.0,150.0,3.0,2.0,1.0,1.0,Unfurnished,-7.23563,112.786163,rumah123
"Rumah Minimalis Bagus Terawat, Bangunan baru 3 tahun, Lokasi Lebak Dekat ke Raya Kenjeran",2250000000,100.0,130.0,3.0,2.0,1.0,,Unfurnished,,,rumah123
Rumah Gading Pantai Kenjeran Model Scandinavian. Turun Harga.,1800000000,90.0,120.0,3.0,3.0,2.0,1.0,Unfurnished,-7.23563,112.78616,rumah123
Dijual Rumah Pantai Mentari Full Furnish 2 Lantai Siap Huni,3600000000,250.0,300.0,4.0,3.0,2.0,,Unfurnished,-7.23563,112.786163,rumah123
JUAL CEPAT RUMAH 2.5 LANTAI SIAP HUNI LOKASI PERUMAHAN PANTAI MENTARI SURABAYA,1350000000,72.0,72.0,2.0,1.0,3.0,,Unfurnished,,,rumah123
"Rumah Lebak Indah Regency dekat ke jalan Kenjeran, MERR, RS & Kampus C, Pakuwon City Mall, Galaxy Mall",1500000000,109.0,151.0,3.0,3.0,1.0,,Unfurnished,,,rumah123
Rumah Lebak Indah Surabaya Murah ( Vin.a153 ),3000000000,200.0,200.0,4.0,3.0,2.0,,Unfurnished,-7.23563,112.78616,rumah123
Dijual Rumah Pantai Mentari Terawat Siap Huni 2 Dekat Kenjeran,3750000000,250.0,222.0,6.0,4.0,2.0,1.0,Unfurnished,-7.23563,112.78616,rumah123
Dijual Rumah Karang Asem Terawat Dan Bagus,1250000000,100.0,100.0,6.0,4.0,2.0,1.0,Unfurnished,-7.23563,112.78616,rumah123
"Rumah Gading Indah Regency Dekat Mulyorejo, Kenjeran, Kapasan",1500000000,78.0,195.0,3.0,2.0,2.0,,Unfurnished,-7.23563,112.78616,rumah123
"Rumah Lebo Agung Daerah Kenjeran, Bangunan Ok Terawat",1500000000,165.0,165.0,3.0,1.0,1.0,,Unfurnished,-7.23563,112.78616,rumah123
Pantai Mentari dekat Kenjeran Babatan Pantai,2200000000,102.0,156.0,3.0,3.0,1.0,,Unfurnished,,,rumah123
Minimalis 2 lantai Pantai Mentari Kenjeran,2200000000,102.0,156.0,3.0,3.0,1.0,,Unfurnished,,,rumah123
Lebak Dekat Babatan Pantai Kenjeran Gading Pantai,1800000000,127.0,140.0,3.0,3.0,1.0,,Unfurnished,,,rumah123
"Grand Kenjeran, Type Capital Marjoria, 5Mnt Dari Galaxy Mall, Dkt Perbelanjaan",3687684280,142.0,187.0,4.0,3.0,2.0,,Unfurnished,-7.23563,112.78616,rumah123
"Rumah 2 Lantai Di Setro Timur Dekat Dengan Lebak Jaya, Lebak Indah, Lebak Indah Townhouse, Kenjeran , Pantai Mentari, Babatan Pantai, Grand Kenjeran Baru SHM - Sertifikat Hak Milik",1100000000,67.0,100.0,3.0,3.0,2.0,1.0,Unfurnished,-7.235630035400391,112.78616333007812,rumah123
"The Grand Kenjeran Type Sora, Harga Year End Sale, Stok Terbatas",2379019509,96.0,135.0,3.0,3.0,3.0,,Unfurnished,-7.23563,112.78616,rumah123
"Stok Terbatas, The Grand Kenjeran Type Kira, Promo Akhir Tahun",1987791294,80.0,111.0,3.0,2.0,2.0,,Unfurnished,-7.23563,112.78616,rumah123
Rumah Kenjeran Surabaya Timur Bawah 2M,1800000000,198.0,160.0,3.0,2.0,1.0,1.0,Unfurnished,-7.235204263890342,112.78551626983642,rumah123
Ric.a260 Jual Rumah Baru Gess Area Kenjeran Surat SHM Murahhh,2200000000,102.0,156.0,3.0,3.0,2.0,2.0,Unfurnished,-7.23563,112.78616,rumah123
RUMAH HOOK PUSAT KOTA WR SUPRATMAN 24X20 METER HADAP UTARA TIMUR SHM,16500000000,486.0,320.0,2.0,2.0,1.0,3.0,Unfurnished,,,rumah123
"Rumah Pusat Kota di DR.Soetomo, Lokasi Strategis, Nol Jalan, Layak Huni. - D/Y -",50000000000,830.0,320.0,4.0,4.0,,2.0,Unfurnished,,,rumah123
Rumah Komersial Dinoyo Surabaya Lokasi Strategis & Potensial,62500000000,2500.0,800.0,8.0,4.0,1.0,,Unfurnished,-7.28029,112.74421,rumah123
Rumah Jl. Kedungsari Harga Murah bisa Nego Lagi,27500000000,375.0,375.0,3.0,3.0,1.0,,Unfurnished,-7.27355,112.73746,rumah123
Dijual Rumah Lama Bangunan Kuno di Tegalsari Surabaya,13000000000,470.0,280.0,1.0,1.0,1.0,2.0,Unfurnished,-7.27355,112.73746,rumah123
Rumah Pusat Kota Cocok untuk Usaha atau Tempat Tinggal,22000000000,530.0,358.0,7.0,3.0,1.0,,Unfurnished,,,rumah123
Dijual Rumah Kapuas Tegalsari Surabaya Ron.a2017,17000000000,399.0,489.0,3.0,3.0,2.0,4.0,Furnished,-7.27355,112.737457,rumah123
Dijual Rumah Lama Murah di Jl Blambangan Surabaya Pusat,9000000000,420.0,300.0,5.0,2.0,1.0,,Unfurnished,-7.27355,112.737457,rumah123
Dijual Rumah Tempel Sukorejo Tegalsari Surabaya,1400000000,160.0,160.0,5.0,2.0,1.0,,Unfurnished,-7.27205852234286,112.72904598251417,rumah123
"Dijual Rumah Ditengah Kota,Komersial Area,Deket Bintaro,Raya Darmo,Diponegoro",35000000000,513.0,400.0,5.0,3.0,2.0,2.0,Unfurnished,-7.27355,112.737457,rumah123
Rumah Grudo Surabaya Pusat Siap Huni Habis Renov,600000000,72.0,72.0,3.0,1.0,1.0,,Unfurnished,-7.27355,112.737457,rumah123
Murah Jarang Ada Rumah Vintage Trunojoyo,7500000000,260.0,220.0,3.0,2.0,1.0,1.0,Unfurnished,-7.27355,112.737457,rumah123
Perumahan Wonorejo Surabaya Timur,825000000,78.0,78.0,3.0,2.0,2.0,1.0,Unfurnished,-7.27355,112.737457,rumah123
Jarang Ada Harga Hitung Tanah Rumah Kartini Surabaya Pusat,16990000000,660.0,300.0,4.0,2.0,1.0,1.0,Unfurnished,-7.27355,112.737457,rumah123
"Rumah, 1 Lantai, SHM,",11000000000,556.0,480.0,4.0,2.0,1.0,1.0,Unfurnished,-7.28917,112.734,rumah123
Dijual Rumah Hook di Jalan Cokroaminoto Surabaya Pusat,16500000000,580.0,750.0,6.0,8.0,2.0,,Unfurnished,-7.27355,112.737457,rumah123
"Dijual 1032 Rumah Surabaya Pusat Kota - Jl. Comal - Keputran - Tegalsari Dekat Raya Darmo, Jl. Dinoyo, Jl.kapuas - Surat HGB",25400000000,1032.0,801.0,4.0,4.0,1.0,8.0,Unfurnished,-7.27355,112.737457,rumah123
Dijual 1323 M2 Rumah Jalan Trunojoyo - Kec. Tegalsari - Surabaya Pusat Kota - Cocok Buat Segala Usaha,31910000000,1323.0,300.0,4.0,4.0,1.0,4.0,Unfurnished,-7.27355,112.737457,rumah123
Butuh Cepat Rumah Tengah Kota Surabaya Harga Damai,14900000000,494.0,494.0,4.0,4.0,2.0,2.0,Unfurnished,-7.27355,112.737457,rumah123
Dijual Rumah Lama Murah di Jl Blambangan Surabaya Pusat,9000000000,420.0,300.0,5.0,2.0,1.0,,Unfurnished,-7.27355,112.737457,rumah123
Ric.a259 Jual Rumah Baru Gress Area Kenjeran Surat SHM Murahh,2200000000,102.0,156.0,3.0,3.0,2.0,2.0,Unfurnished,-7.23563,112.78616,rumah123
"turun harga Gading pantai dekat kenjeran new gress, dekat kapasan, kapasari, kalijudan, pakuwon city, grand island, mulyorejo, sby utara",1800000000,90.0,120.0,3.0,3.0,,,Unfurnished,,,rumah123
Pakuwon City Villa Royal Rumah Mewah Minimalis 8.5m Nego Bagus,8500000000,375.0,900.0,5.0,6.0,3.0,2.0,Semi Furnished,-7.23563,112.78616,rumah123
"Dijual Rumah Baru Mewah di Pantai Mentari, Surabaya Timur",3800000000,153.0,280.0,4.0,4.0,2.0,2.0,Unfurnished,-7.23563,112.78616,rumah123
Rumah Babatan Pantai Kenjeran Lantai Granit Bisa Nego Ciamik,3600000000,280.0,297.0,5.0,3.0,1.0,,Unfurnished,-7.23563,112.78616,rumah123
RUMAH TERAWAT 2LANTAI LEBAK REJO UTARA DEKAT KENJERAN SURAMADU,1550000000,120.0,150.0,3.0,3.0,,,Unfurnished,,,rumah123
"Jual sewa Rumah Pantai Mentari, Surabaya",975000000,72.0,60.0,2.0,1.0,1.0,,Unfurnished,-7.23563,112.78616,rumah123
Rumah 2lt Minimalis Baru Gress Lebak Rejo dekat Raya Kenjeran,1100000000,83.0,120.0,3.0,3.0,,,Unfurnished,,,rumah123
Pantai mentari row jalan kembar murah baru renov,2150000000,134.0,213.0,3.0,3.0,,,Unfurnished,,,rumah123
RUMAH PANTAI MENTARI 8X17METER 2LANTAI DENGAN 3 KAMAR TIDUR,2300000000,136.0,146.0,3.0,2.0,2.0,,Unfurnished,,,rumah123
Rumah Setro Surabaya Murah (VIN.A213),1300000000,140.0,140.0,5.0,1.0,1.0,1.0,Unfurnished,-7.23563,112.78616,rumah123
"RUMAH TERAWAT PANTAI MENTARI CLUSTER OCEAN PARK 1,5 LANTAI DEKAT KE KENJERAN PAKUWON CITY",2300000000,170.0,170.0,3.0,2.0,,,Unfurnished,,,rumah123
Rumah Setro Baru Surabaya Murah (VIN.A191),850000000,60.0,120.0,3.0,2.0,2.0,1.0,Unfurnished,-7.23563,112.78616,rumah123
RUMAH CANTIK 1 M AN 2 LANTAI DUKUH SETRO NEW GRESS DEKAT KENJERAN LEBAK,1400000000,94.0,150.0,3.0,3.0,,,Unfurnished,,,rumah123
RUMAH DI LEBAK ARUM KENJERAN SURABAYA,2300000000,188.0,176.0,6.0,2.0,,,Unfurnished,,,rumah123
rumah mediteran siap huni pantai mentari dekat kenjeran 3.3m nego,3300000000,250.0,300.0,4.0,3.0,,,Furnished,-7.234832000000001,112.785081,rumah123
"Pantai Mentari Dekat Pakuwon, Galaxy Mall, Grand Kenjeran",2950000000,250.0,300.0,5.0,4.0,2.0,1.0,Semi Furnished,,,rumah123
"Jual Rumah Second Terawat 2 Lantai di Area Lebak, Surabaya",1400000000,144.0,255.0,5.0,2.0,2.0,1.0,Unfurnished,-7.23563,112.786163,rumah123
Rumah Bagus The Grand Kenjeran Pinewood Blok B Surabaya,3800000000,108.0,214.0,4.0,4.0,3.0,2.0,Semi Furnished,-7.23563,112.786163,rumah123
Dijual Rumah 2Lt Minimalis di Lebakrejo Kenjeran Surabaya,1400000000,100.0,165.0,3.0,2.0,2.0,1.0,Unfurnished,-7.23563,112.786163,rumah123
Rumah Baru Renovasi Lebak Indah Mas Surabaya Timur!!,2400000000,160.0,228.0,4.0,4.0,2.0,,Unfurnished,-7.23563,112.78616,rumah123
Lebak Permai Dijual Gercep,800000000,108.0,108.0,2.0,2.0,1.0,1.0,Unfurnished,-7.28917,112.734,rumah123
Rumah 2 Lantai Mbulak Kentinjang Surabaya Utara . Ciamik Pool,600000000,32.0,64.0,2.0,2.0,2.0,1.0,Unfurnished,-7.23563,112.786163,rumah123
Baru ‼️Pantai Mentari Surabaya Timur Dekat Kenjeran Merr Pakuwon City,1850000000,90.0,135.0,4.0,1.0,2.0,,Unfurnished,,,rumah123
Rumah di Surabaya Hanya 265 Juta,265000000,24.0,24.0,1.0,1.0,1.0,1.0,Unfurnished,-7.23563,112.786163,rumah123
Babatan Pantai Dkt Grand Kenjeran Sutorejo Mulyosari,2550000000,146.0,280.0,5.0,5.0,3.0,2.0,Unfurnished,-7.23563,112.786163,rumah123
*pantai Mentari Bagus Dan Terawat Semi Furnished 2 Lt*,1950000000,102.0,114.0,4.0,3.0,2.0,1.0,Semi Furnished,-7.23563,112.78616,rumah123
Babatan Pantai Dkt Sutorejo Mulyosari,2550000000,116.0,150.0,5.0,4.0,2.0,2.0,Unfurnished,-7.23563,112.786163,rumah123
Babatan Pantai Dkt Grand Kenjeran Pakuwon City,3390000000,165.0,200.0,5.0,4.0,2.0,2.0,Unfurnished,-7.23563,112.786163,rumah123
Babatan Pantai Dkt Pakuwon City Mulyosari Sutorejo,2750000000,150.0,210.0,5.0,5.0,2.0,2.0,Unfurnished,-7.28917,112.734,rumah123
Jual Rumah Mewah 2 Lantai Lok Strategis Dekat Galaxy Mall,890000000,51.0,55.0,3.0,2.0,2.0,1.0,Unfurnished,-7.23563,112.786163,rumah123
Rumah Lebak Jaya Kenjeran Surabaya,2300000000,216.0,200.0,4.0,3.0,1.0,2.0,Unfurnished,-7.23563,112.786163,rumah123
Rumah Gading Indah Regency Surabaya,1300000000,125.0,250.0,3.0,2.0,2.0,1.0,Unfurnished,-7.23563,112.786163,rumah123
"Rumah 2 Lantai Pantai Mentari, Surabaya Timur. Dekat Raya Kenjeran - Babatan Pantai - Sutorejo - Mulyosari - Pakuwon City - Merr - Grand Kenjeran, Dll.",1400000000,119.0,125.0,2.0,1.0,1.0,1.0,Unfurnished,-7.23563,112.786163,rumah123
Gading Pantai Kenjeran Surabaya Rumah New Scandinavian Nego,1800000000,90.0,120.0,4.0,3.0,2.0,2.0,Unfurnished,-7.23563,112.78616,rumah123
Murah Pantai Mentari 2Lt Lebar 9 Kmr Banyak,1450000000,143.0,200.0,5.0,3.0,2.0,,Unfurnished,-7.23563,112.786163,rumah123
Rumah American Classic Babatan Pantai SHM 2 LT,2550000000,115.0,150.0,4.0,3.0,2.0,2.0,Unfurnished,-7.23563,112.786163,rumah123
Dijual Rumah Pantai Mentari Surabaya,1850000000,90.0,135.0,4.0,3.0,2.0,2.0,Unfurnished,-7.23563,112.786163,rumah123
Rumah Lebak Surabaya Murah Sam.ya6033,1300000000,170.0,170.0,3.0,1.0,1.0,,Unfurnished,-7.23563,112.786163,rumah123
Rumah Lebak Jaya Surabaya Murah Sam.ya6033,2300000000,216.0,200.0,4.0,2.0,1.0,2.0,Unfurnished,-7.23563,112.786163,rumah123
Dijual Rumah di Pantai Mentari Cluster Havens Kenjeran Surabaya,1500000000,108.0,150.0,4.0,3.0,2.0,1.0,Unfurnished,-7.23563,112.786163,rumah123
Dijual Rumah 2 Lantai di Jl Setro Baru Surabaya,750000000,80.0,161.0,4.0,3.0,1.0,1.0,Unfurnished,-7.23563,112.786163,rumah123
Greenville Babatan Kenjeran,2700000000,153.0,166.0,5.0,4.0,2.0,2.0,Unfurnished,-7.23563,112.786163,rumah123
Rumah di Lebak Arum Surabaya Kondisi Terawat Siap Huni,1800000000,243.0,243.0,5.0,5.0,1.0,1.0,Unfurnished,-7.2506540781213715,112.77887112752916,rumah123
Rumah Karang Empat Surabaya Murah Sam.ya6033,1550000000,216.0,200.0,4.0,2.0,1.0,,Unfurnished,-7.23563,112.786163,rumah123
Rumah Pantai Mentari Surabaya Murah Sam.ya6033,1400000000,120.0,90.0,3.0,2.0,1.0,,Unfurnished,-7.23563,112.786163,rumah123
Rumah Ploso Surabaya Murah Sam.ya6033,2100000000,285.0,285.0,4.0,2.0,1.0,,Unfurnished,-7.23563,112.786163,rumah123
Rumah Kapas Madya Regency One Surabaya Murah Sam.ya6033,700000000,50.0,100.0,3.0,2.0,2.0,,Unfurnished,-7.23563,112.786163,rumah123
Di Bawah Pasar ! Pantai Mentari Hook 2 Lantai Baru Selesai Renovasi,1450000000,143.0,200.0,5.0,3.0,1.0,,Unfurnished,-7.23563,112.786163,rumah123
Rumah Setro Surabaya Murah Sam.ya6033,750000000,88.0,176.0,4.0,3.0,2.0,,Unfurnished,-7.23563,112.786163,rumah123
Rumah Semi Furnish Interior Siap Huni Pantai Mentari Dalam Cluste,1400000000,119.0,125.0,2.0,1.0,1.0,1.0,Semi Furnished,-7.23563,112.786163,rumah123
"Rumah, Pantai Mentari, Surabaya Timur, Dekat Galaxy Mall, Kampus Its, Unair",1500000000,108.0,150.0,3.0,2.0,2.0,1.0,Unfurnished,-7.23563,112.786163,rumah123
Jual Rumah 3 Lantai Pantai Mentari Surabaya Harga Dibawah Pasar,1350000000,102.0,180.0,8.0,4.0,3.0,1.0,Unfurnished,-7.28917,112.734,rumah123
"Jual Rumah di Surabaya Timur Paling Murah Dikelasnya Pantai Mentari Dekat dengan Shanghai Park, Pakuwoncity",1650000000,119.0,125.0,3.0,2.0,1.0,1.0,Semi Furnished,-7.28917,112.734,rumah123
"Termurah Ocean Park Pantai Mentari Minimalis, Bagus ,Terawat di Surabaya",1850000000,153.0,100.0,3.0,2.0,1.0,1.0,Unfurnished,-7.23563,112.78616,rumah123
Rumah Baru Gress Minimalis Babatan Pantai,2850000000,150.0,210.0,4.0,4.0,2.0,2.0,Unfurnished,-7.23563,112.786163,rumah123
Brand New House 2 Lantai Scandinavian Style,3900000000,165.0,200.0,4.0,3.0,2.0,2.0,Unfurnished,-7.23563,112.786163,rumah123
Dijual Rumah Baru American Clasic di Babatan Pantai Utara Surabaya,2550000000,116.0,150.0,4.0,3.0,2.0,2.0,Unfurnished,-7.23563,112.786163,rumah123
Pantai Mentari Tipe Arden (5x10),1100000000,50.0,55.0,2.0,1.0,2.0,1.0,Unfurnished,-7.23415,112.7986,broker_pantai_mentari
Pantai Mentari Tipe Arden A (5x12),1400000000,60.0,68.0,3.0,2.0,2.0,1.0,Unfurnished,-7.23415,112.7986,broker_pantai_mentari
Pantai Mentari Tipe Arden B (7x10),1700000000,70.0,82.0,4.0,3.0,2.0,1.0,Unfurnished,-7.23415,112.7986,broker_pantai_mentari
Pantai Mentari Tipe Ashdale (5x12),1500000000,60.0,82.0,4.0,3.0,2.0,1.0,Unfurnished,-7.23415,112.7986,broker_pantai_mentari
Pantai Mentari Tipe Ashdale A (5x13),1600000000,65.0,82.0,4.0,3.0,2.0,1.0,Unfurnished,-7.23415,112.7986,broker_pantai_mentari
Pantai Mentari Tipe Ashdale B (5x18),2000000000,90.0,93.0,4.0,3.0,2.0,2.0,Unfurnished,-7.23415,112.7986,broker_pantai_mentari
Pantai Mentari Tipe Ashdale C (7x12),2100000000,84.0,106.0,4.0,3.0,2.0,2.0,Unfurnished,-7.23415,112.7986,broker_pantai_mentari
Pantai Mentari Tipe Abbington (6x15),2300000000,90.0,123.0,5.0,3.0,2.0,2.0,Unfurnished,-7.23415,112.7986,broker_pantai_mentari
Pantai Mentari Tipe Abbington A Sudut (Hook),3000000000,145.0,128.0,5.0,3.0,2.0,2.0,Unfurnished,-7.23415,112.7986,broker_pantai_mentari
Grand Alana Wonorejo Tipe Mezzanine 28/27,429000000,27.0,28.0,1.0,1.0,2.0,1.0,Unfurnished,-7.3156,112.8021,broker_grand_alana
Grand Alana Wonorejo Tipe Mezzanine 31/27,429000000,27.0,31.0,2.0,1.0,2.0,1.0,Unfurnished,-7.3156,112.8021,broker_grand_alana
Grand Alana Wonorejo Tipe 30/50 1 Lantai,628000000,50.0,30.0,2.0,1.0,1.0,1.0,Unfurnished,-7.3156,112.8021,broker_grand_alana
Grand Alana Wonorejo Tipe 48/50 2 Lantai,728000000,50.0,48.0,2.0,2.0,2.0,1.0,Unfurnished,-7.3156,112.8021,broker_grand_alana
Grand Alana Wonorejo Tipe 66/60 (5x12),895000000,60.0,66.0,3.0,2.0,2.0,1.0,Unfurnished,-7.3156,112.8021,broker_grand_alana
Grand Alana Wonorejo Tipe 66/60 (6x10),895000000,60.0,66.0,3.0,2.0,2.0,1.0,Unfurnished,-7.3156,112.8021,broker_grand_alana
Park Sunrise Tahap 3 Tipe 5x7 (51/35),741822000,35.0,51.0,2.0,2.0,2.0,1.0,Unfurnished,-7.318,112.805,broker_park_sunrise
Park Sunrise Tahap 3 Tipe 5x10 (63/50),923214000,50.0,63.0,3.0,2.0,2.0,1.0,Unfurnished,-7.318,112.805,broker_park_sunrise
Park Sunrise Tahap 3 Tipe 5x12 (73/60),1093771000,60.0,73.0,3.0,2.0,2.0,1.0,Unfurnished,-7.318,112.805,broker_park_sunrise
Park Sunrise Tahap 3 Tipe 6x10 (77/60),1115441000,60.0,77.0,3.0,2.0,2.0,1.0,Unfurnished,-7.318,112.805,broker_park_sunrise
Park Sunrise Tahap 3 Tipe 6x12 (96/72),1358033000,72.0,96.0,3.0,2.0,2.0,2.0,Unfurnished,-7.318,112.805,broker_park_sunrise
Park Sunrise Tahap 3 Tipe 7x12 Boulevard (119/84),1426908000,84.0,119.0,3.0,2.0,2.0,2.0,Unfurnished,-7.318,112.805,broker_park_sunrise
Grand Eastern Sukolilo Tipe 5x10 (65/50),1080000000,50.0,65.0,2.0,2.0,2.0,1.0,Unfurnished,-7.2912,112.8054,broker_grand_eastern
Grand Eastern Sukolilo Tipe 5x12 (75/60),1250000000,60.0,75.0,3.0,2.0,2.0,1.0,Unfurnished,-7.2912,112.8054,broker_grand_eastern
Grand Eastern Sukolilo Tipe 6x12 Attic (92/72),1550000000,72.0,92.0,3.0,2.0,2.0,2.0,Unfurnished,-7.2912,112.8054,broker_grand_eastern
Grand Eastern Sukolilo Tipe 7x12 (110/84),1890000000,84.0,110.0,4.0,3.0,2.0,2.0,Unfurnished,-7.2912,112.8054,broker_grand_eastern
Royal Residence Phase 2 Tipe Oakwood (60/72),1450000000,72.0,60.0,2.0,2.0,2.0,1.0,Unfurnished,-7.315,112.685,broker_royal_residence
Royal Residence Phase 2 Tipe Greenwich (120/105),2450000000,105.0,120.0,3.0,3.0,2.0,2.0,Unfurnished,-7.315,112.685,broker_royal_residence
Royal Residence Phase 2 Tipe Hampton (145/120),2950000000,120.0,145.0,4.0,3.0,2.0,2.0,Unfurnished,-7.315,112.685,broker_royal_residence
Royal Residence Phase 2 Tipe Buckingham (190/162),3850000000,162.0,190.0,4.0,4.0,2.0,2.0,Unfurnished,-7.315,112.685,broker_royal_residence
Royal Residence Phase 2 Tipe Jadine Grand (250/200),4950000000,200.0,250.0,5.0,5.0,2.0,2.0,Unfurnished,-7.315,112.685,broker_royal_residence
