judul_listing,harga,luas_tanah,luas_bangunan,kamar_tidur,kamar_mandi,lantai,carport,furnished,keamanan,taman,alamat_teks,latitude,longitude,url_listing,sumber_data
Jual Rumah Citraland Buona Vista 2 Lantai Siap Huni Bagus One Gate System,3600000000,150.0,193.0,4,3,2,2,Semi Furnished,1,1,"Citraland, Surabaya",-7.309354,112.656548,https://www.rumah123.com/properti/surabaya-citraland/jual-rumah-citraland-2-lantai-siap-huni-bagus-one-gate-system-hos41847397/,rumah123
Dijual Rumah 2 Lantai Modern Minimalis Bukit Palma Citraland,2000000000,120.0,170.0,4,4,2,1,Unfurnished,1,1,"Citraland, Surabaya",-7.25496941633574,112.62656209285616,https://www.rumah123.com/properti/surabaya-citraland/dijual-rumah-2-lantai-modern-minimalis-bukit-palma-citraland-hos40883763/,rumah123
Dijual Rumah Mewah Wisata Bukit Mas Strategis 5 KT,3200000000,112.0,128.0,5,3,2,2,,0,0,"Citraland, Surabaya",-7.309354,112.656548,https://www.rumah123.com/properti/surabaya-citraland/dijual-rumah-mewah-wisata-bukit-mas-strategis-5-kt-hos41712413/,rumah123
Dijual Rumah Siap Huni di Taman Puspa Raya Citraland Surabaya,2900000000,128.0,200.0,4,3,2,1,Semi Furnished,1,1,"Citraland, Surabaya",-7.2767258,112.6456814,https://www.rumah123.com/properti/surabaya-citraland/dijual-rumah-siap-huni-di-taman-puspa-raya-citraland-surabaya-hos40347489/,rumah123
Dijual Rumah 2 Lantai Citraland Nortwest Lake Cluster Depan,975000000,70.0,70.0,2,2,2,1,Unfurnished,1,1,"Citraland, Surabaya",-7.309354,112.656548,https://www.rumah123.com/properti/surabaya-citraland/dijual-rumah-2-lantai-citraland-nortwest-lake-cluster-depan-hos42045828/,rumah123
Dijual Harga Promo Rumah 2 Lantai Gress Raya Boulevard Citraland,2700000000,126.0,190.0,3,3,2,2,Unfurnished,1,1,"Citraland, Surabaya",-7.2889105,112.64498,https://www.rumah123.com/properti/surabaya-citraland/dijual-harga-promo-rumah-2-lantai-gress-raya-boulevard-citraland-hos19354923/,rumah123
Di Jual Rumah Minimalis Cluster Cristal Golf Citraland Surabaya,8600000000,280.0,475.0,3,3,2,1,Furnished,1,1,"Citraland, Surabaya",-7.309354,112.656548,https://www.rumah123.com/properti/surabaya-citraland/di-jual-rumah-minimalis-cluster-cristal-golf-citraland-surabaya-hos42249262/,rumah123
Dijual Rumah Mewah Raya Golf Citraland Surabaya,27500000000,1117.0,900.0,6,4,2,1,Unfurnished,1,0,"Citraland, Surabaya",-7.309354,112.656548,https://www.rumah123.com/properti/surabaya-citraland/dijual-rumah-mewah-raya-golf-citraland-surabaya-hos42060277/,rumah123
Dijual Rumah Mewah Bgi Citraland Surabaya,9250000000,300.0,500.0,5,6,2,2,Unfurnished,1,0,"Citraland, Surabaya",-7.309354,112.656548,https://www.rumah123.com/properti/surabaya-citraland/dijual-rumah-mewah-bgi-citraland-surabaya-hos42060476/,rumah123
Rumah Mewah Rasa Villa di Bukit Golf Mediterania Citraland Utama,9480000000,300.0,600.0,5,5,3,2,Unfurnished,1,1,"Citraland, Surabaya",-7.309354,112.656548,https://www.rumah123.com/properti/surabaya-citraland/rumah-mewah-rasa-villa-di-bukit-golf-mediterania-citraland-utama-hos39566506/,rumah123
Rumah Citraland Minamilis Dekat Graha Family Pakuwon Indah Wiyung,9200000000,300.0,500.0,5,4,3,2,Unfurnished,0,0,"Citraland, Surabaya",-7.309354,112.656548,https://www.rumah123.com/properti/surabaya-citraland/rumah-citraland-minamilis-dekat-graha-family-pakuwon-indah-wiyung-hos42099034/,rumah123
Dijual Rumah Baru Wisata Bukit Mas 2 Lantai,2910000000,96.0,122.0,5,3,2,2,,0,0,"Wiyung, Surabaya",-7.31097,112.698067,https://www.rumah123.com/properti/surabaya-wiyung/dijual-rumah-baru-wisata-bukit-mas-2-lantai-hos41713126/,rumah123
Rumah Mewah Surabaya Barat di Wisata Bukit Mas LT 96 LB 122 Full Strategis,2910000000,96.0,122.0,5,3,2,2,,0,0,"Wisata Bukit Mas, Surabaya",-7.308962,112.667053,https://www.rumah123.com/properti/surabaya-wisata-bukit-mas/rumah-mewah-surabaya-barat-di-wisata-bukit-mas-lt-96-lb-122-full-strategis-hos41713265/,rumah123
For Sale Luxury House In Wisata Bukit Mas 2 Floor 5 BR,3200000000,105.0,123.0,5,3,2,2,Unfurnished,0,0,"Wisata Bukit Mas, Surabaya",-7.308962,112.667053,https://www.rumah123.com/properti/surabaya-wisata-bukit-mas/for-sale-luxury-house-in-wisata-bukit-mas-2-floor-5-br-hos41712495/,rumah123
Dijual Rumah Elite Strategis Dekat Universitas Negeri Surabaya,3200000000,112.0,128.0,5,3,2,2,,0,0,"Surabaya Kota, Surabaya",-7.2771,112.717407,https://www.rumah123.com/properti/surabaya-surabaya-kota/dijual-rumah-elite-strategis-dekat-universitas-negeri-surabaya-hos41713030/,rumah123
Dijual Rumah 2 Lantai Wisata Bukit Mas Dekat Unesa dan National Hospital,2910000000,96.0,122.0,5,3,2,2,,0,0,"Citraland, Surabaya",-7.309354,112.656548,https://www.rumah123.com/properti/surabaya-citraland/dijual-rumah-2-lantai-wisata-bukit-mas-dekat-unesa-dan-national-hospital-hos41713220/,rumah123
Dijual Rumah Cantik Citraland New Minimalis 2 Lantai Woodland Surabaya,4300000000,153.0,240.0,5,4,2,1,Unfurnished,1,1,"Citraland, Surabaya",-7.309354,112.656548,https://www.rumah123.com/properti/surabaya-citraland/dijual-rumah-cantik-citraland-new-minimalis-2-lantai-woodland-wl-20-surabaya-hos42361245/,rumah123
Rumah Premium 2 Lantai Siap Huni Dekat Bandara Juanda,1830000000,130.0,112.0,4,3,2,2,,0,0,"Rungkut, Surabaya",-7.377194,112.707117,https://www.rumah123.com/properti/surabaya-rungkut/hunian-2-lantai-premium-modern-mewah-siap-huni-hos42068211/,rumah123
"Dijual Rumah Mewah Graha Family Surabaya Golf View, Lengkap dengan Pool",43500000000,900.0,850.0,5,5,2,2,Semi Furnished,1,1,"Citraland, Surabaya",-7.309354,112.656548,https://www.rumah123.com/properti/surabaya-citraland/dijual-rumah-mewah-graha-family-surabaya-golf-view-lengkap-dengan-pool-hos42348129/,rumah123
Rumah Murah Citraland Northwest Dekat Graha Famili Universitas Ciputra Surabaya Barat,900000000,50.0,45.0,2,2,1,1,Unfurnished,1,1,"Citraland, Surabaya",-7.309354,112.656548,https://www.rumah123.com/properti/surabaya-citraland/rumah-murah-citraland-northwest-dekat-graha-famili-universitas-ciputra-surabaya-barat-hos42332139/,rumah123
Rumah Mewah Murah Komersial Raya Citraland Gwalk Dkt Pakuwon,9500000000,330.0,550.0,4,3,3,2,Semi Furnished,0,1,"Citraland, Surabaya",-7.3095071760373,112.65693144247689,https://www.rumah123.com/properti/surabaya-citraland/rumah-mewah-murah-jalan-raya-citraland-gwalk-dkt-pakuwon-graha-hos40840309/,rumah123
Termurah Rumah Minimalis Gress 2.5 LT Lux Citraland Gwalk Dekat Pakuwon,9250000000,300.0,500.0,5,6,2,2,Unfurnished,0,1,"Citraland, Surabaya",-7.284093,112.656721,https://www.rumah123.com/properti/surabaya-citraland/termurah-rumah-minimalis-gress-25-lt-lux-citraland-gwalk-dekat-pakuwon-hos41989447/,rumah123
Rumah Komersial Murah Minimalis Lux Raya Telaga Utama Citraland,11000000000,480.0,300.0,4,4,2,2,Unfurnished,0,1,"Citraland, Surabaya",-7.2912839897673365,112.64785703250027,https://www.rumah123.com/properti/surabaya-citraland/termurah-rumah-komersial-minimalis-mewah-hitung-tanah-citraland-kembar-raya-telaga-hos41930010/,rumah123
Rumah Baru American Style Citraland Siap Huni,4650000000,162.0,251.0,5,4,3,2,,0,0,"Citraland, Surabaya",-7.309354,112.656548,https://www.rumah123.com/properti/surabaya-citraland/rumah-baru-american-style-citraland-siap-huni-hos42361881/,rumah123
Jual Rugi Rumah Oakwood Citraland Adem Hadap Selatan + Bonus,2890000000,120.0,143.0,3,3,2,1,Unfurnished,1,0,"Citraland, Surabaya",-7.3093542,112.6565456,https://www.rumah123.com/properti/surabaya-citraland/jual-rugi-rumah-oakwood-citraland-adem-hadap-selatan-bonus-hos41966509/,rumah123
Rumah Baru Gress di Alam Hijau Citraland Dekat Pusat Kuliner,6850000000,210.0,405.0,4,4,3,2,Unfurnished,0,0,"Citraland, Surabaya",-7.3093542,112.6565456,https://www.rumah123.com/properti/surabaya-citraland/rumah-baru-gress-di-alam-hijau-citraland-dekat-pusat-kuliner-hos41979299/,rumah123
2 Lantai Minimalis Rumah Greenlake Citraland - Nego Aja,2200000000,120.0,139.0,4,3,2,1,Unfurnished,1,0,"Citraland, Surabaya",-7.3093542,112.6565456,https://www.rumah123.com/properti/surabaya-citraland/2-lantai-minimalis-rumah-greenlake-citraland-nego-aja-hos42176520/,rumah123
Rumah Citraland Utama American Modern Style - Semi Furnish,4900000000,162.0,251.0,5,4,2,2,Semi Furnished,1,0,"Citraland, Surabaya",-7.3093542,112.6565456,https://www.rumah123.com/properti/surabaya-citraland/rumah-citraland-utama-american-modern-style-semi-furnish-hos41931311/,rumah123
Rumah Somerset Citraland Baru Gress Mewah Konsep Villa,9950000000,300.0,600.0,5,5,3,2,Unfurnished,1,0,"Citraland, Surabaya",-7.3093542,112.6565456,https://www.rumah123.com/properti/surabaya-citraland/rumah-somerset-citraland-baru-gress-mewah-konsep-villa-hos41931270/,rumah123
Rumah Wisata Bukit Mas Minimalis Harga bisa Nego Tipis,2700000000,180.0,180.0,3,2,2,1,Unfurnished,1,0,"Wiyung, Surabaya",-7.31097,112.69807,https://www.rumah123.com/properti/surabaya-wiyung/rumah-wisata-bukit-mas-minimalis-harga-bisa-nego-tipis-hos41668912/,rumah123
"Rumah Alam Hijau Citraland Dekat Pasar Modern, Radial Road, Pusat Kuliner",3200000000,120.0,195.0,4,4,2,1,Unfurnished,1,0,"Citraland, Surabaya",-7.3093542,112.6565456,https://www.rumah123.com/properti/surabaya-citraland/rumah-alam-hijau-citraland-dekat-pasar-modern-radial-road-pusat-kuliner-hos41866836/,rumah123
Rumah Queenstown Citraland Baru Gress Selangkah ke Pusat Kuliner Citraland,6650000000,180.0,420.0,4,5,3,2,Unfurnished,1,0,"Citraland, Surabaya",-7.3093542,112.6565456,https://www.rumah123.com/properti/surabaya-citraland/rumah-queenstown-citraland-baru-gress-selangkah-ke-pusat-kuliner-citraland-hos41471499/,rumah123
Rumah Citraland Alam Hijau Gress American Style Semi Furnish,3300000000,120.0,137.0,5,3,2,1,Unfurnished,1,0,"Citraland, Surabaya",-7.3093542,112.6565456,https://www.rumah123.com/properti/surabaya-citraland/rumah-citraland-alam-hijau-gress-american-style-semi-furnish-hos41582392/,rumah123
"Rumah Bukit Golf International Citraland 2,5 Lantai Split Level",9250000000,300.0,500.0,5,6,2,2,Unfurnished,1,0,"Citraland, Surabaya",-7.3093542,112.6565456,https://www.rumah123.com/properti/surabaya-citraland/rumah-bukit-golf-international-citraland-25-lantai-split-level-hos42110224/,rumah123
Rumah Royal Residence Luar Cluster - Turun Harga,5000000000,240.0,300.0,4,3,2,2,Unfurnished,1,0,"Wiyung, Surabaya",-7.31097,112.69807,https://www.rumah123.com/properti/surabaya-wiyung/rumah-royal-residence-american-style-luar-cluster-hos40902702/,rumah123
Rumah Fullerton Citraland Full Furnish With Swimming Pool,7990000000,210.0,400.0,4,5,3,1,Unfurnished,1,0,"Citraland, Surabaya",-7.3093542,112.6565456,https://www.rumah123.com/properti/surabaya-citraland/rumah-fullerton-citraland-full-furnish-with-swimming-pool-hos41668933/,rumah123
Rumah Darmo Sentosa Raya Baru Renov Turun Harga Nego Sampe Deal,2590000000,199.0,210.0,3,2,1,1,Unfurnished,1,0,"Wiyung, Surabaya",-7.31097,112.69807,https://www.rumah123.com/properti/surabaya-wiyung/rumah-darmo-sentosa-raya-baru-renov-turun-harga-nego-sampe-deal-hos40101129/,rumah123
Murah Jual Rugi Rumah Buona Vista Citraland,3250000000,144.0,150.0,3,4,2,1,Unfurnished,1,0,"Citraland, Surabaya",-7.3093542,112.6565456,https://www.rumah123.com/properti/surabaya-citraland/murah-jual-rugi-rumah-buona-vista-citraland-hos42328838/,rumah123
Mewah Rumah Araya New Classic Modern Surabaya,5100000000,186.0,350.0,4,4,2,1,Unfurnished,1,0,"Sukolilo, Surabaya",-7.28813,112.8029,https://www.rumah123.com/properti/surabaya-sukolilo/mewah-rumah-araya-new-classic-modern-surabaya-hos42222678/,rumah123
Full Furnish Rumah International Village Row Jalan 4 Mobil,3700000000,210.0,300.0,3,3,2,1,Unfurnished,1,0,"Citraland, Surabaya",-7.3093542,112.6565456,https://www.rumah123.com/properti/surabaya-citraland/full-furnish-rumah-international-village-row-jalan-4-mobil-hos42335368/,rumah123
"Dijual Rumah Cluster Taman Golf, Perumahan Citraland, Surabaya Barat",15000000000,375.0,700.0,6.0,5,2,2.0,Semi Furnished,1,1,"Citraland, Surabaya",-7.309354,112.656548,https://www.rumah123.com/properti/surabaya-citraland/dijual-rumah-cluster-taman-golf-perumahan-citraland-surabaya-barat-hos42201082/,rumah123
Dijual Rumah Mewah Raya Golf Citraland Surabaya,27500000000,1117.0,900.0,6.0,4,2,2.0,Unfurnished,1,0,"Citraland, Surabaya",-7.309354,112.656548,https://www.rumah123.com/properti/surabaya-citraland/dijual-rumah-mewah-raya-golf-citraland-surabaya-hos19495905/,rumah123
Di Jual Rumah Mewah Cristal Golf Citra Land Surabaya,8650000000,280.0,475.0,3.0,5,2,2.0,Furnished,1,0,"Citraland, Surabaya",-7.309354,112.656548,https://www.rumah123.com/properti/surabaya-citraland/di-jual-rumah-mewah-cristal-golf-citra-land-surabaya-hos42380652/,rumah123
Dijual Cepat Rumah Tengah Kota Manyar Kertoarjo Surabaya,10500000000,510.0,880.0,5.0,4,2,2.0,Unfurnished,1,0,"Surabaya Kota, Surabaya",-7.2771,112.717407,https://www.rumah123.com/properti/surabaya-surabaya-kota/dijual-cepat-rumah-tengah-kota-manyar-kertoarjo-surabaya-hos42046704/,rumah123
Dijual Rumah Mewah Lokasi Margorejo Indah Surabaya,14500000000,754.0,530.0,6.0,5,2,2.0,Unfurnished,1,1,"Surabaya Kota, Surabaya",-7.2771,112.717407,https://www.rumah123.com/properti/surabaya-surabaya-kota/dijual-rumah-mewah-lokasi-margorejo-indah-surabaya-hos38857742/,rumah123
Rumah Super Mewah di Raya Jemur Andayani Jemur Wonosari Wonocolo Surabaya,28500000000,1410.0,722.0,4.0,4,2,4.0,Unfurnished,1,1,"Surabaya Kota, Surabaya",-7.2771,112.717407,https://www.rumah123.com/properti/surabaya-surabaya-kota/rumah-super-mewah-di-raya-jemur-andayani-jemur-wonosari-wonocolo-surabaya-hos41101910/,rumah123
Dijual Rumah Mewah Raya Golf Citraland Surabaya,27500000000,1117.0,900.0,,6,4,2.0,Unfurnished,1,0,"Citraland, Surabaya",-7.309354,112.656548,https://www.rumah123.com/properti/surabaya-citraland/dijual-rumah-mewah-raya-golf-citraland-surabaya-hos19495944/,rumah123
Dijual Rumah Mewah Lokasi Graha Family Lengkap Dengan Pool Dan Semi Furnished,43500000000,900.0,850.0,5.0,5,2,1.0,Semi Furnished,1,1,"Surabaya Kota, Surabaya",-7.2771,112.717407,https://www.rumah123.com/properti/surabaya-surabaya-kota/dijual-rumah-mewah-lokasi-graha-family-lengkap-dengan-pool-dan-semi-furnished-hos39505911/,rumah123
Dijual Rumah Mewah Lokasi Woodland Citraland Surabaya Timur,5700000000,210.0,360.0,4.0,4,2,1.0,Semi Furnished,1,0,"Citraland, Surabaya",-7.309354,112.656548,https://www.rumah123.com/properti/surabaya-citraland/dijual-rumah-mewah-lokasi-woodland-citraland-surabaya-timur-hos39445576/,rumah123
Dijual Rumah Baru Renovasi di Citraland Surabaya Full Furnished dan Private Pool,7950000000,300.0,150.0,4.0,3,2,2.0,Furnished,1,0,"Citraland, Surabaya",-7.309354,112.656548,https://www.rumah123.com/properti/surabaya-citraland/dijual-rumah-baru-renovasi-di-citraland-surabaya-full-furnished-dan-private-pool-hos42356986/,rumah123
Dijual Rumah Baru Lokasi Bgi Citraland Surabaya,9500000000,300.0,500.0,5.0,6,2,2.0,Unfurnished,1,0,"Citraland, Surabaya",-7.309354,112.656548,https://www.rumah123.com/properti/surabaya-citraland/dijual-rumah-baru-lokasi-bgi-citraland-surabaya-hos40483566/,rumah123
Rumah 2 Lantai Bebas Banjir Akses Mudah 10 Menit ke Tol Waru,1400000000,96.0,86.0,2.0,2,2,1.0,,0,0,"Citraland, Surabaya",-7.309354,112.656548,https://www.rumah123.com/properti/surabaya-citraland/rumah-2-lantai-bebas-banjir-akses-mudah-10-menit-ke-tol-waru-hos42288966/,rumah123
Dijual Rumah Hook New Minimalis di Citraland,4200000000,179.0,303.0,4.0,3,2,2.0,Unfurnished,1,1,"Citraland, Surabaya",-7.28917,112.734,https://www.rumah123.com/properti/surabaya-citraland/dijual-rumah-hook-new-minimalis-di-citraland-hos40958029/,rumah123
Dijual Cepat Rumah di Kebraon Lokasi Strategis,1200000000,100.0,57.0,3.0,2,1,,Unfurnished,0,0,"Surabaya Kota, Surabaya",-7.2771,112.717407,https://www.rumah123.com/properti/surabaya-surabaya-kota/dijual-rumah-on-progress-kebraon-row-jalan-lebar-hos42084622/,rumah123
Dijual Rumah Grand Pakuwon South Victoria Surabaya,2350000000,160.0,200.0,4.0,3,2,1.0,Unfurnished,1,1,"Surabaya Kota, Surabaya",-7.2771,112.717407,https://www.rumah123.com/properti/surabaya-surabaya-kota/dijual-rumah-grand-pakuwon-south-victoria-surabaya-hos41471671/,rumah123
Dijual Rumah Galaxi Bumi Permai Tahap 1 Surabaya,7000000000,240.0,400.0,4.0,3,2,1.0,Unfurnished,1,1,"Surabaya Kota, Surabaya",-7.290337033155097,112.78615768976653,https://www.rumah123.com/properti/surabaya-surabaya-kota/dijual-rumah-galaxi-bumi-permai-tahap-1-surabaya-hos41635761/,rumah123
Nego Samoai Deal Rumah Dian Regency 2 Sukolilo Terawat Siap Huni,1380000000,119.0,120.0,5.0,2,1,1.0,Unfurnished,0,0,"Surabaya Kota, Surabaya",-7.2771,112.717407,https://www.rumah123.com/properti/surabaya-surabaya-kota/dijual-rumah-sukolilo-dian-regency-2-siap-huni-lingkungan-nyaman-hos41283411/,rumah123
Murah Pol! Dijual Rumah Minimalis 2 LT Citraland Utama Sby Barat,4000000000,200.0,260.0,4.0,3,2,2.0,Semi Furnished,1,1,"Citraland, Surabaya",-7.309354,112.656548,https://www.rumah123.com/properti/surabaya-citraland/murah-pol-dijual-rumah-minimalis-2-lt-citraland-utama-sby-barat-hos42367306/,rumah123
Rumah Amerika Stile 2 Lantai Medayu Minimalis Modern Merr,638000000,40.0,39.0,2.0,1,2,1.0,,0,0,"Surabaya Kota, Surabaya",-7.2771,112.717407,https://www.rumah123.com/properti/surabaya-surabaya-kota/rumah-amerika-stile-2-lantai-medayu-minimalis-modern-merr-hos42344378/,rumah123
"Dijual Rumah Bagus 2 Lantai, SHM, Full Renovasi Selesai 2026 Harga Termurah Jauh Dibawah Harga Rentang Pasar.bisa KPR",5600000000,276.0,315.0,4,3,2,4.0,Unfurnished,1,1,"Citraland, Surabaya",-7.309354,112.656548,https://www.rumah123.com/properti/surabaya-citraland/dijual-rumah-bagus-2-lantai-shm-full-renovasi-selesai-2026-harga-termurah-jauh-dibawah-harga-rentang-pasarbisa-kpr-hos41885633/,rumah123
Dijual Cepat Rumah Tengah Kota Manyar Kertoarjo (Bonnet) Surabaya,10500000000,510.0,880.0,5,4,2,2.0,Unfurnished,1,0,"Surabaya Kota, Surabaya",-7.2771,112.717407,https://www.rumah123.com/properti/surabaya-surabaya-kota/dijual-cepat-rumah-tengah-kota-manyar-kertoarjo-bonnet-surabaya-hos41990681/,rumah123
Rumah Baru Greenlake Citraland (Siap Huni),2000000000,98.0,90.0,3,3,2,,Unfurnished,0,0,"Citraland, Surabaya",-7.309354,-7.309354,https://www.rumah123.com/properti/surabaya-citraland/rumah-baru-greenlake-citraland-siap-huni-hos42380349/,rumah123
Bukit Golf Rumah Mewah 2Lt Golf View +Pool,55000000000,1975.0,2375.0,9,11,1,3.0,Furnished,0,1,"Lakarsantri, Surabaya",-7.30073,112.63566,https://www.rumah123.com/properti/surabaya-lakarsantri/bukit-golf-rumah-mewah-2lt-golf-view-pool-hos9432362/,rumah123
Murah Banget! Dijual Rumah 2 LT Babatan Pratama Sby Barat,1350000000,120.0,140.0,3,3,2,1.0,Unfurnished,1,1,"Wiyung, Surabaya",-7.31097,112.698067,https://www.rumah123.com/properti/surabaya-wiyung/murah-banget-dijual-rumah-2-lt-babatan-pratama-sby-barat-hos42258260/,rumah123
Rumah 13 Jutaan/M di Citraland Utama Dekat Graha Natura Royal Residence Dian Istana Wisata Bukit Mas Graha Famili Pakuwon Indah Prambanan Residence,2900000000,210.0,240.0,3,3,2,2.0,Unfurnished,1,0,"Citraland, Surabaya",-7.309354,112.656548,https://www.rumah123.com/properti/surabaya-citraland/rumah-13-jutaanm-di-citraland-utama-dekat-graha-natura-royal-residence-dian-istana-wisata-bukit-mas-graha-family-hos42241999/,rumah123
Rumah 15 Jt/M di Citraland Utama Dekat Royal Residence Dian Istana Wisata Bukit Mas Graha Famili Pakuwon Indah Prambanan Residence Greenlake,3300000000,208.0,265.0,3,4,2,2.0,Unfurnished,0,0,"Citraland, Surabaya",-7.309354,112.656548,https://www.rumah123.com/properti/surabaya-citraland/rumah-15-jtm-di-citraland-utama-dekat-royal-residence-dian-istana-wisata-bukit-mas-graha-family-pakuwon-indah-prambanan-hos42227403/,rumah123
16.6 Jt/M Rumah 2 Lantai Luas 210 di Citraland Utama Dekat Graha Natura Royal Reaidence Wisata Bukit Mas Prambanan Graha Famili Pakuwon Indah Bukit Darmo Golf Dian Istana,3500000000,210.0,300.0,4,4,2,1.0,Unfurnished,0,0,"Citraland, Surabaya",-7.309354,112.656548,https://www.rumah123.com/properti/surabaya-citraland/166-jtm-rumah-2-lantai-luas-210-di-citraland-utama-dekat-graha-natura-royal-reaidence-wisata-bukit-mas-prambanan-graha-hos42219019/,rumah123
Rumah 18 Jt/M di Citraland Utama Dekat Graha Natura Royal Residence Dian Istana Wisata Bukit Mas Graha Family Pakuwon Indah Prambanan Residence,3800000000,210.0,230.0,3,3,2,2.0,Unfurnished,0,0,"Citraland, Surabaya",-7.309354,112.656548,https://www.rumah123.com/properti/surabaya-citraland/rumah-18-jtm-di-citraland-utama-dekat-graha-natura-royal-residence-dian-istana-wisata-bukit-mas-graha-family-pakuwon-hos42234539/,rumah123
Rumah 18 Jt/M di Citraland Utama Dekat Graha Natura Royal Residence Dian Istana Wisata Bukit Mas Graha Family Pakuwon Indah Prambanan Residence,2700000000,150.0,134.0,3,2,2,1.0,Unfurnished,0,0,"Citraland, Surabaya",-7.309354,112.656548,https://www.rumah123.com/properti/surabaya-citraland/rumah-18-jtm-di-citraland-utama-dekat-graha-natura-royal-residence-dian-istana-wisata-bukit-mas-graha-family-pakuwon-hos42227570/,rumah123
Scandinavian 2 Lantai Dekat Pintu Tol Waru dan Bandara,1355000000,96.0,86.0,2,2,2,1.0,,1,1,"Gayungan, Surabaya",-7.33,112.72602,https://www.rumah123.com/properti/surabaya-gayungan/1-hunian-scandinavian-2-lantai-simple-tapi-mewah-nyaman-hos42060867/,rumah123
Rumah Siap Huni 3 KT Dekat Cito Mall,1100000000,112.0,75.0,3,1,1,2.0,,0,1,"Jambangan, Surabaya",-7.37436,112.70717,https://www.rumah123.com/properti/surabaya-jambangan/rumah-siap-huni-tipe-sapphire-8-menit-ke-surabaya-kota-hos42007906/,rumah123
"Dijual Rumah Siap Huni,Baru Renovasi,Cluster Depan Grand Harvest",1700000000,102.0,67.0,2,2,2,2.0,Unfurnished,1,1,"Wiyung, Surabaya",-7.327923,112.692586,https://www.rumah123.com/properti/surabaya-wiyung/dijual-rumah-siap-hunibaru-renovasicluster-depan-grand-harvest-hos41222135/,rumah123
Rumah Scandinavian 2 Lantai Dekat Bunderan Waru,995000000,78.0,79.0,2,2,2,1.0,,0,0,"Gayungan, Surabaya",-7.33,112.72602,https://www.rumah123.com/properti/surabaya-gayungan/rumah-2-lantai-konsep-scandinavian-elegan-terang-bersih-hos42066286/,rumah123
"Siap Huni, Rumah, 2 Lantai, SHM, Dekat Fasilitas Kesehatan, bisa KPR",2200000000,144.0,185.0,5,4,2,1.0,Semi Furnished,1,1,"Nginden, Surabaya",-7.29974,112.767357,https://www.rumah123.com/properti/surabaya-nginden/siap-huni-rumah-2-lantai-shm-dekat-fasilitas-kesehatan-bisa-kpr-hos42217369/,rumah123
"Rumah 2 Lantai, 4 Kamar Tidur Dekat Bunderan Waru dan Bandara",1830000000,130.0,112.0,4,3,2,2.0,,0,0,"Jambangan, Surabaya",-7.31747,112.71664,https://www.rumah123.com/properti/surabaya-jambangan/rumah-minimalis-modern-mewah-2-lantai-desain-elegan-luas-hos42082385/,rumah123
"Jual Rumah di Sidotopo Wetan Baru, Kenjeran Cocok untuk Usaha Home Industri, 3 SHM",7000000000,812.0,620.0,4,3,2,8.0,Unfurnished,0,0,"Kenjeran, Surabaya",-7.23563,112.786163,https://www.rumah123.com/properti/surabaya-kenjeran/jual-rumah-di-sidotopo-wetan-baru-kenjeran-cocok-untuk-usaha-home-industri-dekat-sdn-hos39141579/,rumah123
Di Jual Via Lelang Grand Pakuwon Brisbane,1790000000,144.0,171.0,4,2,2.0,2.0,Unfurnished,1,0,"Margomulyo, Surabaya",-7.2348842,112.6703892,https://www.rumah123.com/properti/surabaya-margomulyo/di-jual-via-lelang-grand-pakuwon-brisbane-hos42340493/,rumah123
"Rumah Termurah Siap Huni 1 Lantai, Strategis di Manyar Kertoarjo",7000000000,467.0,400.0,4,4,1.0,2.0,,0,0,"Manyar, Surabaya",-7.28724,112.739052,https://www.rumah123.com/properti/surabaya-manyar/rumah-manyar-kertoarjo-termurah-hos42340696/,rumah123
"Rumah, 2 Lantai, SHM, di Semolowaru Surabaya , di Hook",5900000000,412.0,380.0,6,3,2.0,1.0,Semi Furnished,1,1,"Semolowaru, Surabaya",-7.30105,112.778557,https://www.rumah123.com/properti/surabaya-semolowaru/rumah-2-lantai-shm-di-semolowaru-surabaya-di-hook-hos42305668/,rumah123
"Rumah Dian Istana Park Avenue Baru Gres Dekat Clubhouse, Pusat Bisnis dan Komersial",6800000000,246.0,300.0,4,4,2.0,2.0,Semi Furnished,1,1,"Graha, Surabaya",,,https://www.rumah123.com/properti/surabaya-graha/rumah-dian-istana-park-avenue-baru-gres-dekat-clubhouse-pusat-bisnis-dan-komersial-hos18629396/,rumah123
Dijual Rumah Belanda di Pusat Kota Surabaya Raya Darmo Siap Huni,9000000000,420.0,300.0,6,2,1.0,,Unfurnished,0,0,"Wonokromo, Surabaya",-7.304,112.731598,https://www.rumah123.com/properti/surabaya-wonokromo/dijual-rumah-belanda-di-pusat-kota-surabaya-raya-darmo-siap-huni-hos42089633/,rumah123
Rumah di Bukit Palma Citraland Surabaya Bagus Lingkungan Nyaman,1500000000,120.0,100.0,5,2,2.0,1.0,Unfurnished,1,1,"Pakal, Surabaya",-7.252538181224906,112.62760877609253,https://www.rumah123.com/properti/surabaya-pakal/rumah-di-bukit-palma-citraland-surabaya-bagus-lingkungan-nyaman-hos41774302/,rumah123
Brand New Rumah Elite Wisata Bukit Mas 5 KT Strategis,3200000000,112.0,128.0,5,3,2.0,2.0,,0,0,"Pakuwon, Surabaya",-7.289141,112.67572,https://www.rumah123.com/properti/surabaya-pakuwon/brand-new-rumah-elite-wisata-bukit-mas-5-kt-strategis-hos41713074/,rumah123
Dijual Rumah Graha Family Golf View Lengkap dengan Pool,43500000000,900.0,850.0,7,7,2.0,1.0,Unfurnished,1,0,"Surabaya Kota, Surabaya",-7.2771,112.717407,https://www.rumah123.com/properti/surabaya-surabaya-kota/dijual-rumah-graha-family-golf-view-lengkap-dengan-pool-hos42392164/,rumah123
Rumah di Puri Mas Surabaya For Sale,2500000000,144.0,144.0,3,3,2.0,1.0,,1,0,"Gunung Anyar, Surabaya",,,https://www.rumah123.com/properti/surabaya-gunung-anyar/rumah-di-puri-mas-surabaya-for-sale-hos42394420/,rumah123
"Rumah Siap Huni 4+1 KT, One Gate, Kutisari Indah Utara Surabaya",1720000000,153.0,120.0,5,3,1.0,1.0,,1,0,"Surabaya Kota, Surabaya",-7.2771,112.717407,https://www.rumah123.com/properti/surabaya-surabaya-kota/rumah-siap-huni-41-kt-one-gate-kutisari-indah-utara-surabaya-hos42163932/,rumah123
"Rumah di Citraland Dekat Gwalk, Superindo, Ciputra School",10500000000,396.0,600.0,5,5,2.0,2.0,Unfurnished,1,1,"Citraland, Surabaya",-7.309354,-7.309354,https://www.rumah123.com/properti/surabaya-citraland/rumah-baru-renovasi-di-citraland-surabaya-hos42082823/,rumah123
Rumah Mewah 2 Lantai Perum Rungkut Harapan Raya Merr,1750000000,120.0,150.0,4,3,2.0,1.0,Unfurnished,0,0,"Rungkut, Surabaya",-7.31434,112.80023,https://www.rumah123.com/properti/surabaya-rungkut/rumah-mewah-2-lantai-perum-rungkut-harapan-raya-merr-hos39299813/,rumah123
"Dijual Rumah 2 Lantai Perumahan Graha Family Blok U, Surabaya Barat",13500000000,487.0,600.0,5,5,2.0,2.0,Unfurnished,1,0,"Sambikerep, Surabaya",-7.27993,112.654648,https://www.rumah123.com/properti/surabaya-sambikerep/dijual-rumah-2-lantai-perumahan-graha-family-blok-u-surabaya-barat-hos42300643/,rumah123
"Dijual Rumah Mewah Margorejo Indah, Surabaya",21000000000,972.0,881.0,7,4,2.0,2.0,Unfurnished,1,0,"Margorejo, Surabaya",-7.3122,112.741096,https://www.rumah123.com/properti/surabaya-margorejo/dijual-rumah-mewah-margorejo-indah-surabaya-hos42029265/,rumah123
"Dijual Rumah Mewah Perumahan Pakuwon Indah Cluster Imperial Hills, Surabaya Barat",110000000000,2500.0,2500.0,10,13,2.0,5.0,Furnished,1,0,"Pakuwon Indah, Surabaya",-7.28921,112.674469,https://www.rumah123.com/properti/surabaya-pakuwon-indah/dijual-rumahmewah-perumahan-pakuwon-indah-cluster-imperial-hills-surabaya-barat-hos42023637/,rumah123
Dijual Rumah Galaxi Bumi Permai Tahap1 Minimalis Modern Siap Huni,7000000000,240.0,400.0,4,5,3.0,,Unfurnished,1,0,"Surabaya Kota, Surabaya",-7.2771,112.717407,https://www.rumah123.com/properti/surabaya-surabaya-kota/dijual-rumah-galaxi-bumi-permai-tahap1-minimalis-modern-siap-huni-hos42101647/,rumah123
Citraland Bgi Bukit Golf Minimalis Tropical Mewah Baru 7.95M Nego,7950000000,300.0,400.0,4,4,2.0,2.0,Furnished,1,1,"Citraland, Surabaya",-7.309354,112.656548,https://www.rumah123.com/properti/surabaya-citraland/citraland-bgi-bukit-golf-minimalis-tropical-mewah-baru-795m-nego-hos42348527/,rumah123
Rumah Asri Siap Huni di Pantai Mentari - Ocean Park di Kenjeran Surabaya,1950000000,153.0,96.0,3,2,1.0,1.0,,0,0,"Kenjeran, Surabaya",-7.23563,112.786163,https://www.rumah123.com/properti/surabaya-kenjeran/rumah-asri-siap-huni-di-pantai-mentari-kenjeran-hos42348903/,rumah123
Rumah 2 Lantai di Prapen Jemursari Surabaya,1500000000,57.0,112.0,3,3,2.0,1.0,Unfurnished,1,0,"Panjang Jiwo, Surabaya",-7.28917,112.734,https://www.rumah123.com/properti/surabaya-panjang-jiwo/rumah-2-lantai-di-prapen-jemursari-surabaya-hos42292600/,rumah123
Rumah Cantik Nol DP Rungkut,495000000,54.0,48.0,2,1,,1.0,Unfurnished,0,0,"Rungkut, Surabaya",-7.31434,112.80023,https://www.rumah123.com/properti/surabaya-rungkut/rumah-cantik-nol-dp-rungkut-hos17388209/,rumah123
Rumah Cantik Perum Bumi Wonorejo Asri,665000000,72.0,60.0,3,1,1,1.0,Unfurnished,0,0,"Rungkut, Surabaya",-7.28917,112.734,https://www.rumah123.com/properti/surabaya-rungkut/rumah-cantik-perum-bumi-wonorejo-asri-hos42230694/,rumah123
Rumah Baru 2 Lantai SHM 3 Kamar di Bumi Wonorejo Asri Surabaya,770000000,60.0,77.0,3,2,2,1.0,,1,0,"Rungkut, Surabaya",-7.271274,112.731598,https://www.rumah123.com/properti/surabaya-wonorejo/rumah-baru-2-lantai-shm-3kt-di-bumi-wonorejo-asri-surabaya-hos42230691/,rumah123
Jual Rumah Taman Pondok Indah Wiyung 2 Lantai,1200000000,96.0,105.0,4,3,2,,Unfurnished,0,1,"Wiyung, Surabaya",-7.31097,-7.31097,https://www.rumah123.com/properti/surabaya-wiyung/wiyung-hos42183230/,rumah123
Dijual Rumah Greenlake Lakarsantri Surabaya Lokasi Strategis,2600000000,120.0,100.0,4,4,2,1.0,Semi Furnished,1,0,"Surabaya Kota, Surabaya",-7.2771,112.717407,https://www.rumah123.com/properti/surabaya-surabaya-kota/dijual-rumah-greenlake-lakarsantri-surabaya-lokasi-strategis-hos42389969/,rumah123
Dijual Citraland Rumah Cantik New Minimalis 2 Lantai Woodland,4300000000,153.0,240.0,4,4,2,1.0,Unfurnished,1,1,"Citraland, Surabaya",-7.309354,112.656548,https://www.rumah123.com/properti/surabaya-citraland/dijual-citraland-rumah-cantik-new-minimalis-2-lantai-woodland-hos42358537/,rumah123
Dijual Via Lelang Rumah Modern Kebraon Wiyung,150000000,60.0,120.0,3,1,2,1.0,Unfurnished,0,0,"Wiyung, Surabaya",-7.31097,112.698067,https://www.rumah123.com/properti/surabaya-wiyung/dijual-via-lelang-rumah-modern-kebraon-wiyung-hos42372539/,rumah123
Dijual Via Lelang Rumah Tinggal Komplek Perum. Pantai Mentari,1120000000,120.0,80.0,3,2,1,,Unfurnished,0,0,"Kenjeran, Surabaya",-7.23563,112.786163,https://www.rumah123.com/properti/surabaya-kenjeran/dijual-via-lelang-rumah-tinggal-komplek-perum-pantai-mentari-hos42377488/,rumah123
Rumah Mewah Wonorejo Selatan Rungkut,800000000,100.0,70.0,3,2,1,1.0,Unfurnished,0,1,"Rungkut, Surabaya",-7.31434,112.80023,https://www.rumah123.com/properti/surabaya-rungkut/rumah-mewah-wonorejo-selatan-rungkut-hos19153494/,rumah123
2 Rumah Gandeng Area Manyar Kertoarjo Dharmahusada Indah Kertajaya Indah Fnl,2300000000,416.0,303.0,11,9,1,,,0,0,"Dharma Husada, Surabaya",-7.26661,112.768181,https://www.rumah123.com/properti/surabaya-dharma-husada/2-rumah-gandeng-area-manyar-kertoarjo-dharmahusada-indah-kertajaya-indah-fnl-hos41775572/,rumah123
"Dijual Cepat Rumah Terawat Manyar Kertoarjo, Surabaya Timur",10500000000,510.0,880.0,5,6,2,2.0,Unfurnished,1,0,"Manyar, Surabaya",-7.28724,112.739052,https://www.rumah123.com/properti/surabaya-manyar/dijual-cepat-rumah-terawat-manyar-kertoarjo-surabaya-timur-hos42071280/,rumah123
"Dijual Rumah 2 Lantai Dharmahusada Utara, Surabaya Timur",15500000000,1150.0,800.0,6,7,1,2.0,Unfurnished,1,0,"Mulyosari, Surabaya",-7.26556,112.796494,https://www.rumah123.com/properti/surabaya-mulyosari/dijual-rumah-2-lantai-dharmahusada-utara-surabaya-timur-hos42293436/,rumah123
"Dijual Rumah 2 Lantai Siap Huni Grand Island Pakuwon City, Surabaya Timur",12500000000,324.0,411.0,5,5,2,2.0,Unfurnished,1,0,"Pakuwon City, Surabaya",-7.28917,112.67556,https://www.rumah123.com/properti/surabaya-pakuwon-city/dijual-rumah-2-lantai-siap-huni-grand-island-pakuwon-city-surabaya-timur-hos42215310/,rumah123
Rumah Baru di Wonorejo Selatan Dekat Superindo Merr Rungkut,875000000,95.0,60.0,3,2,1,1.0,Unfurnished,1,1,"Rungkut, Surabaya",-7.31434,112.80023,https://www.rumah123.com/properti/surabaya-rungkut/rumah-baru-di-wonorejo-selatan-dekat-superindo-merr-rungkut-hos17949159/,rumah123
Rumah Usaha Pasti Murah Hanya 7 Juta M2 Jalan Kembar Area Jemursari Prapen Indah Tenggilis Mejoyo Kendangsari Surabaya,3600000000,525.0,400.0,7,5,2,3.0,Semi Furnished,0,0,"Jemursari, Surabaya",-7.32428,112.74173,https://www.rumah123.com/properti/surabaya-jemursari/rumah-usaha-hanya-7-juta-m2-jalan-kembar-area-jemursari-prapen-indah-tenggilis-mejoyo-kendangsari-surabaya-hos42337460/,rumah123
Rumah Mewah Perumahan Rungkut Barata,1050000000,75.0,100.0,3,2,2,2.0,Unfurnished,1,1,"Rungkut, Surabaya",-7.31434,112.80023,https://www.rumah123.com/properti/surabaya-rungkut/rumah-mewah-perumahan-rungkut-mapan-dp-minim-hos18758594/,rumah123
Rumah Minimalis Modern Graha Family 4Man Murah Sebelah Pakuwon,4990000000,180.0,240.0,3,3,2,,Semi Furnished,1,0,"Graha, Surabaya",-7.257472,112.75209,https://www.rumah123.com/properti/surabaya-graha/rumah-minimalis-modern-graha-family-4man-murah-sebelah-pakuwon-hos41839451/,rumah123
Rumah Dian Istana Park Avenue Under Market Price Paling Murah,3900000000,160.0,178.0,3,3,2,,Semi Furnished,1,0,"Graha, Surabaya",-7.257472,112.75209,https://www.rumah123.com/properti/surabaya-graha/rumah-dian-istana-park-avenue-under-market-price-paling-murah-hos42306984/,rumah123
Dijual Rumah Jalan Lombok,17000000000,648.0,521.0,7,6,2,,Unfurnished,0,0,"Ngagel, Surabaya",-7.28744,-7.28744,https://www.rumah123.com/properti/surabaya-ngagel/dijual-rumah-jalan-lombok-hos42341230/,rumah123
Citraland Waterfront,7000000000,240.0,430.0,6,7,2,,Unfurnished,0,0,"Sambikerep, Surabaya",-7.27993,-7.27993,https://www.rumah123.com/properti/surabaya-sambikerep/dijual-rumah-mewah-citraland-waterfront-hos42341027/,rumah123
Di Jual/Di Sewakan Rumah Kinibalu Barat,2700000000,192.0,288.0,4,3,2,,Unfurnished,0,0,"Gubeng, Surabaya",-7.27396,-7.27396,https://www.rumah123.com/properti/surabaya-gubeng/di-jualdi-sewakan-rumah-kinibalu-barat-hos42322615/,rumah123
Jual Rugi Rumah Citraland Murah Banget Yuk Bungkus Luas 12X24,5250000000,288.0,260.0,5.0,5.0,2,,Unfurnished,0,0,"Citraland, Surabaya",-7.309354,112.656548,https://www.rumah123.com/properti/surabaya-citraland/jual-rugi-rumah-citraland-murah-banget-yuk-bungkus-luas-12x24-hos42303742/,rumah123
Rumah 1 Lantai Siap Huni di Rungkut Asri Barat,2200000000,283.0,175.0,5.0,2.0,1,,,0,1,"Rungkut, Surabaya",-7.31434,-7.31434,https://www.rumah123.com/properti/surabaya-rungkut/rumah-1-lantai-siap-huni-di-rungkut-asri-barat-hos41677503/,rumah123
"Raffles Garden, Split Level Luxury",12000000000,312.0,600.0,5.0,5.0,2,,Semi Furnished,0,1,"Citraland, Surabaya",-7.309354,-7.309354,https://www.rumah123.com/properti/surabaya-citraland/raffles-garden-split-level-luxury-hos40635869/,rumah123
Murah Luas 653 M2 Dijual Rumah Graha Famili Blok D Surabaya - Hook - Full Furnished - Spesial Row Jalan Lebar Istimewa - Baru Renov Cantik Siap Huni,16000000000,653.0,650.0,4.0,4.0,2,2.0,Furnished,1,1,"Dukuh Pakis, Surabaya",-7.29503,112.710739,https://www.rumah123.com/properti/surabaya-dukuh-pakis/murah-luas-653-m2-dijual-rumah-graha-famili-blok-d-surabaya-hook-full-furnished-spesial-row-jalan-lebar-istimewa-hos41487810/,rumah123
"7 Milyar-An Dijual Rumah Baru Pakuwon Indah The Mansion - New American Classic Surabaya Barat - Spesial Attic Rooftop Desain 3 Lantai - Strategis Lokasi Dekat Pakuwon Mall, Graha Family , Citraland",7500000000,180.0,450.0,4.0,5.0,3,2.0,Unfurnished,1,1,"Pakuwon Indah, Surabaya",-7.28921,112.674469,https://www.rumah123.com/properti/surabaya-pakuwon-indah/7-milyaran-dijual-rumah-baru-pakuwon-indah-the-mansion-new-american-classic-surabaya-barat-spesial-attic-rooftop-hos41278879/,rumah123
Dijual Rumah di Grand Pakuwon Cluster South Victoria Semi Furnished,2500000000,128.0,138.0,3.0,2.0,1,2.0,Semi Furnished,0,0,"Pakuwon, Surabaya",-7.289141,112.67572,https://www.rumah123.com/properti/surabaya-pakuwon/dijual-rumah-di-grand-pakuwon-cluster-south-victoria-semi-furnished-hos41586175/,rumah123
Dijual Rumah Lama Jalan Nelayan Pesapen Surabaya Super Strategis!,900000000,70.0,140.0,2.0,1.0,2,,,0,0,"Krembangan, Surabaya",-7.22996,112.724159,https://www.rumah123.com/properti/surabaya-krembangan/dijual-rumah-lama-jalan-nelayan-pesapen-surabaya-super-strategis-hos42228238/,rumah123
Dijual Hunian Elit Wisma Mukti Rumah Gress Minimalis Lokasi Super Strategis di Klampis Nego Tipis,2100000000,87.0,125.0,4.0,3.0,1,,Semi Furnished,1,0,"Semolowaru, Surabaya",-7.30105,112.778557,https://www.rumah123.com/properti/surabaya-semolowaru/dijual-hunian-elit-wisma-mukti-rumah-gress-minimalis-lokasi-super-strategis-di-klampis-nego-tipis-hos41802722/,rumah123
"Free Kanopi Hanya Bulan Ini, Lokasi Strategis New Gress Minimalis Siap Huni Area Mulyosari",1550000000,82.0,115.0,3.0,3.0,2,,Unfurnished,0,0,"Surabaya Kota, Surabaya",-7.2771,112.717407,https://www.rumah123.com/properti/surabaya-surabaya-kota/free-kanopi-hanya-bulan-ini-lokasi-strategis-new-gress-minimalis-siap-huni-area-mulyosari-hos42189251/,rumah123
"Free Kanopi Hanya Bulan Ini, Lokasi Strategis New Gress Minimalis Siap Huni Area Mulyosari",1550000000,82.0,115.0,3.0,3.0,2,,Unfurnished,0,0,"Surabaya Kota, Surabaya",-7.2771,112.717407,https://www.rumah123.com/properti/surabaya-surabaya-kota/free-kanopi-hanya-bulan-ini-lokasi-strategis-new-gress-minimalis-siap-huni-area-mulyosari-hos42189121/,rumah123
*Turun Harga- Serius Jual Rumah Jemur Andayani Terawat*,2990000000,250.0,204.0,4.0,3.0,2,1.0,Unfurnished,0,1,"Jemursari, Surabaya",-7.32428,112.74173,https://www.rumah123.com/properti/surabaya-jemursari/turun-harga-serius-jual-rumah-jemur-andayani-terawat-hos42043579/,rumah123
Rumah Tinggal Jalan Saronojiwo Iii,1290000000,70.0,81.0,,,1,,Unfurnished,0,0,"Tenggilis Mejoyo, Surabaya",-7.31943,112.755386,https://www.rumah123.com/properti/surabaya-tenggilis-mejoyo/rumah-tinggal-jalan-saronojiwo-iii-hos42020895/,rumah123
Dijual Via Lelang Rumah Siap Huni di Pantai Mentari Surabaya,1120000000,120.0,120.0,3.0,2.0,1,2.0,Unfurnished,1,1,"Surabaya Kota, Surabaya",-7.2771,112.717407,https://www.rumah123.com/properti/surabaya-surabaya-kota/dijual-via-lelang-rumah-siap-huni-di-pantai-mentari-surabaya-hos42015335/,rumah123
Jual Rumah Baru Gress 2 Lantai Pakuwon City Minamalis Modern Sby,8500000000,240.0,400.0,4.0,5.0,2,3.0,Unfurnished,1,1,"Pakuwon City, Surabaya",-7.28917,112.67556,https://www.rumah123.com/properti/surabaya-pakuwon-city/jual-rumah-baru-gress-2-lantai-pakuwon-city-minamalis-modern-sby-hos42246456/,rumah123
Dijual Rumah Araya 1 Surabaya Lokasi Strategis,7350000000,375.0,500.0,6.0,4.0,2,1.0,Unfurnished,1,1,"Surabaya Kota, Surabaya",-7.2771,112.717407,https://www.rumah123.com/properti/surabaya-surabaya-kota/dijual-rumah-araya-1-surabaya-lokasi-strategis-hos42383720/,rumah123
Dijual Rumah Cluster Hampton Regency Pantai Mentari,1650000000,102.0,120.0,2.0,1.0,2,1.0,Unfurnished,1,0,"Surabaya Kota, Surabaya",-7.2771,112.717407,https://www.rumah123.com/properti/surabaya-surabaya-kota/dijual-rumah-cluster-hampton-regency-pantai-mentari-hos42383945/,rumah123
"Rumah Baru Gress San Diego, Pakuwon City",4000000000,200.0,340.0,4.0,3.0,2,1.0,Unfurnished,0,0,"Pakuwon City, Surabaya",-7.28917,112.67556,https://www.rumah123.com/properti/surabaya-pakuwon-city/rumah-baru-gress-san-diego-pakuwon-city-hos39180284/,rumah123
"Rumah Baru Minimalis Dian Istana Cluster Mocca Verbana, Surabaya Barat",3250000000,103.0,160.0,4.0,3.0,2,1.0,Unfurnished,1,1,"Wiyung, Surabaya",-7.31097,112.69807,https://www.rumah123.com/properti/surabaya-wiyung/rumah-baru-minimalis-dian-istana-cluster-mocca-verbana-surabaya-barat-hos19084207/,rumah123
Rumah Mewah Graha Famili Dekat Loop & Pakuwonmall,7200000000,266.0,309.0,4.0,3.0,2,2.0,Semi Furnished,1,1,"Graha, Surabaya",-7.257472,112.75209,https://www.rumah123.com/properti/surabaya-graha/rumah-mewah-graha-famili-dekat-loop-pakuwonmall-hos42382958/,rumah123
Dijual Cepat Rumah Minimalis Fill Furnished Siap Huni di Greenland Menganti,1900000000,104.0,120.0,4.0,4.0,2,1.0,Furnished,0,0,"Menganti, Surabaya",-7.294023,112.587967,https://www.rumah123.com/properti/surabaya-menganti/dijual-cepat-rumah-minimalis-fill-furnished-siap-huni-di-greenland-menganti-hos42371081/,rumah123
"Dijual Rumah Area Komersial Raya Satelit, Surabaya Barat",10500000000,600.0,870.0,8,4,2.0,1.0,Unfurnished,1,0,"Sukomanunggal, Surabaya",-7.26548,112.698799,https://www.rumah123.com/properti/surabaya-sukomanunggal/dijual-rumah-area-komersial-raya-satelit-surabaya-barat-hos42204489/,rumah123
Dijual Rumah Mewah 2 Lantai Lokasi Premium Surabaya Timur. Daerah Kertajaya Indah,37000000000,1834.0,571.0,6,7,2.0,2.0,Unfurnished,1,1,"kertajaya, Surabaya",-7.282603,112.755432,https://www.rumah123.com/properti/surabaya-kertajaya/dijual-rumah-mewah-2-lantai-lokasi-premium-surabaya-timur-daerah-kertajaya-indah-hos41951343/,rumah123
RUMAH BESAR NYAMAN  JLN. ARGOPURO SURABAYA PUSAT.,14500000000,620.0,600.0,4,4,,,,0,0,"Sawahan, Surabaya",,,https://www.rumah123.com/properti/surabaya-sawahan/rumah-besar-nyaman-jln-argopuro-surabaya-pusat-hos9017457/,rumah123
Dijual Murah Via Lelang Perumahan Green Semanggi Mangrove,838000000,108.0,120.0,3,1,2.0,1.0,Unfurnished,1,1,"Rungkut, Surabaya",-7.309274179831604,112.81397707264546,https://www.rumah123.com/properti/surabaya-rungkut/lelang-1-april-2026-perumahan-green-semanggi-mangrove-hos41230970/,rumah123
Dijual Rumah Baru Murah 2 LT Wiyung Surabaya Mepet Graha Famili,3000000000,126.0,158.0,3,3,2.0,2.0,Unfurnished,1,1,"Wiyung, Surabaya",-7.31097,112.698067,https://www.rumah123.com/properti/surabaya-wiyung/dijual-rumah-baru-murah-2-lt-wiyung-surabaya-mepet-graha-famili-hos42336326/,rumah123
Dijual Rumah Mepet Graha Famili Surabaya Free Kanopi & 3 Ac Murah,2600000000,105.0,140.0,3,3,2.0,2.0,Unfurnished,1,1,"Wiyung, Surabaya",-7.31097,112.698067,https://www.rumah123.com/properti/surabaya-wiyung/dijual-rumah-mepet-graha-famili-surabaya-free-kanopi-3-ac-murah-hos42336672/,rumah123
Rumah Hitung Tanah Jln Biliton Pusat Kota Dimensi 12X45 Meter Bangunan 1 Lantai Dekat Stasiun Gubeng,14000000000,540.0,500.0,2,1,1.0,4.0,Unfurnished,0,0,"Gubeng, Surabaya",-7.271999100118336,112.75054085070241,https://www.rumah123.com/properti/surabaya-gubeng/rumah-hitung-tanah-jln-biliton-pusat-kota-dimensi-12x45-meter-bangunan-1-lantai-dekat-stasiun-gubeng-hos41856117/,rumah123
Dijual Rumah Baruk Utara Strategis Selangkah Menuju Merr,1700000000,180.0,116.0,2,1,1.0,1.0,Unfurnished,1,1,"Rungkut, Surabaya",-7.31434,112.80023,https://www.rumah123.com/properti/surabaya-rungkut/dijual-rumah-baruk-utara-strategis-selangkah-menuju-merr-hos17446573/,rumah123
Dijual Rumah Graha Family Golf View Lengkap dengan Pool,43500000000,900.0,850.0,5,5,2.0,2.0,Semi Furnished,1,1,"Wiyung, Surabaya",-7.31097,112.698067,https://www.rumah123.com/properti/surabaya-wiyung/dijual-rumah-graha-family-golf-view-lengkap-dengan-pool-hos39504676/,rumah123
Dijual Rumah Bukit Golf Citraland Ge 6/10 Surabaya Jawa Timur,9500000000,300.0,500.0,5,6,2.0,2.0,Semi Furnished,1,1,"Surabaya Kota, Surabaya",-7.2771,112.717407,https://www.rumah123.com/properti/surabaya-surabaya-kota/dijual-rumah-bukit-golf-citraland-ge-610-surabaya-jawa-timur-hos42297895/,rumah123
Dijual Rumah Alam Hijau Surabaya Jawa Timur,3300000000,120.0,95.0,4,4,2.0,2.0,Unfurnished,1,0,"Surabaya Kota, Surabaya",-7.2771,112.717407,https://www.rumah123.com/properti/surabaya-surabaya-kota/dijual-rumah-alam-hijau-f116-surabaya-jawa-timur-hos42298948/,rumah123
Rumah Siap Huni Dekat Citraland Free Furnish Beli Sekarang Bayar Mulai 2028,720000000,60.0,48.0,2,1,,1.0,Furnished,1,1,"Menganti, Surabaya",-7.2940226,112.5879679,https://www.rumah123.com/properti/surabaya-menganti/rumah-siap-huni-free-furnish-beli-sekarang-bayar-mulai-2028-hos42251716/,rumah123
Murah Hanya Bulan Ini Baru Gress Amesta Living,950000000,84.0,90.0,3,2,2.0,,Unfurnished,0,0,"Gununganyar, Surabaya",-7.33182,-7.33182,https://www.rumah123.com/properti/surabaya-gununganyar/murah-under-market-amesta-living-dkt-merr-upn-hos41892927/,rumah123
Cw02. Jual Rumah Mewah Waterfront Citraland Surabaya Barat,6500000000,240.0,384.0,6,4,2.0,2.0,Unfurnished,1,1,"Citraland, Surabaya",-7.309354,112.656548,https://www.rumah123.com/properti/surabaya-citraland/cw02-jual-rumah-mewah-waterfront-citraland-surabaya-barat-hos42238450/,rumah123
2072. Dijual Rumah Siap Huni Manyar Tirtomoyo Sukolilo Surabaya,4300000000,269.0,200.0,3,2,1.0,1.0,Semi Furnished,1,0,"Sukolilo, Surabaya",-7.28813,112.802902,https://www.rumah123.com/properti/surabaya-sukolilo/2072-dijual-rumah-siap-huni-semi-furnish-raya-manyar-tirtomoyo-sukolilo-hos41616295/,rumah123
Rumah Area Kusuma Bangsa Tambak Sari Pacar Kelingambengan Fnl,3400000000,265.0,2.0,5,3,1.0,,,0,0,"Ambengan, Surabaya",-7.25597,112.748199,https://www.rumah123.com/properti/surabaya-ambengan/rumah-di-area-kusuma-bangsa-kesumba-ambengan-fnl-hos42225636/,rumah123
Rumah Termurah Gila Dharmahusada Indah Manyar Kertoarjo Surabaya,2300000000,400.0,300.0,4,2,2.0,1.0,Semi Furnished,0,0,"Dharma Husada, Surabaya",-7.26661,112.768181,https://www.rumah123.com/properti/surabaya-dharma-husada/rumah-termurah-gila-dharmahusada-indah-manyar-kertoarjo-surabaya-hos39711353/,rumah123
Dijual Rumah Baru DP Ringan Rungkut Surabaya,875000000,100.0,65.0,3,2,1.0,1.0,Unfurnished,0,0,"Rungkut Industri, Surabaya",-7.32676,112.754173,https://www.rumah123.com/properti/surabaya-rungkut-industri/rumah-baru-siap-huni-dp-ringan-rungkut-surabaya-hos42172235/,rumah123
"Dijual Rumah di Semanggi Mangrove, Surabaya",900000000,72.0,72.0,2,1,1.0,1.0,Unfurnished,1,0,"Rungkut, Surabaya",-7.309274179831604,112.81397707264546,https://www.rumah123.com/properti/surabaya-rungkut/dijual-rumah-di-semanggi-mangrove-surabaya-hos41320598/,rumah123
â¨ Dijual Rumah Wiskai (Wisma Kedung Asem Indah Tahap 2),950000000,72.0,126.0,3,2,2.0,1.0,Semi Furnished,1,0,"Rungkut, Surabaya",-7.31434,112.800232,https://www.rumah123.com/properti/surabaya-rungkut/dijual-rumah-wiskai-wisma-kedung-asem-indah-tahap-2-hos42322342/,rumah123
Dijual Rumah Sukolilo Dian Regency 2 Keputih Surabaya Timur,1350000000,119.0,119.0,5,2,1.0,,Unfurnished,0,0,"Sukolilo, Surabaya",-7.28813,112.802902,https://www.rumah123.com/properti/surabaya-sukolilo/dijual-rumah-sukolilo-dian-regency-2-keputih-surabaya-timur-hos42208757/,rumah123
Dijual Rumah Pribadi 2 Lantai di Kendung Indah Benowo Surabaya Barat,750000000,84.0,84.0,4,1,1.0,,Semi Furnished,0,0,"Benowo, Surabaya",-7.23213,112.630142,https://www.rumah123.com/properti/surabaya-benowo/dijual-rumah-pribadi-2-lantai-di-kendung-indah-benowo-surabaya-barat-hos42208712/,rumah123
Dijual Cepat Rumah Hook Hitung Tanah Darmo Sentosa Raya,4900000000,452.0,300.0,3,3,1.0,,Semi Furnished,0,0,"Wiyung, Surabaya",-7.31097,112.698067,https://www.rumah123.com/properti/surabaya-wiyung/dijual-cepat-rumah-hook-hitung-tanah-darmo-sentosa-raya-hos42208873/,rumah123
Rumah Modern Wiyung Surabaya SHM Split Lokasi Setrategis,650000000,94.0,36.0,2,1,1.0,1.0,Unfurnished,1,1,"Wiyung, Surabaya",-7.31097,112.698067,https://www.rumah123.com/properti/surabaya-wiyung/rumah-modern-wiyung-surabaya-shm-split-lokasi-setrategis-hos41331378/,rumah123
"Dijual Rumah 2 Lantai Jemur Andayani Area Komersial, Surabaya",7000000000,300.0,300.0,6,7,2.0,1.0,Unfurnished,1,0,"Jemursari, Surabaya",-7.32428,112.74173,https://www.rumah123.com/properti/surabaya-jemursari/dijual-rumah-2-lantai-jemur-andayani-area-komersial-surabaya-hos42158101/,rumah123
"Dijual Rumah 1 Lantai Prapen Indah, Surabaya",8000000000,600.0,400.0,6,3,1.0,2.0,Unfurnished,1,0,"Tenggilis Mejoyo, Surabaya",-7.31943,112.755386,https://www.rumah123.com/properti/surabaya-tenggilis-mejoyo/dijual-rumah-1-lantai-prapen-indah-surabaya-hos42342869/,rumah123
Rumah Nginden Intan Barat Dijual Cepat,2300000000,270.0,350.0,5,3,2.0,1.0,Semi Furnished,1,1,"Nginden, Surabaya",-7.29974,112.767357,https://www.rumah123.com/properti/surabaya-nginden/rumah-nginden-intan-barat-dijual-cepat-hos42267776/,rumah123
Dijual Rumah Nortwest Lake Citraland Surabaya Murah,975000000,72.0,69.0,2,2,2.0,1.0,Unfurnished,0,0,"Pakal, Surabaya",-7.24268,112.629807,https://www.rumah123.com/properti/surabaya-pakal/dijual-rumah-nortwest-lake-citraland-surabaya-murah-hos42201253/,rumah123
Dijual Rumah 2 Lantai Daerah Pusat Kota Surabaya Daerah Kedungsari,7000000000,399.0,500.0,6,3,2.0,2.0,Unfurnished,1,0,"Tegalsari, Surabaya",-7.27355,112.737457,https://www.rumah123.com/properti/surabaya-tegalsari/dijual-rumah-2-lantai-daerah-pusat-kota-surabaya-daerah-kedungsari-hos41948299/,rumah123
"Rumah SHM Siap Huni, Nyaman, Bebas Banjir di Medokan Ayu",750000000,94.0,94.0,3,2,,1.0,Unfurnished,0,0,"Medokan Ayu, Surabaya",,,https://www.rumah123.com/properti/surabaya-medokan-ayu/rumah-shm-siap-huni-surabaya-timur-dengan-lingkungan-nyaman-aman-bebas-banjir-hos42368443/,rumah123
Dijual Rumah Pusat Kota Surabaya,22000000000,619.0,302.0,8,4,1.0,4.0,Unfurnished,1,0,"Tegalsari, Surabaya",-7.27355,112.737457,https://www.rumah123.com/properti/surabaya-tegalsari/dijual-rumah-pusat-kota-surabaya-hos42372172/,rumah123
*dijual Rumah Hook 1 Lantai Taman Pondok Indah Wiyung*,2200000000,243.0,140.0,4,2,1.0,2.0,,0,1,"Wiyung, Surabaya",-7.28917,112.734,https://www.rumah123.com/properti/surabaya-wiyung/dijual-rumah-hook-1-lantai-taman-pondok-indah-wiyung-hos39890090/,rumah123
Dijual Rumah Baru 2 Lantai di Cluster Chester Wisata Bukit Mas 5 KT,3200000000,112.0,128.0,5,3,2.0,2.0,,0,0,"Wisata Bukit Mas, Surabaya",-7.308962,112.667053,https://www.rumah123.com/properti/surabaya-wisata-bukit-mas/dijual-rumah-baru-2-lantai-di-cluster-chester-wisata-bukit-mas-5-kt-hos41668917/,rumah123
Dijual Rumah Bagus Daerah Kutisari Siap Huni,4800000000,400.0,400.0,5,4,2.0,2.0,Semi Furnished,1,1,"Surabaya Kota, Surabaya",-7.28917,112.734,https://www.rumah123.com/properti/surabaya-surabaya-kota/dijual-rumah-bagus-daerah-kutisari-siap-huni-hos40469106/,rumah123
Rumah Wiyung Dekat Graha Famili Citraland Pakuwon Indah,1800000000,135.0,170.0,3,3,2.0,2.0,Furnished,0,0,"Wiyung, Surabaya",-7.31097,112.698067,https://www.rumah123.com/properti/surabaya-wiyung/rumah-wiyung-dekat-graha-famili-citraland-pakuwon-indah-hos39300341/,rumah123
Dijual Harga Bu Rumah Hitung Tanah dengan Swimming Pool Pakuwon City Dekat Araya Manyar Grand Kenjeran Wisma Permai Pakuwon City Mall Galaxy Mall Klampis Semolo,6900000000,400.0,375.0,3,3,2.0,2.0,,0,0,"Pakuwon City, Surabaya",-7.28917,112.67556,https://www.rumah123.com/properti/surabaya-pakuwon-city/dijual-harga-bu-rumah-hitung-tanah-dengan-swimming-pool-pakuwon-city-dekat-araya-manyar-grand-kenjeran-wisma-permai-hos41905759/,rumah123
Rumah Minimalis Murah Graha Family Dekat Citraland Pakuwon Indah,4750000000,180.0,140.0,3,3,2.0,2.0,Semi Furnished,0,0,"Citraland, Surabaya",-7.309354,112.656548,https://www.rumah123.com/properti/surabaya-citraland/rumah-minimalis-murah-graha-family-dekat-citraland-pakuwon-indah-hos42015520/,rumah123
"Rumah Citraland Dekat Graha Family, Pakuwon Indah",14000000000,437.0,650.0,6,4,3.0,2.0,Semi Furnished,1,1,"Citraland, Surabaya",-7.28917,112.734,https://www.rumah123.com/properti/surabaya-citraland/rumah-citraland-dekat-graha-family-pakuwon-indah-hos16171266/,rumah123
Runah Citraland Dekat Graha Family Pakuwon Indah Wiyung,13900000000,330.0,650.0,5,5,3.0,2.0,Semi Furnished,0,1,"Citraland, Surabaya",-7.309354,112.656548,https://www.rumah123.com/properti/surabaya-citraland/runah-citraland-dekat-graha-family-pakuwon-indah-wiyung-hos41521658/,rumah123
"Rumah di Perum Taman Gunung Anyar, Surabaya",850000000,100.0,70.0,3.0,2,1,,Unfurnished,0,1,"Rungkut, Surabaya",-7.31434,112.800232,https://www.rumah123.com/properti/surabaya-rungkut/rumah-di-perum-taman-gunung-anyar-surabaya-hos42243993/,rumah123
Rumah 2 Lantai Siap Huni - SHM - Lokasi Strategis Surabaya Timur,840000000,51.0,90.0,3.0,2,2,1.0,Unfurnished,0,0,"Dharma Husada, Surabaya",-7.263855,112.775178,https://www.rumah123.com/properti/surabaya-dharma-husada/rumah-siap-huni-shm-2-lt-lokasi-surabaya-timur-hos41912214/,rumah123
Rumah Tinggal di Perumahan Pondok Benowo Indah Kota Surabaya,478197000,107.0,70.0,,1,1,1.0,Unfurnished,0,0,"Pakal, Surabaya",-7.24268,112.62981,https://www.rumah123.com/properti/surabaya-pakal/rumah-tinggal-di-perumahan-pondok-benowo-indah-kota-surabaya-hos41641869/,rumah123
Rumah Tinggal di Perumahan Pondok Benowo Indah Kota Surabaya,478197000,107.0,70.0,,1,1,1.0,Unfurnished,0,0,"Pakal, Surabaya",-7.24268,112.62981,https://www.rumah123.com/properti/surabaya-pakal/rumah-tinggal-di-perumahan-pondok-benowo-indah-kota-surabaya-hos41503322/,rumah123
Rumah 2 Lantai Dekat Bunderan Waru Siap Huni,975000000,77.0,75.0,2.0,2,2,1.0,,1,1,"Surabaya Kota, Surabaya",-7.2771,112.717407,https://www.rumah123.com/properti/surabaya-surabaya-kota/selangkah-ke-tol-bandara-juanda-scandinavian-eksklusif-siap-huni-dan-bebas-banjir-hos42289158/,rumah123
Rumah Scandinavian Bebas Banjir 13 Menit ke Bandara Juanda,975000000,77.0,75.0,2.0,2,2,1.0,,1,1,"Rungkut, Surabaya",-7.31434,112.800232,https://www.rumah123.com/properti/surabaya-rungkut/sisa-2-unit-saja-rumah-scandinavian-bebas-banjir-13-menit-ke-bandara-juanda-hos42288684/,rumah123
Rumah Citraland Utama Sebelah Gwalk Paling Murah di Kelas Nya,3700000000,180.0,185.0,4.0,3,2,,Semi Furnished,1,0,"Citraland, Surabaya",-7.309354,112.656548,https://www.rumah123.com/properti/surabaya-citraland/rumah-citraland-utama-sebelah-gwalk-paling-murah-di-kelas-nya-hos42287620/,rumah123
Rumah Royal Residence Termurah di Kelasnya Siap Huni,4800000000,240.0,285.0,5.0,3,2,,Unfurnished,1,0,"Wiyung, Surabaya",-7.31097,112.698067,https://www.rumah123.com/properti/surabaya-wiyung/rumah-royal-residence-termurah-di-kelasnya-siap-huni-hos42287498/,rumah123
Rumah Baru Gress Citraland Utama Only 3Man Dekat Gwalk,3990000000,179.0,303.0,4.0,3,3,,Unfurnished,1,0,"Citraland, Surabaya",-7.309354,112.656548,https://www.rumah123.com/properti/surabaya-citraland/rumah-baru-gress-citraland-utama-only-3man-dekat-gwalk-hos41307825/,rumah123
Dijual Rumah Medokan Ayu Utara Lokasi Strategis,450000000,35.0,35.0,2.0,1,1,1.0,Unfurnished,1,0,"Rungkut, Surabaya",-7.31434,112.800232,https://www.rumah123.com/properti/surabaya-rungkut/dijual-rumah-medokan-ayu-utara-lokasi-strategis-hos42046215/,rumah123
Dijual Rumah Royal Residence Canal Park Lokasi Strategis,3200000000,136.0,166.0,4.0,3,2,1.0,Unfurnished,1,0,"Wiyung, Surabaya",-7.31097,112.698067,https://www.rumah123.com/properti/surabaya-wiyung/dijual-rumah-royal-residence-canal-park-lokasi-strategis-hos42046282/,rumah123
Dijual Rumah 2 Lantai Minimalis Modern Bukit Palma Citraland,2000000000,120.0,170.0,4.0,4,2,2.0,Unfurnished,1,1,"Citraland, Surabaya",-7.309354,112.656548,https://www.rumah123.com/properti/surabaya-citraland/dijual-rumah-2-lantai-minimalis-modern-bukit-palma-citraland-hos40679924/,rumah123
Dijual Rumah Citraland Taman Puspa Raya,2900000000,128.0,180.0,4.0,3,1,1.0,Unfurnished,1,1,"Citraland, Surabaya",-7.2767258,112.6456814,https://www.rumah123.com/properti/surabaya-citraland/dijual-rumah-citraland-taman-puspa-raya-hos40296406/,rumah123
Di Jual Rumah Minimalis Modern Nirwana Eksekutif,1920000000,105.0,153.0,4.0,4,1,,Unfurnished,0,0,"Rungkut, Surabaya",-7.31434,112.800232,https://www.rumah123.com/properti/surabaya-rungkut/di-jual-rumah-minimalis-modern-nirwana-eksekutif-hos42252967/,rumah123
Rumah Baru 2 Lantai SHM Siap Huni Dekat Kenjeran,990000000,57.0,58.0,3.0,2,2,1.0,Unfurnished,0,1,"Kenjeran, Surabaya",-7.23563,112.786163,https://www.rumah123.com/properti/surabaya-kenjeran/rumah-baru-2-lantai-shm-siap-huni-dekat-kenjeran-hos42231541/,rumah123
Rumah Siap Huni Green Semanggi Mangrove Surabaya Timur Dekat Upn Its di Bawah Harga Developer Dekat Akses Tol,650000000,91.0,45.0,2.0,1,1,1.0,Unfurnished,1,1,"Rungkut, Surabaya",-7.31434,112.800232,https://www.rumah123.com/properti/surabaya-rungkut/nego-berapapun-dipertimbangkan-siap-huni-green-semanggi-mangrove-surabaya-timur-dekat-upn-its-di-bawah-harga-developer-hos42223561/,rumah123
"Rumah Strategis di Kupang Indah, Dukuh Kupang Belakang Jalan Raya",11400000000,878.0,248.0,4.0,2,1,,Unfurnished,0,0,"Dukuh Kupang, Surabaya",-7.282440200000001,112.7107433,https://www.rumah123.com/properti/surabaya-dukuh-kupang/dijual-rumah-strategis-kupang-indah-belakang-jalan-raya-hos42051169/,rumah123
La Riz Wood Pakuwon Indah Pakuwon Mall,9250000000,240.0,290.0,4.0,4,2,,Unfurnished,1,0,"Pakuwon Indah, Surabaya",-7.28921,-7.28921,https://www.rumah123.com/properti/surabaya-pakuwon-indah/la-riz-wood-pakuwon-indah-pakuwon-mall-hos41570680/,rumah123
"Dijual Rumah Hitung Tanah Dharmahusada, Surabaya Timur",24000000000,1345.0,354.0,2.0,2,1,1.0,Unfurnished,1,0,"Dharma Husada, Surabaya",-7.26661,112.768181,https://www.rumah123.com/properti/surabaya-dharma-husada/dijual-rumah-hitung-tanah-dharmahusada-surabaya-timur-hos42371845/,rumah123
"Dijual Rumah Nol Jalan Kawi, Tengah Kota Surabaya",6750000000,634.0,287.0,2.0,2.0,2.0,2.0,Unfurnished,1,0,"Sawahan, Surabaya",-7.26502,112.731003,https://www.rumah123.com/properti/surabaya-sawahan/dijual-rumah-nol-jalan-kawi-tengah-kota-surabaya-hos42164157/,rumah123
"Dijual Rumah 2 Lantai Daerah Kertajaya Indah, Surabaya Timur",5950000000,300.0,400.0,5.0,4.0,2.0,1.0,Unfurnished,1,0,"kertajaya, Surabaya",-7.282603,112.755432,https://www.rumah123.com/properti/surabaya-kertajaya/dijual-rumah-2-lantai-daerah-kertajaya-indah-surabaya-timur-hos41945901/,rumah123
Dijual Rumah 1 Lantai Pusat Kota Surabaya Area Komersial,20000000000,670.0,535.0,2.0,2.0,1.0,2.0,Unfurnished,0,0,"Tegalsari, Surabaya",-7.27355,112.737457,https://www.rumah123.com/properti/surabaya-tegalsari/dijual-rumah-1-lantai-pusat-kota-surabaya-area-komersial-hos42365048/,rumah123
"Dijual Rumah 2 Lantai Daerah Perumahan Graha Famili , Surabaya Barat",15000000000,450.0,500.0,5.0,4.0,2.0,2.0,Unfurnished,1,0,"Dukuh Pakis, Surabaya",-7.29503,112.710739,https://www.rumah123.com/properti/surabaya-dukuh-pakis/dijual-rumah-2-lantai-daerah-perumahan-graha-famili-surabaya-barat-hos41898185/,rumah123
Rumah Komersial Strategis di Jalan Ogan Pusat Kota,4100000000,286.0,204.0,3.0,1.0,1.0,,Unfurnished,0,0,"Raya Darmo, Surabaya",-7.2879,112.73926,https://www.rumah123.com/properti/surabaya-raya-darmo/rumah-komersial-strategis-di-jalan-ogan-pusat-kota-hos16754083/,rumah123
"Rumah di Wisata Bukit Mas, Cluster Alexandria C, Surabaya Barat",3300000000,180.0,260.0,3.0,3.0,2.0,,Unfurnished,1,0,"Wisata Bukit Mas, Surabaya",-7.308962,112.667053,https://www.rumah123.com/properti/surabaya-wisata-bukit-mas/rumah-di-wisata-bukit-mas-cluster-alexandria-c-surabaya-barat-hos42368598/,rumah123
"Rumah Megah Royal Residence Surabaya Barat Dekat Pakuwon Mall, Pintu Tol Gunungsari",12000000000,450.0,1000.0,12.0,7.0,3.0,1.0,,0,0,"Wiyung, Surabaya",,,https://www.rumah123.com/properti/surabaya-wiyung/rumah-megah-royal-residence-surabaya-barat-dekat-pakuwon-mall-pintu-tol-gunungsari-hos15547981/,rumah123
Rumah Graha Famili Gress Dekat Pakuwon Indah Citraland,8900000000,276.0,400.0,4.0,3.0,2.0,2.0,,0,0,"Graha, Surabaya",-7.257472,112.75209,https://www.rumah123.com/properti/surabaya-graha/rumah-graha-famili-gress-dekat-pakuwon-indah-citraland-hos42331150/,rumah123
"Graha Family Dekat Golf View Selangkah ke Ptc Loop,Citraland",13000000000,375.0,350.0,4.0,4.0,2.0,2.0,Semi Furnished,0,0,"Graha, Surabaya",-6.2,106.816666,https://www.rumah123.com/properti/surabaya-graha/graha-family-dekat-golf-view-selangkah-ke-ptc-loopcitraland-hos5919886/,rumah123
Rumah Graha Famili Dekat Pakuwon Indah Citraland Wiyung,18990000000,600.0,700.0,5.0,5.0,2.0,2.0,Semi Furnished,0,0,"Graha, Surabaya",-7.257472,112.75209,https://www.rumah123.com/properti/surabaya-graha/rumah-graha-famili-dekat-pakuwon-indah-citraland-wiyung-hos40234976/,rumah123
Rumah Hunian Satelit Dekat Graha Famili Citraland Pakuwon Indah,8900000000,450.0,600.0,4.0,3.0,2.0,2.0,Semi Furnished,0,1,"Graha, Surabaya",-7.257472,112.75209,https://www.rumah123.com/properti/surabaya-graha/rumah-hunian-satelit-dekat-graha-famili-citraland-pakuwon-indah-hos38848917/,rumah123
Rumah Citraland Dekat Graha Family Pakuwon Indah Wiyung,3750000000,160.0,200.0,4.0,3.0,2.0,2.0,Furnished,0,0,"Citraland, Surabaya",-7.309354,112.656548,https://www.rumah123.com/properti/surabaya-citraland/rumah-citraland-dekat-graha-family-pakuwon-indah-wiyung-hos41843412/,rumah123
Rumah Pakuwon City Dekat Kertajaya Araya Puri Galaxy,6800000000,400.0,600.0,4.0,3.0,2.0,2.0,,0,0,"Pakuwon City, Surabaya",-7.28917,112.67556,https://www.rumah123.com/properti/surabaya-pakuwon-city/rumah-pakuwon-city-dekat-kertajaya-araya-puri-galaxy-hos42331068/,rumah123
Dijual Rumah 2 Lantai Rungkut Harapan - Surabaya Timur,1800000000,80.0,100.0,3.0,2.0,2.0,2.0,Furnished,1,0,"Rungkut, Surabaya",-7.31434,112.800232,https://www.rumah123.com/properti/surabaya-rungkut/dijual-rumah-2-lantai-rungkut-harapan-surabaya-timur-hos42276901/,rumah123
Dijual Rumah Grand Harvest Surabaya Cluster Caspia,1270000000,60.0,80.0,2.0,2.0,2.0,1.0,,0,0,"Wiyung, Surabaya",-7.31097,112.698067,https://www.rumah123.com/properti/surabaya-wiyung/dijual-rumah-grand-harvest-surabaya-cluster-caspia-hos42232371/,rumah123
"Rumah Murah 2 Lantai, dengan Lokasi Strategis di Karah Agung",1200000000,72.0,98.0,3.0,3.0,2.0,1.0,Unfurnished,1,1,"Jambangan, Surabaya",-7.31747,112.71664,https://www.rumah123.com/properti/surabaya-jambangan/rumah-murah-karah-agung-hos41019194/,rumah123
Cocok Untuk Semua Bidang Usaha Rumah Kapas Krampung SHM,17500000000,656.0,200.0,3.0,2.0,2.0,1.0,,0,0,"Kenjeran, Surabaya",-7.23563,112.786163,https://www.rumah123.com/properti/surabaya-kenjeran/cocok-untuk-semua-bidang-usaha-rumah-kapas-krampung-shm-hos40082904/,rumah123
Rumah 1 Lantai Gunung Anyar Emas Baru Siap Huni Row 2 Mobil,1100000000,120.0,120.0,2.0,2.0,1.0,1.0,Unfurnished,1,1,"Gunung Anyar, Surabaya",,,https://www.rumah123.com/properti/surabaya-gunung-anyar/rumah-1-lantai-gunung-anyar-emas-baru-siap-huni-row-2-mobil-hos42325520/,rumah123
Dijual Cepat Rumah Cantik Hook Royal Residence View Danau,2600000000,98.0,125.0,3.0,2.0,2.0,,Unfurnished,1,0,"Surabaya Kota, Surabaya",-7.2771,112.717407,https://www.rumah123.com/properti/surabaya-surabaya-kota/dijual-cepat-rumah-cantik-hook-royal-residence-view-danau-hos42243293/,rumah123
Rumah Dijual Wonocolo,223282000,87.0,80.0,,,,,,0,0,"Wonocolo, Surabaya",-7.3273,112.7372,https://www.rumah123.com/properti/surabaya-wonocolo/rumah-dijual-wonocolo-hos41371728/,rumah123
Rumah Dijual Rungkut,477707600,120.0,91.0,,,,,,0,0,"Rungkut, Surabaya",-7.31434,112.80023,https://www.rumah123.com/properti/surabaya-rungkut/rumah-dijual-rungkut-hos41371726/,rumah123
Tanah Bonus Rumah Medokan Asri Timur Surabaya Dekat Merr,2750000000,325.0,280.0,8.0,4.0,1.0,1.0,Furnished,1,1,"Rungkut, Surabaya",-7.31434,112.800232,https://www.rumah123.com/properti/surabaya-rungkut/rumah-dan-kos-kosan-medokan-asri-timur-surabaya-dekat-merr-hos40283985/,rumah123
Rumah Puri Surya Jaya Cluster Valencia Garden. Harga Jauh Lebih Murah,890000000,159.0,65.0,2.0,1.0,1.0,,Furnished,0,1,"Sidoarjo, Surabaya",-7.450998,112.715439,https://www.rumah123.com/properti/surabaya-sidoarjo/rumah-puri-surya-jaya-cluster-valencia-garden-harga-jauh-lebih-murah-hos42281971/,rumah123
Jarang Ada! Rumah Siap Huni Nirwana Ekeskutif,2300000000,160.0,85.0,3.0,2.0,1.0,1.0,Semi Furnished,0,0,"Surabaya Kota, Surabaya",-7.2771,112.717407,https://www.rumah123.com/properti/surabaya-surabaya-kota/jarang-ada-rumah-siap-huni-nirwana-ekeskutif-hos42282016/,rumah123
Turun Harga! Rumah Minimalist 2Lt Pakal Madya Asri,1600000000,89.0,128.0,3.0,3.0,2.0,1.0,Semi Furnished,0,0,"Pakal, Surabaya",-7.24268,112.629807,https://www.rumah123.com/properti/surabaya-pakal/turun-harga-rumah-minimalist-2lt-pakal-madya-asri-hos42281923/,rumah123
Dijual Rumah 2 Lantai Royal Park Citraland,3700000000,180.0,185.0,4.0,2.0,2.0,1.0,Semi Furnished,0,1,"Lakarsantri, Surabaya",-7.30073,112.63566,https://www.rumah123.com/properti/surabaya-lakarsantri/dijual-rumah-2-lantai-royal-park-citraland-hos42281332/,rumah123
Rumah Cantik Luas Murah bisa KPR Rungkut,680000000,100.0,60.0,3.0,1.0,1.0,1.0,Unfurnished,1,1,"Rungkut, Surabaya",-7.31434,112.80023,https://www.rumah123.com/properti/surabaya-rungkut/rumah-cantik-luas-murah-bisa-kpr-rungkut-hos17765164/,rumah123
Rumah Perum Grand Tirta Agung,525000000,36.0,60.0,2.0,2.0,2.0,1.0,Unfurnished,0,0,"Gununganyar, Surabaya",-7.33182,112.80822,https://www.rumah123.com/properti/surabaya-gununganyar/rumah-perum-grand-tirta-agung-hos9723010/,rumah123
Jual Rumah Hook Semifurnished Jemur Andayani,11000000000,499.0,510.0,7.0,6.0,2.0,1.0,Semi Furnished,0,0,"Wonocolo, Surabaya",-7.3273,112.737198,https://www.rumah123.com/properti/surabaya-wonocolo/jual-rumah-hook-semifurnished-jemur-andayani-hos41890208/,rumah123
Jual Rumah Semifurnished Lebar 9M di Sutorejo,3550000000,157.0,250.0,3.0,4.0,2.0,2.0,Semi Furnished,0,0,"Mulyorejo, Surabaya",-7.268509,112.784072,https://www.rumah123.com/properti/surabaya-mulyorejo/jual-rumah-semifurnished-lebar-9m-di-sutorejo-hos42028184/,rumah123
Dijual Rumah Kandangan Rejo Surabaya Barat,350000000,62.0,62.0,2.0,1.0,1.0,1.0,Unfurnished,1,0,"Surabaya Kota, Surabaya",-7.2771,112.717407,https://www.rumah123.com/properti/surabaya-surabaya-kota/dijual-rumah-kandangan-rejo-surabaya-barat-hos41399113/,rumah123
"Dijual Rumah Hook Nginden Intan Timur Siap Huni Row Jalan 4 Mobil,Surabaya",4900000000,306.0,320.0,6.0,4.0,2.0,1.0,Unfurnished,1,1,"Nginden, Surabaya",-7.29974,112.767357,https://www.rumah123.com/properti/surabaya-nginden/dijual-rumah-hook-nginden-intan-timur-siap-huni-row-jalan-4-mobilsurabaya-hos42361774/,rumah123
Dijual Rumah Regency One East Point Tinggal Bawa Koper Surabaya,1500000000,45.0,65.0,2.0,2.0,2.0,1.0,Unfurnished,1,1,"Babatan, Surabaya",-7.307856,112.682434,https://www.rumah123.com/properti/surabaya-babatan/dijual-rumah-regency-oneeast-point-tinggal-bawa-koper-surabaya-hos42362187/,rumah123
Modern Luxury Home For Sale Cluster Woodland Citraland - Surabaya Barat,4700000000,162.0,250.0,4.0,5.0,1.0,,Unfurnished,0,0,"Citraland, Surabaya",-7.3093542,112.6565456,https://www.rumah123.com/properti/surabaya-citraland/modern-luxury-home-for-sale-cluster-woodland-citraland-surabaya-barat-hos42342369/,rumah123
Murah Poll Rumah Northwest Park Nwp SHM Hadap Selatan Citraland,1650000000,120.0,100.0,3.0,2.0,2.0,2.0,Unfurnished,1,1,"Citraland, Surabaya",-7.28917,112.734,https://www.rumah123.com/properti/surabaya-citraland/murah-poll-rumah-northwest-park-nwp-shm-hadap-selatan-citraland-hos42307071/,rumah123
"Dijual Rumah Grand Sunrise, Cluster Eclipse, Menganti, Gresik",1200000000,90.0,80.0,3.0,1.0,1.0,,Unfurnished,0,0,"Menganti, Surabaya",-7.294023,112.587967,https://www.rumah123.com/properti/surabaya-menganti/dijual-rumah-grand-sunrise-cluster-eclipse-menganti-gresik-hos39910750/,rumah123
Rumah The Gayungsari Siap Huni SHM 2 Lantai,8500000000,286.0,400.0,8.0,4.0,2.0,2.0,Semi Furnished,1,1,"Gayungan, Surabaya",-7.33,112.726021,https://www.rumah123.com/properti/surabaya-gayungan/rumah-the-gayungsari-siap-huni-shm-2-lantai-hos41895365/,rumah123
Citraland Greenlake Baru Renov Bagus Semi Interior Furnish Murah,6500000000,264.0,294.0,4.0,3.0,2.0,2.0,Semi Furnished,1,1,"Lakarsantri, Surabaya",-7.30073,112.63566,https://www.rumah123.com/properti/surabaya-lakarsantri/citraland-greenlake-baru-renov-bagus-semi-interior-furnish-murah-hos42246817/,rumah123
Rumah Ada Kolam Renang Pribadi Citraland Dekat Ciputra University,7950000000,300.0,400.0,4.0,3.0,2.0,2.0,Furnished,1,1,"Citraland, Surabaya",-7.309354,-7.309354,https://www.rumah123.com/properti/surabaya-citraland/rumah-dengan-kolam-renang-pribadi-di-citraland-dekat-ciputra-university-hos42358841/,rumah123
Dijual Rumah Baruk Utara Strategis Selangkah Menuju Merr,1700000000,180.0,116.0,2.0,1.0,1.0,1.0,Unfurnished,1,1,"Rungkut, Surabaya",-7.31434,112.800232,https://www.rumah123.com/properti/surabaya-rungkut/dijual-rumah-baruk-utara-strategis-selangkah-menuju-merr-hos42289428/,rumah123
Dijual Rumah Graha Family Golf View Lengkap dengan Pool,43500000000,900.0,850.0,5,5,2,2.0,Semi Furnished,1,1,"Wiyung, Surabaya",-7.31097,112.698067,https://www.rumah123.com/properti/surabaya-wiyung/dijual-rumah-graha-family-golf-view-lengkap-dengan-pool-hos42290586/,rumah123
Dijual Rumah Bukit Golf Citraland Surabaya Rumah Baru,9500000000,300.0,500.0,5,6,2,2.0,Semi Furnished,1,1,"Surabaya Kota, Surabaya",-7.2771,112.717407,https://www.rumah123.com/properti/surabaya-surabaya-kota/dijual-rumah-bukit-golf-citraland-ge-610-surabaya-jawa-timur-hos42297892/,rumah123
Dijual Rumah Alam Hijau Citraland Siap Huni Rumah Baru,3300000000,120.0,195.0,4,4,2,2.0,Unfurnished,1,0,"Surabaya Kota, Surabaya",-7.2771,112.717407,https://www.rumah123.com/properti/surabaya-surabaya-kota/dijual-rumah-alam-hijau-f116-surabaya-jawa-timur-hos42298944/,rumah123
Dijual Via Lelang Rumah Perum. Vila Valensia Blok Pa 10 No.10,2310000000,167.0,240.0,3,2,2,,Furnished,1,0,"Wiyung, Surabaya",-7.31097,112.698067,https://www.rumah123.com/properti/surabaya-wiyung/dijual-via-lelang-rumah-perum-vila-valensia-blok-pa-10-no10-hos41287713/,rumah123
Still Nego! Full Furnished Tinggal Bawa Koper Griya Galaxy,3500000000,126.0,150.0,4,4,2,1.0,Furnished,1,0,"Surabaya Kota, Surabaya",-7.308587790475002,112.79372172403976,https://www.rumah123.com/properti/surabaya-surabaya-kota/dijual-rumah-full-furnished-griya-galaxy-hos42260540/,rumah123
Rumah Ketintang Karah Dekat Gayungsari Kebonsari Polda Surabaya Selatan,2200000000,128.0,132.0,5,4,2,,Unfurnished,1,1,"Ketintang, Surabaya",-7.31682,112.728,https://www.rumah123.com/properti/surabaya-ketintang/rumah-ketintang-karah-dekat-gayungsari-kebonsari-polda-surabaya-selatan-hos12474034/,rumah123
New American Classic Pondok Mutiara Regency,2600000000,160.0,250.0,5,5,2,2.0,Semi Furnished,0,0,"Sidoarjo, Surabaya",-7.450998,112.715439,https://www.rumah123.com/properti/surabaya-sidoarjo/new-american-classic-pondok-mutiara-regency-hos42291263/,rumah123
Rumah Dian Istana Turun Harga! Semi Furnished Siap Huni,3000000000,105.0,160.0,4,4,2,2.0,Semi Furnished,0,0,"Surabaya Kota, Surabaya",-7.2771,112.717407,https://www.rumah123.com/properti/surabaya-surabaya-kota/rumah-dian-istana-turun-harga-semi-furnished-siap-huni-hos42291034/,rumah123
"Rumah Bagus 2 Lantai, Strategis di Taman Pondok Indah Wiyung",1200000000,84.0,160.0,4,1,2,,Unfurnished,0,1,"Wiyung, Surabaya",-7.31097,-7.31097,https://www.rumah123.com/properti/surabaya-wiyung/taman-pondok-indah-wiyung-hos42150126/,rumah123
Dijual Rumah Pakuwon City 2 Lantai Siap Huni,3000000000,128.0,144.0,3,3,2,,Unfurnished,1,0,"Pakuwon City, Surabaya",-7.28917,112.67556,https://www.rumah123.com/properti/surabaya-pakuwon-city/dijual-rumah-pakuwon-city-2-lantai-siap-huni-hos42082736/,rumah123
Dijual Rumah Royal Residence Green Wich Hook,2950000000,100.0,125.0,4,3,2,,Unfurnished,1,0,"Wiyung, Surabaya",-7.31097,112.698067,https://www.rumah123.com/properti/surabaya-wiyung/dijual-rumah-royal-residence-green-wich-hook-hos42085004/,rumah123
Rumah Usaha Murah Jalan Raya Citraland,9000000000,330.0,550.0,5,4,2,2.0,Semi Furnished,1,1,"Citraland, Surabaya",-7.309354,112.656548,https://www.rumah123.com/properti/surabaya-citraland/rumah-usaha-murah-jalan-raya-citraland-hos42242817/,rumah123
"Kendangsari Hitung Tanah Pasti Murah, Dekat Jalan Raya",2510000000,385.0,177.0,4,3,1,,,0,0,"Kendangsari, Surabaya",-7.32409,112.75025,https://www.rumah123.com/properti/surabaya-kendangsari/kendangsari-hitung-tanah-pasti-murah-dekat-jalan-raya-hos42192254/,rumah123
Rumah Usaha Hitung Tanah Daerah Kendangsari Raya,3800000000,386.0,480.0,6,4,2,4.0,Semi Furnished,1,1,"Kendangsari, Surabaya",-7.324420423346666,112.75090276437402,https://www.rumah123.com/properti/surabaya-kendangsari/rumah-usaha-hitung-tanah-daerah-kendangsari-raya-hos42235316/,rumah123
Termurah Rumah Citraland Northwest Park 600Jtan Saja,675000000,72.0,36.0,1,1,1,1.0,Unfurnished,1,0,"Citraland, Surabaya",-7.309354,112.656548,https://www.rumah123.com/properti/surabaya-citraland/termurah-rumah-citraland-northwest-park-600jtan-saja-hos42091312/,rumah123
Rumah Baru Mewah Citraland Dekat Gwalk 4 Kamar Tidur,4800000000,150.0,250.0,4,4,2,1.0,Unfurnished,1,0,"Citraland, Surabaya",-7.309354,112.656548,https://www.rumah123.com/properti/surabaya-citraland/rumah-baru-mewah-citraland-dekat-gwalk-4-kamar-tidur-hos42192046/,rumah123
Rumah Baru Mewah American Style Citraland Dekat Gwalk 4 Kamar,2100000000,96.0,127.0,4,3,2,2.0,Unfurnished,1,1,"Citraland, Surabaya",-7.28917,112.734,https://www.rumah123.com/properti/surabaya-citraland/rumah-baru-mewah-american-style-citraland-dekat-gwalk-4-kamar-hos13170226/,rumah123
Dijual Via Lelang Rumah Perum. Vila Valensia Blok Pa 10 No.10,3400000000,167.0,240.0,4,2,2,,Unfurnished,1,0,"Wiyung, Surabaya",-7.31097,112.698067,https://www.rumah123.com/properti/surabaya-wiyung/dijual-via-lelang-rumah-perum-vila-valensia-blok-pa-10-no10-hos42181182/,rumah123
Dijual Via Lelang Rumah Siap Huni di Pantai Mentari Blok Th,1650000000,120.0,120.0,3,2,1,,Unfurnished,0,0,"Surabaya Kota, Surabaya",-7.2771,112.717407,https://www.rumah123.com/properti/surabaya-surabaya-kota/dijual-via-lelang-rumah-siap-huni-di-pantai-mentari-blok-th-hos42182210/,rumah123
Rumah 1 Lantai Siap Huni Gading Indah Dekat Kenjeran Suramadu Mulyosari,830000000,90.0,80.0,2,1,1,1.0,,1,0,"Kenjeran, Surabaya",-7.23563,112.786163,https://www.rumah123.com/properti/surabaya-kenjeran/rumah-1-lantai-siap-huni-gading-indah-dekat-kenjeran-suramadu-mulyosari-hos40092022/,rumah123
"Rumah Murah Aset Bank Syariah Nasional di Kota Surabaya, Surabaya",1428000000,72.0,55.0,2.0,1,1.0,,Unfurnished,0,0,"Rungkut, Surabaya",-7.31434,112.80023,https://www.rumah123.com/properti/surabaya-rungkut/rumah-murah-aset-bank-syariah-nasional-di-kota-surabaya-surabaya-hos41544569/,rumah123
Rumah Tinggal Perumahan Gunung Sari Indah,1290000000,132.0,110.0,1.0,1,1.0,,,0,0,"Karangpilang, Surabaya",-7.34304,112.697388,https://www.rumah123.com/properti/surabaya-karangpilang/rumah-tinggal-perumahan-gunung-sari-indah-hos39472795/,rumah123
Rumah Tinggal Kutisari Indah,2700000000,240.0,224.0,1.0,1,2.0,,Unfurnished,0,0,"Tenggilis Mejoyo, Surabaya",-7.31943,112.755386,https://www.rumah123.com/properti/surabaya-tenggilis-mejoyo/rumah-tinggal-kutisari-indah-hos40832475/,rumah123
Rumah Tinggal Simo Gunung Barat,1870000000,159.0,239.0,1.0,1,1.0,,,0,0,"Sukomanunggal, Surabaya",-7.26548,112.698799,https://www.rumah123.com/properti/surabaya-sukomanunggal/rumah-tinggal-simo-gunung-barat-hos39369811/,rumah123
"AYDA Rumah di Kota Surabaya, Jawa Timur",12600000000,1250.0,310.0,1.0,1,2.0,,,0,0,"Rungkut Industri, Surabaya",-7.32676,112.754173,https://www.rumah123.com/properti/surabaya-rungkut-industri/ayda-rumah-di-kota-surabaya-jawa-timur-hos19498451/,rumah123
Rumah Tinggal Taman Pondok Indah Surabaya,1770000000,250.0,174.0,1.0,1,1.0,,,0,1,"Wiyung, Surabaya",-7.31097,112.698067,https://www.rumah123.com/properti/surabaya-wiyung/rumah-tinggal-taman-pondok-indah-surabaya-hos39033324/,rumah123
Rumah Tinggal Kartomenanggal 5A,5840000000,516.0,756.0,1.0,1,1.0,,,0,0,"Gayungan, Surabaya",-7.33,112.726021,https://www.rumah123.com/properti/surabaya-gayungan/rumah-tinggal-kartomenanggal-5a-hos39867068/,rumah123
"Dijual Rumah Luas, Ekonomis, Strategis di Manyar Surabaya Timur Dekat Untag, Nginden, Merr, Kertajaya",14500000000,1785.0,1000.0,11.0,5,,15.0,,0,0,"Manyar, Surabaya",-7.28724,-7.28724,https://www.rumah123.com/properti/surabaya-manyar/dijual-rumah-luas-ekonomis-strategis-di-manyar-surabaya-timur-dekat-untag-nginden-merr-kertajaya-hos41248448/,rumah123
"Dijual Rumah Siap Huni di Taman Pondok Indah Wiyung, Surabaya Barat, Dekat Pakuwon Mall, Too Gunungsari, National Hospital, Unesa",1800000000,180.0,70.0,3.0,1,,,,0,1,"Wiyung, Surabaya",-7.31097,-7.31097,https://www.rumah123.com/properti/surabaya-wiyung/dijual-rumah-siap-huni-di-taman-pondok-indah-wiyung-surabaya-barat-dekat-pakuwon-mall-too-gunungsari-national-hospital-hos41773261/,rumah123
"Dijual Rumah Luas, Row Jalan Lebar, Harga Ekonomis di Nirwana Executive, Surabaya Timur Dekat Merr, Stikom, Rungkut",2300000000,230.0,148.0,3.0,2,,3.0,,0,0,"Rungkut, Surabaya",-7.31434,-7.31434,https://www.rumah123.com/properti/surabaya-rungkut/dijual-rumah-luas-row-jalan-lebar-harga-ekonomis-di-nirwana-executive-surabaya-timur-dekat-merr-stikom-rungkut-hos42314802/,rumah123
"Dijual Cepat Rumah Alam Galaxy D5, Surabaya",1400000000,96.0,75.0,,2,1.0,,Unfurnished,0,0,"Pakuwon Indah, Surabaya",-7.28921,112.674469,https://www.rumah123.com/properti/surabaya-pakuwon-indah/dijual-cepat-rumah-alam-galaxy-d5-surabaya-hos39269792/,rumah123
Rumah Hitung Tanah Bronggalan Pacar Kembang Tambaksari Surabaya,950000000,106.0,86.0,3.0,1,1.0,,Unfurnished,0,0,"Tambaksari, Surabaya",-7.25371,112.753212,https://www.rumah123.com/properti/surabaya-tambaksari/rumah-hitung-tanah-bronggalan-pacar-kembang-tambaksari-surabaya-hos42351483/,rumah123
Turun Harga For Sale Rumah di Bakti Husada,5300000000,278.0,320.0,4.0,3,1.0,1.0,Furnished,0,0,"Surabaya Kota, Surabaya",-7.2671407782643,112.76564652136,https://www.rumah123.com/properti/surabaya-surabaya-kota/turun-harga-for-sale-rumah-di-bakti-husada-hos18938746/,rumah123
"Rumah Griya Babatan Mukti Hook, Row Jalan Lebar",2290000000,204.0,150.0,3.0,1,1.0,1.0,Unfurnished,0,1,"Wiyung, Surabaya",-7.31097,-7.31097,https://www.rumah123.com/properti/surabaya-wiyung/rumah-griya-babatan-mukti-hook-row-jalan-lebar-hos18961832/,rumah123
Rumah Siap Huni Depan Taman Swimming Pool Pelican Hill Citraland,4950000000,180.0,189.0,4.0,3,2.0,2.0,Furnished,1,1,"Citraland, Surabaya",-7.309354,112.656548,https://www.rumah123.com/properti/surabaya-citraland/rumah-siap-huni-depan-taman-swimming-pool-pelican-hill-citraland-hos42316617/,rumah123
Dijual Rumah Sutorejo Zona Komersil Dekat Pusat Bisnis,12500000000,369.0,400.0,3.0,3,1.0,1.0,Unfurnished,1,1,"Mulyorejo, Surabaya",-7.27049,112.780548,https://www.rumah123.com/properti/surabaya-mulyorejo/dijual-rumah-sutorejo-zona-komersil-dekat-pusat-bisnis-hos42300393/,rumah123
Home Stay Mewah 2 Lantai Bagus Plus Furnish Dan Electronics SHM Dekat Its Dan Unair Surabaya,39000000000,1200.0,1300.0,23.0,23,2.0,5.0,Furnished,1,1,"Surabaya Kota, Surabaya",-7.2771,112.71741,https://www.rumah123.com/properti/surabaya-surabaya-kota/home-stay-mewah-2-lantai-bagus-plus-furnish-dan-electronics-shm-dekat-its-dan-unair-surabaya-hos9235317/,rumah123
Rumah Harga Termurah di Kelasnya di Northwestpark Citraland,1650000000,120.0,105.0,3.0,2,2.0,1.0,,0,0,"Citraland, Surabaya",-7.309354,112.656548,https://www.rumah123.com/properti/surabaya-citraland/rumah-harga-termurah-di-kelas-ny-di-northwestpark-citraland-hos42306967/,rumah123
"Rumah Baru Gress American Style Dian Istana Hanya 2,4Man",2440000000,90.0,132.0,3.0,3,2.0,2.0,Unfurnished,1,1,"HR Muhammad, Surabaya",-7.284881,112.694695,https://www.rumah123.com/properti/surabaya-hr-muhammad/rumah-baru-gress-american-style-dian-istana-hanya-24man-hos42285726/,rumah123
"Rumah Murah, Luas dan Minimalis di Sidosermo Pdk Surabaya Selatan",4100000000,400.0,400.0,4.0,3,2.0,2.0,Unfurnished,1,1,"Surabaya Kota, Surabaya",-7.2771,112.717407,https://www.rumah123.com/properti/surabaya-surabaya-kota/dijual-rumah-sidosermo-pdk-surabaya-selatan-murah-luas-tanah-gede-rumah-minimalis-hos42196650/,rumah123
"Rumah Mewah, Baru Gress Siap Huni, SHM di Galaksi Bumi Permai",5100000000,186.0,350.0,5.0,5.0,2.0,2.0,Unfurnished,1,1,"Surabaya Kota, Surabaya",-7.28917,112.734,https://www.rumah123.com/properti/surabaya-surabaya-kota/baru-gress-siap-huni-shm-di-galaksi-bumi-permai-hos42302180/,rumah123
Rumah Baru High Qualitas Jalan Utama Galaxy Bumi Permai Araya Surabaya,5300000000,180.0,280.0,5.0,6.0,2.0,2.0,Unfurnished,1,1,"Semolowaru, Surabaya",-7.30105,112.77856,https://www.rumah123.com/properti/surabaya-semolowaru/rumah-baru-high-qualitas-jalan-utama-galaxy-bumi-permai-araya-surabaya-hos41191143/,rumah123
Nego Rumah Tengah Kota Surabaya Free Furnish Mepet Untag & Merr,4900000000,264.0,326.0,4.0,4.0,2.0,2.0,Unfurnished,1,1,"Manyar, Surabaya",-7.28724,112.739052,https://www.rumah123.com/properti/surabaya-manyar/rumah-mewah-tengah-kota-surabaya-free-furnish-mepet-untag-merr-hos41810626/,rumah123
Rumah Mewah Citraland Utama Selat Golf Ada Private Pool,35000000000,1230.0,1000.0,10.0,9.0,2.0,4.0,Unfurnished,1,1,"Pakuwon Indah, Surabaya",-7.28921,112.674469,https://www.rumah123.com/properti/surabaya-pakuwon-indah/rumah-mewah-citraland-utama-selat-golf-ada-private-pool-hos41652362/,rumah123
Dijual Rumah Forest Mansion Full Furnished + Private Pool,3500000000,180.0,250.0,4.0,3.0,2.0,,Furnished,1,0,"Menganti, Surabaya",-7.294023,112.587967,https://www.rumah123.com/properti/surabaya-menganti/dijual-rumah-forest-mansion-full-furnished-private-pool-hos42231941/,rumah123
Dijual Rumah Grand Harvest Surabaya Cluster Caspia - Siap Huni,1250000000,60.0,80.0,2.0,2.0,2.0,,Unfurnished,1,0,"Kebraon, Surabaya",-7.3305,112.704071,https://www.rumah123.com/properti/surabaya-kebraon/dijual-rumah-grand-harvest-surabaya-cluster-caspia-siap-huni-hos42231957/,rumah123
Rumah Usaha Termurah Raya Telaga Utama Citraland Superindo,11200000000,480.0,300.0,4.0,4.0,2.0,2.0,Unfurnished,1,1,"Citraland, Surabaya",-7.309354,112.656548,https://www.rumah123.com/properti/surabaya-citraland/rumah-usaha-termurah-raya-telaga-utama-citraland-superindo-hos42231802/,rumah123
Gudang & Office Ciamiik Pooll Siap Pakai di Rungkut Industri SIER Surabaya,8900000,9950.0,6831.0,,,,,,0,0,"Rungkut Industri, Surabaya",,,https://www.rumah123.com/properti/surabaya-rungkut-industri/gudang-office-ciamiik-pooll-siap-pakai-di-rungkut-industri-sier-surabaya-hos16129119/,rumah123
Rumah Murah North West Park Citraland Utara Surabaya,1050000000,50.0,68.0,3.0,2.0,2.0,1.0,Unfurnished,1,1,"Citraland, Surabaya",-7.28917,112.734,https://www.rumah123.com/properti/surabaya-citraland/rumah-murah-north-west-park-citraland-utara-surabaya-hos14325521/,rumah123
"Dijual Rumah 2 Lantai Villa Bukit Mas, Surabaya Barat",6500000000,281.0,500.0,8.0,6.0,2.0,3.0,Unfurnished,1,0,"Dukuh Pakis, Surabaya",-7.29503,112.710739,https://www.rumah123.com/properti/surabaya-dukuh-pakis/dijual-rumah-2-lantai-villa-bukit-mas-surabaya-barat-hos41828744/,rumah123
"Dijual Rumah 2 Lantai Cluster Raffles Garden, Perumahan Citraland, Surabaya Barat",8500000000,330.0,425.0,5.0,6.0,2.0,2.0,Unfurnished,1,1,"Citraland, Surabaya",-7.309354,112.656548,https://www.rumah123.com/properti/surabaya-citraland/dijual-rumah-2-lantai-cluster-raffles-garden-perumahan-citraland-surabaya-barat-hos42200985/,rumah123
"Dijual Rumah 3 Lantai Perumahan Citraland Cluster Puri Widya Kencana, Surabaya Barat",8600000000,210.0,500.0,6.0,7.0,3.0,2.0,Unfurnished,1,0,"Citraland, Surabaya",-7.309354,112.656548,https://www.rumah123.com/properti/surabaya-citraland/dijual-rumah-3-lantai-perumahan-citraland-cluster-puri-widya-kencana-surabaya-barat-hos42050742/,rumah123
"Dijual Cepat Rumah Kupang Indah, Surabaya Barat",8900000000,528.0,650.0,8.0,3.0,2.0,3.0,Unfurnished,1,0,"Dukuh Pakis, Surabaya",-7.29503,112.710739,https://www.rumah123.com/properti/surabaya-dukuh-pakis/dijual-cepat-rumah-kupang-indah-surabaya-barat-hos42372201/,rumah123
"Dijual Rumah 2 Lantai Bukit Golf Internasional, Citraland",7950000000,300.0,400.0,5.0,4.0,2.0,2.0,Furnished,1,0,"Citraland, Surabaya",-7.309354,112.656548,https://www.rumah123.com/properti/surabaya-citraland/dijual-rumah-2-lantai-bukit-golf-internasional-citraland-hos42378574/,rumah123
"Dijual Rumah 3 Lantai Cluster Woodland, Perumahan Citraland, Surabaya Barat",6250000000,162.0,360.0,5.0,5.0,3.0,2.0,Unfurnished,1,0,"Citraland, Surabaya",-7.309354,112.656548,https://www.rumah123.com/properti/surabaya-citraland/dijual-rumah-3-lantai-cluster-woodland-perumahan-citraland-surabaya-barat-hos42232314/,rumah123
"Dijual Rumah 2,5 Lantai Cluster Raffles Garden, Perumahan Citraland, Surabaya Barat",12000000000,367.0,550.0,5.0,6.0,2.0,2.0,Unfurnished,1,1,"Citraland, Surabaya",-7.309354,112.656548,https://www.rumah123.com/properti/surabaya-citraland/dijual-rumah-25-lantai-cluster-raffles-garden-perumahan-citraland-surabaya-barat-hos42232428/,rumah123
"Dijual Rumah 2 Lantai Perumahan Citraland Utama, Surabaya Barat",4250000000,180.0,220.0,5.0,4.0,2.0,2.0,Unfurnished,1,0,"Citraland, Surabaya",-7.309354,112.656548,https://www.rumah123.com/properti/surabaya-citraland/dijual-rumah-2-lantai-perumahan-citraland-utama-surabaya-barat-hos42071317/,rumah123
"Dijual Rumah 2,5 Lantai Cluster Internasional Village Perumahan Citraland, Surabaya Barat",3990000000,179.0,303.0,5.0,4.0,2.0,2.0,Unfurnished,1,0,"Citraland, Surabaya",-7.309354,112.656548,https://www.rumah123.com/properti/surabaya-citraland/dijual-rumah-25-lantai-cluster-internasional-village-perumahan-citraland-surabaya-barat-hos42071467/,rumah123
"Dijual Rumah 2 Lantai Perumahan Citraland Utama, Surabaya Barat",4250000000,180.0,220.0,5.0,4.0,2.0,2.0,Unfurnished,1,0,"Citraland, Surabaya",-7.309354,112.656548,https://www.rumah123.com/properti/surabaya-citraland/dijual-rumah-2-lantai-perumahan-citraland-utama-surabaya-barat-hos41870002/,rumah123
"Dijual Rumah 3,5 Lantai Cluster Raffles Garden, Perumahan Citraland, Surabaya Barat",13500000000,375.0,970.0,8.0,6.0,3.0,2.0,Semi Furnished,1,1,"Citraland, Surabaya",-7.309354,112.656548,https://www.rumah123.com/properti/surabaya-citraland/dijual-rumah-35-lantai-cluster-raffles-garden-perumahan-citraland-surabaya-barat-hos42183351/,rumah123
"Dijual Rumah 2 Lantai Perumahan Graha Family, Surabaya Barat",13500000000,375.0,500.0,5,5,2,2,Semi Furnished,1,0,"Dukuh Pakis, Surabaya",-7.29503,112.710739,https://www.rumah123.com/properti/surabaya-dukuh-pakis/dijual-rumah-2-lantai-perumahan-graha-family-surabaya-barat-hos42182851/,rumah123
"Dijual Rumah 2 Lantai Perumahan Graha Family, Surabaya Barat",13500000000,375.0,500.0,5,5,2,2,Unfurnished,1,0,"Dukuh Pakis, Surabaya",-7.29503,112.710739,https://www.rumah123.com/properti/surabaya-dukuh-pakis/dijual-rumah-2-lantai-perumahan-graha-family-surabaya-barat-hos42181839/,rumah123
"Dijual Rumah 4 Lantai Cluster Fullerton Perumahan Citraland, Surabaya Barat",10000000000,210.0,640.0,6,7,4,2,Unfurnished,1,0,"Citraland, Surabaya",-7.309354,112.656548,https://www.rumah123.com/properti/surabaya-citraland/dijual-rumah-4-lantai-cluster-fullerton-perumahan-citraland-surabaya-barat-hos42037149/,rumah123
"Dijual Rumah Baru 2 Lantai Perumahan Citraland, Surabaya Barat",7000000000,210.0,450.0,6,7,2,2,Unfurnished,1,0,"Citraland, Surabaya",-7.309354,112.656548,https://www.rumah123.com/properti/surabaya-citraland/dijual-rumah-baru-2-lantai-perumahan-citraland-surabaya-barat-hos41886564/,rumah123
"Dijual Rumah 3 Lantai Cluster Woodland Perumahan Citraland, Surabaya Barat",5900000000,230.0,360.0,7,7,3,2,Unfurnished,1,0,"Citraland, Surabaya",-7.309354,112.656548,https://www.rumah123.com/properti/surabaya-citraland/dijual-rumah-3-lantai-cluster-woodland-perumahan-citraland-surabaya-barat-hos42138743/,rumah123
"Dijual Rumah 3 Lantai Perumahan Citraland, Surabaya Barat",10500000000,300.0,665.0,6,6,3,2,Unfurnished,1,0,"Citraland, Surabaya",-7.309354,112.656548,https://www.rumah123.com/properti/surabaya-citraland/dijual-rumah-3-lantai-perumahan-citraland-surabaya-barat-hos42041470/,rumah123
"Dijual Rumah New Gress Perumahan Citraland Utama, Surabaya Barat",12000000000,264.0,200.0,6,8,2,2,Unfurnished,1,0,"Citraland, Surabaya",-7.309354,112.656548,https://www.rumah123.com/properti/surabaya-citraland/dijual-rumah-new-gress-perumahan-citraland-utama-surabaya-barat-hos41941696/,rumah123
"Dijual Rumah 2 Lantai Perumahan Graha Family, Surabaya Barat",13000000000,360.0,390.0,5,4,2,1,Unfurnished,1,0,"Dukuh Pakis, Surabaya",-7.29503,112.710739,https://www.rumah123.com/properti/surabaya-dukuh-pakis/dijual-rumah-2-lantai-perumahan-graha-family-surabaya-barat-hos41893374/,rumah123
"Dijual Rumah 2 Lantai Villa Bukit Mas, Surabaya Barat",6500000000,312.0,400.0,5,4,2,2,Furnished,1,1,"Dukuh Pakis, Surabaya",-7.29503,112.710739,https://www.rumah123.com/properti/surabaya-dukuh-pakis/dijual-rumah-2-lantai-villa-bukit-mas-surabaya-barat-hos41840907/,rumah123
Dijual Rumah Woodland Citraland Baru Gress 3Lt 4Kt Modern Minimalis,4825000000,153.0,326.0,4,5,3,2,Unfurnished,1,1,"Citraland, Surabaya",-7.309354,-7.309354,https://www.rumah123.com/properti/surabaya-citraland/dijual-rumah-citraland-utama-baru-gress-3lt-4kt-modern-minimalis-hos42064746/,rumah123
"Dijual Rumah Mewah Perumahan Citraland, Surabaya Barat",6500000000,276.0,320.0,5,4,2,2,Furnished,1,0,"Citraland, Surabaya",-7.309354,112.656548,https://www.rumah123.com/properti/surabaya-citraland/dijual-rumah-mewah-perumahan-citraland-surabaya-barat-hos42244926/,rumah123
"Dijual Rumah Daerah Cluster Somerset, Perumahan Citraland, Surabaya Barat",5500000000,240.0,390.0,5,4,2,2,Unfurnished,1,0,"Citraland, Surabaya",-7.309354,112.656548,https://www.rumah123.com/properti/surabaya-citraland/dijual-rumah-daerah-cluster-somerset-perumahan-citraland-surabaya-barat-hos42245046/,rumah123
"Dijual Rumah2 Lantai New Gress Cluster Sommerset Citraland, Surabaya Barat",9500000000,300.0,600.0,6,6,2,2,Unfurnished,1,0,"Citraland, Surabaya",-7.309354,112.656548,https://www.rumah123.com/properti/surabaya-citraland/dijual-rumah2-lantai-new-gress-cluster-sommerset-citraland-surabaya-barat-hos41956540/,rumah123
"Dijual Rumah 2,5 Lantai Jalan Raya Citraland, Surabaya Barat",13990000000,437.0,600.0,6,4,2,2,Unfurnished,1,0,"Citraland, Surabaya",-7.309354,112.656548,https://www.rumah123.com/properti/surabaya-citraland/dijual-rumah-25-lantai-jalan-raya-citraland-surabaya-barat-hos42342947/,rumah123
"Dijual Rumah 2 Lantai Minimalis Graha Famili, Surabaya Barat",15000000000,450.0,600.0,5,4,2,2,Unfurnished,1,0,"Dukuh Pakis, Surabaya",-7.29503,112.710739,https://www.rumah123.com/properti/surabaya-dukuh-pakis/dijual-rumah-2-lantai-minimalis-graha-famili-surabaya-barat-hos42172875/,rumah123
"Dijual Rumah 2 Lantai Cluster Raffles Garden, Perumahan Citraland, Surabaya Barat",8600000000,285.0,425.0,5,6,2,3,Unfurnished,1,1,"Citraland, Surabaya",-7.309354,112.656548,https://www.rumah123.com/properti/surabaya-citraland/dijual-rumah-2-lantai-cluster-raffles-garden-perumahan-citraland-surabaya-barat-hos41931312/,rumah123
"Dijual Rumah New American Style 3 Lantai, Perumahan Citraland Cluster Woodland, Surabaya Barat",8500000000,266.0,400.0,6,6,2,2,Unfurnished,1,0,"Citraland, Surabaya",-7.309354,112.656548,https://www.rumah123.com/properti/surabaya-citraland/dijual-rumah-new-american-style-2-lantai-perumahan-citraland-cluster-woodland-surabaya-barat-hos41884660/,rumah123
"Dijual Rumah 3 Lntai Baru Gress Cluster Queenstown, Perumahan Citraland",6650000000,180.0,420.0,6,7,3,2,Unfurnished,1,0,"Citraland, Surabaya",-7.309354,112.656548,https://www.rumah123.com/properti/surabaya-citraland/dijual-rumah-3-lntai-baru-gress-cluster-queenstown-perumahan-citraland-hos42109401/,rumah123
Dijual Cepat Rumah Terawat Taman Gapura Ciland Utama-Unfurnished,3500000000,210.0,160.0,4,2,1,1,Unfurnished,1,1,"Citraland, Surabaya",-7.287851393035297,112.65494613947624,https://www.rumah123.com/properti/surabaya-citraland/dijual-cepat-rumah-kosonganterawat-taman-gapura-citraland-utama-hos41624632/,rumah123
"Rumah, Full Renovasi, Siap Huni, Termurah Citraland Utara, Northwest",1200000000,90.0,150.0,5,2,2,1,Semi Furnished,1,1,"Citraland, Surabaya",-7.309354,112.656548,https://www.rumah123.com/properti/surabaya-citraland/rumah-2-lantai-siap-huni-termurah-citraland-utara-northwest-hos42176549/,rumah123
"Dijual Rumah 2 Lantai Perumahan Royal Residence, Surabaya Barat",6900000000,375.0,450.0,6,5,2,2,Semi Furnished,1,0,"Wiyung, Surabaya",-7.31097,112.698067,https://www.rumah123.com/properti/surabaya-wiyung/dijual-rumah-2-lantai-perumahan-royal-residence-surabaya-barat-hos42301258/,rumah123
"Dijual Rumah 3 Lantai Daerah Perumahan Royal Residence, Wiyung, Surabaya Barat",7000000000,180.0,406.0,5,5,3,3,Furnished,1,0,"Wiyung, Surabaya",-7.31097,112.698067,https://www.rumah123.com/properti/surabaya-wiyung/dijual-rumah-3-lantai-daerah-perumahan-royal-residence-wiyung-surabaya-barat-hos42323612/,rumah123
"Dijual Rumah 2 Lantai Perumahan Pakuwon City, Surabaya Timur",9900000000,375.0,510.0,5,5,2,2,Unfurnished,1,0,"Pakuwon City, Surabaya",-7.28917,112.67556,https://www.rumah123.com/properti/surabaya-pakuwon-city/dijual-rumah-2-lantai-perumahan-pakuwon-city-surabaya-timur-hos41956897/,rumah123
"Murah Dijual Rumah Mewah Minimalis Citraland, Surabaya Siap Huni",8650000000,280.0,475.0,3,3,2,2,Semi Furnished,1,1,"Citraland, Surabaya",-7.309354,112.656548,https://www.rumah123.com/properti/surabaya-citraland/murah-dijual-rumah-mewah-minimalis-citraland-surabaya-siap-huni-hos42225711/,rumah123
Rumah Sultan 2 Lantai Citraland Raffles Garden Surabaya Barat,13000000000,312.0,600.0,6,7,2,2,Semi Furnished,0,1,"Citraland, Surabaya",-7.309354,112.656548,https://www.rumah123.com/properti/surabaya-citraland/rumah-sultan-2-lantai-citraland-raffles-garden-surabaya-barat-hos39925706/,rumah123
The Best Citraland District 9 Surabaya Full Furnished SHM,4500000000,126.0,176.0,3,3,2,1,Furnished,1,1,"Citraland, Surabaya",-7.3014604,112.6506835,https://www.rumah123.com/properti/surabaya-citraland/the-best-citraland-district-9-surabaya-full-furnished-shm-hos42248695/,rumah123
"Dijual Rumah 2 Lantai Daerah Citraland Utama Clusterfullerton, Surabaya Barat",7000000000,210.0,500.0,6,7,2,2,Unfurnished,1,1,"Wiyung, Surabaya",-7.28917,112.734,https://www.rumah123.com/properti/surabaya-wiyung/dijual-atau-disewakan-rumah-2-lantai-daerah-citraland-utama-clusterfullerton-surabaya-barat-hos41821888/,rumah123
Dijual Rumah 2 Lantai di Mulyosari Utara Full Furnish Siap Huni,2500000000,165.0,250.0,4,3,2,3,Furnished,0,1,"Mulyosari, Surabaya",-7.26556,112.79649,https://www.rumah123.com/properti/surabaya-mulyosari/dijual-rumah-2-lantai-di-mulyosari-utara-full-furnish-siap-huni-hos15355266/,rumah123
"Dijual Rumah 2 Lantai Perumahan Pakuwon Indah, Surabaya Barat",16000000000,375.0,585.0,5,5,2,2,Unfurnished,1,0,"Pakuwon Indah, Surabaya",-7.28921,112.674469,https://www.rumah123.com/properti/surabaya-pakuwon-indah/dijual-rumah-2-lantai-perumahan-pakuwon-indah-surabaya-barat-hos42232784/,rumah123
Siap Huni Baru Rumah Jemursari Regency Dekat Tengah Kota,2900000000,160.0,230.0,4,3,2,1,Semi Furnished,1,1,"Jemursari, Surabaya",-7.3236693,112.7407726,https://www.rumah123.com/properti/surabaya-jemursari/siap-huni-baru-rumah-jemursari-regency-dekat-tengah-kota-hos19492809/,rumah123
Siap Huni Full Furnished Perum Galaxy Bumi Permai 2Lt,4650000000,189.0,300.0,5,3,2,2,Furnished,1,1,"Sukolilo, Surabaya",-7.28813,112.802902,https://www.rumah123.com/properti/surabaya-sukolilo/siap-huni-full-furnished-perum-galaxy-bumi-permai-2lt-hos40801627/,rumah123
Rumah Mewah Estetik Siap Huni Furnished Raya Dharmahusada Indah 2Lt,35000000000,965.0,1000.0,5,4,2,2,,0,0,"Mulyorejo, Surabaya",-7.27049,112.780548,https://www.rumah123.com/properti/surabaya-mulyorejo/rumah-mewah-estetik-siap-huni-furnished-raya-dharmahusada-indah-2lt-hos42384877/,rumah123
"Dijual Rumah 3 Lantai Daerah Grand Penisula, Surabaya Timur",11000000000,210.0,490.0,7,4,2,2,Unfurnished,0,0,"Mulyorejo, Surabaya",-7.27049,112.780548,https://www.rumah123.com/properti/surabaya-mulyorejo/dijual-rumah-3-lantai-daerah-grand-penisula-surabaya-timur-hos41954396/,rumah123
Rumah Murah Royal Park Citraland Dekat Unesa G Walk Pakuwon,3700000000,180.0,185.0,5,4,2,2,Unfurnished,1,1,"Citraland, Surabaya",-7.309354,112.656548,https://www.rumah123.com/properti/surabaya-citraland/rumah-murah-royal-park-citraland-dekat-unesa-g-walk-pakuwon-hos42349172/,rumah123
"Dijual Rumah 2 Lantai Villa Royal, Pakuwon City",6100000000,375.0,500.0,5,4,2,2,Unfurnished,1,0,"Pakuwon City, Surabaya",-7.28917,112.67556,https://www.rumah123.com/properti/surabaya-pakuwon-city/dijual-rumah-2-lantai-villa-royal-pakuwon-city-hos41833598/,rumah123
Dijual Rumah 2 Lantai Perumahan Galaxy Bumi Permai Araya Surabaya Timur,16000000000,450.0,900.0,6,5,2,2,Unfurnished,1,0,"Galaxy, Surabaya",-7.257472,112.75209,https://www.rumah123.com/properti/surabaya-galaxy/dijual-rumah-2-lantai-perumahan-galaxy-bumi-permai-araya-surabaya-timur-hos41876909/,rumah123
"Dijual Rumah 2 Lantai Cluster Virginia Regency, Pakuwon City, Surabaya Timur",7000000000,295.0,450.0,4,4,2,2,Unfurnished,1,0,"Pakuwon City, Surabaya",-7.28917,112.67556,https://www.rumah123.com/properti/surabaya-pakuwon-city/dijual-rumah-2-lantai-cluster-virginia-regency-pakuwon-city-surabaya-timur-hos42078247/,rumah123
Rumah 2 Lantai di Kedung Baruk Rungkut Dekat Pandugo Wonorejo,2600000000,120.0,150.0,3,4,2,2,Semi Furnished,1,1,"Rungkut, Surabaya",-7.28917,112.734,https://www.rumah123.com/properti/surabaya-rungkut/rumah-2-lantai-di-kedung-baruk-rungkut-dekat-pandugo-wonorejo-hos42215256/,rumah123
Buruan!! Baru 2 Lt Pakal Madya Asri Dekat Ciland Surabaya Barat,1300000000,94.0,150.0,3,3,2,1,Unfurnished,1,0,"Citraland, Surabaya",-7.2889105,112.64498,https://www.rumah123.com/properti/surabaya-citraland/buruan-baru-2-lt-pakal-madya-asri-dekat-ciland-surabaya-barat-hos18439958/,rumah123
"Dijual Rumah 2,5 Lantai Manyar Kartika, Surabaya Timur",6500000000,300.0,500.0,6,5,2,2,Furnished,1,0,"Manyar, Surabaya",-7.28724,112.739052,https://www.rumah123.com/properti/surabaya-manyar/dijual-rumah-25-lantai-manyar-kartika-surabaya-timur-hos42213395/,rumah123
"Dijual atau Disewakan Rumah Komersial Daerah Premium Jln Wr Supratman, Surabaya Pusat",69000000000,1401.0,331.0,5,5,2,2.0,Unfurnished,0,0,"Tegalsari, Surabaya",-7.27355,112.737457,https://www.rumah123.com/properti/surabaya-tegalsari/dijual-atau-disewakan-rumah-komersial-daerah-premium-jln-wr-supratman-surabaya-pusat-hos41861019/,rumah123
Muraah! Tengah Kota! Utk Kost Homestay Rumah Tinggal Kinibalu Sby,4700000000,479.0,234.0,3,2,1,4.0,Unfurnished,1,1,"Sawahan, Surabaya",-7.28917,112.734,https://www.rumah123.com/properti/surabaya-sawahan/muraah-tengah-kota-utk-kost-homestay-rumah-tinggal-kinibalu-sby-hos40105452/,rumah123
Dijual Rumah Hook Darmo Permai - Tanah Luas 351 MÂ² - The Edge,6000000000,351.0,200.0,3,2,1,,,0,0,"Darmo permai, Surabaya",-7.28567420000002,112.70133904550778,https://www.rumah123.com/properti/surabaya-darmo-permai/dijual-rumah-hook-darmo-permai-tanah-luas-351-m-the-edge-hos41961469/,rumah123
Rumah Murah 600 Jtan Uk.6x12 di Rungkut One Gate System,695000000,72.0,45.0,2,1,1,1.0,Unfurnished,1,0,"Rungkut, Surabaya",-7.31434,112.800232,https://www.rumah123.com/properti/surabaya-rungkut/rumah-murah-600-jtan-uk6x12-di-rungkut-one-gate-system-hos42081232/,rumah123
"Rumah Onprogress di Gunung Anyar Surabaya Timur, Harga 300 Jutaan",398000000,30.0,30.0,2,2,2,1.0,Unfurnished,1,0,"Gununganyar, Surabaya",-7.28917,112.734,https://www.rumah123.com/properti/surabaya-gununganyar/rumah-onprogress-di-gunung-anyar-surabaya-timur-harga-300-jutaan-hos41763934/,rumah123
"SHM, Rumah Ruko Gudang Raya Kenjeran 8Juta/M2",13000000000,1610.0,500.0,2,2,1,5.0,Unfurnished,1,1,"Kenjeran, Surabaya",-7.23563,112.786163,https://www.rumah123.com/properti/surabaya-kenjeran/rumah-gudang-raya-kenjeran-8jutam2-hos42378214/,rumah123
"Dijual Rumah 1,5 Lantai Dharmahusada, Surabaya Timur",6500000000,450.0,300.0,6,3,1,1.0,Unfurnished,1,0,"Dharma Husada, Surabaya",-7.26661,112.768181,https://www.rumah123.com/properti/surabaya-dharma-husada/dijual-rumah-15-lantai-dharmahusada-surabaya-timur-hos42195342/,rumah123
Dijual Rumah di Graha Sukolilo Regency di Surabaya Timur,1200000000,100.0,75.0,2,1,1,1.0,Unfurnished,0,0,"Sukolilo, Surabaya",-7.291690428352425,112.8059982966954,https://www.rumah123.com/properti/surabaya-sukolilo/dijual-rumah-di-graha-sukolilo-regency-di-surabaya-timur-hos41363944/,rumah123
Dijual Cepat Rumah Mewah Turun Harga di Tengah Kota Surabaya,3900000000,160.0,220.0,4,4,2,1.0,Unfurnished,1,0,"Sukolilo, Surabaya",-7.290337033155097,112.78615768976653,https://www.rumah123.com/properti/surabaya-sukolilo/dijual-cepat-rumah-mewah-turun-harga-di-tengah-kota-surabaya-hos41363966/,rumah123
"Dijual Rumah Baru Gress di Bhaskara Mulyosari, Surabaya",1500000000,120.0,240.0,4,3,1,1.0,Semi Furnished,0,0,"Mulyorejo, Surabaya",-7.268218015951312,112.79691342134164,https://www.rumah123.com/properti/surabaya-mulyorejo/dijual-rumah-baru-gress-di-bhaskara-mulyosari-surabaya-hos41271997/,rumah123
Dijual Rumah Daerah Wisma Mukti Surabaya Timur,8500000000,555.0,500.0,6,3,2,1.0,Unfurnished,1,0,"Sukolilo, Surabaya",-7.28813,112.802902,https://www.rumah123.com/properti/surabaya-sukolilo/dijual-rumah-daerah-wisma-mukti-surabaya-timur-hos42163975/,rumah123
"Dijual atau Disewakan Rumah 3 Lantai Semi Furnished Perumahan Pakuwon Indah Cluster La Riz Embazzy Dekat Pakuwon Mall, Surabaya Barat",6500000000,162.0,255.0,6,4,3,2.0,Semi Furnished,0,0,"Pakuwon Indah, Surabaya",-7.28921,112.674469,https://www.rumah123.com/properti/surabaya-pakuwon-indah/dijual-atau-disewakan-rumah-3-lantai-semi-furnished-perumahan-pakuwon-indah-cluster-la-riz-embazzy-dekat-pakuwon-mall-hos41733644/,rumah123
"Dijual Rumah 3 Lantai Daerah Galaxy Bumi Permai, Araya, Surabaya Timur",6500000000,240.0,500.0,6,5,3,2.0,Unfurnished,1,0,"Mulyosari, Surabaya",-7.26556,112.796494,https://www.rumah123.com/properti/surabaya-mulyosari/dijual-rumah-3-lantai-daerah-galaxy-bumi-permai-araya-surabaya-timur-hos42188564/,rumah123
"Dijual Rumah 3 Lantai Daerah Perumahan Pakuwon Indah, Surabaya Barat",5500000000,128.0,300.0,4,4,3,2.0,Furnished,1,0,"Pakuwon Indah, Surabaya",-7.28921,112.674469,https://www.rumah123.com/properti/surabaya-pakuwon-indah/dijual-rumah-3-lantai-daerah-perumahan-pakuwon-indah-surabaya-barat-hos41996001/,rumah123
"Dijual Rumah 2 Lantai Perumahan Pakuwon City, Surabaya Timur",8500000000,264.0,264.0,5,5,2,1.0,Unfurnished,1,0,"Pakuwon City, Surabaya",-7.28917,112.67556,https://www.rumah123.com/properti/surabaya-pakuwon-city/dijual-rumah-2-lantai-perumahan-pakuwon-city-surabaya-timur-hos42195963/,rumah123
"Dijual Rumah 2 Lantai Raya Manyar Jaya, Surabaya Timur",6500000000,450.0,300.0,6,5,2,1.0,Unfurnished,1,0,"Sukolilo, Surabaya",-7.28813,112.802902,https://www.rumah123.com/properti/surabaya-sukolilo/dijual-rumah-2-lantai-raya-manyar-jaya-surabaya-timur-hos42195398/,rumah123
"Dijual Rumah 1,5 Lantai Kupang Indah, Surabaya Barat Hitung Tanah",7200000000,680.0,500.0,7,5,1,2.0,Unfurnished,1,0,"Dukuh Kupang, Surabaya",-7.28244,112.710747,https://www.rumah123.com/properti/surabaya-dukuh-kupang/dijual-rumah-15-lantai-kupang-indah-surabaya-barat-hitung-tanah-hos42278527/,rumah123
"Rumah Rungkut Asri Strategis Dekat Yakaya, Dekat Kampus Upn",6500000000,390.0,234.0,4,3,1,,Unfurnished,0,0,"Rungkut, Surabaya",-7.31434,112.800232,https://www.rumah123.com/properti/surabaya-rungkut/rumah-rungkut-asri-strategis-dekat-yakaya-dekat-kampus-upn-hos42236275/,rumah123
"Dijual Rumah Hitung Tanah Darmo Permai Selatan,Surabaya Barat",8500000000,768.0,400.0,4,5,1,1.0,Unfurnished,1,0,"Darmo permai, Surabaya",-7.28917,112.734,https://www.rumah123.com/properti/surabaya-darmo-permai/dijual-rumah-hitung-tanah-darmo-permai-selatansurabaya-barat-hos41812471/,rumah123
"Rumah Siap Huni, Strategis di Wisata Bukit Mas Surabaya Barat",6500000000,330.0,330.0,6,4,2,,Unfurnished,1,0,"Wisata Bukit Mas, Surabaya",-7.308962,112.667053,https://www.rumah123.com/properti/surabaya-wisata-bukit-mas/dijual-rumah-wisata-bukit-mas-surabaya-barat-hos41634785/,rumah123
"Dijual Rumah 2 Lantai Daerah Dharmahusada,Surabaya Timur",8500000000,450.0,575.0,6,7,2,2.0,Unfurnished,0,0,"Dharma Husada, Surabaya",-7.26661,112.768181,https://www.rumah123.com/properti/surabaya-dharma-husada/dijual-rumah-2-lantai-daerah-dharmahusadasurabaya-timur-hos41105557/,rumah123
"Dijual Rumah 2 Lantai Daerah Satelit Dekat Rumah Sakit Mitra Keluarga,Surabaya Barat",6500000000,375.0,400.0,6,4,2,2.0,Unfurnished,0,0,"Sukomanunggal, Surabaya",-7.28917,112.734,https://www.rumah123.com/properti/surabaya-sukomanunggal/dijual-rumah-2-lantai-daerah-satelit-dekat-rumah-sakit-mitra-keluargasurabaya-barat-hos41773995/,rumah123
"Dijual Rumah 2 Lantai Siap Huni Daerah Margorejo Indah, Surabaya",11800000000,505.0,510.0,5,3,2,2.0,Unfurnished,1,0,"Margorejo, Surabaya",-7.3122,112.741096,https://www.rumah123.com/properti/surabaya-margorejo/dijual-rumah-2-lantai-siap-huni-daerah-margorejo-indah-surabaya-hos42333581/,rumah123
"Dijual Rumah Daerah Pengampon, Surabaya",16000000000,610.0,625.0,3,2,1,1.0,Unfurnished,1,0,"Genteng, Surabaya",-7.26125,112.742767,https://www.rumah123.com/properti/surabaya-genteng/dijual-rumah-daerah-pengampon-surabaya-hos42164066/,rumah123
"Dijual Rumah Baru Gress Dharmahusada Indah, Surabaya Timur",18000000000,600.0,450.0,4,5,2,2.0,Unfurnished,1,0,"Gubeng, Surabaya",-7.27396,112.748192,https://www.rumah123.com/properti/surabaya-gubeng/dijual-rumah-baru-gress-dharmahusada-indah-surabaya-timur-hos42248111/,rumah123
"Dijual Rumah 3 Lantai Daerah Raya Kertajaya Indah, Surabaya Timur",34000000000,600.0,1500.0,8,8,3,6.0,Unfurnished,1,0,"kertajaya, Surabaya",-7.282603,112.755432,https://www.rumah123.com/properti/surabaya-kertajaya/dijual-rumah-3-lantai-daerah-raya-kertajaya-indah-surabaya-timur-hos42250544/,rumah123
Dijual Rumah Komersil Tengah Kota Surabaya,23000000000,571.0,600.0,9,3,2,2.0,Unfurnished,0,0,"Gubeng, Surabaya",-7.28917,112.734,https://www.rumah123.com/properti/surabaya-gubeng/dijual-rumah-komersil-tengah-kota-surabaya-hos41538100/,rumah123
"Dijual Rumah Baru Gress 3 Lantai Pakuwon Indah, Surabaya Barat",7500000000,180.0,450.0,5,6,3,2.0,Unfurnished,0,0,"Pakuwon Indah, Surabaya",-7.28921,112.674469,https://www.rumah123.com/properti/surabaya-pakuwon-indah/dijual-rumah-baru-gress-3-lantai-pakuwon-indah-surabaya-barat-hos41819411/,rumah123
Dijual Rumah Pusat Kota Surabaya Daerah Wr Supratman,12000000000,486.0,165.0,3,2,2,1.0,Semi Furnished,0,0,"Tegalsari, Surabaya",-7.27355,112.737457,https://www.rumah123.com/properti/surabaya-tegalsari/dijual-rumah-pusat-kota-surabaya-daerah-wr-supratman-hos41858822/,rumah123
"Dijual Rumah Mewah Hunian Klasik Modern Jln Progo, Surabaya Pusat",25000000000,640.0,700.0,5,5,2,2.0,Furnished,1,1,"Raya Darmo, Surabaya",-7.2879,112.739258,https://www.rumah123.com/properti/surabaya-raya-darmo/dijual-rumah-mewah-hunian-klasik-modern-jln-progo-surabaya-pusat-hos41860889/,rumah123
"Dijual Rumah Tengah Kota Jalan Kapuas, Surabaya",30000000000,685.0,252.0,6.0,3.0,2,2.0,Semi Furnished,1,0,"Wonokromo, Surabaya",-7.304,112.731598,https://www.rumah123.com/properti/surabaya-wonokromo/dijual-rumah-tengah-kota-jalan-kapuas-surabaya-hos41855146/,rumah123
"Dijual Rumah 2 Lantai Cluster La Riz Wood Perumahan Pakuwon Indah, Surabaya Barat",7300000000,240.0,300.0,5.0,5.0,2,2.0,Unfurnished,1,0,"Pakuwon Indah, Surabaya",-7.28921,112.674469,https://www.rumah123.com/properti/surabaya-pakuwon-indah/dijual-rumah-2-lantai-cluster-la-riz-wood-perumahan-pakuwon-indah-surabaya-barat-hos42152314/,rumah123
"Dijual Rumah 4 Lantai Perumahan Villa Valencia, Lontar, Surabaya Barat",6000000000,308.0,400.0,5.0,6.0,4,3.0,Unfurnished,0,0,"Sambikerep, Surabaya",-7.27993,112.654648,https://www.rumah123.com/properti/surabaya-sambikerep/dijual-rumah-4-lantai-perumahan-villa-valencia-lontar-surabaya-barat-hos42240398/,rumah123
"Dijual Rumah 2,5 Lantai Cluster Grand Island, Pakuwon City, Surabaya Timur",6950000000,200.0,350.0,5.0,5.0,2,2.0,Unfurnished,0,0,"Pakuwon City, Surabaya",-7.28917,112.67556,https://www.rumah123.com/properti/surabaya-pakuwon-city/dijual-rumah-25-lantai-cluster-grand-island-pakuwon-city-surabaya-timur-hos42240532/,rumah123
Rumah Wbm Grand Palais Murah Siap Huni Langka Jarang Ada,3250000000,180.0,200.0,4.0,3.0,2,,Unfurnished,1,1,"Wisata Bukit Mas, Surabaya",-7.308962,112.667053,https://www.rumah123.com/properti/surabaya-wisata-bukit-mas/rumah-wbm-grand-palais-murah-siap-huni-langka-jarang-ada-hos41975442/,rumah123
"Rumah Bagus Siap Huni 2 Lantai, Lokasi Startegis di Pakuwon City",3500000000,150.0,170.0,,,1,,Furnished,0,0,"Pakuwon City, Surabaya",-7.28917,112.67556,https://www.rumah123.com/properti/surabaya-pakuwon-city/pakuwon-city-siap-huni-2-lt-bagus-hos39072103/,rumah123
Amesta Living 2 Lantai Cluster Sora,1400000000,60.0,90.0,2.0,1.0,2,1.0,,0,1,"Gununganyar, Surabaya",-7.33182,112.80822,https://www.rumah123.com/properti/surabaya-gununganyar/amesta-living-2-lantai-cluster-sora-hos42245863/,rumah123
"Dijual Area Komersial Raya Dharma Husada Indah, Surabaya Timur",32000000000,720.0,1000.0,10.0,6.0,2,3.0,Unfurnished,1,1,"Dharma Husada, Surabaya",-7.26661,112.768181,https://www.rumah123.com/properti/surabaya-dharma-husada/dijual-area-komersial-raya-dharma-husada-indah-surabaya-timur-hos42324829/,rumah123
"Dijual Rumah 2 Lantai Perumahan Wisata Bukit Mas, Surabaya Barat",4100000000,292.0,360.0,5.0,3.0,2,2.0,Semi Furnished,1,0,"Wisata Bukit Mas, Surabaya",-7.308962,112.667053,https://www.rumah123.com/properti/surabaya-wisata-bukit-mas/dijual-rumah-2-lantai-perumahan-wisata-bukit-mas-surabaya-barat-hos42045008/,rumah123
Dijual Rumah 2 Lantai Perumahan Galaxy Bumi Permai Surabaya Timur,23000000000,1000.0,600.0,9.0,5.0,2,2.0,Unfurnished,1,0,"Galaxy, Surabaya",-7.257472,112.75209,https://www.rumah123.com/properti/surabaya-galaxy/dijual-rumah-2-lantai-perumahan-galaxy-bumi-permai-surabaya-timur-hos42149211/,rumah123
Dijual Rumah Mewah Modern Classic Araya Tahap1 Surabaya Timur,31000000000,1000.0,2000.0,10,7,2,8,Unfurnished,1,0,"Sukolilo, Surabaya",-7.28813,112.802902,https://www.rumah123.com/properti/surabaya-sukolilo/dijual-rumah-mewah-modern-classic-araya-tahap1-surabaya-timur-hos42149606/,rumah123
Rumah Dijual Oasis Sememi 900Jt Siap Huni Turun Harga!,800000000,84.0,84.0,2,1,1,1,Furnished,1,1,"Benowo, Surabaya",-7.23213,112.63014,https://www.rumah123.com/properti/surabaya-benowo/rumah-dijual-oasis-sememi-900jt-siap-hun-hos42211600/,rumah123
Rumah 2 Lantai Lebar 8m Hdp Utara Di Barata Jaya,2700000000,160.0,257.0,4,3,2,3,Unfurnished,0,0,"Gubeng, Surabaya",-7.27396,112.74819,https://www.rumah123.com/properti/surabaya-gubeng/rumah-2-lantai-lebar-8m-hdp-utara-di-barata-jaya-hos17924487/,rumah123
Jual Rumah Baru Pojokan Araya Jalan Boulevard,8000000000,308.0,425.0,4,3,2,1,Unfurnished,0,1,"Sukolilo, Surabaya",-7.28813,112.8029,https://www.rumah123.com/properti/surabaya-sukolilo/jual-rumah-baru-pojokan-araya-jalan-boulevard-hos18827514/,rumah123
Jual Rumah Siap Huni Wonorejo Rungkut Surabaya Timur,1450000000,100.0,150.0,5,2,2,1,Semi Furnished,1,0,"Rungkut, Surabaya",-7.31434,112.800232,https://www.rumah123.com/properti/surabaya-rungkut/jual-rumah-siap-huni-wonorejo-rungkut-surabaya-timur-hos42269218/,rumah123
"Dijual Rumah 2 Lantai Cluster San Antonio, Pakuwon City, Surabaya Timur",7300000000,240.0,400.0,5,6,2,2,Semi Furnished,1,0,"Pakuwon City, Surabaya",-7.28917,112.67556,https://www.rumah123.com/properti/surabaya-pakuwon-city/dijual-rumah-2-lantai-cluster-san-antonio-pakuwon-city-surabaya-timur-hos42363588/,rumah123
"Dijual Rumah 2 Lantai Dharma Husada Indah, Surabaya Timur",20000000000,600.0,550.0,6,4,2,6,Semi Furnished,1,0,"Dharma Husada, Surabaya",-7.26661,112.768181,https://www.rumah123.com/properti/surabaya-dharma-husada/dijual-rumah-2-lantai-dharma-husada-indah-surabaya-timur-hos42361159/,rumah123
Rumah Mewah Mediteranian Darmo Hill 2 LT di Tengah Surabaya Barat,5300000000,300.0,500.0,4,4,2,1,Unfurnished,1,1,"Surabaya Kota, Surabaya",-7.293237177706061,112.71504565952176,https://www.rumah123.com/properti/surabaya-surabaya-kota/rumah-mewah-mediteranian-darmo-hill-2-lt-di-tengah-surabaya-barat-hos41138633/,rumah123
Rumah Classic di Sutorejo Selatan Hoek Semi Furnish Under Market,3350000000,252.0,400.0,4,3,2,2,Semi Furnished,0,1,"Surabaya Kota, Surabaya",-7.271160588898397,112.79578899350912,https://www.rumah123.com/properti/surabaya-surabaya-kota/rumah-classic-di-sutorejo-selatan-hoek-semi-furnish-under-market-hos42321627/,rumah123
Rumah Baru Modern Pakuwon City Florence 2 Lantai Tata Denah Lega,2600000000,104.0,140.0,4,3,2,2,Unfurnished,1,1,"Surabaya Kota, Surabaya",-7.267864,112.803518,https://www.rumah123.com/properti/surabaya-surabaya-kota/rumah-baru-modern-pakuwon-city-florence-2-lantai-tata-denah-lega-hos42321648/,rumah123
Termurah Dibawah 1 M Minimalis 2 Lantai Siap Huni di Wiyung,950000000,60.0,77.0,2,2,2,1,Unfurnished,0,0,"Wiyung, Surabaya",-7.31097,112.698067,https://www.rumah123.com/properti/surabaya-wiyung/termurah-dibawah-1-m-minimalis-2-lantai-siap-huni-di-wiyung-hos41892504/,rumah123
"Dijual Rumah Supermewah Siap Huni Perumahan Graha Family, Surabaya Barat",28000000000,450.0,650.0,4,5,2,2,Semi Furnished,1,1,"Sambikerep, Surabaya",-7.27993,112.654648,https://www.rumah123.com/properti/surabaya-sambikerep/dijual-rumah-supermewah-siap-huni-perumahan-graha-family-surabaya-barat-hos42358896/,rumah123
Dijual Rumah Siap Huni 2 Lantai Sidosermo,7000000000,480.0,756.0,5,6,2,1,Unfurnished,0,0,"Margorejo, Surabaya",-7.28917,112.734,https://www.rumah123.com/properti/surabaya-margorejo/dijual-rumah-siap-huni-2-lantai-sidosermo-hos41286506/,rumah123
"Dijual Rumah 2 Lantai Comersial Area Darmo Permai Selatan, Surabaya Barat",5200000000,315.0,400.0,5,3,2,1,Unfurnished,0,0,"Darmo permai, Surabaya",-7.285674,112.70134,https://www.rumah123.com/properti/surabaya-darmo-permai/dijual-rumah-2-lantai-comersial-area-darmo-permai-selatan-surabaya-barat-hos41845862/,rumah123
Dijual Rumah Pusat Kota Jln Kelud Surabaya,15000000000,1.0,800.0,5,4,2,2,Unfurnished,1,0,"Petemon, Surabaya",-7.260653,112.718193,https://www.rumah123.com/properti/surabaya-petemon/dijual-rumah-pusat-kota-jln-kelud-surabaya-hos41845935/,rumah123
Dijual Rumah Area Komersil Kertajaya Indah Surabaya Timur,73000000000,2.0,1.0,8,6,2,2,Unfurnished,1,1,"kertajaya, Surabaya",-7.282603,112.755432,https://www.rumah123.com/properti/surabaya-kertajaya/dijual-rumah-area-komersil-kertajaya-indah-surabaya-timur-hos41848098/,rumah123
Dijual Cepat Hitung Tanah Surabaya Timur,10200000000,960.0,1200.0,5,7,2,2,Unfurnished,0,0,"Mojoarum, Surabaya",-7.266516,112.776588,https://www.rumah123.com/properti/surabaya-mojoarum/dijual-cepat-hitung-tanah-surabaya-timur-hos41893341/,rumah123
"Dijual Rumah Pusat Kota Surabaya Jln Sam Ratulangi, Surabaya Pusat",11000000000,556.0,480.0,5,3,1,4,Unfurnished,1,0,"Dr Sutomo, Surabaya",-7.279848,112.736069,https://www.rumah123.com/properti/surabaya-dr-sutomo/dijual-rumah-pusat-kota-surabaya-jln-sam-ratulangi-surabaya-pusat-hos41848243/,rumah123
"Dijual Rumah 2 Lantai Perumahan Wisata Bukit Mas, Surabaya Barat",14000000000,480.0,500.0,6,6,2,2,Furnished,1,0,"Wisata Bukit Mas, Surabaya",-7.308962,112.667053,https://www.rumah123.com/properti/surabaya-wisata-bukit-mas/dijual-rumah-2-lantai-perumahan-wisata-bukit-mas-surabaya-barat-hos42275533/,rumah123
*Turun Hargaa.. Termurah di Jalan Kembar Rumah Pakuwon Indah*,5500000000,230.0,250.0,4,5,2,2,Semi Furnished,0,0,"Pakuwon Indah, Surabaya",-7.28921,112.674469,https://www.rumah123.com/properti/surabaya-pakuwon-indah/turun-hargaa-termurah-di-jalan-kembar-rumah-pakuwon-indah-hos42239582/,rumah123
Pakuwon City Rumah 2 Lantai Siap Huni Pakuwon City Minimalis Strategis Deket Kampus Its,2990000000,144.0,250.0,5,4,2,2.0,Semi Furnished,0,0,"Surabaya Kota, Surabaya",-7.2771,112.717407,https://www.rumah123.com/properti/surabaya-surabaya-kota/rumah-2-lantai-siap-huni-pakuwon-city-minimalis-strategis-deket-kampus-its-hos42111040/,rumah123
"Rumah Baru Gress di Wiyung, Dekat Wbm Prambanan Citraland Gwalk",1490000000,98.0,120.0,3,2,2,1.0,Unfurnished,0,0,"Wiyung, Surabaya",-7.31097,112.698067,https://www.rumah123.com/properti/surabaya-wiyung/rumah-baru-gress-di-wiyung-dkt-wbm-prambanan-citraland-gwalk-hos41688729/,rumah123
"Dijual Rumah 1 Lantai Daerah Jalan Ciliwung, Surabaya Barat",20000000000,626.0,300.0,6,6,1,2.0,Unfurnished,1,0,"Raya Darmo, Surabaya",-7.2879,112.739258,https://www.rumah123.com/properti/surabaya-raya-darmo/dijual-rumah-1-lantai-daerah-jalan-ciliwung-surabaya-barat-hos42232350/,rumah123
Ploso Timur - Siap Huni Turun Harga,790000000,90.0,80.0,3,1,1,1.0,Semi Furnished,1,0,"Surabaya Kota, Surabaya",-7.25843159012129,112.77446653733023,https://www.rumah123.com/properti/surabaya-surabaya-kota/ploso-timur-siap-huni-turun-harga-hos40825258/,rumah123
"Rumah Pusat Kota Siap Huni , Selangkah ke Raya Darmo , Hadap Utara Barat",16500000000,580.0,750.0,6,8,2,,Unfurnished,1,0,"Raya Darmo, Surabaya",-7.2879,112.739258,https://www.rumah123.com/properti/surabaya-raya-darmo/rumah-pusat-kota-siap-huni-selangkah-ke-raya-darmo-hadap-utara-barat-hos42353389/,rumah123
"Dijual Rumah Hook Prapen, Surabaya",8000000000,600.0,400.0,4,4,1,2.0,Unfurnished,1,0,"Tenggilis Mejoyo, Surabaya",-7.31943,112.755386,https://www.rumah123.com/properti/surabaya-tenggilis-mejoyo/dijual-rumah-hook-prapen-surabaya-hos42330890/,rumah123
"Dijual Rumah 2 Lantai Perumahan Virginia Regency, Surabaya Timur",7000000000,300.0,360.0,5,5,2,2.0,Unfurnished,1,0,"Mulyorejo, Surabaya",-7.27049,112.780548,https://www.rumah123.com/properti/surabaya-mulyorejo/dijual-rumah-2-lantai-perumahan-virginia-regency-surabaya-timur-hos42077303/,rumah123
Murah Dijual Rumah 3 Lantai Wisata Bukit Mas Surabaya No Cobroke,2900000000,220.0,285.0,3,3,3,2.0,Unfurnished,1,1,"Wisata Bukit Mas, Surabaya",-7.308962,112.667053,https://www.rumah123.com/properti/surabaya-wisata-bukit-mas/murah-dijual-rumah-3-lantai-wisata-bukit-mas-surabaya-split-level-hos42082800/,rumah123
"Dijual Rumah 2 Lantai Daerah Dharmahusada Mas, Surabaya Timur",7500000000,450.0,625.0,5,5,2,2.0,Unfurnished,1,0,"Mulyorejo, Surabaya",-7.27049,112.780548,https://www.rumah123.com/properti/surabaya-mulyorejo/dijual-rumah-2-lantai-daerah-dharmahusada-mas-surabaya-timur-hos42182882/,rumah123
"Dijual Rumah 2 Lantai Perumahan Pakuwon Indah, Surabaya Barat",39000000000,838.0,1000.0,5,6,2,2.0,Semi Furnished,1,0,"Pakuwon Indah, Surabaya",-7.28921,112.674469,https://www.rumah123.com/properti/surabaya-pakuwon-indah/dijual-rumah-2-lantai-perumahan-pakuwon-indah-surabaya-barat-hos42351475/,rumah123
"Dijual Rumah 2 Lantai Pakuwon City Cluster Palm Beach, Surabaya Timur",7500000000,300.0,400.0,5,6,2,2.0,Semi Furnished,1,0,"Pakuwon City, Surabaya",-7.28917,112.67556,https://www.rumah123.com/properti/surabaya-pakuwon-city/dijual-rumah-2-lantai-pakuwon-city-cluster-palm-beach-surabaya-timur-hos41906209/,rumah123
Dijual Rumah 2 Lantai Daerah Pusat Kota Surabaya,16500000000,580.0,750.0,8,9,2,4.0,Semi Furnished,1,0,"Raya Darmo, Surabaya",-7.2879,112.739258,https://www.rumah123.com/properti/surabaya-raya-darmo/dijual-rumah-2-lantaidaerah-pusat-kota-surabaya-hos41886535/,rumah123
Dijual Rumah 2 Lantai Surabaya Timur Daerah Rungkut Asri,5000000000,300.0,200.0,5,4,2,2.0,Semi Furnished,0,0,"Rungkut, Surabaya",-7.31434,112.800232,https://www.rumah123.com/properti/surabaya-rungkut/dijual-rumah-2-lantai-surabaya-timur-daerah-rungkut-asri-hos41654476/,rumah123
"Dijual Rumah 1 Lantai Manyar Jaya, Surabaya Timur",4500000000,442.0,320.0,5,3,1,2.0,Unfurnished,0,0,"Manyar, Surabaya",-7.28724,112.739052,https://www.rumah123.com/properti/surabaya-manyar/dijual-rumah-1-lantai-manyar-jaya-surabaya-timur-hos41662199/,rumah123
Dijual Rumah 2 Lantai Perumahan Araya Surabaya Timur,13000000000,490.0,600.0,5,5,2,4.0,Semi Furnished,1,0,"Sukolilo, Surabaya",-7.28813,112.802902,https://www.rumah123.com/properti/surabaya-sukolilo/dijual-rumah-2-lantai-perumahan-araya-surabaya-timur-hos41988365/,rumah123
"Dijual Rumah 2 Lantai Perumahan Graha Natura, Surabaya Barat",6800000000,375.0,400.0,5,5,2,2.0,Semi Furnished,1,0,"Sambikerep, Surabaya",-7.27993,112.654648,https://www.rumah123.com/properti/surabaya-sambikerep/dijual-rumah-2-lantai-perumahan-graha-natura-surabaya-barat-hos42082348/,rumah123
"Dijual Rumah 1 Lantai Siap Huni, Strategis di Babatan Pratama",1200000000,90.0,70.0,2,1,1,1.0,Unfurnished,0,0,"Wiyung, Surabaya",-7.31097,112.698067,https://www.rumah123.com/properti/surabaya-wiyung/dijual-rumah-1lt-siap-huni-di-babatan-pratama-hos41132641/,rumah123
Rumah Mewah Konsep Villa High Spec Bukit Golf Mediterania,9500000000,300.0,600.0,6,6,2,2.0,Unfurnished,1,1,"Citraland, Surabaya",-7.309354,112.656548,https://www.rumah123.com/properti/surabaya-citraland/rumah-mewah-konsep-villa-high-spec-bukit-golf-mediterania-hos39756422/,rumah123
"Rumah Modern Terawat Vila Bukit Indah, Pakuwon Sby Barat",12990000000,622.0,650.0,7,5,2,2.0,Unfurnished,1,1,"Pakuwon Indah, Surabaya",-7.28921,112.674469,https://www.rumah123.com/properti/surabaya-pakuwon-indah/rumah-modern-terawat-vila-bukit-indah-pakuwon-sby-barat-hos39706447/,rumah123
Hitung Tanah,8000000000,317.0,150.0,3,2,2,2.0,Unfurnished,0,0,"Surabaya Kota, Surabaya",-7.260399,112.72053,https://www.rumah123.com/properti/surabaya-surabaya-kota/hitung-tanah-hos42241141/,rumah123
Dijual Rumah Dekat Gubeng Surabaya Mulia Residence Kalikepiting,1850000,120.0,126.0,3,2,2.0,1.0,Unfurnished,1,1,"Gubeng, Surabaya",-7.27396,112.748192,https://www.rumah123.com/properti/surabaya-gubeng/dijual-rumah-dekat-gubeng-surabaya-mulia-residence-kalikepiting-hos41665030/,rumah123
Rumah Tengah Kota SHM Jalan Kapuas Nempel Raya Darmo Sby Kota,30000000000,685.0,252.0,5,2,1.0,4.0,Semi Furnished,0,1,"Surabaya Kota, Surabaya",-7.2771,112.717407,https://www.rumah123.com/properti/surabaya-surabaya-kota/rumah-tengah-kota-shm-jalan-kapuas-nempel-raya-darmo-sby-kota-hos42395413/,rumah123
"Rumah L 179M Ketintang Surabaya Dekat Trans Icon, Polda, Kejaksaan",3350000000,179.0,165.0,3,3,1.0,1.0,Unfurnished,1,0,"Ketintang, Surabaya",-7.28917,112.734,https://www.rumah123.com/properti/surabaya-ketintang/rumah-l-179m-ketintang-surabaya-dekat-trans-icon-polda-kejaksaan-hos42178891/,rumah123
Rumah Siap Huni L 102M Perum Bendul Merisi Surabaya Dekat Polda,1000000000,102.0,126.0,2,2,2.0,1.0,Unfurnished,0,0,"Margorejo, Surabaya",-7.3122,112.741096,https://www.rumah123.com/properti/surabaya-margorejo/rumah-siap-huni-l-102m-perum-bendul-merisi-surabaya-dekat-polda-hos42201521/,rumah123
Rumah Second Seperti Baru Jual Murah Kutisari Surabaya Dekat Petra Polda,850000000,50.0,75.0,2,2,2.0,1.0,Unfurnished,0,0,"Kutisari, Surabaya",-7.277097,112.717407,https://www.rumah123.com/properti/surabaya-kutisari/rumah-second-seperti-baru-jual-murah-kutisari-surabaya-dekat-petra-polda-hos42193610/,rumah123
Grand Harvest Cluster Caspia Siap Huni2 Unit Bebas Pilh Surabaya,950000000,60.0,77.0,2,2,2.0,1.0,Unfurnished,1,1,"Kebraon, Surabaya",-7.3305,112.704071,https://www.rumah123.com/properti/surabaya-kebraon/grand-harvest-cluster-caspia-siap-huni2-unit-bebas-pilh-surabaya-hos42395368/,rumah123
Dijual Cepat Rumah di Wisma Mukti Surabaya,1450000000,88.0,84.0,2,1,1.0,1.0,Unfurnished,0,0,"Semolowaru, Surabaya",-7.30105,112.778557,https://www.rumah123.com/properti/surabaya-semolowaru/dijual-cepat-rumah-di-wisma-mukti-surabaya-hos41198275/,rumah123
Dijual Rumah Minimalis 2 Lantai di Babatan Pantai Surabaya,3400000000,153.0,230.0,5,4,1.0,2.0,Unfurnished,0,0,"Babatan, Surabaya",-7.307856,112.682434,https://www.rumah123.com/properti/surabaya-babatan/dijual-rumah-minimalis-2-lantai-di-babatan-pantai-surabaya-hos41126769/,rumah123
Second Siap Huni Dekat Upn,1850000000,153.0,85.0,3,2,,,,0,0,"Rungkut, Surabaya",,,https://www.rumah123.com/properti/surabaya-rungkut/second-siap-huni-dekat-upn-hos16186071/,rumah123
"Rumah Tinggal Merangkap Tempat Usaha , Nol Raya Wonorejo Selatan, Dekat Raya Merr, Stikom",10000000000,800.0,800.0,5,5,2.0,1.0,Unfurnished,0,0,"Wonorejo, Surabaya",-6.2,106.816666,https://www.rumah123.com/properti/surabaya-wonorejo/rumah-tinggal-merangkap-tempat-usaha-nol-raya-wonorejo-selatan-dekat-raya-merr-stikom-hos16092536/,rumah123
"Manyar Indah, gress",1800000000,75.0,120.0,3,3,,,,0,0,"Manyar, Surabaya",,,https://www.rumah123.com/properti/surabaya-manyar/manyar-indah-gress-hos16092704/,rumah123
cepat,1600000000,160.0,230.0,4,2,,,,0,0,"Medokan Ayu, Surabaya",,,https://www.rumah123.com/properti/surabaya-medokan-ayu/cepat-hos14533295/,rumah123
"Murahhhhh....karah Indah, One Gate Sistem, Nyaman Dan Aman",1250000000,72.0,150.0,4,1,,1.0,Unfurnished,1,1,"Ketintang, Surabaya",-7.31682,112.728,https://www.rumah123.com/properti/surabaya-ketintang/murahhhhhkarah-indah-one-gate-sistem-nyaman-dan-aman-hos14131890/,rumah123
new gress Grand Pakuwon,1500000000,72.0,70.0,2,2,,1.0,Unfurnished,1,1,"Margomulyo, Surabaya",-6.2,106.816666,https://www.rumah123.com/properti/surabaya-margomulyo/new-gress-grand-pakuwon-hos12592507/,rumah123
rumah bendul merisi,3250000000,273.0,500.0,7,7,,,,0,0,"Wonocolo, Surabaya",,,https://www.rumah123.com/properti/surabaya-wonocolo/rumah-bendul-merisi-hos12667280/,rumah123
"RUMAH HITUNG TANAH AREA MEDOKAN AYU,  DEKAT UPN",2700000000,300.0,54.0,2,1,,,,0,0,"Rungkut, Surabaya",,,https://www.rumah123.com/properti/surabaya-rungkut/rumah-hitung-tanah-area-medokan-ayu-dekat-upn-hos10459384/,rumah123
RUMAH MURAH KETINTANG KOST UNESA DEKAT GAYUNGSARI SURABAYA,2850000000,324.0,250.0,4,3,1.0,,,0,0,"Ketintang, Surabaya",-7.31682,-7.31682,https://www.rumah123.com/properti/surabaya-ketintang/rumah-murah-ketintang-kost-unesa-dekat-gayungsari-surabaya-hos39400467/,rumah123
Dijual Rumah Furnish Wisata Bukit Mas Surabaya,3000000000,180.0,190.0,4,4,2.0,,Unfurnished,0,0,"Surabaya Kota, Surabaya",-7.2771,-7.2771,https://www.rumah123.com/properti/surabaya-surabaya-kota/dijual-rumah-furnish-wisata-bukit-mas-surabaya-hos42149595/,rumah123
Dijual Rumah Furnish di Citraland Surabaya,2400000000,90.0,140.0,4,4,2.0,,Unfurnished,0,0,"Citraland, Surabaya",-7.309354,-7.309354,https://www.rumah123.com/properti/surabaya-citraland/dijual-rumah-furnish-di-citraland-surabaya-hos42164810/,rumah123
Dijual Rumah di Diamond Hill Citraland Surabaya,8900000000,368.0,500.0,4,3,2.0,,Unfurnished,0,0,"Citraland, Surabaya",-7.309354,-7.309354,https://www.rumah123.com/properti/surabaya-citraland/dijual-rumah-di-citraland-sir-hos42164914/,rumah123
Northwest Hill Citraland Surabaya,1050000000,60.0,62.0,2,2,2,,Unfurnished,0,0,"Citraland, Surabaya",-7.309354,-7.309354,https://www.rumah123.com/properti/surabaya-citraland/northwest-hill-citraland-surabaya-hos41024191/,rumah123
Rungkut Menanggal Harapan,1200000000,120.0,150.0,3,1,1,,Unfurnished,0,0,"Rungkut, Surabaya",-7.31434,-7.31434,https://www.rumah123.com/properti/surabaya-rungkut/rungkut-menanggal-harapan-hos41250690/,rumah123
Greenlake Citraland Surabaya,2200000000,120.0,143.0,4,4,2,,Unfurnished,0,0,"Citraland, Surabaya",-7.309354,-7.309354,https://www.rumah123.com/properti/surabaya-citraland/greenlake-citraland-surabaya-hos41237845/,rumah123
"Baru Gress! Dijual Rumah 3,5 LT Pakuwon Indah Surabaya Barat",7500000000,180.0,450.0,4,5,4,2.0,Unfurnished,1,1,"Pakuwon Indah, Surabaya",-7.28921,112.674469,https://www.rumah123.com/properti/surabaya-pakuwon-indah/baru-gress-dijual-rumah-35-lt-pakuwon-indah-surabaya-barat-hos41929039/,rumah123
JUAL RUMAH DI INTERNATIONAL VILLAGE 2,4800000000,150.0,250.0,4,4,2,,,0,0,"Citraland, Surabaya",-7.309354,-7.309354,https://www.rumah123.com/properti/surabaya-citraland/jual-rumah-di-international-village-2-hos39851767/,rumah123
Rumah Hitung Tanah Citraland Utama,5000000000,333.0,450.0,6,4,2,2.0,,0,0,"Citraland, Surabaya",-7.309354,112.656548,https://www.rumah123.com/properti/surabaya-citraland/rumah-hitung-tanah-citraland-utama-hos42302529/,rumah123
Siap Huni Palma Citraland,2750000000,187.0,280.0,4,3,2,2.0,,0,0,"Citraland, Surabaya",-7.309354,112.656548,https://www.rumah123.com/properti/surabaya-citraland/siap-huni-palma-citraland-hos42317369/,rumah123
New Gress Siap Huni,3950000000,150.0,190.0,4,2,2,1.0,Unfurnished,1,1,"Citraland, Surabaya",-7.309354,112.656548,https://www.rumah123.com/properti/surabaya-citraland/new-gress-siap-huni-hos40842835/,rumah123
Rumah Siap Huni Sutorejo,4900000000,300.0,400.0,4,2,2,2.0,,0,0,"Sutorejo, Surabaya",-7.26097,112.789757,https://www.rumah123.com/properti/surabaya-sutorejo/rumah-siap-huni-sutorejo-hos42351489/,rumah123
Siaphuni Darmo Indah,1100000000,90.0,72.0,2,2,1,2.0,,0,0,"Darmo permai, Surabaya",-7.285674,112.70134,https://www.rumah123.com/properti/surabaya-darmo-permai/siaphuni-darmo-indah-hos42292855/,rumah123
JUAL RUMAH PAKUWON INDAH,15500000000,330.0,600.0,5,5,2,2.0,,0,0,"Lakarsantri, Surabaya",-7.30073,-7.30073,https://www.rumah123.com/properti/surabaya-lakarsantri/jual-rumah-pakuwon-indah-hos40672985/,rumah123
JUAL RUMAH PAKUWON INDAH,5250000000,200.0,270.0,3,4,2,,,0,0,"Lakarsantri, Surabaya",-7.30073,-7.30073,https://www.rumah123.com/properti/surabaya-lakarsantri/jual-rumah-pakuwon-indah-hos40672982/,rumah123
JUAL/SEWA RUMAH RAYA DARMO,52000000000,832.0,260.0,4,2,2,,,0,0,"Tegalsari, Surabaya",-7.27355,-7.27355,https://www.rumah123.com/properti/surabaya-tegalsari/jualsewa-rumah-raya-darmo-hos19381211/,rumah123
Baru Renov Siap Huni,5800000000,240.0,400.0,5,3,2,1.0,,0,0,"Dharma Husada, Surabaya",-7.26661,112.768181,https://www.rumah123.com/properti/surabaya-dharma-husada/baru-renov-siap-huni-hos42351460/,rumah123
"Rumah Minimalis, Siap Huni dengan Lokasi Strategis Pakuwon Indah",6700000000,252.0,245.0,4,4,2,2.0,,0,0,"Pakuwon Indah, Surabaya",-7.28921,112.674469,https://www.rumah123.com/properti/surabaya-pakuwon-indah/pakuwon-indah-hos41576852/,rumah123
Rumah Komersial Surabaya Barat,10500000000,600.0,870.0,8,4,2,4.0,,0,0,"Surabaya Kota, Surabaya",-7.2771,112.717407,https://www.rumah123.com/properti/surabaya-surabaya-kota/rumah-komersial-surabaya-barat-hos42351433/,rumah123
Jual Rumah Pakuwon Indah,17000000000,375.0,585.0,5,5,2,2.0,,0,1,"Lakarsantri, Surabaya",-7.30073,-7.30073,https://www.rumah123.com/properti/surabaya-lakarsantri/jual-rumah-pakuwon-indah-hos40672987/,rumah123
Murah Rumah Grand Pakuwon,1550000000,72.0,101.0,3,3,2,2.0,,0,0,"Pakuwon, Surabaya",-7.289141,112.67572,https://www.rumah123.com/properti/surabaya-pakuwon/murah-rumah-grand-pakuwon-hos42372467/,rumah123
Jual Rumah Royal Residence,3950000000,180.0,255.0,4,3,2,2.0,,0,0,"Wiyung, Surabaya",-7.31097,-7.31097,https://www.rumah123.com/properti/surabaya-wiyung/jual-rumah-royal-residence-hos40672980/,rumah123
JUAL RUMAH PAKUWON INDAH,17000000000,375.0,585.0,5,5,2,2.0,,0,1,"Lakarsantri, Surabaya",-7.30073,-7.30073,https://www.rumah123.com/properti/surabaya-lakarsantri/jual-rumah-pakuwon-indah-hos40672988/,rumah123
JUAL RUMAH PAKUWON INDAH,15000000000,313.0,550.0,5.0,5,2.0,2.0,,0,1,"Lakarsantri, Surabaya",-7.30073,-7.30073,https://www.rumah123.com/properti/surabaya-lakarsantri/jual-rumah-pakuwon-indah-hos40672991/,rumah123
JUAL RUMAH ROYAL RESIDENCE,3200000000,144.0,180.0,3.0,3,2.0,3.0,,0,0,"Wiyung, Surabaya",-7.31097,-7.31097,https://www.rumah123.com/properti/surabaya-wiyung/jual-rumah-royal-residence-hos40672978/,rumah123
Rumah Minimalis di Pakuwon indah surabaya,10900000000,250.0,351.0,4.0,4,2.0,2.0,Unfurnished,1,1,"Pakuwon Indah, Surabaya",-7.28921,112.67447,https://www.rumah123.com/properti/surabaya-pakuwon-indah/rumah-minimalis-di-pakuwon-indah-surabaya-hos13542179/,rumah123
Jual Rumah Villa Bukit Regency,7250000000,275.0,400.0,4.0,4,,,,0,0,"Pakuwon Indah, Surabaya",-7.28921,-7.28921,https://www.rumah123.com/properti/surabaya-pakuwon-indah/jual-rumah-villa-bukit-regency-hos19369870/,rumah123
JUAL RUMAH MANYAR TIRTOASRI,2150000000,77.0,145.0,3.0,3,2.0,,,0,0,"Sukolilo, Surabaya",-7.28813,-7.28813,https://www.rumah123.com/properti/surabaya-sukolilo/jual-rumah-manyar-tirtoasri-hos39955534/,rumah123
Rumah Termurah di Araya Galaxy Bumi Permai Surabaya Timur,2500000000,176.0,250.0,3.0,2,2.0,2.0,Unfurnished,1,0,"Galaxy, Surabaya",-7.28917,112.734,https://www.rumah123.com/properti/surabaya-galaxy/rumah-termurah-di-araya-galaxy-bumi-permai-surabaya-timur-hos42386586/,rumah123
Rumah di Sekitar Pondok Maritim Balas Klumprik Karangpilang Wiyung,1080000000,99.0,100.0,3.0,2,2.0,2.0,Unfurnished,0,1,"Wiyung, Surabaya",-7.28917,112.734,https://www.rumah123.com/properti/surabaya-wiyung/rumah-di-sekitar-pondok-maritim-balas-klumprik-karangpilang-wiyung-hos42395084/,rumah123
"Dijual Cepat, Harga Murah. Rumah Pakuwon City Surabaya, Bangunan 2 Lantai Tinggal Jalan Kaki Ke Pakuwon City Mall Dan Jalan Kaki Ke Beberapa Sekolah Favorit",1900000000,84.0,160.0,3.0,2,2.0,1.0,Unfurnished,0,0,"Pakuwon City, Surabaya",-7.28917,112.67556,https://www.rumah123.com/properti/surabaya-pakuwon-city/dijual-cepat-harga-murah-rumah-pakuwon-city-surabaya-bangunan-2-lantai-tinggal-jalan-kaki-ke-pakuwon-city-mall-dan-hos40413023/,rumah123
Dijual Rumah New Gress Zuvadiva Pakuwon City!,3000000000,96.0,190.0,5.0,4,1.0,2.0,,0,0,"Pakuwon City, Surabaya",-7.28917,112.67556,https://www.rumah123.com/properti/surabaya-pakuwon-city/dijual-rumah-new-gress-zuvadiva-pakuwon-city-hos42201411/,rumah123
Dijual Rumah Murah Minimalis 3 Lantai Citraland Alam Hijau Surabaya. Bangun Sendiri Kokoh. Selangkah Keâªï¸ Taipei International Schoollâªï¸ G Walkâªï¸ Pasar Modern Lt 8x15 M2 / Lb 250 M2 / Kt 4 / Shm / Rp 2.700.000.000 Murah. Rumah Bagus SHM,2700000000,120.0,250.0,4.0,3,3.0,3.0,Semi Furnished,1,1,"Sambikerep, Surabaya",-7.27993,112.654648,https://www.rumah123.com/properti/surabaya-sambikerep/dijual-rumah-murah-minimalis-3-lantai-citraland-alam-hijau-surabaya-bangun-sendiri-kokoh-selangkah-ke-taipei-hos39176429/,rumah123
"Rumah, SHM, Murah 2 Lantai di Jl Kanser _ Tambaksari Surabaya.",1200000000,97.0,135.0,5.0,3,2.0,2.0,Unfurnished,0,0,"Tambaksari, Surabaya",-7.25371,112.753212,https://www.rumah123.com/properti/surabaya-tambaksari/rumah-shm-murah-2-lantai-di-jl-kanser-tambaksari-surabaya-hos41122993/,rumah123
"Termurah Kris Kencana 586 M2 Rumah Pusat Kota Surabaya, Granit Tile, Lantai Naik +/~ 80 Cm. Atap Galvalum * Hitung Tanah, 487 M2, SHM. Pojok, Car Port 12 Mobil, Selangkah ke Cw Mall. Rumah SHM",4500000000,586.0,300.0,3.0,2,,12.0,Unfurnished,1,1,"Dukuh Pakis, Surabaya",-7.29503,112.71074,https://www.rumah123.com/properti/surabaya-dukuh-pakis/termurah-kris-kencana-586-m2-rumah-pusat-kota-surabaya-granit-tile-lantai-naik-80-cm-atap-galvalum-hitung-tanah-487-hos18548503/,rumah123
Dijual Rumah Mewah Graha Famili 15X30 Hunian Prestise di Surabaya Barat,16000000000,450.0,600.0,5.0,5,2.0,2.0,Unfurnished,1,1,"Wiyung, Surabaya",-7.31097,112.698067,https://www.rumah123.com/properti/surabaya-wiyung/dijual-rumah-mewah-graha-famili-15x30-hunian-prestise-di-surabaya-barat-hos41191406/,rumah123
Rumah Dr Sutomo Surabaya Pusat 1.511 M2 Ex Konjen Amerika Rumah SHM,90660000000,1511.0,670.0,,3,1.0,,Semi Furnished,1,1,"Tegalsari, Surabaya",-7.27355,112.737457,https://www.rumah123.com/properti/surabaya-tegalsari/rumah-dr-sutomo-surabaya-pusat-1511-m2-ex-konjen-amerika-rumah-shm-hos40648594/,rumah123
Rumah Murah Citra Graha Mandiri Asemrowo Tandes Surabaya Barat,590000000,84.0,60.0,3.0,1,1.0,1.0,Unfurnished,1,1,"Asemrowo, Surabaya",-7.28917,112.734,https://www.rumah123.com/properti/surabaya-asemrowo/rumah-murah-citra-graha-mandiri-asemrowo-surabaya-barat-hos42317336/,rumah123
Rumah Strategis Row 15M Rungkut Menanggal Harapan Surabaya 198 M2,2200000000,198.0,275.0,3.0,2,2.0,2.0,,0,1,"Gununganyar, Surabaya",-7.33182,112.80822,https://www.rumah123.com/properti/surabaya-gununganyar/rumah-strategis-row-15m-rungkut-menanggal-harapan-surabaya-198-m2-hos41251315/,rumah123
Dijual Rumah Babatan Pratama 90M2 SHM 2 K.tidur Murah,1100000000,90.0,80.0,2.0,2,2.0,1.0,Unfurnished,1,1,"Wiyung, Surabaya",-7.31097,112.698067,https://www.rumah123.com/properti/surabaya-wiyung/dijual-rumah-babatan-pratama-90m2-shm-2-ktidur-murah-hos42379315/,rumah123
Dijual Rumah Babatan Pratama 200 M2 Row Jalan Lebar,2900000000,200.0,161.0,3.0,2,2.0,2.0,Unfurnished,1,1,"Wiyung, Surabaya",-7.31097,112.698067,https://www.rumah123.com/properti/surabaya-wiyung/dijual-rumah-babatan-pratama-200-m2-row-jalan-lebar-hos42379428/,rumah123
Rumah Baru Minimalis 2 Lantai Manyar Rejo 8X15 SHM Kemana2 Dekat,2400000000,120.0,190.0,3.0,3,2.0,2.0,Unfurnished,1,1,"Sukolilo, Surabaya",-7.28813,112.802902,https://www.rumah123.com/properti/surabaya-sukolilo/rumah-baru-minimalis-2-lantai-manyar-rejo-8x15-shm-kemana2-dekat-hos41496722/,rumah123
Rumah Pantai Mentari Butuh renovasi,1300000000,90.0,84.0,3.0,2,1.0,,,0,0,"Pakuwon City, Surabaya",-7.28917,112.67556,https://www.rumah123.com/properti/surabaya-pakuwon-city/rumah-pantai-mentari-butuh-renovasi-hos39575216/,rumah123
Prapen Indah Hanya 50m Dr Raya Prapen Blk Exelso,22000000000,900.0,900.0,5,5,2,2.0,Unfurnished,0,0,"Jemursari, Surabaya",-7.32428,112.74173,https://www.rumah123.com/properti/surabaya-jemursari/prapen-indah-hanya-50m-dr-raya-prapen-blk-exelso-hos14277563/,rumah123
Darmo Harapan Indah Baru Gress 2Lt,1750000000,87.0,100.0,3,3,2,2.0,Unfurnished,0,0,"Tandes, Surabaya",-7.25834,112.67898,https://www.rumah123.com/properti/surabaya-tandes/darmo-harapan-indah-baru-gress-2lt-hos15448572/,rumah123
Manyar Kertoadi Hok Baru Gres 2Lt D,3400000000,126.0,180.0,4,3,2,2.0,,0,0,"Manyar, Surabaya",-7.28724,112.739052,https://www.rumah123.com/properti/surabaya-manyar/manyar-kertoadi-hok-baru-gres-2lt-d-hos42279496/,rumah123
Kemlaten Rumah Siap Huni Daerah Kebraon,1400000000,160.0,220.0,4,2,2,2.0,Unfurnished,0,0,"Kebraon, Surabaya",-7.3305,112.70407,https://www.rumah123.com/properti/surabaya-kebraon/kemlaten-rumah-siap-huni-daerah-kebraon-hos15127712/,rumah123
Rumah Hitung Tanah Sutorejo Surabaya Timur,1750000000,135.0,184.0,3,2,1,,Furnished,1,0,"Mulyorejo, Surabaya",-7.27049,112.780548,https://www.rumah123.com/properti/surabaya-mulyorejo/rumah-hitung-tanah-sutorejo-surabaya-timur-hos42398028/,rumah123
Dharmahusada Mewah Old Money Siap Huni Furnish,9900000000,500.0,600.0,5,3,2,2.0,Furnished,1,0,"Dharma Husada, Surabaya",-7.26661,112.768181,https://www.rumah123.com/properti/surabaya-dharma-husada/dharmahusada-mewah-old-money-siap-huni-furnish-hos42391824/,rumah123
Rumah Baru Minimalis Mewah di Citraland,4250000000,153.0,249.0,4,3,1,,Unfurnished,0,0,"Citraland, Surabaya",-7.3093542,112.6565456,https://www.rumah123.com/properti/surabaya-citraland/rumah-baru-minimalis-mewah-di-citraland-hos42262283/,rumah123
"Baru Gress Rumah Babatan Pantai Dekat Its, Kenjeran, Galaxy Mall",2550000000,115.0,150.0,4,3,2,2.0,,0,0,"Mulyosari, Surabaya",-7.26556,112.796494,https://www.rumah123.com/properti/surabaya-mulyosari/baru-gress-rumah-babatan-pantai-dekat-its-kenjeran-galaxy-mall-hos42382672/,rumah123
Klampis Semolo Timur Baru Gress 2 Lantai SHM Surabaya Timur,1750000000,102.0,125.0,3,3,2,2.0,Unfurnished,1,0,"Manyar, Surabaya",-7.28724,112.739052,https://www.rumah123.com/properti/surabaya-manyar/klampis-semolo-timur-baru-gress-2-lantai-shm-surabaya-timur-hos42397982/,rumah123
Dijual Cepatt Rumah Taman Pondok Indah [Tpi] Wiyung-Surabaya Barat,1300000000,126.0,150.0,4,3,2,1.0,,0,1,"Wiyung, Surabaya",-7.313968976987141,112.6969542383116,https://www.rumah123.com/properti/surabaya-wiyung/dijual-cepatt-rumah-taman-pondok-indah-tpi-wiyungsurabaya-barat-hos42397954/,rumah123
Jual Rumah Klasik Mediteran Murah Hitung Tanah Jalan Utama Pakuwon City Surabaya Timur,19000000000,800.0,700.0,4,5,2,8.0,Semi Furnished,0,0,"Pakuwon City, Surabaya",-7.28917,112.67556,https://www.rumah123.com/properti/surabaya-pakuwon-city/jual-rumah-klasik-mediteran-murah-hitung-tanah-jalan-utama-pakuwon-city-surabaya-timur-hos42357412/,rumah123
"Rumah 2 Lantai Raya Darmo Permai, Ruangan Besar Siap Huni, Cocok Buat Kantor",37000000000,1250.0,2600.0,4,3,2,1.0,Furnished,0,0,"Darmo permai, Surabaya",-7.285674,112.70134,https://www.rumah123.com/properti/surabaya-darmo-permai/rumah-raya-darmo-permai-2lantai-ruangan-los-besarready-siap-huni-cocok-buat-kantor-hos41487016/,rumah123
"Jual Cepat Rumah Terawat, Full Renov, Bersih,Siap Huni dan Harga Menarik Digraha Sampurna Wiyung Surabaya. Harga Bawah Pasaran, Minat Segera Hubungi.",1350000000,120.0,100.0,3,2,1,1.0,,0,0,"Wiyung, Surabaya",-7.31097,112.698067,https://www.rumah123.com/properti/surabaya-wiyung/jual-cepat-rumah-terawat-bersihsiap-huni-dan-harga-menarik-digraha-sampurna-wiyung-surabaya-hos41413805/,rumah123
Jual Rumah Baru Indent Pandugo Rungkut Surabaya,1150000000,67.0,90.0,3,2,2,1.0,Unfurnished,1,1,"Rungkut, Surabaya",-7.31434,112.800232,https://www.rumah123.com/properti/surabaya-rungkut/jual-rumah-baru-indent-pandugo-rungkut-surabaya-hos42393082/,rumah123
Dijual Rumah Simpang Darmo Permai Selatan Darmo Permai Pakuwon,2550000000,180.0,220.0,3,3,2,2.0,Semi Furnished,1,1,"Darmo permai, Surabaya",-7.28917,112.734,https://www.rumah123.com/properti/surabaya-darmo-permai/dijual-rumah-minimalis-simpang-darmo-permai-selatan-surabaya-hos14593131/,rumah123
Rumah Siap Huni Terawat Simpang Darmo Permai Utara Surabaya,2370000000,180.0,160.0,4,3,1,2.0,Semi Furnished,1,0,"Darmo permai, Surabaya",-7.28917,112.734,https://www.rumah123.com/properti/surabaya-darmo-permai/rumah-siap-huni-terawat-simpang-darmo-permai-utara-surabaya-hos14334259/,rumah123
Dijual Murah Rumah Simpang Darmo Permai Selatan Dekat Jalan Raya,2700000000,187.0,240.0,3,3,2,,,0,0,"Darmo permai, Surabaya",-7.28917,112.734,https://www.rumah123.com/properti/surabaya-darmo-permai/murah-dijual-rumah-bagus-siap-huni-simpang-darmo-permai-selatan-surabaya-hos11851956/,rumah123
Rumah Murah Simpang Darmo Permai Utara Dekat Darmo Permai Selatan,1700000000,210.0,210.0,6,4,2,1.0,Unfurnished,1,0,"Darmo permai, Surabaya",-7.285674,112.70134,https://www.rumah123.com/properti/surabaya-darmo-permai/rumah-murah-simpang-darmo-permai-utara-dekat-darmo-permai-selatan-hos42342985/,rumah123
Rumah Murah Simpang Darmo Permai Selatan Dekat Darmo Permai,4500000000,355.0,415.0,5,4,2,2.0,Unfurnished,1,0,"Darmo permai, Surabaya",-7.28917,112.734,https://www.rumah123.com/properti/surabaya-darmo-permai/rumah-murah-simpang-darmo-permai-selatan-dekat-darmo-permai-hos17378665/,rumah123
Jual Rumah Cocok untuk Kos Kosanharga Terjun Bebas Rungkut Asri Barat,2730000000,390.0,250.0,2,1,2.0,1.0,,0,0,"Rungkut, Surabaya",-7.31434,112.80023,https://www.rumah123.com/properti/surabaya-rungkut/rumah-rungkut-asri-barat-shm-2-lantai-jalan-utama-hos42110971/,rumah123
"Rumah Wisata Bukit Mas Cluster Royal Palais, Bu... Harus Laku Bulan Ini",3000000000,262.0,380.0,3,2,2.0,,,0,0,"Wisata Bukit Mas, Surabaya",-7.315049600000001,112.6708716,https://www.rumah123.com/properti/surabaya-wisata-bukit-mas/rumah-wisata-bukit-mas-cluster-royal-palais-bu-harus-laku-bulan-ini-hos18232236/,rumah123
Rumah Pojok Eastwood Citraland 2 Lantai Kualitas Bagus Bangunan Sendiri,4250000000,263.0,400.0,5,2,1.0,,,0,0,"Citraland, Surabaya",-7.309354,112.656548,https://www.rumah123.com/properti/surabaya-citraland/rumah-pojok-eastwood-citraland-2-lantai-kualitas-bagus-bangunan-sendiri-hos42169571/,rumah123
Rumah Pakuwon City San Diego Lt198m2 Open Space,5000000000,198.0,350.0,5,4,2.0,,,0,0,"Pakuwon City, Surabaya",-7.28917,112.67556,https://www.rumah123.com/properti/surabaya-pakuwon-city/rumah-pakuwon-city-san-diego-lt198m2-open-space-hos41728164/,rumah123
Rumah Grand Island Aruba Villa Pakuwon City Surabaya,4500000000,160.0,210.0,5,6,2.0,2.0,Semi Furnished,1,1,"Pakuwon City, Surabaya",-7.28917,112.67556,https://www.rumah123.com/properti/surabaya-pakuwon-city/rumah-grand-island-aruba-villa-pakuwon-city-surabaya-hos41368960/,rumah123
Nirwana Eksekutif Surabaya Timur Rumah Baru Gress 1 Lantai Lebar 8,2300000000,160.0,120.0,3,2,1.0,2.0,,0,0,"Surabaya Kota, Surabaya",-7.2771,112.717407,https://www.rumah123.com/properti/surabaya-surabaya-kota/nirwana-eksekutif-surabaya-timur-rumah-baru-gress-1-lantai-lebar-8-hos42318350/,rumah123
"Dijual Rumah2 Lantai Perumahan Pakuwon City, Surabaya Timur",5100000000,200.0,211.0,4,5,2.0,2.0,Semi Furnished,1,0,"Pakuwon City, Surabaya",-7.28917,112.67556,https://www.rumah123.com/properti/surabaya-pakuwon-city/dijual-rumah2-lantai-perumahan-pakuwon-city-surabaya-timur-hos42128038/,rumah123
Dijual Via Lelang Rumah The Green Lake Kel.lidah Kulon Kec Lakarsantri Surabaya,10990000000,655.0,90.0,3,2,2.0,2.0,Unfurnished,1,0,"Wiyung, Surabaya",-7.31097,112.698067,https://www.rumah123.com/properti/surabaya-wiyung/dijual-via-lelang-rumah-the-green-lake-kellidah-kulon-kec-lakarsantri-surabaya-hos42397718/,rumah123
Rumah Siap Huni 2 Lantai The Greenlake Citraland Surabaya,4000000000,135.0,195.0,4,3,2.0,1.0,Semi Furnished,1,1,"Citraland, Surabaya",-7.309354,-7.309354,https://www.rumah123.com/properti/surabaya-citraland/rumah-siap-huni-2-lantai-the-greenlake-citraland-surabaya-hos42273803/,rumah123
"Pakuwon Indah Vila Bukit Indah Dekat ke Pakuwon Mall,  LaViz Apartment, Hokky.",5500000000,250.0,266.0,4,3,2.0,2.0,,0,1,"Pakuwon Indah, Surabaya",-7.28921,-7.28921,https://www.rumah123.com/properti/surabaya-pakuwon-indah/pakuwon-indah-vila-bukit-indah-dekat-ke-pakuwon-mall-laviz-apartment-hokky-hos39230500/,rumah123
Rumah Siap Lelang Kec. Rungkut Kota Surabaya,347800000,59.0,60.0,2,1,,,Unfurnished,0,0,"Rungkut, Surabaya",-7.31434,112.80023,https://www.rumah123.com/properti/surabaya-rungkut/rumah-siap-lelang-kec-rungkut-kota-surabaya-hos42382983/,rumah123
Rumah Siap Lelang Kec. Rungkut Kota Surabaya,265100000,49.0,49.0,2,1,,,Unfurnished,0,0,"Rungkut, Surabaya",-7.31434,112.80023,https://www.rumah123.com/properti/surabaya-rungkut/rumah-siap-lelang-kec-rungkut-kota-surabaya-hos42382988/,rumah123
Rumah Siap Lelang Btn Kec. Sukolilo Kota Surabaya,586600000,100.0,45.0,2,1,,,Unfurnished,0,0,"Sukolilo, Surabaya",-7.28813,112.8029,https://www.rumah123.com/properti/surabaya-sukolilo/rumah-siap-lelang-btn-kec-sukolilo-kota-surabaya-hos42370655/,rumah123
Rumah Siap Lelang Kec. Rungkut Kota Surabaya,314000000,53.0,53.0,2,1,,,Unfurnished,0,0,"Rungkut, Surabaya",-7.31434,112.80023,https://www.rumah123.com/properti/surabaya-rungkut/rumah-siap-lelang-kec-rungkut-kota-surabaya-hos42382989/,rumah123
"Rumah Siap Lelang Btn di Kec. Sukolilo, Kota Surabaya",586600000,100.0,45.0,2,1,,,Unfurnished,0,0,"Sukolilo, Surabaya",-7.28813,112.8029,https://www.rumah123.com/properti/surabaya-sukolilo/rumah-siap-lelang-btn-di-kec-sukolilo-kota-surabaya-hos42360746/,rumah123
Rumah Siap Lelang Kec. Rungkut Kota Surabaya,472000000,72.0,55.0,2,1,,,Unfurnished,0,0,"Rungkut, Surabaya",-7.31434,112.80023,https://www.rumah123.com/properti/surabaya-rungkut/rumah-siap-lelang-kec-rungkut-kota-surabaya-hos42377199/,rumah123
Rumah Siap Lelang Kec. Rungkut Kota Surabaya,296800000,60.0,60.0,2,1,,,Unfurnished,0,0,"Rungkut, Surabaya",-7.31434,112.80023,https://www.rumah123.com/properti/surabaya-rungkut/rumah-siap-lelang-kec-rungkut-kota-surabaya-hos42377200/,rumah123
Rumah Siap Lelang Kec. Rungkut Kota Surabaya,340100000,72.0,55.0,2,1,,,Unfurnished,0,0,"Rungkut, Surabaya",-7.31434,112.80023,https://www.rumah123.com/properti/surabaya-rungkut/rumah-siap-lelang-kec-rungkut-kota-surabaya-hos42377203/,rumah123
Rumah Siap Lelang Kec. Rungkut Kota Surabaya,432000000,92.0,75.0,2,1,,,Unfurnished,0,0,"Rungkut, Surabaya",-7.31434,112.80023,https://www.rumah123.com/properti/surabaya-rungkut/rumah-siap-lelang-kec-rungkut-kota-surabaya-hos42370666/,rumah123
Rumah Siap Lelang Kec. Rungkut Kota Surabaya,311900000,72.0,55.0,1,1,,,Unfurnished,0,0,"Rungkut, Surabaya",-7.31434,112.80023,https://www.rumah123.com/properti/surabaya-rungkut/rumah-siap-lelang-kec-rungkut-kota-surabaya-hos42370668/,rumah123
Rumah Siap Lelang Kec. Rungkut Kota Surabaya,332700000,72.0,55.0,1,1,,,Unfurnished,0,0,"Rungkut, Surabaya",-7.31434,112.80023,https://www.rumah123.com/properti/surabaya-rungkut/rumah-siap-lelang-kec-rungkut-kota-surabaya-hos42370670/,rumah123
Rumah Siap Lelang Btn Kec. Rungkut Kota Surabaya,502400000,77.0,126.0,2,1,,,Unfurnished,0,0,"Rungkut, Surabaya",-7.31434,112.80023,https://www.rumah123.com/properti/surabaya-rungkut/rumah-siap-lelang-btn-kec-rungkut-kota-surabaya-hos42370652/,rumah123
Rumah Siap Lelang Btn Kec. Rungkut Kota Surabaya,727500000,128.0,171.0,2,1,,,Unfurnished,0,0,"Rungkut, Surabaya",-7.31434,112.80023,https://www.rumah123.com/properti/surabaya-rungkut/rumah-siap-lelang-btn-kec-rungkut-kota-surabaya-hos42370649/,rumah123
Rumah Siap Lelang Kec. Rungkut Kota Surabaya,298600000,208.0,55.0,1,1,,,Unfurnished,0,0,"Rungkut, Surabaya",-7.31434,112.80023,https://www.rumah123.com/properti/surabaya-rungkut/rumah-siap-lelang-kec-rungkut-kota-surabaya-hos42370672/,rumah123
Rumah Siap Lelang Btn Kec. Rungkut Kota Surabaya,370300000,78.0,65.0,2,1,,,Unfurnished,0,0,"Rungkut, Surabaya",-7.31434,112.80023,https://www.rumah123.com/properti/surabaya-rungkut/rumah-siap-lelang-btn-kec-rungkut-kota-surabaya-hos42370648/,rumah123
"Rumah Siap Lelang Btn di Kec. Rungkut, Kota Surabaya",500800000,108.0,80.0,2,1,,,Unfurnished,0,0,"Rungkut, Surabaya",-7.31434,112.80023,https://www.rumah123.com/properti/surabaya-rungkut/rumah-siap-lelang-btn-di-kec-rungkut-kota-surabaya-hos42322923/,rumah123
"Rumah Siap Lelang Btn di Kec. Rungkut, Kota Surabaya",398300000,91.0,90.0,2,1,,,Unfurnished,0,0,"Rungkut, Surabaya",-7.31434,112.80023,https://www.rumah123.com/properti/surabaya-rungkut/rumah-siap-lelang-btn-di-kec-rungkut-kota-surabaya-hos42360730/,rumah123
"Rumah Siap Lelang Btn di Kec. Rungkut, Kota Surabaya",440500000,90.0,125.0,2,1,,,Unfurnished,0,0,"Rungkut, Surabaya",-7.31434,112.80023,https://www.rumah123.com/properti/surabaya-rungkut/rumah-siap-lelang-btn-di-kec-rungkut-kota-surabaya-hos42360736/,rumah123
"Rumah Siap Lelang Btn di Kec. Rungkut, Kota Surabaya",370300000,78.0,65.0,2,1,,,Unfurnished,0,0,"Rungkut, Surabaya",-7.31434,112.80023,https://www.rumah123.com/properti/surabaya-rungkut/rumah-siap-lelang-btn-di-kec-rungkut-kota-surabaya-hos42360742/,rumah123
"Rumah Siap Lelang Btn di Kec. Rungkut, Kota Surabaya",502400000,77.0,126.0,2,1,,,Unfurnished,0,0,"Rungkut, Surabaya",-7.31434,112.80023,https://www.rumah123.com/properti/surabaya-rungkut/rumah-siap-lelang-btn-di-kec-rungkut-kota-surabaya-hos42360744/,rumah123
"Rumah Siap Lelang Btn di Kec. Rungkut, Kota Surabaya",727500000,128.0,171.0,2,1,,,Unfurnished,0,0,"Rungkut, Surabaya",-7.31434,112.80023,https://www.rumah123.com/properti/surabaya-rungkut/rumah-siap-lelang-btn-di-kec-rungkut-kota-surabaya-hos42360743/,rumah123
"Rumah Siap Lelang Btn di Kec. Rungkut, Kota Surabaya",587000000,128.0,150.0,2,1,,,Unfurnished,0,0,"Rungkut, Surabaya",-7.31434,112.80023,https://www.rumah123.com/properti/surabaya-rungkut/rumah-siap-lelang-btn-di-kec-rungkut-kota-surabaya-hos42322912/,rumah123
"Rumah Siap Lelang Btn di Kec. Rungkut, Kota Surabaya",545000000,91.0,63.0,2,1,,,Unfurnished,0,0,"Rungkut, Surabaya",-7.31434,112.80023,https://www.rumah123.com/properti/surabaya-rungkut/rumah-siap-lelang-btn-di-kec-rungkut-kota-surabaya-hos42322921/,rumah123
"Rumah Siap Lelang Btn di Kec. Rungkut, Kota Surabaya",788000000,128.0,155.0,2,1,,,Unfurnished,0,0,"Rungkut, Surabaya",-7.31434,112.80023,https://www.rumah123.com/properti/surabaya-rungkut/rumah-siap-lelang-btn-di-kec-rungkut-kota-surabaya-hos42322928/,rumah123
"Rumah Siap Lelang Btn di Kec. Rungkut, Kota Surabaya",560000000,90.0,90.0,2,1,,,Unfurnished,0,0,"Rungkut, Surabaya",-7.31434,112.80023,https://www.rumah123.com/properti/surabaya-rungkut/rumah-siap-lelang-btn-di-kec-rungkut-kota-surabaya-hos42322931/,rumah123
Diamond Hill Citraland Rumah Baru Siap Huni,8900000000,368.0,500.0,4,3,2.0,1.0,Unfurnished,0,1,"Citraland, Surabaya",-7.309354,112.656548,https://www.rumah123.com/properti/surabaya-citraland/diamond-hill-citraland-rumah-baru-siap-huni-hos42365554/,rumah123
Rumah Baru Gress 2 Lantai Dekat Unair dan Its One Gate Sistem,2300000000,80.0,120.0,3,3,2.0,1.0,Unfurnished,1,0,"Kenjeran, Surabaya",-7.23563,112.786163,https://www.rumah123.com/properti/surabaya-kenjeran/rumah-baru-gress-2-lantai-dekat-unair-dan-its-one-gate-sistem-hos41431745/,rumah123
"Bebas Banjir, Rumah, 2 Lantai, SHM, Dekat Pusat Perbelanjaan, bisa KPR, Lokasi Kenjeran",1850000000,90.0,135.0,3,3,2.0,1.0,Unfurnished,1,1,"Kenjeran, Surabaya",-7.23563,112.786163,https://www.rumah123.com/properti/surabaya-kenjeran/bebas-banjir-rumah-2-lantai-shm-dekat-pusat-perbelanjaan-bisa-kpr-lokasi-kenjeran-hos41431673/,rumah123
Dijual Rumah Mainroad Taman Pondok Indah Wiyung Negotiable,4500000000,250.0,500.0,6,5,2.0,2.0,Semi Furnished,1,1,"Wiyung, Surabaya",-7.31097,112.698067,https://www.rumah123.com/properti/surabaya-wiyung/dijual-rumah-2-lt-boulevard-taman-pondok-indah-wiyung-negotiable-hos41229102/,rumah123
Dijual Rumah Minimalis 2 LT Royal Residence,2900000000,144.0,350.0,3,3,1.0,2.0,Semi Furnished,1,1,"Wiyung, Surabaya",-7.31097,112.698067,https://www.rumah123.com/properti/surabaya-wiyung/dijual-rumah-minimalis-2-lt-royal-residence-hos41916364/,rumah123
Dijual Rumah Villa Bukit Regency 3 Pakuwon Indah Siap Huni Semi Furnish,6300000000,240.0,280.0,4,4,2.0,2.0,Semi Furnished,0,0,"Surabaya Kota, Surabaya",-7.2771,112.717407,https://www.rumah123.com/properti/surabaya-surabaya-kota/dijual-rumah-villa-bukit-regency-3-pakuwon-indah-siap-huni-semi-furnish-hos40693430/,rumah123
Dijual Rumah Jalan Kembar Raya Manyar Rejo Surabaya Timur,12000000000,844.0,800.0,14,7,1.0,5.0,Unfurnished,0,0,"Manyar, Surabaya",-7.28724,112.739052,https://www.rumah123.com/properti/surabaya-manyar/dijual-rumah-kos-dan-usaha-di-jalan-kembar-raya-manyar-rejo-surabaya-timur-hos42357043/,rumah123
â¼ï¸ *Hot Listing**Bangunan Komersial 0 Jalan Raya Sby Selatan* *Jemur Andayani Lantai Full Marmer,29990000000,1470.0,772.0,6,6,1.0,6.0,Furnished,0,0,"Surabaya Kota, Surabaya",-7.2771,112.717407,https://www.rumah123.com/properti/surabaya-surabaya-kota/hot-listingbangunan-komersial-0-jalan-raya-sby-selatan-jemur-andayani-lantai-full-marmer-hos40693492/,rumah123
Dijual Rumah di Royal Residence Wiyung Surabaya Barat,6900000000,375.0,450.0,4,4,2.0,2.0,Unfurnished,1,0,"Wiyung, Surabaya",-7.31097,112.698067,https://www.rumah123.com/properti/surabaya-wiyung/dijual-rumah-di-royal-residence-wiyung-surabaya-barat-hos42382765/,rumah123
Dijual Cepat Rumah Royal Residence Wiyung- Surabaya Barat,2800000000,133.0,195.0,4,4,2.0,2.0,Semi Furnished,0,0,"Wiyung, Surabaya",-7.31097,112.698067,https://www.rumah123.com/properti/surabaya-wiyung/dijual-cepat-rumah-royal-residence-wiyung-surabaya-barat-hos40598979/,rumah123
Luxury Modern Cozy Home View Golf Pakuwon Indah Golf Driving,47500000000,838.0,1000.0,5,6,2.0,2.0,Unfurnished,1,1,"Pakuwon Indah, Surabaya",-7.28921,112.674469,https://www.rumah123.com/properti/surabaya-pakuwon-indah/luxury-modern-cozy-home-view-golf-pakuwon-indah-golf-driving-hos41716906/,rumah123
Dijual Rumah Private Pool Bukit Golf International Citraland,7950000000,300.0,400.0,4,3,2.0,2.0,Furnished,1,1,"Surabaya Kota, Surabaya",-7.2771,112.717407,https://www.rumah123.com/properti/surabaya-surabaya-kota/dijual-rumah-private-pool-bukit-golf-international-citraland-hos42397249/,rumah123
Dijual/Sewkan Rumah Northwest Central Citraland Utara Surabaya Barat,900000000,72.0,55.0,1,1,2.0,1.0,Unfurnished,0,0,"Citraland, Surabaya",-7.309354,112.656548,https://www.rumah123.com/properti/surabaya-citraland/dijual-rumah-northwest-central-citraland-utara-surabaya-barat-hos42323204/,rumah123
Dijual Rumah Royal Residence Wiyung Surabaya Barat,1370000000,46.0,85.0,3,2,3.0,1.0,Semi Furnished,0,0,"Wiyung, Surabaya",-7.31097,112.698067,https://www.rumah123.com/properti/surabaya-wiyung/dijual-rumah-royal-residence-wiyung-surabaya-barat-hos41026365/,rumah123
Dijual Rumah Baru Gress Grandia Palma Citraland Utara- Surabaya.barat,2500000000,180.0,158.0,5,5,2.0,2.0,Unfurnished,0,0,"Citraland, Surabaya",-7.309354,112.656548,https://www.rumah123.com/properti/surabaya-citraland/dijual-rumah-baru-gress-grandia-palma-citraland-utara-surabayabarat-hos39289728/,rumah123
Rumah Bagus Murah Rungkut Asri Tengah Dekat Merr Rungkut Harapan,1600000000,200.0,170.0,3,3,1.0,1.0,Unfurnished,1,0,"Rungkut, Surabaya",-7.31434,112.800232,https://www.rumah123.com/properti/surabaya-rungkut/rumah-bagus-murah-rungkut-asri-tengah-dekat-merr-rungkut-harapan-hos42397230/,rumah123
"Rumah Mewah Siap Huni Selat Golf, Citraland Rumah Asri &Lux",35000000000,1230.0,1000.0,10,9,2.0,4.0,Unfurnished,1,1,"Citraland, Surabaya",-7.309354,112.656548,https://www.rumah123.com/properti/surabaya-citraland/rumah-mewah-siap-huni-selat-golf-citraland-rumah-asri-lux-hos41733313/,rumah123
Rumah 2 Lantai Baru Murah di Citraland,2920000000,105.0,163.0,5,4,2.0,2.0,,0,1,"Citraland, Surabaya",-7.309354,112.656548,https://www.rumah123.com/properti/surabaya-citraland/rumah-2-lantai-baru-murah-di-citraland-hos42392769/,rumah123
Dijual Via Lelang Rumah Ketintang Surabaya,2000000000,488.0,75.0,3,2,2.0,1.0,Unfurnished,1,0,"Surabaya Kota, Surabaya",-7.2771,112.717407,https://www.rumah123.com/properti/surabaya-surabaya-kota/dijual-via-lelang-rumah-ketintang-surabaya-hos42397155/,rumah123
"Rumah Graha Natura Modern Tropis Terawat Dekat Clubhouse, Gwalk, Raya Lontar, Area Komersial.",6900000000,432.0,500.0,4,5,2.0,2.0,Semi Furnished,1,1,"Citraland, Surabaya",-7.3093542,112.6565456,https://www.rumah123.com/properti/surabaya-citraland/rumah-graha-natura-modern-tropis-terawat-dekat-clubhouse-gwalk-raya-lontar-area-komersial-hos14027588/,rumah123
"RUMAH GRAHA FAMILY GOLF VIEW MEWAH FULL FURNISHED ada SWIMMING POOL dekat clubhouse, tol, pusat bisnis dan komersial",65000000000,1250.0,1600.0,5,7,,,Furnished,0,1,"Graha, Surabaya",,,https://www.rumah123.com/properti/surabaya-graha/rumah-graha-family-golf-view-mewah-full-furnished-ada-swimming-pool-dekat-clubhouse-tol-pusat-bisnis-dan-komersial-hos10526855/,rumah123
"RUMAH ISEN INTERNATIONAL LIVING by Intiland DARMO HARAPAN ada SWIMMING POOL dekat Hokky Supermarket, Primalaras swimming and fitness center, Pasar Modern, pusat bisnis dan komersial",13000000000,375.0,350.0,3,3,,,Furnished,0,1,"Darmo permai, Surabaya",-6.26899,106.806,https://www.rumah123.com/properti/surabaya-darmo-permai/rumah-isen-international-living-by-intiland-darmo-harapan-ada-swimming-pool-dekat-hokky-supermarket-primalaras-swimming-hos11902856/,rumah123
Rumah Baru Cluster Chester Wisata Bukit Mas Surabaya Barat 2 Lantai 5 KT Strategis Cbd,2910000000,96.0,122.0,5,3,2.0,2.0,,0,0,"Darmo permai, Surabaya",-7.285674,112.70134,https://www.rumah123.com/properti/surabaya-darmo-permai/rumah-baru-cluster-chester-wisata-bukit-mas-surabaya-barat-2-lantai-5-kt-strategis-cbd-hos41713294/,rumah123
"Graha Family Long Golf View Blok H Dekat Clubhouse, Tol, Pusat Bisnis Dan Komersial",63500000000,1250.0,1900.0,8,9,,,Semi Furnished,1,1,"Graha, Surabaya",-6.2,106.816666,https://www.rumah123.com/properti/surabaya-graha/graha-family-long-golf-view-blok-h-dekat-clubhouse-tol-pusat-bisnis-dan-komersial-hos13370870/,rumah123
"Dijual Rumah Taman Pondok Indah,Dekat Perumahan Babatan Mukti,Graha Sampurna, Wiyung Surabaya",1350000000,135.0,130.0,3,1,1,1.0,Unfurnished,1,1,"Wiyung, Surabaya",-7.31097,112.698067,https://www.rumah123.com/properti/surabaya-wiyung/dijual-rumah-taman-pondok-indahdekat-perumahan-babatan-muktigraha-sampurna-wiyung-surabaya-hos41096444/,rumah123
Paling Murah Dijual Rumah Simpang Darmo Permai Selatan Dekat Darmo Permai Selatan,925000000,126.0,100.0,3,1,1,1.0,Unfurnished,0,0,"Darmo permai, Surabaya",-7.285674,112.70134,https://www.rumah123.com/properti/surabaya-darmo-permai/paling-murah-dijual-rumah-simpang-darmo-permai-selatan-dekat-darmo-permai-selatan-hos42331909/,rumah123
Rumah Griya Asri Pakuwon City Minimalis,1600000000,91.0,91.0,2,1,1,1.0,Unfurnished,0,0,"Surabaya Kota, Surabaya",-7.2771,112.717407,https://www.rumah123.com/properti/surabaya-surabaya-kota/rumah-griya-asri-pakuwon-city-minimalis-hos40692570/,rumah123
Grand Harvest Cluster Belvoir Full Furnished,1600000000,117.0,150.0,3,2,2,1.0,Furnished,0,0,"Surabaya Kota, Surabaya",-7.2771,112.717407,https://www.rumah123.com/properti/surabaya-surabaya-kota/grand-harvest-cluster-belvoir-full-furnished-hos40692593/,rumah123
Rumah Mewah Mulyosari Murah Siap Huni,1670000000,75.0,120.0,3,4,2,1.0,Unfurnished,0,0,"Surabaya Kota, Surabaya",-7.2771,112.717407,https://www.rumah123.com/properti/surabaya-surabaya-kota/rumah-mewah-mulyosari-murah-siap-huni-hos40692975/,rumah123
Rumah Termurah di Kutisari Surabaya,750000000,102.0,102.0,2,1,1,1.0,Unfurnished,1,0,"Kutisari, Surabaya",-7.28917,112.734,https://www.rumah123.com/properti/surabaya-kutisari/rumah-termurah-di-kutisari-surabaya-hos42387774/,rumah123
Rumah Sangat Murah di Pakuwon City Surabaya Timur,2700000000,144.0,200.0,4,3,2,3.0,Unfurnished,1,0,"Pakuwon City, Surabaya",-7.28917,112.734,https://www.rumah123.com/properti/surabaya-pakuwon-city/rumah-sangat-murah-di-pakuwon-city-surabaya-timur-hos42387705/,rumah123
"Rumah Mewah Siap Huni Selat Golf, Citraland Rumah Asri &Lux",35000000000,1230.0,1000.0,10,9,2,4.0,Unfurnished,1,1,"Citraland, Surabaya",-7.309354,112.656548,https://www.rumah123.com/properti/surabaya-citraland/rumah-mewah-siap-huni-selat-golf-citraland-rumah-asri-lux-hos41733260/,rumah123
"Baru Gress! Rumah SHM 5,5Ã15 di Pandugo Timur, 2 KT, Dekat Merr & Upn, Hanya 800 Jutaan - Rungkut Surabaya Timur",860000000,79.0,48.0,2,1,1,1.0,Unfurnished,1,0,"Rungkut, Surabaya",-7.31434,112.800232,https://www.rumah123.com/properti/surabaya-rungkut/baru-gress-rumah-shm-5515-di-pandugo-timur-2-kt-dekat-merr-upn-hanya-800-jutaan-rungkut-surabaya-timur-hos42081929/,rumah123
Flash Sale Turun 300Jt !! Rumah Green Semanggi Mangrove Wonorejo Surabaya Siap Huni 6X15 2Lantai,1000000000,90.0,90.0,3,2,2,1.0,Unfurnished,1,1,"Wonorejo, Surabaya",-7.271274,112.731598,https://www.rumah123.com/properti/surabaya-wonorejo/flash-sale-turun-300jt-rumah-green-semanggi-mangrove-wonorejo-surabaya-siap-huni-6x15-2lantai-hos38917860/,rumah123
Rumah Baru Siap untuk Pasangan Muda - Park Sunrise Wonorejo,800000000,84.0,84.0,3,1,2,,Unfurnished,1,0,"Wonorejo, Surabaya",-7.271274,112.731598,https://www.rumah123.com/properti/surabaya-wonorejo/rumah-baru-siap-untuk-pasangan-muda-park-sunrise-wonorejo-hos40941646/,rumah123
"COCOK UNTUK GUDANG, WORKSHOP DLL Rumah Medokan Asri Rungkut Surabaya Timur 13x30 SHM cuman 7Jtan/m2",3100000000,390.0,120.0,3,1,1,,Unfurnished,1,0,"Rungkut, Surabaya",-7.31434,112.800232,https://www.rumah123.com/properti/surabaya-rungkut/cocok-untuk-gudang-workshop-dll-rumah-medokan-asri-rungkut-surabaya-timur-13x30-shm-cuman-7jtanm2-hos40346358/,rumah123
"Rumah SHM 600 Jutaan! Rumah Baru Renovasi 2 KT, One Gate, 5 Menit ke Merr - Gunung Anyar Surabaya Timur",690000000,70.0,45.0,2,1,1,1.0,Unfurnished,1,0,"Gununganyar, Surabaya",-7.33182,112.80822,https://www.rumah123.com/properti/surabaya-gununganyar/rumah-shm-600-jutaan-rumah-baru-renovasi-2-kt-one-gate-5-menit-ke-merr-gunung-anyar-surabaya-timur-hos42152280/,rumah123
Rumah Rungkut Asri Surabaya Timur Baru Gress 2 Lantai Ada 3 Unit Spek Tinggi Dkt Mcd Superindo,1850000000,84.0,115.0,3,3,2,2.0,Unfurnished,1,1,"Rungkut, Surabaya",-7.31434,112.80023,https://www.rumah123.com/properti/surabaya-rungkut/rumah-rungkut-asri-surabaya-timur-baru-gress-2-lantai-ada-3-unit-spek-tinggi-dkt-mcd-superindo-hos18649100/,rumah123
"Tanah Hoek 510MÂ² di Lokasi Mahasiswa, Cocok untuk Kost Eksklusif dengan Potensi Cashflow Tinggi - Rungkut Surabaya Timur",5500000000,510.0,350.0,6,2,2,1.0,Unfurnished,1,1,"Rungkut, Surabaya",-7.31434,112.80023,https://www.rumah123.com/properti/surabaya-rungkut/tanah-hoek-510m-di-lokasi-mahasiswa-cocok-untuk-kost-eksklusif-dengan-potensi-cashflow-tinggi-rungkut-surabaya-timur-hos13251460/,rumah123
Row 8 Meter + 3 KT! Rumah 2 Lantai SHM Baru Gress Dekat Merr & Upn - Rungkut Menanggal,1390000000,90.0,88.0,3,2,2,1.0,Unfurnished,1,0,"Rungkut, Surabaya",-7.31434,112.800232,https://www.rumah123.com/properti/surabaya-rungkut/row-8-meter-3-kt-rumah-2-lantai-shm-baru-gress-dekat-merr-upn-rungkut-menanggal-hos42238086/,rumah123
"Banting Harga !! 700Jtan Dapat Rumah 2 Lantai! SHM, LT 78 MÂ², LB 100 MÂ² - Green Lake Wonorejo",745000000,78.0,100.0,3,2,2,1.0,Unfurnished,1,0,"Wonorejo, Surabaya",-7.271274,112.731598,https://www.rumah123.com/properti/surabaya-wonorejo/cuma-800-jutaan-rumah-2-lantai-shm-3-kt-di-green-lake-wonorejo-lt-78m-lb-100m-hos42237057/,rumah123
"Hanya 5 Menit ke Merr, Rumah 1 Lantai 200MÂ² dengan Lingkungan Tenang dan Jalan Row 3 Mobil - Pandugo Rungkut Surabaya Timur",1700000000,200.0,170.0,5,3,1,1.0,Semi Furnished,1,1,"Rungkut, Surabaya",-7.31434,112.80023,https://www.rumah123.com/properti/surabaya-rungkut/rumah-siap-huni-200m-dengan-bonus-6-ac-water-heater-kitchen-set-di-dekat-raya-merr-gununganyar-surabaya-timur-hos18904110/,rumah123
"Rumah Tengah Kota Hanya 10 Jutaan Per Meter Gubeng Kertajaya Cocok untuk Usaha Kos, Laundry",2200000000,200.0,200.0,3,1,2,,Unfurnished,1,0,"Gubeng, Surabaya",-7.27396,112.748192,https://www.rumah123.com/properti/surabaya-gubeng/rumah-tengah-kota-hanya-10-jutaan-per-meter-gubeng-kertajaya-cocok-untuk-usaha-kos-laundry-hos42169275/,rumah123
Rumah Baru Nginden Intan Timur Row 3 Mobil,1970000000,144.0,200.0,4,3,2,,Unfurnished,1,0,"Nginden, Surabaya",-7.29974,112.767357,https://www.rumah123.com/properti/surabaya-nginden/rumah-baru-nginden-intan-timur-row-3-mobil-hos42122133/,rumah123
"Rumah Strategis Baruk Barat Rungkut, Surabaya Timur - SHM, Siap Huni, Dekat Merr",1300000000,126.0,130.0,3,1,1,1.0,Unfurnished,1,0,"Rungkut, Surabaya",-7.31434,112.800232,https://www.rumah123.com/properti/surabaya-rungkut/rumah-strategis-baruk-barat-rungkut-surabaya-timur-shm-siap-huni-dekat-merr-hos41012029/,rumah123
Barang Langka! Tanah Murah di Area Rungkut Rungkut Menanggal Harapan - Surabaya Timur,2690000000,444.0,200.0,3,2,1,1.0,Unfurnished,1,0,"Rungkut, Surabaya",-7.31434,112.800232,https://www.rumah123.com/properti/surabaya-rungkut/barang-langka-tanah-murah-di-area-rungkut-rungkut-menanggal-harapan-surabaya-timur-hos41114087/,rumah123
Rumah Hunian Keluarga Ideal di Wiguna Tengah - One Gate & Row 2 Mobil,1400000000,135.0,100.0,3,2,1,,Unfurnished,1,0,"Gununganyar, Surabaya",-7.33182,112.80822,https://www.rumah123.com/properti/surabaya-gununganyar/rumah-hunian-keluarga-ideal-di-wiguna-tengah-one-gate-row-2-mobil-hos40969383/,rumah123
Rumah Sutorejo Tengah Hook Row 2 Mobil,1850000000,194.0,130.0,3,2,1,,Unfurnished,1,0,"Sutorejo, Surabaya",-7.26097,112.789757,https://www.rumah123.com/properti/surabaya-sutorejo/rumah-sutorejo-tengah-hook-row-2-mobil-hos42182589/,rumah123
"Rumah Bukit Palma 2 Lantai Baru Gress, Modern Minimalis, Luas dan Siap Huni",2000000000,120.0,170.0,4,4,2,,Unfurnished,1,0,"Wiyung, Surabaya",-7.31097,112.698067,https://www.rumah123.com/properti/surabaya-wiyung/rumah-bukit-palma-2-lantai-baru-gress-modern-minimalis-luas-dan-siap-huni-hos42176524/,rumah123
Flash Sale Harga Bu Banget !! Green Semanggi Mangrove Wonorejo Surabaya 7X13 Murah 550Jt Nego,550000000,91.0,66.0,2,1,1,1.0,Semi Furnished,0,0,"Wonorejo, Surabaya",-6.1767642,106.8271291,https://www.rumah123.com/properti/surabaya-wonorejo/flash-sale-harga-bu-banget-green-semanggi-mangrove-wonorejo-surabaya-7x13-murah-550jt-nego-hos15397102/,rumah123
"Rumah Babatan Pantai New, Minimalis, Carport 2",2550000000,146.0,280.0,4,4,3,,Unfurnished,1,0,"Mulyorejo, Surabaya",-7.27049,112.780548,https://www.rumah123.com/properti/surabaya-mulyorejo/rumah-babatan-pantai-new-minimalis-carport-2-hos42376936/,rumah123
Rumah Taman Sutorejo Timur Minimalis Dekat Unair Row 2 Mobil,1450000000,60.0,100.0,3,2,2,,Unfurnished,1,1,"Sutorejo, Surabaya",-7.26097,112.789757,https://www.rumah123.com/properti/surabaya-sutorejo/rumah-taman-sutorejo-timur-minimalis-dekat-unair-row-2-mobil-hos42390586/,rumah123
Rumah Rungkut Harapan Surabaya Timur Baru Renov Buat Kos / Kantor,2170000000,200.0,250.0,9,5,2,,Unfurnished,1,0,"Rungkut, Surabaya",-7.31434,112.800232,https://www.rumah123.com/properti/surabaya-rungkut/rumah-rungkut-harapan-surabaya-timur-baru-renov-buat-kos-kantor-hos42390603/,rumah123
Rumah di Pakuwon City Cluster Taman Mutiarahadap: Selatan.teras Estetik Kanopi 3 Unit AC Pompa Air Water Heater,2350000000,96.0,96.0,3,2,2,,Unfurnished,1,1,"Pakuwon City, Surabaya",-7.28917,112.67556,https://www.rumah123.com/properti/surabaya-pakuwon-city/rumah-di-pakuwon-city-cluster-taman-mutiarahadap-selatanteras-estetik-kanopi-3-unit-ac-pompa-air-water-heater-hos42347956/,rumah123
"Rumah Daerah Woodland, Citraland, Hadap Selatan, PLN 2200",2000000000,135.0,105.0,3,2,1,,Unfurnished,1,0,"Citraland, Surabaya",-7.309354,112.656548,https://www.rumah123.com/properti/surabaya-citraland/rumah-daerah-woodland-citraland-hadap-selatan-pln-2200-hos42368041/,rumah123
"Rumah Pondok Maritim Indah, Hadap Selatan",2900000000,200.0,189.0,4,3,2,,Unfurnished,1,0,"Wiyung, Surabaya",-7.31097,112.698067,https://www.rumah123.com/properti/surabaya-wiyung/rumah-pondok-maritim-indah-hadap-selatan-hos42357382/,rumah123
Rumah Persada Prapen Mas Hitung Tanah,2500000000,270.0,270.0,4,2,2,,Unfurnished,1,0,"Jemursari, Surabaya",-7.32428,112.74173,https://www.rumah123.com/properti/surabaya-jemursari/rumah-persada-prapen-mas-hitung-tanah-hos42368075/,rumah123
Pakal Madya Asri Rumah New Minimalis Row Jalan 2 Mobil Longgar,1300000000,89.0,128.0,3,3,2,,Unfurnished,1,0,"Pakal, Surabaya",-7.24268,112.629807,https://www.rumah123.com/properti/surabaya-pakal/pakal-madya-asri-rumah-new-minimalis-row-jalan-2-mobil-longgar-hos42305241/,rumah123
"Banting Harga !! 700Jtan Dapat Rumah 2 Lantai! SHM, LT 78 MÂ², LB 100 MÂ² - Green Lake Wonorejo",745000000,78.0,100.0,3,2,2,1.0,Unfurnished,1,0,"Wonorejo, Surabaya",-7.271274,112.731598,https://www.rumah123.com/properti/surabaya-wonorejo/budget-800jtan-dapat-rumah-2-lantai-shm-lt-78-m-lb-100-m-green-lake-wonorejo-hos42237004/,rumah123
Dijual Rumah Siap Huni di Royal Residence Greenwich,2750000000,100.0,125.0,4,3,2,1.0,Semi Furnished,0,1,"Wiyung, Surabaya",-7.31097,112.698067,https://www.rumah123.com/properti/surabaya-wiyung/dijual-rumah-siap-huni-di-royal-residence-greenwich-hos42371309/,rumah123
Termurah Rumah Komersial 960 MtrÂ² Raya Nginden Surabaya Cocok Segala Usaha,14000000000,960.0,1300.0,5,4,2,2.0,Semi Furnished,0,1,"Nginden, Surabaya",-7.28917,112.734,https://www.rumah123.com/properti/surabaya-nginden/jarang-ada-runah-terawat-lebar-30-nginden-intan-surabaya-hos41081546/,rumah123
"Rumah Baru Gress Sutorejo Prima , Hadap Utara Row Jalan 2 Mbl",2800000000,135.0,170.0,4,3,2,,Unfurnished,1,0,"Sutorejo, Surabaya",-7.26097,112.789757,https://www.rumah123.com/properti/surabaya-sutorejo/rumah-baru-gress-sutorejo-prima-hadap-utara-row-jalan-2-mbl-hos42242698/,rumah123
Rumah Nirwana Executive Surabaya New Minimalis,2300000000,160.0,160.0,3,2,1,,Unfurnished,1,0,"Rungkut, Surabaya",-7.31434,112.800232,https://www.rumah123.com/properti/surabaya-rungkut/rumah-nirwana-executive-surabaya-new-minimalis-hos42242715/,rumah123
"Rumah Hook Siap Huni, Baru Renov Taman Wisata Regency (Ada AC 3 Unit) Row Jalan 2-3Mobil",1050000000,158.0,50.0,2,1,1.0,,Unfurnished,1,1,"Citraland, Surabaya",-7.309354,112.656548,https://www.rumah123.com/properti/surabaya-citraland/rumah-hook-siap-huni-baru-renov-taman-wisata-regency-ada-ac-3-unit-row-jalan-23mobil-hos42260076/,rumah123
Grand Pakuwon Cluster Queenland Hadap Selatan,1000000000,48.0,48.0,3,2,2.0,,Unfurnished,1,0,"Pakuwon, Surabaya",-7.289141,112.67572,https://www.rumah123.com/properti/surabaya-pakuwon/grand-pakuwon-cluster-queenland-hadap-selatan-hos42260066/,rumah123
Murah Rumah Mulyosari Terawat 1 Lantai Surabaya Timur,1950000000,180.0,170.0,4,2,1.0,2.0,Semi Furnished,0,0,"Mulyosari, Surabaya",-7.28917,112.734,https://www.rumah123.com/properti/surabaya-mulyosari/rumah-mulyosari-srmi-furnish-bagus-akses-mudah-hos41905779/,rumah123
Rumah Mulyosari Terawat Siap Huni bisa KPR,2000000000,165.0,200.0,3,2,2.0,1.0,Semi Furnished,0,1,"Mulyosari, Surabaya",-7.28917,112.734,https://www.rumah123.com/properti/surabaya-mulyosari/rumah-mulyosari-siap-huni-bisa-kpr-hos41627727/,rumah123
"Rumah Bangunan Lama Manyar Indah , Row Jalan 3 Mbl",1200000000,100.0,45.0,4,2,2.0,,Unfurnished,1,0,"Manyar, Surabaya",-7.28724,112.739052,https://www.rumah123.com/properti/surabaya-manyar/rumah-bangunan-lama-manyar-indah-row-jalan-3-mbl-hos42182612/,rumah123
Rumah Babatan Pratama Wiyung Surabaya Barat Depan Taman Row 2 Mobil,1370000000,90.0,180.0,3,2,2.0,,Unfurnished,1,1,"Wiyung, Surabaya",-7.31097,112.698067,https://www.rumah123.com/properti/surabaya-wiyung/rumah-babatan-pratama-wiyung-surabaya-barat-depan-taman-row-2-mobil-hos42190803/,rumah123
Rumah Rungkut Asri Surabaya Timur Minimalis Row 2 Mobil,2000000000,120.0,175.0,3,2,2.0,,Unfurnished,1,0,"Rungkut, Surabaya",-7.31434,112.800232,https://www.rumah123.com/properti/surabaya-rungkut/rumah-rungkut-asri-surabaya-timur-minimalis-row-2-mobil-hos42223302/,rumah123
Rumah Sutorejo Prima Surabaya Timur New Minimalis,1990000000,90.0,160.0,4,3,2.0,,Unfurnished,1,0,"Sutorejo, Surabaya",-7.26097,112.789757,https://www.rumah123.com/properti/surabaya-sutorejo/rumah-sutorejo-prima-surabaya-timur-new-minimalis-hos42223274/,rumah123
DEKAT KAMPUS UNAIR Rumah Pojok Gubeng Kertajaya Surabaya Cocok untuk dibangun Kost,1800000000,168.0,120.0,3,2,2.0,1.0,Unfurnished,1,1,"kertajaya, Surabaya",-7.28917,112.734,https://www.rumah123.com/properti/surabaya-kertajaya/dekat-kampus-unair-rumah-pojok-gubeng-kertajaya-surabaya-cocok-untuk-dibangun-kost-hos14622662/,rumah123
"Baru Gress! Rumah 2 Lantai Gunung Anyar 3 KT, SHM & Row 12 Meter, Dekat Merr & Upn",1550000000,100.0,152.0,3,3,2.0,1.0,Unfurnished,1,0,"Gununganyar, Surabaya",-7.33182,112.80822,https://www.rumah123.com/properti/surabaya-gununganyar/baru-gress-rumah-2-lantai-gunung-anyar-3-kt-shm-row-12-meter-dekat-merr-upn-hos42328480/,rumah123
"Rumah Hook Premium Kertajaya Indah - Hadap Jalan Kembar, Cocok Bisnis & Franchise",18000000000,390.0,250.0,3,2,2.0,2.0,Unfurnished,1,0,"kertajaya, Surabaya",-7.282603,112.755432,https://www.rumah123.com/properti/surabaya-kertajaya/rumah-hook-premium-kertajaya-indah-hadap-jalan-kembar-cocok-bisnis-franchise-hos40611475/,rumah123
Rumah Tengah Kota Kinibalu Petemon Surabaya,3000000000,423.0,300.0,5,4,1.0,,Unfurnished,0,0,"Sawahan, Surabaya",-7.26502,112.731003,https://www.rumah123.com/properti/surabaya-sawahan/rumah-tengah-kota-kinibalu-petemon-surabaya-hos40864132/,rumah123
Dijual Rumah Mewah Lokasi Citraland Bukit Golf Internasional Surabaya,9500000000,300.0,500.0,5,5,2.0,1.0,,0,0,"Citraland, Surabaya",-7.309354,112.656548,https://www.rumah123.com/properti/surabaya-citraland/dijual-rumah-mewah-lokasi-citraland-bukit-golf-internasional-surabaya-hos40543276/,rumah123
Dijual Harga Promo Rumah 2 Lantai Gress Boulevard Northwest Citraland,2550000000,126.0,190.0,3,3,2.0,2.0,Unfurnished,1,1,"Citraland, Surabaya",-7.2889105,112.64498,https://www.rumah123.com/properti/surabaya-citraland/dijual-harga-promo-rumah-2-lantai-gress-boulevard-northwest-citraland-hos19354920/,rumah123
Dijual Cepat Rumah Cantik Hook Royal Residence View Danau,2600000000,98.0,125.0,3,2,2.0,,Unfurnished,1,0,"Wiyung, Surabaya",-7.31097,112.698067,https://www.rumah123.com/properti/surabaya-wiyung/dijual-cepat-rumah-cantik-hook-royal-residence-view-danau-hos42075971/,rumah123
Dijual Rumah Hitung Tanah di Jalan Raya Kupang Baru,5400000000,180.0,180.0,3,2,,,Unfurnished,0,0,"Surabaya Kota, Surabaya",-7.2771,112.717407,https://www.rumah123.com/properti/surabaya-surabaya-kota/dijual-rumah-hitung-tanah-di-jalan-raya-kupang-baru-hos42084539/,rumah123
Dijual Rumah Wisata Bukit Mas Harga Bu Harus Cepat Laku,2500000000,160.0,134.0,4,2,2.0,,Unfurnished,1,0,"Wiyung, Surabaya",-7.31097,112.698067,https://www.rumah123.com/properti/surabaya-wiyung/dijual-rumah-wisata-bukit-mas-harga-bu-harus-cepat-laku-hos42083652/,rumah123
Dijual Rumah Minimalis Modern Wisata Bukit Mas,1280000000,50.0,100.0,2,2,2.0,1.0,Unfurnished,1,1,"Wiyung, Surabaya",-7.31097,112.698067,https://www.rumah123.com/properti/surabaya-wiyung/dijual-rumah-minimalis-modern-wisata-bukit-mas-hos41814826/,rumah123
Dijual Via Lelang Rumah Siap Huni di Tenggilis Mejoyo,1990000000,300.0,300.0,3,2,2.0,1.0,Unfurnished,0,1,"Rungkut, Surabaya",-7.31434,112.800232,https://www.rumah123.com/properti/surabaya-rungkut/dijual-via-lelang-rumah-siap-huni-di-tenggilis-mejoyo-hos42331248/,rumah123
Dijual Via Lelang Rumah di Kedung Baruk Rungkut Surabaya,839400000,348.0,348.0,3,2,1.0,1.0,Unfurnished,0,0,"Rungkut, Surabaya",-7.31434,112.800232,https://www.rumah123.com/properti/surabaya-rungkut/dijual-via-lelang-rumah-di-kedung-baruk-rungkut-surabaya-hos42379113/,rumah123
Dijual Rumah Forest Mansion Full Furnished + Private Pool Baru Renovasi,3500000000,180.0,250.0,4,4,2,1.0,,0,0,"Wiyung, Surabaya",-7.31097,112.698067,https://www.rumah123.com/properti/surabaya-wiyung/disewakan-rumah-forest-mansion-full-furnished-private-pool-baru-renovasi-hos42232357/,rumah123
Dijual Rumah Mewah di Royal Residen Wiyung Surabaya Barat,5500000000,300.0,450.0,6,5,1,1.0,Unfurnished,0,0,"Wiyung, Surabaya",-7.31097,112.698067,https://www.rumah123.com/properti/surabaya-wiyung/dijual-rumah-mewah-di-royal-residen-wiyung-surabaya-barat-hos41043615/,rumah123
Dijual Rumah Grand Harvest Surabaya Siap Huni,1250000000,60.0,80.0,2,2,2,1.0,Unfurnished,0,1,"Wiyung, Surabaya",-7.31097,112.698067,https://www.rumah123.com/properti/surabaya-wiyung/dijual-rumah-grand-harvest-surabaya-siap-huni-hos42268108/,rumah123
Dijual Rumah Forest Mansion Full Furnish Siap Huni,3500000000,180.0,250.0,4,4,2,2.0,Furnished,0,1,"Wiyung, Surabaya",-7.31097,112.698067,https://www.rumah123.com/properti/surabaya-wiyung/dijual-rumah-forest-mansion-full-furnish-siap-huni-hos42268088/,rumah123
Rumah Siap Huni Surabaya Timur Dekat Rungkut & Tol Tambak Sumur,2160000000,105.0,150.0,3,3,2,2.0,Semi Furnished,1,1,"Rungkut, Surabaya",-7.31434,112.800232,https://www.rumah123.com/properti/surabaya-rungkut/rumah-siap-huni-surabaya-timur-dekat-rungkut-tol-tambak-sumur-hos40846974/,rumah123
Dijual Via Lelang Rumah di Rungkut Surabaya Siap Huni,279800000,73.0,73.0,2,1,1,1.0,Unfurnished,0,1,"Rungkut, Surabaya",-7.31434,112.800232,https://www.rumah123.com/properti/surabaya-rungkut/dijual-via-lelang-rumah-di-rungkut-surabaya-siap-huni-hos42254006/,rumah123
Dijual Via Lelang Rumah di Rungkut Siap Huni,1450000000,225.0,225.0,2,1,1,1.0,Unfurnished,0,1,"Rungkut, Surabaya",-7.31434,112.800232,https://www.rumah123.com/properti/surabaya-rungkut/dijual-via-lelang-rumah-di-rungkut-siap-huni-hos42253597/,rumah123
"Dijual Rumah Usaha (Rumah, Kantor,Gudang &Produksi Jadi Satu) Daerah Gunawangsa Merr Stikom [Wj]",10000000000,800.0,800.0,5,5,1,2.0,Unfurnished,0,0,"Rungkut, Surabaya",-7.31434,112.800232,https://www.rumah123.com/properti/surabaya-rungkut/dijual-rumah-usaha-rumah-kantorgudang-produksi-jadi-satu-daerah-gunawangsa-merr-stikom-hos42095624/,rumah123
Rumah Paling Strategis Dekat Pakuwon Mall & Hr Muhammad Surabaya,1500000000,60.0,89.0,3,3,2,2.0,Unfurnished,1,1,"Surabaya Kota, Surabaya",-7.2771,112.717407,https://www.rumah123.com/properti/surabaya-surabaya-kota/rumah-paling-strategis-dekat-pakuwon-mall-hr-muhammad-surabaya-hos39692682/,rumah123
Dijual Via Lelang Rumah di Wiyung Surabaya Siap Huni,602000000,121.0,121.0,3,2,2,2.0,Unfurnished,0,0,"Wiyung, Surabaya",-7.31097,112.698067,https://www.rumah123.com/properti/surabaya-wiyung/dijual-via-lelang-rumah-di-wiyung-surabaya-siap-huni-hos42303559/,rumah123
Free Semua Biaya & Furnish Rumah Strategis Manukan Sambikerep Sby,1080000000,60.0,80.0,3,2,2,1.0,Semi Furnished,1,1,"Citraland, Surabaya",-7.309354,112.656548,https://www.rumah123.com/properti/surabaya-citraland/turun-harga-rumah-baru-free-furnish-strategis-manukan-lontar-sby-hos39321620/,rumah123
Dijual Via Lelang Rumah di Wiyung Surabaya,1730000000,175.0,175.0,2,2,2,1.0,Unfurnished,0,1,"Wiyung, Surabaya",-7.31097,112.698067,https://www.rumah123.com/properti/surabaya-wiyung/dijual-via-lelang-rumah-di-wiyung-surabaya-hos42331142/,rumah123
Dijual Via Lelang Rumah di The Green Lake Surabaya,10980000000,655.0,655.0,3,3,2,1.0,Unfurnished,0,1,"Wiyung, Surabaya",-7.31097,112.698067,https://www.rumah123.com/properti/surabaya-wiyung/dijual-via-lelang-rumah-di-the-green-lake-surabaya-hos42331171/,rumah123
Dijual Via Lelang Rumah di Wiyung Surabaya,784000000,120.0,120.0,2,1,1,1.0,Unfurnished,0,1,"Wiyung, Surabaya",-7.31097,112.698067,https://www.rumah123.com/properti/surabaya-wiyung/dijual-via-lelang-rumah-di-wiyung-surabaya-hos42331203/,rumah123
Rumah New Dian Istana,3900000000,129.0,205.0,4,6,1,,,0,0,"Lakarsantri, Surabaya",-7.30073,112.635658,https://www.rumah123.com/properti/surabaya-lakarsantri/rumah-new-dian-istana-hos41107627/,rumah123
Dian Istana Moca Vrbana Deat Graha Family Surabaya Barat,2900000000,90.0,160.0,4,5,2,1.0,Unfurnished,0,0,"Wiyung, Surabaya",-7.31097,112.698067,https://www.rumah123.com/properti/surabaya-wiyung/dian-istana-moca-vrbana-hos41107943/,rumah123
Murah Banget Harga Bawah Pasar Rumah Baru Belum Pernah Ditempati,1450000000,94.0,90.0,3,2,2,2.0,Unfurnished,1,1,"Waru, Surabaya",-7.350308,112.767464,https://www.rumah123.com/properti/surabaya-waru/murah-banget-harga-bawah-pasar-rumah-baru-belum-pernah-ditempati-hos40955306/,rumah123
Rumah Jual Kutisari Dekat Kampus Petra Dekat Jalan Raya,1250000000,105.0,80.0,3,2,1,1.0,Unfurnished,0,0,"Kutisari, Surabaya",-7.277097,112.717407,https://www.rumah123.com/properti/surabaya-kutisari/rumah-jual-kutisari-dekat-kampus-petra-hos41124989/,rumah123
Rumah Dijual Minimalis Baru Medokan Ayu Utara,1100000000,150.0,150.0,3,2,2,1.0,Unfurnished,0,0,"Medokan Ayu, Surabaya",-7.326097,112.81353,https://www.rumah123.com/properti/surabaya-medokan-ayu/rumah-2-lt-minimalis-baru-jual-medokan-ayu-utara-hos42231187/,rumah123
Rumah Griya Asri Pakuwon City Surabaya,1500000000,78.0,60.0,1,1,1,,Unfurnished,1,1,"Pakuwon City, Surabaya",-7.28917,112.67556,https://www.rumah123.com/properti/surabaya-pakuwon-city/rumah-griya-asri-pakuwon-city-hos41107973/,rumah123
Dijual Rumah New Unit B Wisma Mukti Klampis Anom Surabaya,2250000000,107.0,172.0,5,4,2,,Unfurnished,0,0,"Sukolilo, Surabaya",-7.28813,112.802902,https://www.rumah123.com/properti/surabaya-sukolilo/dijual-rumah-new-unit-b-wisma-mukti-klampis-anom-surabaya-hos40359059/,rumah123
Dijual Rumah Jl Modern Tengah Surabaya Timur New Minimalis,810000000,100.0,70.0,3,2,1,2.0,Unfurnished,0,0,"Gununganyar, Surabaya",-7.33182,112.80822,https://www.rumah123.com/properti/surabaya-gununganyar/dijual-rumah-gress-jl-modern-tengah-surabaya-timur-hos39428844/,rumah123
Rumah Siap Huni Selangkah ke Upn Gununganyar Rungkut Surabaya,668000000,51.0,30.0,2,1,1,1.0,Unfurnished,1,1,"Gununganyar, Surabaya",-7.33182,112.80822,https://www.rumah123.com/properti/surabaya-gununganyar/rumah-siap-huni-selangkah-ke-upn-gununganyar-rungkut-surabaya-hos41197382/,rumah123
Jual Rumah Baru Wiyung White House Dian Istana Free 3 Ac & Kanopi,3000000000,126.0,158.0,3,3,2,2.0,Semi Furnished,1,1,"Wiyung, Surabaya",-7.31097,112.698067,https://www.rumah123.com/properti/surabaya-wiyung/jual-rumah-baru-wiyung-white-house-dian-istana-free-3-ac-kanopi-hos42336080/,rumah123
Dijual Rumah Murah White House Dian Istana Gratis Kanopi & 3 Ac,2500000000,105.0,140.0,3,3,2,2.0,Unfurnished,1,1,"Wiyung, Surabaya",-7.31097,112.698067,https://www.rumah123.com/properti/surabaya-wiyung/dijual-rumah-murah-white-house-dian-istana-gratis-kanopi-3-ac-hos42336726/,rumah123
Rumah Luxury Premium Golf View Semi Furnish Pakuwon Indah,39000000000,838.0,1000.0,5,6,2,2.0,Unfurnished,1,1,"Pakuwon Indah, Surabaya",-7.28921,112.674469,https://www.rumah123.com/properti/surabaya-pakuwon-indah/rumah-luxury-premium-golf-view-semi-furnish-pakuwon-indah-hos39447957/,rumah123
Strategi 0 Jl.raya Menganti Wiyung Dekat Binus School & Citraland,3000000000,120.0,184.0,3,3,3,2.0,Unfurnished,1,1,"Wiyung, Surabaya",-7.31097,112.698067,https://www.rumah123.com/properti/surabaya-wiyung/strategi-0-jlraya-menganti-wiyung-dekat-binus-school-citraland-hos41220798/,rumah123
Jual Rumah Baru SHM Dekat Pintu Tol Tambak Sumur Pondok Tjandra,1840000000,90.0,120.0,3,3,2,2.0,Unfurnished,1,1,"Rungkut, Surabaya",-7.31434,112.800232,https://www.rumah123.com/properti/surabaya-rungkut/jual-rumah-baru-shm-dekat-pintu-tol-tambak-sumur-pondok-tjandra-hos42348960/,rumah123
Tetangga Buka Harga Diatas 1M - Rumah Ini Cuman 850Jt Nego,850000000,90.0,90.0,3,2,2,1.0,Unfurnished,1,0,"Rungkut, Surabaya",-7.31434,112.800232,https://www.rumah123.com/properti/surabaya-rungkut/tetangga-buka-harga-diatas-1m-rumah-ini-cuman-850jt-nego-hos41224349/,rumah123
"Best Buy Rungkut! Rumah Siap Huni 6Ã12 Greenlake Wonorejo - Baru Renov, Rp650 Juta Nett",650000000,72.0,72.0,2,1,1,1.0,Unfurnished,1,0,"Wonorejo, Surabaya",-7.271274,112.731598,https://www.rumah123.com/properti/surabaya-wonorejo/best-buy-rungkut-rumah-siap-huni-612-greenlake-wonorejo-baru-renov-rp650-juta-nett-hos42352227/,rumah123
595 Juta! Rumah 2 KT SHM LT 78 MÂ² Baru Renov - Wisata Semanggi Wonorejo Rungkut,595000000,78.0,60.0,2,1,1,1.0,Unfurnished,1,0,"Wonorejo, Surabaya",-7.271274,112.731598,https://www.rumah123.com/properti/surabaya-wonorejo/dibawah-pasaran-rungkut-rumah-lt-78-m-2-kt-baru-renov-595-juta-3-value-unit-hos42352457/,rumah123
"Drop Price 400 Jt- Bonus Income 60Jtan Rumah Kost Aktif 10 Kamar Wisma Permai Surabaya 5 Menit ke Kampus C Unair, Its & Galaxi Mall",2500000000,128.0,160.0,10,4,2,1.0,,1,1,"Mulyorejo, Surabaya",-7.27049,112.78055,https://www.rumah123.com/properti/surabaya-mulyorejo/drop-price-bonus-income-60jtan-rumah-kost-aktif-10-kamar-wisma-permai-surabaya-5-menit-ke-kampus-c-unair-its-galaxi-hos14503438/,rumah123
Rumah 2 LT Dijual Taman Pondok Indah Wiyung Surabaya,1600000000,72.0,120.0,5,4,2,1.0,Unfurnished,0,1,"Wiyung, Surabaya",-7.31097,112.698067,https://www.rumah123.com/properti/surabaya-wiyung/rumah-2-lt-dijual-taman-pondok-indah-wiyung-surabaya-hos42293098/,rumah123
Rumah Jual Hitung Tanah Pucang Anom Timur,950000000,150.0,150.0,3,2,1,1.0,Unfurnished,0,0,"Surabaya Kota, Surabaya",-7.2771,112.717407,https://www.rumah123.com/properti/surabaya-surabaya-kota/rumah-jual-hitung-tanah-pucang-anom-timur-hos41214381/,rumah123
Rumah 2 LT Dijual Taman Pondok Indah Wiyung Surabaya,2250000000,108.0,138.0,5,3,2,1.0,Unfurnished,0,1,"Wiyung, Surabaya",-7.31097,112.698067,https://www.rumah123.com/properti/surabaya-wiyung/rumah-2-lt-dijual-taman-pondok-indah-wiyung-surabaya-hos42293140/,rumah123
Dijual Rumah Hitung Tanah Dharmahusada Indah Utara,4900000000,312.0,312.0,4,3,1,1.0,Unfurnished,0,0,"Dharma Husada, Surabaya",-7.26661,112.768181,https://www.rumah123.com/properti/surabaya-dharma-husada/dijual-rumah-hitung-tanah-dharma-husada-indah-utara-hos41214273/,rumah123
"Hemat Rp650 Juta! Rumah 2 Lantai Grand Pakuwon Gladstone 3 KT + 3 KM - Rp1,55 Miliar Nego",1550000000,72.0,101.0,3,3,1,,Unfurnished,1,0,"Pakuwon, Surabaya",-7.289141,112.67572,https://www.rumah123.com/properti/surabaya-pakuwon/hemat-rp650-juta-rumah-2-lantai-grand-pakuwon-gladstone-3-kt-3-km-rp155-miliar-nego-hos42382263/,rumah123
Flash Sale!! Dekat Margomulyo & Tanjung Perak! Rumah 3 KT 7Ã12 Renov Baru - Asemrowo,590000000,84.0,60.0,3,1,1,1.0,Unfurnished,1,0,"Asemrowo, Surabaya",-7.24736,112.707764,https://www.rumah123.com/properti/surabaya-asemrowo/dekat-margomulyo-tanjung-perak-rumah-3-kt-712-renov-baru-asemrowo-rp625-juta-hos42353000/,rumah123
MURAH Darmo Permai Utara Gang UTAMA Surabaya,2600000000,300.0,200.0,3,2,2,1.0,Unfurnished,1,1,"Darmo permai, Surabaya",-7.285674,112.70134,https://www.rumah123.com/properti/surabaya-darmo-permai/murah-darmo-permai-utara-gang-utama-surabaya-hos40026482/,rumah123
"Rumah Sam Ratulangi Surabaya Kota, SHM, Cocok untuk Gudang Tempat Tinggal Cafe Kantor",11000000000,556.0,480.0,4,2,1,4.0,Unfurnished,1,0,"Tegalsari, Surabaya",-7.27355,112.737457,https://www.rumah123.com/properti/surabaya-tegalsari/rumah-sam-ratulangi-pusat-kota-surabaya-hadp-timur-strategis-hos42019850/,rumah123
Dijual Rumah Bagus LT 1683 M2 di Jalan Petemon Petemon Surabaya,9000000000,1683.0,1683.0,4,3,2,2.0,Unfurnished,1,0,"Petemon, Surabaya",-7.265323,112.723525,https://www.rumah123.com/properti/surabaya-petemon/dijual-rumah-bagus-lt-1683-m2-di-jalan-petemon-petemon-surabaya-hos42377541/,rumah123
Dijual Rumah Mewah LT 582 M2 di Jalan Pakis Bukit Asoka Dukuh Pakis Surabaya,12100000000,582.0,582.0,4,3,2,2.0,Unfurnished,1,0,"Dukuh Pakis, Surabaya",-7.296763545761479,112.71331824386772,https://www.rumah123.com/properti/surabaya-dukuh-pakis/dijual-rumah-mewah-lt-582-m2-di-jalan-pakis-bukit-asoka-dukuh-pakis-surabaya-hos42377800/,rumah123
Dijual Rumah Bagus Modern LT 373 M2 di Perumahan Citraland Cluster Taman Golf Sambikerep Surabaya,10100000000,373.0,373.0,4,3,2,1.0,Unfurnished,1,1,"Sambikerep, Surabaya",-7.286286343688218,112.64644698132456,https://www.rumah123.com/properti/surabaya-sambikerep/dijual-rumah-bagus-modern-lt-373-m2-di-perumahan-citraland-cluster-taman-golf-sambikerep-surabaya-hos42377822/,rumah123
"dijual Rumah Mewah Brand New di Grand Pakuwon, Surabaya",3800000000,136.0,250.0,5,4,2,2.0,Furnished,0,0,"Pakuwon, Surabaya",-7.289141,112.67572,https://www.rumah123.com/properti/surabaya-pakuwon/dijual-rumah-mewah-brand-new-di-grand-pakuwon-surabaya-hos39826416/,rumah123
Dijual Rumah Lokasi Strategis Hook LT 403 M2 di Jalan Kayun Surabaya Jawa Timur,8600000000,403.0,403.0,4,3,1,2.0,Unfurnished,1,0,"Genteng, Surabaya",-7.266831020547895,112.74965277583405,https://www.rumah123.com/properti/surabaya-genteng/dijual-rumah-lokasi-strategis-hook-lt-403-m2-di-jalan-kayun-surabaya-jawa-timur-hos42377867/,rumah123
Rumah Mewah 7 KT Nirwana Eksekutif Surabaya Strategis,2700000000,180.0,240.0,7,4,2,,Unfurnished,0,0,"Wonorejo, Surabaya",-7.271274,-7.271274,https://www.rumah123.com/properti/surabaya-wonorejo/rumah-mewah-7-kt-nirwana-eksekutif-surabaya-strategis-hos42392339/,rumah123
"Jual Rumah Bendul Merisi Permai Dekat Kampus, Cocok Buat Rumah Kost",1800000000,120.0,170.0,5,3,2,,Unfurnished,0,0,"Surabaya Kota, Surabaya",-7.2771,-7.2771,https://www.rumah123.com/properti/surabaya-surabaya-kota/jual-rumah-bendul-merisi-permai-dekat-kampus-cocok-buat-rumah-kost-hos42395644/,rumah123
"Rumah Kost Rungkut Harapan Dkt Merr, Baruk, Nirwana",3000000000,250.0,300.0,9,7,1,,Unfurnished,0,0,"Rungkut, Surabaya",-7.31434,-7.31434,https://www.rumah123.com/properti/surabaya-rungkut/rumah-kost-rungkut-harapan-dkt-merr-baruk-nirwana-hos42395750/,rumah123
Di Jual Rumah Baru di Bukit Palma Pakal Surabaya Jawa Timur,2000000000,120.0,170.0,5,5,2,2.0,Unfurnished,1,1,"Pakal, Surabaya",-7.24268,112.629807,https://www.rumah123.com/properti/surabaya-pakal/di-jual-rumah-baru-di-bukit-palma-pakal-surabaya-jawa-timur-hos42388734/,rumah123
Dijual Rumah Baru Gress 2 Lantai di Graha Green Garden - Dian Istana,2250000000,150.0,100.0,3,2,2,2.0,Unfurnished,1,1,"Wiyung, Surabaya",-7.31097,112.698067,https://www.rumah123.com/properti/surabaya-wiyung/dijual-rumah-baru-gress-2-lantai-di-graha-green-garden-dian-istana-hos40243961/,rumah123
"Turun Harga Dijual Rumah New Gress Bukit Palma, Citraland",1990000000,120.0,170.0,4,4,2,2.0,Unfurnished,1,1,"Citraland, Surabaya",-7.309354,112.656548,https://www.rumah123.com/properti/surabaya-citraland/turun-harga-dijual-rumah-new-gress-bukit-palma-citraland-hos42357372/,rumah123
Murah Dijual Rumah Mainroad Dharmahusada Mas Dkt Kampus Unair Its,7500000000,450.0,625.0,4,4,2,2.0,Unfurnished,1,1,"Dharma Husada, Surabaya",-7.26661,112.768181,https://www.rumah123.com/properti/surabaya-dharma-husada/murah-dijual-rumah-mainroad-dharmahusada-mas-dkt-kampus-unair-its-hos42357552/,rumah123
Murah Dijual Rumah Mainroad Gunungsari Indah Wiyung Surabaya,1900000000,112.0,220.0,6,3,2,2.0,Unfurnished,1,1,"Wiyung, Surabaya",-7.31097,112.698067,https://www.rumah123.com/properti/surabaya-wiyung/murah-dijual-rumah-mainroad-gunungsari-indah-wiyung-surabaya-hos42365402/,rumah123
Dijual Rumah 2 Lantai LT 385M2 Ngagel Surabaya Pusat,5000000000,386.0,500.0,5,3,2,1.0,Semi Furnished,1,1,"Surabaya Kota, Surabaya",-7.2771,112.717407,https://www.rumah123.com/properti/surabaya-surabaya-kota/dijual-rumah-2-lantaidi-surabaya-pusat-lt-385m2-butuh-laku-cepat-hos42263922/,rumah123
Dijual Cepat Rumah Petemon Semi Furnish Surabaya Pusat,4600000000,460.0,600.0,8,3,2,2.0,Semi Furnished,1,0,"Petemon, Surabaya",-7.260653,112.718193,https://www.rumah123.com/properti/surabaya-petemon/dijual-cepat-rumah-petemon-semi-furnish-surabaya-pusat-hos41285936/,rumah123
Termurah Dijual Rumah New Gress Kertajaya Indah Regency,7050000000,347.0,385.0,4,5,2,4.0,Unfurnished,1,1,"kertajaya, Surabaya",-7.282603,112.755432,https://www.rumah123.com/properti/surabaya-kertajaya/termurah-dijual-rumah-new-gress-kertajaya-indah-regency-hos41772250/,rumah123
"Rumah New Fresh Premium di Cluster Virgin Gorda, Pakuwon City",8500000000,240.0,400.0,4,3,2,3.0,Semi Furnished,1,1,"Pakuwon City, Surabaya",-7.28917,112.67556,https://www.rumah123.com/properti/surabaya-pakuwon-city/rumah-new-fresh-premium-di-cluster-virgin-gorda-pakuwon-city-hos41675009/,rumah123
Murah Rumah Mewah Siap Huni Royal Residence Wiyung,7000000000,375.0,450.0,5,4,2,2.0,Semi Furnished,1,1,"Wiyung, Surabaya",-7.31097,112.69807,https://www.rumah123.com/properti/surabaya-wiyung/murah-rumah-mewah-siap-huni-royal-residence-wiyung-hos17402545/,rumah123
"Murah Dijual Rumah Mewah Jalan Biliton, Gubeng, Surabaya",46250000000,830.0,1900.0,8,7,3,10.0,Semi Furnished,1,1,"Gubeng, Surabaya",-7.27396,112.748192,https://www.rumah123.com/properti/surabaya-gubeng/turun-harga-rumah-mewah-pusat-kota-jl-biliton-gubeng-surabaya-hos41062281/,rumah123
"Paling Murah Dijual Rumah Cluster San Diego, Pakuwon City",3880000000,216.0,265.0,4,3,2.0,1.0,Semi Furnished,1,1,"Pakuwon City, Surabaya",-7.28917,112.67556,https://www.rumah123.com/properti/surabaya-pakuwon-city/termurah-dijual-rumah-2-lantai-cluster-san-diego-pakuwon-city-hos41503701/,rumah123
Termurah Hitung Tanah Rumah Mewah Jalan Raya Nginden Intan,12900000000,960.0,1300.0,5,6,2.0,2.0,Semi Furnished,1,1,"Nginden, Surabaya",-7.29974,112.767357,https://www.rumah123.com/properti/surabaya-nginden/murah-dijual-rumah-mewah-siap-huni-0-jalan-raya-nginden-intan-hos40963791/,rumah123
"Turun Harga Rumah New Gress Jalan Kembar Woodland, Citraland",4200000000,153.0,249.0,4,3,2.0,,Semi Furnished,1,1,"Citraland, Surabaya",-7.309354,112.656548,https://www.rumah123.com/properti/surabaya-citraland/dijual-rumah-new-gress-jalan-kembar-woodland-citraland-hos41670643/,rumah123
Paling Murah Dijual Rumah Mewah Siap Huni Royal Residence,6890000000,375.0,450.0,6,5,2.0,2.0,Semi Furnished,1,1,"Wiyung, Surabaya",-7.31097,112.698067,https://www.rumah123.com/properti/surabaya-wiyung/murah-dijual-rumah-mewah-siap-huni-royal-residence-hos40816501/,rumah123
Termurah Hitung Tanah Rumah Lebak Jaya 2 Nembus Lebak Jaya 1,4500000000,610.0,300.0,4,3,1.0,,Unfurnished,0,1,"Kenjeran, Surabaya",-7.23563,112.786163,https://www.rumah123.com/properti/surabaya-kenjeran/termurah-hitung-tanah-rumah-lebak-jaya-2-nembus-lebak-jaya-1-hos41154620/,rumah123
"Termurah Dijual Rumah Cluster Raffles Garden, Citraland, Surabaya",8990000000,350.0,550.0,4,4,2.0,2.0,Furnished,1,1,"Citraland, Surabaya",-7.309354,112.656548,https://www.rumah123.com/properti/surabaya-citraland/termurah-dijual-rumah-cluster-raffles-garden-citraland-surabaya-hos42127945/,rumah123
"Paling Murah Rumah Hitung Tanah Jalan Raya Kartini, Surabaya",17000000000,660.0,400.0,4,3,1.0,2.0,Unfurnished,1,1,"Tegalsari, Surabaya",-7.27355,112.737457,https://www.rumah123.com/properti/surabaya-tegalsari/termurah-rumah-hitung-tanah-di-jalan-raya-kartini-surabaya-pusat-hos42223890/,rumah123
"Murah Rumah Jalan Raya Utama Babatan Pratama, Wiyung, Surabaya",2990000000,360.0,175.0,4,5,1.0,4.0,Unfurnished,1,1,"Wiyung, Surabaya",-7.31097,112.698067,https://www.rumah123.com/properti/surabaya-wiyung/murah-rumah-jalan-raya-utama-babatan-pratama-wiyung-surabaya-hos42302974/,rumah123
Turun Harga Murah Rumah Siap Huni Pakuwon City Cluster Palm Beach,3700000000,160.0,240.0,4,4,2.0,2.0,Semi Furnished,1,1,"Pakuwon City, Surabaya",-7.28917,112.67556,https://www.rumah123.com/properti/surabaya-pakuwon-city/murah-dijual-rumah-siap-huni-pakuwon-city-cluster-palm-beach-hos41577229/,rumah123
Murah Pol Dijual Rumah Mewah SHM di Royal Residence Wiyung di Royal Residence,8350000000,450.0,450.0,4,3,,2.0,Semi Furnished,1,1,"Wiyung, Surabaya",-7.31097,112.69807,https://www.rumah123.com/properti/surabaya-wiyung/murah-pol-dijual-rumah-mewah-shm-di-royal-residence-wiyung-di-royal-residence-hos17298246/,rumah123
Rumah Mewah Graha Family Surabaya Barat - Nyaman & Eksklusif,10500000000,420.0,500.0,4,3,2.0,1.0,Semi Furnished,1,1,"Dukuh Pakis, Surabaya",-7.299911287176656,112.68339554395028,https://www.rumah123.com/properti/surabaya-dukuh-pakis/rumah-mewah-graha-family-surabaya-barat-nyaman-eksklusif-hos42332320/,rumah123
Dijual Rumah Baru Karang Asem Shm2 Lantai Minimalis,600000000,39.0,72.0,2,2,2.0,1.0,,0,0,"Surabaya Kota, Surabaya",-7.2771,112.717407,https://www.rumah123.com/properti/surabaya-surabaya-kota/dijual-rumah-baru-karang-asem-shm2-lantai-minimalis-hos41239364/,rumah123
Dijual Rumah Baru Karang Asem Lebak Shm2 LT,700000000,40.0,82.0,3,2,2.0,1.0,,0,0,"Surabaya Kota, Surabaya",-7.2771,112.717407,https://www.rumah123.com/properti/surabaya-surabaya-kota/dijual-rumah-baru-karang-asem-lebak-shm2-lt-hos41239517/,rumah123
Dijual Rumah Baru Karang Asem Mungil 2 Lantai SHM,300000000,38.0,65.0,2,2,2.0,,,0,0,"Surabaya Kota, Surabaya",-7.2771,112.717407,https://www.rumah123.com/properti/surabaya-surabaya-kota/dijual-rumah-baru-karang-asem-mungil-2-lantai-shm-hos41239560/,rumah123
Dijual Rumah Baru Karang Asem Lebak Minimalis SHM,360000000,23.0,42.0,2,2,2.0,,,0,0,"Surabaya Kota, Surabaya",-7.2771,112.717407,https://www.rumah123.com/properti/surabaya-surabaya-kota/dijual-rumah-baru-karang-asem-lebak-minimalis-shm-hos41239594/,rumah123
Dijual Rumah Baru Karang Asem Lebak SHM 2 Lantai Minimalis,450000000,30.0,62.0,2,1,2.0,1.0,,0,0,"Surabaya Kota, Surabaya",-7.2771,112.717407,https://www.rumah123.com/properti/surabaya-surabaya-kota/dijual-rumah-baru-karang-asem-lebak-shm-2-lantai-minimalis-hos41239630/,rumah123
Dijual Rumah Baru Karang Asem Lebak SHM 2 Lantai.minimalis,525000000,35.0,66.0,2,2,2.0,1.0,,0,0,"Surabaya Kota, Surabaya",-7.2771,112.717407,https://www.rumah123.com/properti/surabaya-surabaya-kota/dijual-rumah-barukarang-asem-lebak-shm-2-lantaiminimalis-hos41239665/,rumah123
Dijual Rumah Baru Raya Karang Asem SHM 2 Lantai Minimalis,750000000,39.0,75.0,2,2,2.0,1.0,,0,0,"Surabaya Kota, Surabaya",-7.2771,112.717407,https://www.rumah123.com/properti/surabaya-surabaya-kota/dijual-rumah-baru-raya-karang-asem-shm-2-lantai-minimalis-hos41239333/,rumah123
Dijual Rumah Baru Pakuwon City Suvadiva,2500000000,72.0,102.0,3,2,2.0,1.0,,0,0,"Mulyorejo, Surabaya",-7.27049,112.780548,https://www.rumah123.com/properti/surabaya-mulyorejo/dijual-rumah-baru-pakuwon-city-suvadiva-hos42368515/,rumah123
Dijual Cepat Rumah Jalan Ogan Clasic,4000000000,246.0,198.0,6,3,2.0,1.0,,0,0,"Diponegoro, Surabaya",-7.285495,112.733757,https://www.rumah123.com/properti/surabaya-diponegoro/dijual-cepat-rumah-jalan-ogan-clasic-hos42368584/,rumah123
Dijual Cepat Rumah Baru SHM 2 Lantai Murah Plozo Timur,665000000,48.0,87.0,3,2,2,1.0,,0,0,"Tambaksari, Surabaya",-7.25371,112.753212,https://www.rumah123.com/properti/surabaya-tambaksari/dijual-cepat-rumah-baru-shm-2-lantai-murah-plozo-timur-hos42368803/,rumah123
Dijual Cepat Rumah Baru Lux Puri Galaxy Mewah Cluter,2650000000,96.0,110.0,3,3,2,1.0,,0,0,"Sukolilo, Surabaya",-7.28813,112.802902,https://www.rumah123.com/properti/surabaya-sukolilo/dijual-cepat-rumah-baru-lux-puri-galaxy-mewah-cluter-hos42370061/,rumah123
Dijual Rumah Baru Puri Galaxy SHM Minimalis Furhnise,2750000000,96.0,110.0,3,3,2,1.0,,0,0,"Surabaya Kota, Surabaya",-7.2771,112.717407,https://www.rumah123.com/properti/surabaya-surabaya-kota/dijual-rumah-baru-puri-galaxy-shm-minimalis-furhnise-hos41259941/,rumah123
Dijual Rumah Ploso Baru SHM Murah 2 Lantai,485000000,26.0,55.0,2,1,2,,,0,0,"Surabaya Kota, Surabaya",-7.2771,112.717407,https://www.rumah123.com/properti/surabaya-surabaya-kota/dijual-rumah-ploso-baru-shm-murah-2-lantai-hos41259972/,rumah123
Dijual Rumah Baru Kalijudan Minimalis Mungil 2 LT SHM,350000000,21.0,45.0,2,2,2,,,0,0,"Surabaya Kota, Surabaya",-7.2771,112.717407,https://www.rumah123.com/properti/surabaya-surabaya-kota/dijual-rumah-baru-kalijudan-minimalis-mungil-2-lt-shm-hos41260028/,rumah123
Dijual Rumah Baru Karang Asem2 Lantai SHM,700000000,44.0,85.0,2,2,2,1.0,,0,0,"Surabaya Kota, Surabaya",-7.2771,112.717407,https://www.rumah123.com/properti/surabaya-surabaya-kota/dijual-rumah-baru-karang-asem2-lantai-shm-hos41260059/,rumah123
Rumah Siap Huni Selangkah ke Toll di Purimas Surabaya Timur,2600000000,144.0,144.0,3,3,2,1.0,Furnished,1,1,"Surabaya Kota, Surabaya",-7.2771,112.717407,https://www.rumah123.com/properti/surabaya-surabaya-kota/rumah-siap-huni-selangkah-ke-toll-di-purimas-surabaya-timur-hos42391317/,rumah123
Rumah SHM Furnished Siap Huni Canberra Grand Pakuwon Sby Barat,1680000000,90.0,100.0,4,2,2,2.0,Furnished,1,1,"Pakal, Surabaya",-7.24268,112.629807,https://www.rumah123.com/properti/surabaya-pakal/rumah-shm-furnished-siap-huni-canberra-grand-pakuwon-sby-barat-hos42391459/,rumah123
Dijual Rumah Baru Pacar Kembang SHM 2 LT Mungil Murah,300000000,20.0,42.0,2,1,2,,,0,0,"Surabaya Kota, Surabaya",-7.2771,112.717407,https://www.rumah123.com/properti/surabaya-surabaya-kota/dijual-rumah-baru-pacar-kembang-shm-2-lt-mungil-murah-hos41260208/,rumah123
Jual Rumah Second 2 Lantai Mulyosari Dekat Pakuwon City Siap Huni Terawat,1750000000,108.0,160.0,4,3,2,1.0,Unfurnished,1,1,"Mulyosari, Surabaya",-7.26556,112.796494,https://www.rumah123.com/properti/surabaya-mulyosari/jual-rumah-second-2-lantai-mulyosari-dekat-pakuwon-city-siap-huni-terawat-hos42396194/,rumah123
Dijual Rumah Baru Lebak Arum 2 Lantai SHM Minimalis Jalan Raya,750000000,44.0,102.0,2,2,2,1.0,,0,0,"Surabaya Kota, Surabaya",-7.2771,112.717407,https://www.rumah123.com/properti/surabaya-surabaya-kota/dijual-rumah-baru-lebak-arum-2-lantai-shm-minimalis-jalan-raya-hos41264551/,rumah123
"Rumah Siap Huni Pakuwon Indah, Dekat Pakuwon Mall",8500000000,360.0,500.0,4,4,2,2.0,Unfurnished,1,1,"Pakuwon Indah, Surabaya",-7.28921,112.674469,https://www.rumah123.com/properti/surabaya-pakuwon-indah/rumah-siap-huni-pakuwon-indah-dekat-pakuwon-mall-hos41951938/,rumah123
"Rumah Hitung Tanah, Pusat Kota Surabaya",2000000000,198.0,210.0,5,2,1,1.0,Unfurnished,1,1,"Petemon, Surabaya",-7.260653,112.718193,https://www.rumah123.com/properti/surabaya-petemon/rumah-hitung-tanah-pusat-kota-surabaya-hos41834161/,rumah123
"Rumah Jalan Progo - Raya Darmo, Wonokromo, Surabaya Pusat. Dekat Raya Kapuas - Diponegoro - Darmokali - Dr. Soetomo - Ngagel - Dinoyo - Bengawan - Kutai - Ciliwung - Indragiri - Adityawarman - Musi, Dll.",22500000000,800.0,600.0,4,2,1,10.0,Unfurnished,0,0,"Raya Darmo, Surabaya",-7.2879,112.739258,https://www.rumah123.com/properti/surabaya-raya-darmo/rumah-jalan-progo-raya-darmo-wonokromo-surabaya-pusat-dekat-raya-kapuas-diponegoro-darmokali-dr-soetomo-ngagel-hos40573668/,rumah123
"Rumah 2 Lantai San Diego, Pakuwon City, Surabaya Timur. Dekat Pakuwon City Mall, Shanghai Park, Palm Beach ( Malibu Beach - Bahama Beach - Imperial Beach ), Kampus Widya Mandala - Its, Sekolah Gloria - Xin Zhong - Cita Hati, San Antonio Shopping Street, A",4000000000,216.0,265.0,4,3,2,1.0,Semi Furnished,0,0,"Pakuwon City, Surabaya",-7.28917,112.67556,https://www.rumah123.com/properti/surabaya-pakuwon-city/rumah-2-lantai-san-diego-pakuwon-city-surabaya-timur-dekat-pakuwon-city-mall-shanghai-park-kampus-widya-mandala-its-hos41270195/,rumah123
"Rumah Baru 2 Lantai Rungkut Mapan, Surabaya Timur. Strategis Dekat Merr Rungkut - Rungkut Industri - Kalirungkut - Rungkut Madya - Rungkut Asri - Kampus Upn - Tol Tambak Sumur ( Waru - Juanda Airport ), Dll.",1680000000,110.0,125.0,3,3,2,2.0,Unfurnished,0,0,"Rungkut, Surabaya",-7.31434,112.800232,https://www.rumah123.com/properti/surabaya-rungkut/rumah-baru-2-lantai-rungkut-mapan-surabaya-timur-strategis-dekat-merr-rungkut-rungkut-industri-kalirungkut-rungkut-hos41271072/,rumah123
Muraah!! Rumah Modern 2 LT Wisata Bukit Mas Wiyung Surabaya Barat,3000000000,180.0,190.0,3,3,2,2.0,Semi Furnished,1,1,"Wisata Bukit Mas, Surabaya",-7.28917,112.734,https://www.rumah123.com/properti/surabaya-wisata-bukit-mas/muraah-rumah-modern-2-lt-wisata-bukit-mas-wiyung-surabaya-barat-hos42396164/,rumah123
Jual Rumah Pakuwon City San Diego Siap Huni,3200000000,128.0,200.0,3,3,2,2.0,Unfurnished,1,1,"Pakuwon City, Surabaya",-7.28917,112.67556,https://www.rumah123.com/properti/surabaya-pakuwon-city/jual-rumah-pakuwon-city-san-diego-siap-huni-hos19487020/,rumah123
Rumah Baru di Daerah Dharmahusada Mojoklanggru Furnish Mewah,2750000000,100.0,175.0,3,2,2,2.0,Furnished,1,1,"Dharma Husada, Surabaya",-7.26661,112.768181,https://www.rumah123.com/properti/surabaya-dharma-husada/rumah-baru-di-daerah-dharmahusada-mojoklanggru-furnish-mewah-hos42353598/,rumah123
Rumah 2 Lantai Minimalis Modern di Citraland Utara Bukit Palma,2000000000,120.0,170.0,4,4,2,2.0,Unfurnished,1,0,"Citraland, Surabaya",-7.309354,112.656548,https://www.rumah123.com/properti/surabaya-citraland/rumah-2-lantai-minimalis-modern-di-citraland-utara-bukit-palma-hos42364405/,rumah123
Rumah Hitung Tanah Shm Di Surabaya Pusat Jalan Petemon,1200000000,154.0,100.0,1,1,1,1,Unfurnished,0,1,"Sawahan, Surabaya",-7.28917,112.734,https://www.rumah123.com/properti/surabaya-sawahan/rumah-hitung-tanah-shm-di-surabaya-pusat-jalan-petemon-hos40267069/,rumah123
Rumah Baru 2 Lantai di Nirwana Eksekutif Surabaya,1920000000,105.0,153.0,3,3,2,2,Unfurnished,1,0,"Wonorejo, Surabaya",-7.271274,112.731598,https://www.rumah123.com/properti/surabaya-wonorejo/rumah-baru-2-lantai-di-nirwana-eksekutif-surabaya-hos42364612/,rumah123
Rumah Baru di Babatan Pantai Surabaya Timur,2950000000,153.0,216.0,4,3,2,2,Unfurnished,0,1,"Mulyorejo, Surabaya",-7.27049,112.78055,https://www.rumah123.com/properti/surabaya-mulyorejo/rumah-baru-di-babatan-pantai-surabaya-timur-hos39689131/,rumah123
Rumah 2 Lantai di Pakuwon City SHM Selangkah ke Pakuwon City Mall,2500000000,128.0,200.0,5,5,2,2,Unfurnished,1,1,"Pakuwon City, Surabaya",-7.28917,112.67556,https://www.rumah123.com/properti/surabaya-pakuwon-city/rumah-2-lantai-di-pakuwon-city-shm-selangkah-ke-pakuwon-city-mall-hos41263175/,rumah123
Turun Harga Dijual Rumah Darmo Permai Selatan Letak Strategis,3000000000,210.0,400.0,3,3,2,1,Semi Furnished,1,0,"Darmo permai, Surabaya",-7.2856742,112.70133904551,https://www.rumah123.com/properti/surabaya-darmo-permai/turun-harga-dijual-rumah-darmo-permai-selatan-letak-strategis-hos17935857/,rumah123
Jual Rumah Citraland Bukitpalma Surabaya Barat,1025000000,72.0,100.0,3,2,2,1,,1,1,"Surabaya Kota, Surabaya",-7.2771,112.71741,https://www.rumah123.com/properti/surabaya-surabaya-kota/jual-rumah-citraland-bukitpalma-surabaya-barat-hos17229589/,rumah123
Jual Rumah Pantai Mentari Surabaya Timur,1200000000,72.0,100.0,2,2,2,1,,1,1,"Kenjeran, Surabaya",-7.232224099879009,112.78684664550781,https://www.rumah123.com/properti/surabaya-kenjeran/jual-rumah-pantai-mentari-surabaya-timur-hos17200011/,rumah123
Jual Rumah Mewah Full Marmer Surabaya Selatan,12200000000,505.0,510.0,4,3,2,2,Semi Furnished,1,1,"Margorejo, Surabaya",-7.3122,112.7411,https://www.rumah123.com/properti/surabaya-margorejo/jual-rumah-mewah-full-marmer-surabaya-selatan-hos15765911/,rumah123
Rumah Jual Rungkut Asri Timur 2 LT The Square Rungkut,1510000000,65.0,100.0,4,3,2,2,Unfurnished,0,0,"Rungkut, Surabaya",-7.31434,112.800232,https://www.rumah123.com/properti/surabaya-rungkut/rumah-jual-rungkut-asri-timur-2-lt-the-square-rungkut-hos41520752/,rumah123
Mt216 Dijual Rumah Murah Alam Hijau Citraland Sambikerep Surabaya Barat,1300000000,90.0,120.0,4,3,1,2,Unfurnished,1,1,"Sambikerep, Surabaya",-7.27993,112.654648,https://www.rumah123.com/properti/surabaya-sambikerep/mt216-dijual-rumah-murah-lam-hijau-citraland-sambikerep-surabaya-barat-hos41603978/,rumah123
"2069. Jual Rumah Taman Puspa Raya Citraland, Sambikerep Surabaya Barat",3000000000,105.0,163.0,4,3,1,2,Unfurnished,1,1,"Sambikerep, Surabaya",-7.27993,112.654648,https://www.rumah123.com/properti/surabaya-sambikerep/2069-jual-rumah-taman-puspa-raya-citraland-sambikerep-surabaya-barat-hos41602564/,rumah123
2070. Jual Rumah Murah Siap Huni Grand Pakuwon,1050000000,72.0,70.0,2,2,2,1,Unfurnished,1,0,"Tandes, Surabaya",-7.25834,112.678978,https://www.rumah123.com/properti/surabaya-tandes/070-jual-rumah-murah-siap-huni-grand-pakuwon-hos41603685/,rumah123
2071. Dijual Rumah Cocok untuk Hunian atau Usaha di Dukuh Kupang Barat Surabaya,3500000000,228.0,228.0,3,3,1,1,Unfurnished,0,0,"Dukuh Pakis, Surabaya",-7.29503,112.710739,https://www.rumah123.com/properti/surabaya-dukuh-pakis/2071-dijual-rumah-cocok-untuk-hunian-atau-usaha-di-dukuh-kupang-barat-surabaya-hos41616126/,rumah123
2078. Jual Rumah Hitung Tanah Pusat Kota Jl. Taman Darmo Harapan Sukomanunggal Surabaya,6100000000,449.0,400.0,4,4,2,1,Unfurnished,1,1,"Sukomanunggal, Surabaya",-7.26548,112.698799,https://www.rumah123.com/properti/surabaya-sukomanunggal/2078-jual-rumah-hitung-tanah-pusat-kota-jl-taman-darmo-harapan-sukomanunggal-surabaya-hos41630266/,rumah123
Dijual Rumah di Hook 2 Lantai di Semolowaru Surabaya,5900000000,412.0,380.0,6,3,2,2,Unfurnished,1,1,"Semolowaru, Surabaya",-7.30105,112.778557,https://www.rumah123.com/properti/surabaya-semolowaru/dijual-rumah-di-hook-2-lantai-di-semolowaru-surabaya-hos41095863/,rumah123
2029. Rumah di Jalan Ketintang Permai Surabaya Selatan,3500000000,300.0,215.0,6,4,2,1,Unfurnished,1,0,"Jambangan, Surabaya",-7.31747,112.716637,https://www.rumah123.com/properti/surabaya-jambangan/2029-rumah-di-jalan-ketintang-permai-surabaya-selatan-hos41122635/,rumah123
"2067. Dijual Hunian Nyaman Ketintang Permai, Jambangan Surabaya Selatan",3500000000,190.0,140.0,3,1,1,2,Semi Furnished,1,0,"Jambangan, Surabaya",-7.31747,112.716637,https://www.rumah123.com/properti/surabaya-jambangan/2067-dijual-hunian-nyaman-ketintang-permai-jambangan-surabaya-selatan-hos41580965/,rumah123
2061. Bukit Telaga Golf Citraland Dekat Patung Merlion,12980000000,252.0,498.0,5,5,3,1,Unfurnished,1,1,"Citraland, Surabaya",-7.309354,112.656548,https://www.rumah123.com/properti/surabaya-citraland/2061-bukit-telaga-golf-citraland-dekat-patung-merlion-hos41529499/,rumah123
"2062. Dijual Rumah Itung Tanah Murah Rungkut Mapan Tengah, Surabaya Timur",768000000,96.0,96.0,3,3,1,1,Unfurnished,1,0,"Rungkut, Surabaya",-7.31434,112.800232,https://www.rumah123.com/properti/surabaya-rungkut/2062-dijual-rumah-itung-tanah-murah-rungkut-mapan-tengah-surabaya-timur-hos41533437/,rumah123
Li94 New Pantai Mentari Pantai Mentari Blok M,1800000000,90.0,135.0,4,3,2,2,Unfurnished,1,0,"Bulak, Surabaya",-7.240977,112.79512,https://www.rumah123.com/properti/surabaya-bulak/li94-new-pantai-mentari-pantai-mentari-blok-m-hos41564102/,rumah123
Ly01 For Sale Rumah Minimalis Somerset Citraland,5500000000,240.0,390.0,4,3,2,1.0,Unfurnished,1,0,"Lakarsantri, Surabaya",-7.30073,112.635658,https://www.rumah123.com/properti/surabaya-lakarsantri/ly01-for-sale-rumah-minimalis-somerset-citraland-hos41581668/,rumah123
"2066. Dijual Rumah Ketintang Permai, Hitung Tanah Murah Jambangan Surabaya Selatan",3800000000,300.0,300.0,5,1,1,1.0,Unfurnished,1,0,"Jambangan, Surabaya",-7.31747,112.716637,https://www.rumah123.com/properti/surabaya-jambangan/2066-dijual-rumah-ketintang-permai-hitung-tanah-murah-jambangan-surabaya-selatan-hos41580598/,rumah123
"2048. Dijual Wisata Semanggi Wonorejo, Rungkut, Surabaya",800000000,72.0,63.0,2,1,1,1.0,Unfurnished,1,1,"Rungkut, Surabaya",-7.31434,112.800232,https://www.rumah123.com/properti/surabaya-rungkut/2048-dijual-wisata-semanggi-wonorejo-rungkut-surabaya-hos41433251/,rumah123
"2060. North Emerald Mansion, Citraland Surabaya Barat",10800000000,210.0,418.0,6,6,3,1.0,Unfurnished,1,1,"Citraland, Surabaya",-7.309354,112.656548,https://www.rumah123.com/properti/surabaya-citraland/2060-north-emerald-mansion-citraland-surabaya-barat-hos41529490/,rumah123
"2057. Gayungsari Barat, Jambangan Surabaya Selatan",2500000000,175.0,150.0,1,2,1,2.0,Unfurnished,1,1,"Jambangan, Surabaya",-7.31747,112.716637,https://www.rumah123.com/properti/surabaya-jambangan/2057-gayungsari-barat-jambangan-surabaya-selatan-hos41493752/,rumah123
Av10. Rumah Baru Medokan Ayu Putra Bangsa Rungkut Surabaya,650000000,86.0,62.0,2,1,1,1.0,Unfurnished,0,0,"Rungkut, Surabaya",-7.324665,112.806481,https://www.rumah123.com/properti/surabaya-rungkut/av10-rumah-baru-medokan-ayu-putra-bangsa-rungkut-surabaya-hos41282180/,rumah123
Av09. Dijual Rumah Baru Gunung Anyar Tambak Rungkut Surabaya,675000000,50.0,70.0,3,2,2,1.0,Unfurnished,0,0,"Gununganyar, Surabaya",-7.343875092418614,112.80499950736424,https://www.rumah123.com/properti/surabaya-gununganyar/09-dijual-rumah-baru-gunung-anyar-tambak-rungkut-surabaya-timur-hos41282142/,rumah123
Ads01. Dijual Rumah Baru Rungkut Menanggal Harapan Surabaya Timur,1300000000,75.0,90.0,3,3,2,1.0,Furnished,0,1,"Rungkut, Surabaya",-7.3364177412571365,112.77823029289783,https://www.rumah123.com/properti/surabaya-rungkut/ads01-dijual-rumah-baru-rungkut-menanggal-harapan-surabaya-timur-hos41286397/,rumah123
Av11. Dijual Rumah Baru Gunung Anyar Mas Rungkut Surabaya Timur,650000000,60.0,65.0,3,2,2,1.0,Unfurnished,0,0,"Gununganyar, Surabaya",-7.336074699999999,112.80400979999999,https://www.rumah123.com/properti/surabaya-gununganyar/av11-dijual-rumah-baru-gunung-anyar-mas-rungkut-surabaya-timur-hos41282192/,rumah123
Dijual Rumah di Sambikerep Surabaya Barat,1700000000,112.0,200.0,4,2,1,1.0,Unfurnished,0,0,"Sambikerep, Surabaya",-7.27993,112.654648,https://www.rumah123.com/properti/surabaya-sambikerep/dijual-rumah-di-sambikerep-surabaya-barat-hos41262455/,rumah123
Dijual Rumah 2 Lantai di Greenlake Wonorejo Surabaya Timur,1000000000,72.0,80.0,3,2,1,1.0,Unfurnished,0,0,"Wonorejo, Surabaya",-7.271274,112.731598,https://www.rumah123.com/properti/surabaya-wonorejo/dijual-rumah-2-lantai-di-greenlake-wonorejo-surabaya-timur-hos41010033/,rumah123
Dijual Cepat Rumah di Mulyosari Prima Utara Surabaya,6000000000,400.0,489.0,7,6,2,1.0,Unfurnished,1,1,"Mulyosari, Surabaya",-7.26556,112.796494,https://www.rumah123.com/properti/surabaya-mulyosari/dijual-cepat-rumah-di-mulyosari-prima-utara-surabaya-hos42102869/,rumah123
2118 Jual Rumah Minimalis 2 Lantai di Grand Pakuwon Surabaya,1550000000,72.0,101.0,3,3,2,1.0,Unfurnished,1,1,"Pakuwon, Surabaya",-7.289141,112.67572,https://www.rumah123.com/properti/surabaya-pakuwon/2118-jual-rumah-minimalis-2-lantai-di-grand-pakuwon-surabaya-hos42377503/,rumah123
2092 Jual Rumah Baru Minimalis di Surabaya Wonorejo,835000000,87.0,65.0,3,2,1,1.0,Unfurnished,1,1,"Wonorejo, Surabaya",-7.271274,112.731598,https://www.rumah123.com/properti/surabaya-wonorejo/2092-jual-rumah-baru-minimalis-di-surabaya-wonorejo-hos42377442/,rumah123
2094 Jual Rumah Baru Siap Huni di Pakuwon City Surabaya,7000000000,216.0,155.0,4,3,2,1.0,Unfurnished,1,1,"Pakuwon City, Surabaya",-7.28917,112.67556,https://www.rumah123.com/properti/surabaya-pakuwon-city/2094-jual-rumah-baru-siap-huni-di-pakuwon-city-surabaya-hos42377459/,rumah123
Jual / Sewa Alam Hijau Minimalis Spek Bangunan Ciamik,2250000000,90.0,136.0,3,2,1,,Unfurnished,1,0,"Citraland, Surabaya",-7.28917,112.734,https://www.rumah123.com/properti/surabaya-citraland/disewakan-alam-hijau-minimalis-spek-bangunan-ciaamik-hos9656939/,rumah123
Li95 Kawasan Prestisius Kertajaya Indah Timur,2800000000,96.0,155.0,4,4,2,2.0,Unfurnished,0,0,"Sukolilo, Surabaya",-7.28813,112.802902,https://www.rumah123.com/properti/surabaya-sukolilo/li95-kawasan-prestisius-kertajaya-indah-timur-hos41565938/,rumah123
Dijual Rumah Du Lion Wisata Bukit Mas 2,2750000000,153.0,178.0,4,3,2,,Furnished,1,0,"Wisata Bukit Mas, Surabaya",-7.308962299999998,112.6670509,https://www.rumah123.com/properti/surabaya-wisata-bukit-mas/dijual-rumah-du-lion-wisata-bukit-mas-2-hos42372910/,rumah123
Dijual Rumah Baru Gress! 2 LT! Daerah Wiyung,1900000000,90.0,140.0,4,3,1,2.0,Unfurnished,1,1,"Wiyung, Surabaya",-7.31097,112.698067,https://www.rumah123.com/properti/surabaya-wiyung/dijual-rumah-baru-gress-2-lt-daerah-wiyung-hos42318376/,rumah123
Dijual Rumah Jalan Sumatra Surabaya Pusat,6000000000,318.0,318.0,1,1,1,,Unfurnished,1,0,"Gubeng, Surabaya",-7.27396,112.74819,https://www.rumah123.com/properti/surabaya-gubeng/dijual-rumah-jalan-sumatra-surabaya-pusat-hos39926344/,rumah123
Dijual Rumah Darmo Gress! 2 LT! Dekat Akse Jalan Raya,2250000000,115.0,115.0,3,3,1,,Furnished,1,0,"Raya Darmo, Surabaya",-7.2879,112.739258,https://www.rumah123.com/properti/surabaya-raya-darmo/dijual-rumah-darmo-gress-2-lt-dekat-akse-jalan-raya-hos42320024/,rumah123
Dijual Rumah Mewah Graha Family Golf View,57500000000,1250.0,1900.0,8,9,2,,Unfurnished,1,0,"Wiyung, Surabaya",-7.31097,112.69807,https://www.rumah123.com/properti/surabaya-wiyung/dijual-rumah-mewah-graha-family-golf-view-hos39975621/,rumah123
Dijual Rumah Darmo Gress! 2 LT Dekat dengan Akse Jalan Raya,1750000000,84.0,100.0,3,3,2,2.0,Furnished,1,0,"Darmo permai, Surabaya",-7.285674,112.70134,https://www.rumah123.com/properti/surabaya-darmo-permai/dijual-rumah-darmo-gress-2-lt-dekat-dengan-akse-jalan-raya-hos42320188/,rumah123
Dijual Rumah Hitung Tanah Graha Family Surabaya,5000000000,276.0,210.0,4,3,2,,Unfurnished,1,0,"Wiyung, Surabaya",-7.31097,112.69807,https://www.rumah123.com/properti/surabaya-wiyung/dijual-rumah-hitung-tanah-graha-family-surabaya-hos41264686/,rumah123
Dijual Rumah Grand Island! Siap Huni! 2 LT! Unit Terbatas!,12500000000,324.0,411.0,4,4,2,3.0,Unfurnished,1,1,"Pakuwon City, Surabaya",-7.28917,112.67556,https://www.rumah123.com/properti/surabaya-pakuwon-city/dijual-rumah-grand-island-siap-huni-2-lt-unit-terbatas-hos42273932/,rumah123
Dijual Rumah Pakuwon City! Lokasi Strategis! SHM!,1300000000,78.0,44.0,2,1,1,1.0,Unfurnished,1,1,"Pakuwon City, Surabaya",-7.28917,112.67556,https://www.rumah123.com/properti/surabaya-pakuwon-city/dijual-rumah-pakuwon-city-lokasi-strategis-shm-hos42163760/,rumah123
Dijual Rumah Baru Gress Jemursari! 2 LT Model Modern Minimalist,3450000000,187.0,225.0,4,4,2,2.0,Semi Furnished,1,0,"Jemursari, Surabaya",-7.32428,112.74173,https://www.rumah123.com/properti/surabaya-jemursari/dijual-rumah-baru-gress-jemursari-2-lt-model-modern-minimalist-hos42322527/,rumah123
Dijual Rumah Siap Huni Prambanan Mainroad,6250000000,388.0,311.0,4,3,2,,Unfurnished,0,0,"Lakarsantri, Surabaya",-7.30073,112.635658,https://www.rumah123.com/properti/surabaya-lakarsantri/dijual-rumah-siap-huni-prambanan-mainroad-hos42075668/,rumah123
Butuh Cepat Laku Rumah SHM Murah Swp Residence Benowo,450000000,72.0,42.0,2,1,1,1.0,Unfurnished,1,1,"Benowo, Surabaya",0.010786168277263641,0.01177322119474411,https://www.rumah123.com/properti/surabaya-benowo/rumah-benowo-murah-asri-di-swp-residence-dekat-tandes-hos7259313/,rumah123
Dijual / Disewakan Rumah Mewah Perumahan Sinar Galaxy - Vila Galaxy - Surabaya Timur,7500000000,300.0,350.0,5,4,2,1.0,Unfurnished,1,1,"Mulyorejo, Surabaya",-7.27049,112.780548,https://www.rumah123.com/properti/surabaya-mulyorejo/dijual-disewakan-rumah-mewah-brand-new-vila-galaxy-surabaya-timur-hos41965255/,rumah123
1872. Rumah Jalan Margorejo Indah Utara Surabaya,22000000000,1040.0,1100.0,4,5,2,,Unfurnished,1,0,"Wonocolo, Surabaya",-7.3273,112.7372,https://www.rumah123.com/properti/surabaya-wonocolo/1872-rumah-jalan-margorejo-indah-utara-surabaya-hos38893975/,rumah123
1776. Dijual Rumah On Progress Darmo Indah Timur Surabaya,1700000000,108.0,135.0,3,3,2,,Unfurnished,1,0,"Raya Darmo, Surabaya",-7.2879,112.73926,https://www.rumah123.com/properti/surabaya-raya-darmo/1776-dijual-rumah-on-progress-darmo-indah-timur-surabaya-hos18112537/,rumah123
Rumah Klasik Bauhaus Artistik Di Raya Kendangsari Ada Paviliun,7000000000,600.0,350.0,3,3,1,6.0,Unfurnished,1,1,"Kendangsari, Surabaya",-7.32409,112.75025,https://www.rumah123.com/properti/surabaya-kendangsari/rumah-klasik-bauhaus-artistik-di-raya-kendangsari-ada-paviliun-hos14474435/,rumah123
Li63 Dijual Rumah Darmo Harapan Indah Tandes Surabaya Barat,1900000000,87.0,110.0,3,3,2,2.0,Unfurnished,0,0,"Tandes, Surabaya",-7.25834,112.678978,https://www.rumah123.com/properti/surabaya-tandes/li63-dijual-rumah-darmo-harapan-indah-tandes-surabaya-barat-hos41041112/,rumah123
Dijual Rumah 2.5.Lantai Siap Huni Di.green.semanggi Mangrove Siap Huni.di.surabaya,1300000000,102.0,188.0,4,2,3,2.0,Semi Furnished,1,1,"Wonorejo, Surabaya",-7.271274,112.731598,https://www.rumah123.com/properti/surabaya-wonorejo/dijual-rumah-25lantai-siap-huni-digreensemanggi-mangrove-siap-hunidisurabaya-hos40025823/,rumah123
1593. Dijual Rumah Kupang Indah Surabaya Barat,9500000000,690.0,300.0,5,3,1,2.0,Unfurnished,1,0,"Dukuh Kupang, Surabaya",-6.2,106.816666,https://www.rumah123.com/properti/surabaya-dukuh-kupang/1593-dijual-rumah-kupang-indah-surabaya-barat-hos15000075/,rumah123
Bukit Golf International Citraland Baru Gress Murah Ada Pool,7950000000,300.0,400.0,4,3,2,2.0,Furnished,1,1,"Citraland, Surabaya",-7.309354,112.656548,https://www.rumah123.com/properti/surabaya-citraland/bukit-golf-international-citraland-baru-gress-murah-ada-pool-hos42349037/,rumah123
Rumah di Rungkut Barata Lokasi Strategis dan Mudah Dijangkau. Dekat dengan Berbek Industri. Dekat dengan Merr .Dekat dengan Upn,1200000000,153.0,120.0,3,1,1,1.0,Unfurnished,1,1,"Rungkut, Surabaya",-7.31434,112.80023,https://www.rumah123.com/properti/surabaya-rungkut/rumah-di-rungkut-barata-lokasi-strategis-dan-mudah-dijangkau-dekat-dengan-berbek-industri-dekat-dengan-merr-dekat-hos18089010/,rumah123
Rumah Premium Di Barat Surabaya Type Mezanine.dengan Pondasi Rumah.2.lantai,835000000,60.0,68.0,2,1,2,1.0,Unfurnished,1,1,"Lakarsantri, Surabaya",-7.30073,112.635658,https://www.rumah123.com/properti/surabaya-lakarsantri/rumah-premium-di-barat-surabaya-type-mezaninedengan-pondasi-rumah2lantai-hos39797876/,rumah123
Dijual Rumah di Pakis Tirtosari Harga Sale Dari 17.5 Menjadi 13.5 M. Cocok untuk Rumah Kos .Guest House. Lokasi Dekat dengan Mall Ciputra Word . Rs Mayapada. Rkz. Rs William Booth. Pintu Tol Satelit dan Universitas,13500000000,1100.0,300.0,8,4,2,3.0,Unfurnished,1,1,"Pakis, Surabaya",-7.28917,112.734,https://www.rumah123.com/properti/surabaya-pakis/rumah-tembus-2-gang-di-pakis-tirtosari-cocok-intuk-rumah-kos-guest-house-asrama-losmen-penginapan-untuk-di-bangun-hos17585412/,rumah123
Dijual Rumah Dekat Akses Tol & Dekat Rmh Sakitcitragarden,2950000000,162.0,209.0,5,4,2,2.0,Semi Furnished,0,1,"Sidoarjo, Surabaya",-7.450998,112.715439,https://www.rumah123.com/properti/surabaya-sidoarjo/dijual-rumah-dekat-akses-tol-dekat-rmh-sakitcitragarden-hos41679762/,rumah123
1997 Jual Rumah Murah di Surabaya Timur Manyar Indah,2450000000,109.0,173.0,5,5,2,,Unfurnished,1,1,"Manyar, Surabaya",-7.28724,112.739052,https://www.rumah123.com/properti/surabaya-manyar/jual-rumah-murah-di-surabaya-timur-manyar-indah-hos40589290/,rumah123
1273. Rumah Murah Lebak Indah Jaya Tambaksari,1500000000,180.0,160.0,3,2,1,,Unfurnished,1,0,"Tambaksari, Surabaya",-7.25371,112.75321,https://www.rumah123.com/properti/surabaya-tambaksari/1273-rumah-murah-lebak-indah-jaya-tambaksari-hos17042115/,rumah123
Ptr02 Rumah Margorejo Indah Surabaya Timur Jawa Timur,6700000000,559.0,700.0,5,4,2,2.0,Unfurnished,1,0,"Margorejo, Surabaya",-7.3122,112.7411,https://www.rumah123.com/properti/surabaya-margorejo/ptr02-rumah-margorejo-indah-surabaya-timur-jawa-timur-hos14903364/,rumah123
"2037. Dijual Rumah Karah Indah, Jambangan Surabaya Selatan",4500000000,300.0,500.0,4,3,2,2.0,Semi Furnished,1,1,"Jambangan, Surabaya",-7.311807544177526,112.71881616307525,https://www.rumah123.com/properti/surabaya-jambangan/2037-dijual-rumah-karah-indah-jambangan-surabaya-selatan-hos41196533/,rumah123
904. Dijual Cepat Rumah Kupang Indah Surabaya Barat,6500000000,437.0,360.0,4,2,1,,Unfurnished,1,0,"Dukuh Pakis, Surabaya",-7.29503,112.71074,https://www.rumah123.com/properti/surabaya-dukuh-pakis/904-dijual-cepat-rumah-kupang-indah-surabaya-barat-hos16706459/,rumah123
1341. Rumah New Gress Wisma Kedung Asem Indah Surabaya,1200000000,67.0,100.0,3,3,2,,Unfurnished,1,0,"Rungkut, Surabaya",-7.31434,112.80023,https://www.rumah123.com/properti/surabaya-rungkut/1341-rumah-new-gress-wisma-kedung-asem-indah-surabaya-hos17046396/,rumah123
Stv07 Rumah Dijual Margorejo Indah Surabaya,5500000000,312.0,312.0,4,2,1,,Unfurnished,1,0,"Margorejo, Surabaya",-7.3122,112.7411,https://www.rumah123.com/properti/surabaya-margorejo/stv07-rumah-dijual-margorejo-indah-surabaya-hos17042399/,rumah123
Rumah kuno tengah kota,17000000000,460.0,300.0,4,2,2,2.0,Unfurnished,1,1,"Surabaya Kota, Surabaya",-7.2771,112.71741,https://www.rumah123.com/properti/surabaya-surabaya-kota/rumah-kuno-tengah-kota-hos11891125/,rumah123
Rumah Baru Gress Mewah Citraland 3 Lantai Hanya 4Man,4820000000,153.0,326.0,4,5,2,1.0,Unfurnished,1,0,"Citraland, Surabaya",-7.309354,112.656548,https://www.rumah123.com/properti/surabaya-citraland/rumah-baru-gress-mewah-citraland-3-lantai-hanya-4man-hos42204549/,rumah123
"Rumah Baru Gress Citraland Oakwood Park Terbest Deal 2,7 Milyaran",2800000000,105.0,139.0,3,3,2,2.0,Unfurnished,1,1,"Citraland, Surabaya",-7.309354,112.656548,https://www.rumah123.com/properti/surabaya-citraland/rumah-baru-gress-citraland-oakwood-park-terbest-deal-27-milyaran-hos40963260/,rumah123
Rumah Minimalis Modern Citraland The Greenlake Wiyung 3 Kamar Hanya 2Man,2200000000,90.0,105.0,3,3,2,,Unfurnished,1,0,"Citraland, Surabaya",-7.309354,112.656548,https://www.rumah123.com/properti/surabaya-citraland/rumah-minimalis-modern-citraland-the-greenlake-wiyung-3-kamar-hanya-2man-hos40400337/,rumah123
Rumah Baru Gress Citraland Cluster Terbaru Lokasi Depan 4 Kamar,3700000000,144.0,158.0,4,2,2,2.0,Unfurnished,1,1,"Citraland, Surabaya",-7.309354,112.656548,https://www.rumah123.com/properti/surabaya-citraland/rumah-baru-gress-citraland-cluster-terbaru-lokasi-depan-4-kamar-hos38900489/,rumah123
Brand New Modern Minimalis Rumah Dian Istana Mocca Residence Park Avenue 4 Milyaran,4700000000,150.0,170.0,3,3,2,,Unfurnished,1,1,"Graha, Surabaya",-7.28917,112.734,https://www.rumah123.com/properti/surabaya-graha/brand-new-modern-minimalis-rumah-dian-istana-mocca-residence-park-avenue-4-milyaran-hos17603290/,rumah123
Rumah Baru American Style Dian Istana Graha Family 4 Kamar,7000000000,280.0,315.0,4,3,3,2.0,Unfurnished,1,1,"Graha, Surabaya",-7.257472,112.75209,https://www.rumah123.com/properti/surabaya-graha/rumah-baru-american-style-dian-istana-graha-family-4-kamar-hos39506958/,rumah123
"Rumah Minimalis Modern Graha Natura 2 Lantai Hanya 1,9 Milyaran",1800000000,96.0,97.0,2,2,2,2.0,Unfurnished,1,0,"Citraland, Surabaya",-7.309354,112.656548,https://www.rumah123.com/properti/surabaya-citraland/rumah-minimalis-modern-graha-natura-2-lantai-hanya-19-milyaran-hos40400210/,rumah123
Langka Rumah Siap Huni Graha Family 4 Kamar Hanya 6Man Saja,6900000000,252.0,275.0,4,3,2,,Unfurnished,1,0,"Graha, Surabaya",-7.257472,112.75209,https://www.rumah123.com/properti/surabaya-graha/langka-rumah-siap-huni-graha-family-4-kamar-hanya-6man-saja-hos40211336/,rumah123
Rumah Baru Gress Mewah Pakuwon Indah Cluster Favorit 5 Kamar Tidur 7Man,7800000000,190.0,364.0,5,6,2,2.0,Unfurnished,1,0,"Pakuwon Indah, Surabaya",-7.28921,112.674469,https://www.rumah123.com/properti/surabaya-pakuwon-indah/rumah-baru-gress-mewah-pakuwon-indah-cluster-favorit-5-kamar-tidur-7man-hos42280179/,rumah123
Brand New Minimalis 3 Lantai Citraland Dekat Gwalk 6Man,6650000000,180.0,420.0,4,5,3,,Unfurnished,1,0,"Citraland, Surabaya",-7.309354,112.656548,https://www.rumah123.com/properti/surabaya-citraland/brand-new-minimalis-3-lantai-citraland-dekat-gwalk-6man-hos40397206/,rumah123
Langka Rumah Pakuwon Indah Villa Valensia Mainroad Cluster Jual Cepat,6000000000,333.0,403.0,4,4,2,2.0,Unfurnished,1,0,"Pakuwon Indah, Surabaya",-7.28921,112.674469,https://www.rumah123.com/properti/surabaya-pakuwon-indah/langka-rumah-pakuwon-indah-villa-valensia-mainroad-cluster-jual-cepat-hos42282680/,rumah123
Langka Rumah Baru Gress American Style Dian Istana,3100000000,126.0,158.0,3.0,3.0,2.0,2.0,Unfurnished,1,1,"HR Muhammad, Surabaya",-7.284881,112.694695,https://www.rumah123.com/properti/surabaya-hr-muhammad/langka-rumah-baru-gress-american-style-dian-istana-hos42285793/,rumah123
Rumah Baru Minimalis Modern Citraland Greenlake Wiyung 4 Kamar,4000000000,200.0,209.0,4.0,3.0,2.0,2.0,Unfurnished,1,1,"Wiyung, Surabaya",-7.31097,112.698067,https://www.rumah123.com/properti/surabaya-wiyung/rumah-baru-minimalis-modern-citraland-greenlake-wiyung-4-kamar-hos39811992/,rumah123
Langka Rumah Citraland Utama Cluster Depan Hanya 3Man,3500000000,180.0,185.0,4.0,2.0,2.0,2.0,Unfurnished,1,1,"Citraland, Surabaya",-7.309354,112.656548,https://www.rumah123.com/properti/surabaya-citraland/langka-rumah-citraland-utama-cluster-depan-hanya-3man-hos42285751/,rumah123
Best Deal Rumah Baru American Style Dian Istana 3 Kamar 2Man,2500000000,105.0,140.0,3.0,3.0,2.0,2.0,Unfurnished,1,1,"Graha, Surabaya",-7.28917,112.734,https://www.rumah123.com/properti/surabaya-graha/best-deal-rumah-baru-american-style-dian-istana-3-kamar-2man-hos16462809/,rumah123
Best Deal Rumah Baru Gress American Style With Attic Dian Istana,2720000000,90.0,176.0,3.0,3.0,2.0,2.0,Unfurnished,1,1,"HR Muhammad, Surabaya",-7.284881,112.694695,https://www.rumah123.com/properti/surabaya-hr-muhammad/best-deal-rumah-baru-gress-american-style-with-attic-dian-istana-hos42285783/,rumah123
Rumah SHM di Ketintang Baru selangkah ke Ahmad Yani,5000000000,300.0,300.0,4.0,2.0,1.0,,,0,1,"Ketintang, Surabaya",-7.31682,112.728,https://www.rumah123.com/properti/surabaya-ketintang/rumah-shm-di-ketintang-baru-selangkah-ke-ahmad-yani-hos11888091/,rumah123
Jual Cepat Rumah Manukan Krajan 500Jtan Saja,575000000,90.0,90.0,2.0,1.0,1.0,,Unfurnished,0,0,"Manukan, Surabaya",-7.259611,112.666054,https://www.rumah123.com/properti/surabaya-manukan/jual-cepat-rumah-manukan-krajan-500jtan-saja-hos41181126/,rumah123
Jual Cepat Rumah Lama Hitung Tanah Tenggilis Dekat Ubaya,1800000000,200.0,150.0,,,1.0,,Unfurnished,0,1,"Tenggilis Mejoyo, Surabaya",-7.31943,112.755386,https://www.rumah123.com/properti/surabaya-tenggilis-mejoyo/jual-cepat-rumah-lama-hitung-tanah-tenggilis-dekat-ubaya-9jtan-hos39145094/,rumah123
Rumah Baru Modern Industrial Darmo Harapan 2Man Dekat Hokky,2650000000,198.0,117.0,3.0,2.0,1.0,,Unfurnished,0,0,"Darmo permai, Surabaya",-7.285674,112.70134,https://www.rumah123.com/properti/surabaya-darmo-permai/rumah-baru-modern-industrial-darmo-harapan-2man-dekat-hokky-hos19326746/,rumah123
Rumah siap huni di Jln I Gusti Ngurah Rai - Purimas,3500000000,230.0,150.0,3.0,2.0,,2.0,Unfurnished,1,1,"Rungkut, Surabaya",-7.31434,112.80023,https://www.rumah123.com/properti/surabaya-rungkut/rumah-siap-huni-di-jln-i-gusti-ngurah-rai-purimas-hos16747432/,rumah123
Li69. New Project Rumah Kertajaya Indah Timur,6800000000,240.0,300.0,4.0,4.0,2.0,,Unfurnished,1,0,"Mulyorejo, Surabaya",-7.27049,112.78055,https://www.rumah123.com/properti/surabaya-mulyorejo/li69-new-project-rumah-kertajaya-indah-timur-hos18167554/,rumah123
2115 Jual Rumah Strategis di Surabaya Timur Kertajaya Indah,4500000000,200.0,140.0,4.0,2.0,1.0,2.0,Unfurnished,1,1,"kertajaya, Surabaya",-7.282603,112.755432,https://www.rumah123.com/properti/surabaya-kertajaya/2115-jual-rumah-strategis-di-surabaya-timur-kertajaya-indah-hos42356765/,rumah123
2041. Dijual Rumah Vila Valensia Pakuwon Indah Wiyung Surabaya,2200000000,144.0,150.0,3.0,2.0,2.0,1.0,Unfurnished,1,1,"Pakuwon Indah, Surabaya",-7.28921,112.674469,https://www.rumah123.com/properti/surabaya-pakuwon-indah/2041-dijual-rumah-vila-valensia-pakuwon-indah-wiyung-surabaya-hos41215869/,rumah123
2121 Jual Rumah Mewah 2 Lantai di Surabaya Kertajaya Indah,5200000000,200.0,270.0,6.0,5.0,2.0,2.0,Unfurnished,1,1,"kertajaya, Surabaya",-7.282603,112.755432,https://www.rumah123.com/properti/surabaya-kertajaya/2121-jual-rumah-mewah-2-lantai-di-surabaya-kertajaya-indah-hos42377593/,rumah123
2112 Jual Rumah Besar di Surabaya Kertajaya Timur,7000000000,300.0,400.0,7.0,4.0,2.0,1.0,Semi Furnished,1,1,"Mulyorejo, Surabaya",-7.27049,112.780548,https://www.rumah123.com/properti/surabaya-mulyorejo/2112-jual-rumah-besar-di-surabaya-kertajaya-timur-hos42347447/,rumah123
Rumah Dekat Kampus & Dalam Cluster,11000000000,533.0,642.0,5.0,6.0,2.0,4.0,Semi Furnished,1,1,"Surabaya Kota, Surabaya",-7.2771,112.71741,https://www.rumah123.com/properti/surabaya-surabaya-kota/rumah-dekat-kampus-dalam-cluster-hos17405279/,rumah123
Rumah Dekat Kampus & Rumah Sakit,5200000000,300.0,325.0,3.0,3.0,2.0,1.0,Unfurnished,0,0,"Surabaya Kota, Surabaya",-7.2771,112.717407,https://www.rumah123.com/properti/surabaya-surabaya-kota/rumah-dekat-kampus-rumah-sakit-hos39535082/,rumah123
Rumah Surabaya Barat siap huni,1600000000,150.0,140.0,3.0,2.0,1.0,1.0,Unfurnished,0,0,"Surabaya Kota, Surabaya",-7.2771,112.71741,https://www.rumah123.com/properti/surabaya-surabaya-kota/rumah-surabaya-barat-siap-huni-hos12230790/,rumah123
Rumah selangkah menuju pusat kuliner Gwalk,11000000000,526.0,400.0,4.0,3.0,2.0,2.0,Unfurnished,1,1,"Surabaya Kota, Surabaya",-7.2771,112.71741,https://www.rumah123.com/properti/surabaya-surabaya-kota/rumah-selangkah-menuju-pusat-kuliner-gwalk-hos13207395/,rumah123
Rumah Dekat Cbd Sby Selatan,3400000000,288.0,200.0,3.0,2.0,1.0,1.0,Unfurnished,0,0,"Surabaya Kota, Surabaya",-7.2771,112.717407,https://www.rumah123.com/properti/surabaya-surabaya-kota/rumah-dekat-cbd-sby-selatan-hos42095716/,rumah123
"Rumah Exclusive Dgn Pilar, Kusen & Pintu Kayu Jati Utuh",17000000000,450.0,800.0,4,3,2,2.0,Semi Furnished,0,0,"Surabaya Kota, Surabaya",-7.2771,112.717407,https://www.rumah123.com/properti/surabaya-surabaya-kota/rumah-exclusive-dgn-pilar-kusen-pintu-kayu-jati-utuh-hos42140148/,rumah123
Rumah Lama Tengah Kota Samping Jln Raya,18000000000,670.0,200.0,4,3,1,2.0,Unfurnished,1,1,"Surabaya Kota, Surabaya",-7.2771,112.71741,https://www.rumah123.com/properti/surabaya-surabaya-kota/rumah-lama-tengah-kota-samping-jln-raya-hos16138486/,rumah123
Furnish Minimalis Royal Residence Cluster Favorit Wiyung Surabaya,5000000000,220.0,240.0,4,3,2,2.0,Furnished,1,1,"Wiyung, Surabaya",-7.28917,112.734,https://www.rumah123.com/properti/surabaya-wiyung/furnish-minimalis-royal-residence-cluster-favorit-wiyung-surabaya-hos42395743/,rumah123
Rumah minimalis siap huni,4600000000,350.0,300.0,4,3,2,1.0,Unfurnished,1,1,"Surabaya Kota, Surabaya",-7.2771,112.71741,https://www.rumah123.com/properti/surabaya-surabaya-kota/rumah-minimalis-siap-huni-hos12248197/,rumah123
Rumah Aruba Villa Pakuwon City Strategis,4500000000,160.0,210.0,4,4,2,2.0,Unfurnished,0,0,"Pakuwon City, Surabaya",-7.28917,112.67556,https://www.rumah123.com/properti/surabaya-pakuwon-city/rumah-aruba-villa-pakuwon-city-strategis-hos41299976/,rumah123
Jual Cepat Rumah Lama Hitung Tanah Taman Medokan Ayu 8Jtan,1100000000,210.0,140.0,1,1,1,,Unfurnished,0,1,"Medokan Ayu, Surabaya",-7.326097,112.81353,https://www.rumah123.com/properti/surabaya-medokan-ayu/jual-cepat-rumah-lama-hitung-tanah-taman-medokan-ayu-8jtan-hos42159893/,rumah123
Rumah Baru Gress Citraland Cluster Depan 4 Milyaran,4500000000,162.0,191.0,4,3,2,2.0,Unfurnished,1,1,"Citraland, Surabaya",-7.309354,112.656548,https://www.rumah123.com/properti/surabaya-citraland/rumah-baru-gress-citraland-cluster-depan-4-milyaran-hos42389520/,rumah123
Rumah Baru Tropical Modern Citraland With Swimming Pool,3650000000,120.0,250.0,4,3,3,1.0,Unfurnished,1,0,"Citraland, Surabaya",-7.309354,112.656548,https://www.rumah123.com/properti/surabaya-citraland/rumah-baru-tropical-modern-citraland-with-swimming-pool-hos42391289/,rumah123
Rumah cocok utk kantor/ kost/ home industri/ gudang,7000000000,753.0,370.0,5,5,2,6.0,Unfurnished,0,0,"Surabaya Kota, Surabaya",-7.2771,112.71741,https://www.rumah123.com/properti/surabaya-surabaya-kota/rumah-cocok-utk-kantor-kost-home-industri-gudang-hos9752127/,rumah123
Rumah Asri Linkungan Aman Siap Huni di Taman Pondok Indah Wiyung,3500000000,280.0,200.0,1,5,4,1.0,Unfurnished,1,1,"Wiyung, Surabaya",-7.31097,112.698067,https://www.rumah123.com/properti/surabaya-wiyung/rumah-asri-linkungan-aman-siap-huni-di-taman-pondok-indah-wiyung-hos42318268/,rumah123
Rumah Baru Gress 2 Lantai Minimalis Modern Kualitas Terbaik,6900000000,196.0,360.0,7,7,2,2.0,Unfurnished,0,0,"Citraland, Surabaya",-7.2889105,112.64498,https://www.rumah123.com/properti/surabaya-citraland/rumah-baru-gress-2-lantai-minimalis-modern-kualitas-terbaik-hos19205583/,rumah123
Rumah Mewah 2 Lantai dengan Facade Modern Minimalis Citraland Depan Dekat Pasar,4250000000,153.0,249.0,4,3,2,2.0,Unfurnished,1,1,"Citraland, Surabaya",-7.309354,112.656548,https://www.rumah123.com/properti/surabaya-citraland/rumah-mewah-2-lantai-dengan-facade-modern-minimalis-citraland-depan-dekat-pasar-hos42345089/,rumah123
Klampis Semolo Barat Baru 2Lt,1800000000,75.0,130.0,3,3,2,1.0,,0,0,"Semolowaru, Surabaya",-7.30105,112.778557,https://www.rumah123.com/properti/surabaya-semolowaru/klampis-semolo-barat-baru-2lt-hos41298189/,rumah123
Manyar Tirtoyoso 2Lt Baru Gress,1950000000,82.0,125.0,3,3,2,1.0,,0,0,"Manyar, Surabaya",-7.28724,112.739052,https://www.rumah123.com/properti/surabaya-manyar/manyar-tirtoyoso-2lt-baru-gress-hos41339003/,rumah123
Raya Simokerto Surabaya Utara,2900000000,171.0,190.0,2,3,1,1.0,,0,0,"Surabaya Kota, Surabaya",-7.2771,112.717407,https://www.rumah123.com/properti/surabaya-surabaya-kota/raya-simokerto-surabaya-utara-hos41399629/,rumah123
Kupang Baru Siap Huni 1Lt,5500000000,490.0,350.0,5,4,1,,,0,0,"Sukomanunggal, Surabaya",-7.26548,112.698799,https://www.rumah123.com/properti/surabaya-sukomanunggal/kupang-baru-siap-huni-1lt-hos41409074/,rumah123
Siwalankerto Permai 1 LT Hit Tanah,1850000000,170.0,130.0,3,2,1,1.0,,0,0,"Wonocolo, Surabaya",-7.3273,112.737198,https://www.rumah123.com/properti/surabaya-wonocolo/siwalankerto-permai-1-lt-hit-tanah-hos41350563/,rumah123
Purimas Regency Siap Huni,2100000000,144.0,144.0,2,2,1,1.0,,1,0,"Rungkut, Surabaya",-7.31434,112.800232,https://www.rumah123.com/properti/surabaya-rungkut/purimas-regency-siap-huni-hos41528546/,rumah123
Manyar Rejo Siap Huni 1Lt,3300000000,250.0,190.0,3,2,1,2.0,,0,0,"Manyar, Surabaya",-7.28724,112.739052,https://www.rumah123.com/properti/surabaya-manyar/manyar-rejo-siap-huni-1lt-hos41573083/,rumah123
Gayungsari Barat Dekat Masjid Al Akbar,3100000000,137.0,225.0,4,3,1,3.0,,0,0,"Gayungan, Surabaya",-7.33,112.726021,https://www.rumah123.com/properti/surabaya-gayungan/gayungsari-barat-dekat-masjid-al-akbar-hos41420656/,rumah123
Cempaka Pusat Kota Surabaya,30000000000,1080.0,1200.0,6,5,2,2,,0,0,"Tegalsari, Surabaya",-7.27355,112.737457,https://www.rumah123.com/properti/surabaya-tegalsari/cempaka-pusat-kota-surabaya-hos41590354/,rumah123
Vila Bukit Regency 3 LT Siap Huni,6250000000,192.0,352.0,5,6,3,2,,1,0,"Pakuwon Indah, Surabaya",-7.28921,112.674469,https://www.rumah123.com/properti/surabaya-pakuwon-indah/vila-bukit-regency-3-lt-siap-huni-hos41402427/,rumah123
Ngagel Jaya Selatan Dalam Komplek,1700000000,198.0,147.0,3,2,1,1,,0,0,"Ngagel, Surabaya",-7.28744,112.747238,https://www.rumah123.com/properti/surabaya-ngagel/ngagel-jaya-selatan-dalam-komplek-hos41640155/,rumah123
Gubeng Kertajaya Siap Huni 2Lt,1950000000,128.0,200.0,4,3,2,1,,0,0,"Gubeng, Surabaya",-7.27396,112.748192,https://www.rumah123.com/properti/surabaya-gubeng/gubeng-kertajaya-siap-huni-2lt-hos41651802/,rumah123
Sukolilo Dian Regency 1 Siap Huni 1 LT,930000000,72.0,72.0,2,1,1,1,,1,0,"Sukolilo, Surabaya",-7.28813,112.802902,https://www.rumah123.com/properti/surabaya-sukolilo/sukolilo-dian-regency-1-siap-huni-1-lt-hos41643829/,rumah123
Citraland Woodland Baru 2Lt Surabaya Barat,4250000000,163.0,245.0,4,3,2,2,,1,0,"Citraland, Surabaya",-7.309354,112.656548,https://www.rumah123.com/properti/surabaya-citraland/citraland-baru-2lt-surabaya-barat-hos41756487/,rumah123
Simpang Darmo Permai Selatan 2Lt,2300000000,180.0,300.0,5,3,2,2,,0,0,"Darmo permai, Surabaya",-7.285674,112.70134,https://www.rumah123.com/properti/surabaya-darmo-permai/simpang-darmo-permai-selatan-2lt-hos41468753/,rumah123
Termurah Rumah Asri Bangunan 2 Lantai Citraland Utama Dekat Pasar Siap Huni,2350000000,135.0,160.0,4,2,2,1,Unfurnished,1,0,"Citraland, Surabaya",-7.309354,112.656548,https://www.rumah123.com/properti/surabaya-citraland/termurah-rumah-asri-bangunan-2-lantai-citraland-utama-dekat-pasar-siap-huni-hos42347914/,rumah123
North West Lake Citraland Pakal,760000000,55.0,45.0,1,2,2,1,,1,0,"Pakal, Surabaya",-7.24268,112.629807,https://www.rumah123.com/properti/surabaya-pakal/north-west-lake-citraland-pakal-hos41709090/,rumah123
Pucang Jajar Siap Huni 2Lt,2400000000,262.0,350.0,5,4,2,1,,0,0,"kertajaya, Surabaya",-7.282603,112.755432,https://www.rumah123.com/properti/surabaya-kertajaya/pucang-jajar-siap-huni-2lt-hos41697037/,rumah123
Jemursari Timur Baru Gress 2Lt,2100000000,100.0,160.0,4,3,2,1,,0,0,"Jemursari, Surabaya",-7.32428,112.74173,https://www.rumah123.com/properti/surabaya-jemursari/jemursari-selatan-baru-gress-2lt-hos41700048/,rumah123
Citraland Surabaya Eastwood Baru Gress3lt,7650000000,210.0,465.0,4,5,3,2,,1,0,"Citraland, Surabaya",-7.309354,112.656548,https://www.rumah123.com/properti/surabaya-citraland/citraland-surabaya-eastwood-baru-gress3lt-hos41757374/,rumah123
Citraland Utama South Emerald Mansion Siap Huni 2Lt,4250000000,180.0,265.0,4,3,2,2,,1,0,"Citraland, Surabaya",-7.309354,112.656548,https://www.rumah123.com/properti/surabaya-citraland/citraland-utama-siap-huni-2lt-hos41756804/,rumah123
Ngagel Jaya Tengah 2Lt Siap Huni,4700000000,385.0,400.0,5,3,2,2,Semi Furnished,0,0,"Ngagel, Surabaya",-7.28744,112.747238,https://www.rumah123.com/properti/surabaya-ngagel/ngagel-jaya-tengah-2lt-siap-huni-hos41777639/,rumah123
Jemursari Baru Gress 2Lt Surabaya Selatan,3450000000,187.0,225.0,4,4,2,2,,0,0,"Jemursari, Surabaya",-7.32428,112.74173,https://www.rumah123.com/properti/surabaya-jemursari/jemursari-baru-gress-2lt-surabaya-selatan-hos41765988/,rumah123
Citraland Utara Greenhill Siap Huni 2Lt,3150000000,180.0,225.0,4,3,2,2,,1,0,"Citraland, Surabaya",-7.309354,112.656548,https://www.rumah123.com/properti/surabaya-citraland/citraland-utara-greenhill-siap-huni-2lt-hos41768775/,rumah123
Sutorejo Prima Indah Selatan,2500000000,240.0,200.0,4,3,1,2,,1,0,"Sutorejo, Surabaya",-7.26097,112.789757,https://www.rumah123.com/properti/surabaya-sutorejo/sutorejo-prima-indah-selatan-hos41806934/,rumah123
Nirwana Executive Baru Gress 2Lt,1300000000,65.0,85.0,3,3,2,1,,0,0,"Wonorejo, Surabaya",-7.271274,112.731598,https://www.rumah123.com/properti/surabaya-wonorejo/nirwana-executive-baru-gress-2lt-hos41823727/,rumah123
Panjang Jiwo Permai Baru Gress 2Lt,2400000000,120.0,160.0,3,3,2,2,,1,0,"Panjang Jiwo, Surabaya",-7.309823,112.764374,https://www.rumah123.com/properti/surabaya-panjang-jiwo/panjang-jiwo-permai-baru-gress-2lt-hos41823565/,rumah123
Taman Pondok Indah Wiyung Baru 2Lt,1600000000,72.0,120.0,4,3,2,2,,0,1,"Wiyung, Surabaya",-7.31097,112.698067,https://www.rumah123.com/properti/surabaya-wiyung/taman-pondok-indah-wiyung-baru-2lt-hos41834297/,rumah123
Raya Ketabangkali Hok Hit Tanah Pusat Kota Surabaya,32000000000,1286.0,589.0,4,3,1.0,2.0,Unfurnished,0,0,"Genteng, Surabaya",-7.26125,112.742767,https://www.rumah123.com/properti/surabaya-genteng/raya-ketabangkali-hok-hit-tanah-pusat-kota-surabaya-hos39470787/,rumah123
Panjang Jiwo Permai 2Lt,1500000000,135.0,210.0,3,2,3.0,1.0,,0,0,"Panjang Jiwo, Surabaya",-7.309823,112.764374,https://www.rumah123.com/properti/surabaya-panjang-jiwo/panjang-jiwo-permai-2lt-hos41494112/,rumah123
Pakuwon City Virgin Gorda Grand Island,8500000000,240.0,400.0,4,5,2.0,3.0,,0,0,"Pakuwon City, Surabaya",-7.28917,112.67556,https://www.rumah123.com/properti/surabaya-pakuwon-city/pakuwon-city-virgin-gorda-grand-island-hos41472207/,rumah123
Semolowaru Timur 1Lt Butuh Renov,3900000000,480.0,400.0,4,3,1.0,2.0,,0,0,"Semolowaru, Surabaya",-7.30105,112.778557,https://www.rumah123.com/properti/surabaya-semolowaru/semolowaru-timur-1lt-butuh-renov-hos41860885/,rumah123
Panjang Jiwo Permai Baru Gress 2Lt,1850000000,96.0,130.0,4,3,2.0,1.0,Unfurnished,0,0,"Panjang Jiwo, Surabaya",-7.3098224,112.7643726,https://www.rumah123.com/properti/surabaya-panjang-jiwo/panjang-jiwo-permai-baru-gress-2lt-hos39213108/,rumah123
Sutorejo Tengah Baru Gress 2Lt,1750000000,75.0,100.0,4,3,2.0,2.0,,0,0,"Sutorejo, Surabaya",-7.26097,112.789757,https://www.rumah123.com/properti/surabaya-sutorejo/sutorejo-tengah-baru-gress-2lt-hos41879343/,rumah123
Wisma Mukti Semalang Indah Baru Gress 2Lt,2200000000,100.0,150.0,4,3,2.0,2.0,Unfurnished,1,0,"Sukolilo, Surabaya",-7.28813,112.8029,https://www.rumah123.com/properti/surabaya-sukolilo/wisma-mukti-semalang-indah-baru-gress-2lt-hos18961416/,rumah123
Raya Kertajaya Indah Hok 2Lt Sebrang Its,73000000000,2413.0,1200.0,5,5,2.0,4.0,,0,0,"kertajaya, Surabaya",-7.282603,112.755432,https://www.rumah123.com/properti/surabaya-kertajaya/raya-kertajaya-indah-hok-2lt-sebrang-its-hos41900313/,rumah123
Rumah minimalis siap huni 2lt pantai mentari,3750000000,180.0,225.0,3,3,2.0,,Unfurnished,0,1,"Kenjeran, Surabaya",-7.234832000000001,112.785081,https://www.rumah123.com/properti/surabaya-kenjeran/rumah-minimalis-siap-huni-2lt-pantai-mentari-hos6611652/,rumah123
Graha Family Klasik Eropa Golf View,65000000000,1250.0,1600.0,5,5,2.0,10.0,Furnished,1,1,"Graha, Surabaya",-7.28917,112.734,https://www.rumah123.com/properti/surabaya-graha/graha-family-klasik-eropa-golf-view-hos9537691/,rumah123
Rungkut Mejoyo Selatan Hit Tanah,1900000000,229.0,180.0,3,3,1.0,1.0,Unfurnished,0,0,"Tenggilis Mejoyo, Surabaya",-7.31943,112.755386,https://www.rumah123.com/properti/surabaya-tenggilis-mejoyo/rungkut-mejoyo-selatan-hit-tanah-hos40057623/,rumah123
Araya Siap Huni 2Lt Furnish Bagus,7000000000,375.0,490.0,5,3,2.0,2.0,Furnished,1,0,"Sukolilo, Surabaya",-7.28813,112.8029,https://www.rumah123.com/properti/surabaya-sukolilo/araya-siap-huni-2lt-furnish-bagus-hos12366150/,rumah123
Manyar Rejo Baru Gress 2Lt,2700000000,120.0,170.0,4,3,2.0,2.0,,0,0,"Manyar, Surabaya",-7.28724,112.739052,https://www.rumah123.com/properti/surabaya-manyar/manyar-rejo-baru-gress-2lt-hos41945690/,rumah123
Graha Family Blok Favorit Golf View,65000000000,1250.0,1900.0,8,9,2.0,7.0,,0,0,"Graha, Surabaya",-7.257472,112.75209,https://www.rumah123.com/properti/surabaya-graha/graha-family-blok-favorit-golf-view-hos41347079/,rumah123
Kendangsari Rumah Lama.hit Tanah,3800000000,420.0,300.0,3,2,1.0,1.0,Unfurnished,0,0,"Kendangsari, Surabaya",-7.32409,112.75025,https://www.rumah123.com/properti/surabaya-kendangsari/kendangsari-rumah-lamahit-tanah-hos9671901/,rumah123
Bumi Citra Fajar Sidoarjo,950000000,120.0,200.0,4,2,2.0,2.0,,0,0,"Sidoarjo, Surabaya",-7.450998,112.715439,https://www.rumah123.com/properti/surabaya-sidoarjo/bumi-citra-fajar-sidoarjo-hos41958011/,rumah123
Gayungsari Timur Siap Huni 2Lt,4700000000,350.0,350.0,4,4,2.0,2.0,,0,0,"Gayungan, Surabaya",-7.33,112.726021,https://www.rumah123.com/properti/surabaya-gayungan/gayungsari-timur-siap-huni-2lt-hos41949458/,rumah123
Manyar Kartika Jln.kembar Dalam Siap Huni 1Lt,6500000000,525.0,400.0,4,2,,2.0,Unfurnished,0,0,"Manyar, Surabaya",-7.28724,112.73905,https://www.rumah123.com/properti/surabaya-manyar/manyar-kartika-jlnkembar-dalam-siap-huni-1lt-hos18306156/,rumah123
Margorejo Indah 2lt Siap Huni,7200000000,400.0,500.0,5,3,2.0,2.0,Unfurnished,0,0,"Margorejo, Surabaya",-7.3122,112.7411,https://www.rumah123.com/properti/surabaya-margorejo/margorejo-indah-2lt-siap-huni-hos18305830/,rumah123
Griya Asri 1Lt Baru Frurnish Pakuwon City,1500000000,78.0,60.0,1,1,1.0,1.0,,0,0,"Pakuwon City, Surabaya",-7.28917,112.67556,https://www.rumah123.com/properti/surabaya-pakuwon-city/griya-asri-1lt-baru-frurnish-pakuwon-city-hos38839951/,rumah123
Taman Tiara Regency 2Lt,1200000000,144.0,200.0,3,2,2,2,Unfurnished,0,1,"Sidoarjo, Surabaya",-7.450998,112.715439,https://www.rumah123.com/properti/surabaya-sidoarjo/taman-tiara-regency-2lt-hos19596351/,rumah123
Mojoklanggru Kidul Besar 2Lt Area Dharmahusada,10200000000,1000.0,1000.0,6,7,2,4,Unfurnished,0,0,"Gubeng, Surabaya",-7.27396,112.74819,https://www.rumah123.com/properti/surabaya-gubeng/mojoklanggru-kidul-besar-2lt-area-dharmahusada-hos10384405/,rumah123
Jemur Andayani Baru Gress 2lt,7000000000,300.0,450.0,5,5,2,2,Unfurnished,0,0,"Jemursari, Surabaya",-7.32428,112.74173,https://www.rumah123.com/properti/surabaya-jemursari/jemur-andayani-baru-gress-2lt-hos18249296/,rumah123
Termurah Rumah Asri 2 Lantai di Citraland Dekat Pasar,2600000000,135.0,180.0,4,3,2,1,Unfurnished,0,0,"Citraland, Surabaya",-7.309354,112.656548,https://www.rumah123.com/properti/surabaya-citraland/termurah-rumah-asri-2-lantai-di-citraland-dekat-pasar-hos42321416/,rumah123
Dharmahusada Indah 2Lt Siap Huni,10000000000,500.0,600.0,5,4,2,2,Semi Furnished,0,0,"Dharma Husada, Surabaya",-7.28917,112.734,https://www.rumah123.com/properti/surabaya-dharma-husada/dharmahusada-indah-2lt-siap-huni-hos16895768/,rumah123
Kutisari Indah Barat 1.5Lt,1900000000,162.0,150.0,4,2,1,1,,0,0,"Kutisari, Surabaya",-7.277097,112.717407,https://www.rumah123.com/properti/surabaya-kutisari/kutisari-indah-barat-15lt-hos40849118/,rumah123
Puri Galaxy 2Lt Siap Huni,5600000000,300.0,308.0,4,3,2,2,,1,0,"Sukolilo, Surabaya",-7.28813,112.802902,https://www.rumah123.com/properti/surabaya-sukolilo/puri-galaxy-2lt-siap-huni-hos41493226/,rumah123
Lompo Batang Petemon Rumah Hit Tanah,8500000000,795.0,590.0,4,3,2,2,Unfurnished,1,0,"Petemon, Surabaya",-7.28917,112.734,https://www.rumah123.com/properti/surabaya-petemon/lompo-batang-petemon-rumah-hit-tanah-hos16110561/,rumah123
Kebraon indah permai 1lt siap huni,1250000000,198.0,150.0,3,2,1,1,Unfurnished,1,0,"Kebraon, Surabaya",-7.3305,112.70407,https://www.rumah123.com/properti/surabaya-kebraon/kebraon-indah-permai-1lt-siap-huni-hos13519693/,rumah123
Rumah 2lt margorejo indah siap huni,15000000000,700.0,1200.0,4,5,2,2,Unfurnished,0,0,"Margorejo, Surabaya",-7.3122,112.7411,https://www.rumah123.com/properti/surabaya-margorejo/rumah-2lt-margorejo-indah-siap-huni-hos11824184/,rumah123
Pakal Madya Asri Baru 2Lt,1300000000,94.0,150.0,3,3,2,1,Unfurnished,0,0,"Pakal, Surabaya",-7.24268,112.62981,https://www.rumah123.com/properti/surabaya-pakal/pakal-madya-asri-baru-2lt-hos18439919/,rumah123
Manyar Indah Rumah 1lt,4300000000,440.0,240.0,3,2,1,1,Unfurnished,0,0,"Manyar, Surabaya",-7.28724,112.739052,https://www.rumah123.com/properti/surabaya-manyar/manyar-indah-rumah-1lt-hos39607766/,rumah123
Kutisari 1Lt Rumah Siap Huni,1400000000,200.0,185.0,3,1,1,1,Unfurnished,0,0,"Kutisari, Surabaya",-7.277097,112.717407,https://www.rumah123.com/properti/surabaya-kutisari/kutisari-1lt-rumah-siap-huni-hos40300216/,rumah123
Kencana sari barat hit tanah,3400000000,240.0,160.0,3,1,1,1,Unfurnished,0,0,"Dukuh Pakis, Surabaya",-7.29503,112.71074,https://www.rumah123.com/properti/surabaya-dukuh-pakis/kencana-sari-barat-hit-tanah-hos12530424/,rumah123
Raya kendangsari komersial area,12500000000,600.0,600.0,10,5,2,4,Unfurnished,0,0,"Kendangsari, Surabaya",-7.32409,112.75025,https://www.rumah123.com/properti/surabaya-kendangsari/raya-kendangsari-komersial-area-hos14277596/,rumah123
Kertajaya indah 2lt minimalis siap huni,10500000000,450.0,500.0,6,3,2,2,Unfurnished,0,0,"kertajaya, Surabaya",-7.28917,112.734,https://www.rumah123.com/properti/surabaya-kertajaya/kertajaya-indah-2lt-minimalis-siap-huni-hos10604618/,rumah123
Manyar Kertoarjo 2Lt Siap Huni,10500000000,510.0,880.0,5,3,2,2,,0,0,"Manyar, Surabaya",-7.28724,112.739052,https://www.rumah123.com/properti/surabaya-manyar/manyar-kertoarjo-2lt-siap-huni-hos42047786/,rumah123
Manyar Rejo Baru Gress 2Lt,2200000000,90.0,130.0,4,3,2,2,,0,0,"Manyar, Surabaya",-7.28724,112.739052,https://www.rumah123.com/properti/surabaya-manyar/manyar-rejo-baru-gress-2lt-hos42060907/,rumah123
Taman Hunian Satelit Bagus 2Lt,16000000000,684.0,750.0,5,5,2,2,Unfurnished,0,1,"Sukomanunggal, Surabaya",-7.26548,112.698799,https://www.rumah123.com/properti/surabaya-sukomanunggal/taman-hunian-satelit-bagus-2lt-hos39667658/,rumah123
Manyar Rejo Baru Gress 2Lt,2850000000,126.0,180.0,4,3,2,2,,1,0,"Manyar, Surabaya",-7.28724,112.739052,https://www.rumah123.com/properti/surabaya-manyar/manyar-rejo-baru-gress-2lt-hos42060971/,rumah123
Gading Pantai Baru Gress 2Lt Hok,1800000000,90.0,150.0,3,3,2,1.0,Unfurnished,0,0,"Kenjeran, Surabaya",-7.23563,112.78616,https://www.rumah123.com/properti/surabaya-kenjeran/gading-pantai-baru-gress-2lt-hok-hos14358029/,rumah123
Bukit Palma Baru Gress 2Lt,2000000000,120.0,170.0,4,4,2,2.0,Unfurnished,1,0,"Citraland, Surabaya",-7.309354,112.656548,https://www.rumah123.com/properti/surabaya-citraland/bukit-palma-baru-gress-2lt-hos40356245/,rumah123
Termurah Rumah Asri Bangunan 1 Lantai Dilingkungan yang Nyaman dan Tenang Griya Babatan Mukti Wiyung,1500000000,157.0,120.0,3,2,1,2.0,Unfurnished,0,0,"Wiyung, Surabaya",-7.31097,112.698067,https://www.rumah123.com/properti/surabaya-wiyung/termurah-rumah-asri-bangunan-1-lantai-dilingkungan-yang-nyaman-dan-tenang-griya-babatan-mukti-wiyung-hos42348609/,rumah123
Darmo Harapan Indah Baru Gress 2lt,1750000000,102.0,150.0,3,3,2,2.0,Unfurnished,0,0,"Tandes, Surabaya",-7.25834,112.67898,https://www.rumah123.com/properti/surabaya-tandes/darmo-harapan-indah-baru-gress-2lt-hos19140084/,rumah123
Simpang Darmo Permai Selatan Hok 2lt,4500000000,355.0,415.0,5,4,2,2.0,Unfurnished,0,0,"Darmo permai, Surabaya",-7.285674,112.70134,https://www.rumah123.com/properti/surabaya-darmo-permai/simpang-darmo-permai-selatan-hok-2lt-hos40361518/,rumah123
Rumah siap huni margorejo indah,12500000000,754.0,530.0,4,5,2,,Unfurnished,0,0,"Margorejo, Surabaya",-7.3122244,112.7411197,https://www.rumah123.com/properti/surabaya-margorejo/rumah-siap-huni-margorejo-indah-hos7464855/,rumah123
Kertajaya Indah Timur Baru Gress 2Lt,6500000000,240.0,300.0,4,4,2,2.0,Unfurnished,0,0,"kertajaya, Surabaya",-7.28917,112.734,https://www.rumah123.com/properti/surabaya-kertajaya/kertajaya-indah-timur-baru-gress-2lt-hos17612071/,rumah123
Royal Residence Wiyung Serenade 2Lt Siap Huni,1250000000,50.0,65.0,2,1,2,1.0,,1,0,"Wiyung, Surabaya",-7.31097,112.698067,https://www.rumah123.com/properti/surabaya-wiyung/royal-residence-wiyung-serenade-2lt-siap-huni-hos42139002/,rumah123
Woodland Citraland Surabaya Baru Gress 2Lt,3650000000,135.0,210.0,4,5,2,2.0,Unfurnished,1,0,"Citraland, Surabaya",-7.2889105,112.64498,https://www.rumah123.com/properti/surabaya-citraland/woodland-citraland-surabaya-baru-gress-2lt-hos18558481/,rumah123
Raya kertajaya indah,38400000000,1200.0,1300.0,23,23,1,13.0,Furnished,0,0,"kertajaya, Surabaya",-7.28917,112.734,https://www.rumah123.com/properti/surabaya-kertajaya/raya-kertajaya-indah-hos8664526/,rumah123
Sutorejo Utara Baru 2Lt 100M Dr Raya Mulyosari,4000000000,160.0,250.0,4,3,2,2.0,Unfurnished,0,0,"Sutorejo, Surabaya",-7.26097,112.789757,https://www.rumah123.com/properti/surabaya-sutorejo/sutorejo-utara-baru-2lt-100m-dr-raya-mulyosari-hos40434606/,rumah123
Sorento Pakuwon City 2Lt,3700000000,126.0,210.0,3,4,2,2.0,,0,0,"Pakuwon City, Surabaya",-7.28917,112.67556,https://www.rumah123.com/properti/surabaya-pakuwon-city/sorento-pakuwon-city-2lt-hos42038341/,rumah123
Kendangsari 2Lt Siap Huni,3800000000,386.0,480.0,6,4,2,4.0,Semi Furnished,0,0,"Kendangsari, Surabaya",-7.32409,112.750252,https://www.rumah123.com/properti/surabaya-kendangsari/kendangsari-2lt-siap-huni-hos39439417/,rumah123
Manyar Tirtoyoso Hok 2Lt Baru Gress,2850000000,120.0,165.0,4,3,2,2.0,,0,0,"Manyar, Surabaya",-7.28724,112.739052,https://www.rumah123.com/properti/surabaya-manyar/manyar-tirtoyoso-hok-2lt-baru-gress-hos41858501/,rumah123
Bukit Palma Grandia 2Lt Siap Huni,2150000000,135.0,110.0,3,2,2,2.0,,0,1,"Citraland, Surabaya",-7.309354,112.656548,https://www.rumah123.com/properti/surabaya-citraland/bukit-palma-grandia-2lt-siap-huni-hos41484608/,rumah123
Aruba Villa Grand Island Pakuwon City,4400000000,160.0,210.0,4,4,2,2.0,Unfurnished,0,0,"Pakuwon City, Surabaya",-7.28917,112.67556,https://www.rumah123.com/properti/surabaya-pakuwon-city/aruba-villa-grand-island-pakuwon-city-hos41061718/,rumah123
Graha Santoso 2lt Siap Huni,3500000000,200.0,300.0,4,4,2,2.0,Semi Furnished,1,0,"Kedung Baruk, Surabaya",-7.317924,112.777779,https://www.rumah123.com/properti/surabaya-kedung-baruk/graha-santoso-2lt-siap-huni-hos39812890/,rumah123
Villa Kalijudan Indah 2Lt,2900000000,395.0,390.0,4,2,2,2.0,Unfurnished,0,0,"Tambaksari, Surabaya",-7.25371,112.753212,https://www.rumah123.com/properti/surabaya-tambaksari/villa-kalijudan-indah-2lt-hos39749121/,rumah123
Kertajaya Indah Rumah Lama 2Lt Hit Tanah,5500000000,360.0,400.0,7,6,2,1.0,Unfurnished,0,0,"kertajaya, Surabaya",-7.28917,112.734,https://www.rumah123.com/properti/surabaya-kertajaya/kertajaya-indah-rumah-lama-2lt-hit-tanah-hos11391110/,rumah123
Sutorejo Tengah Baru 2Lt,1950000000,88.0,110.0,3,3,2,2.0,,0,0,"Sutorejo, Surabaya",-7.26097,112.789757,https://www.rumah123.com/properti/surabaya-sutorejo/sutorejo-tengah-baru-2lt-hos42217354/,rumah123
Araya Thp2 Siap Huni 2lt,2300000000,105.0,200.0,4,4,2,2.0,Semi Furnished,1,0,"Sukolilo, Surabaya",-7.28813,112.802902,https://www.rumah123.com/properti/surabaya-sukolilo/araya-thp2-siap-huni-2lt-hos39835136/,rumah123
Crystal Golf Citraland 2Lt Siap Huni,8650000000,280.0,475.0,3,5,2,2.0,,0,0,"Citraland, Surabaya",-7.309354,112.656548,https://www.rumah123.com/properti/surabaya-citraland/crystal-golf-citraland-2lt-siap-huni-hos42220618/,rumah123
Klampis Semolo Baru Gress 2lt,2750000000,135.0,210.0,4,3,2,2.0,,0,0,"Semolowaru, Surabaya",-7.30105,112.77856,https://www.rumah123.com/properti/surabaya-semolowaru/klampis-semolo-baru-gress-2lt-hos19156229/,rumah123
Nirwana Executive Hok 2lt Siap Huni,3900000000,211.0,330.0,5,3,2,2.0,Unfurnished,0,0,"Rungkut, Surabaya",-7.31434,112.80023,https://www.rumah123.com/properti/surabaya-rungkut/nirwana-executive-hok-2lt-siap-huni-hos39156234/,rumah123
Wonorejo Permai Nirwana Eksekutif 1Lt Baru 1Lt,2300000000,160.0,120.0,3,2,1,2.0,,0,0,"Wonorejo, Surabaya",-7.271274,112.731598,https://www.rumah123.com/properti/surabaya-wonorejo/wonorejo-permai-nirwana-eksekutif-1lt-baru-1lt-hos41102763/,rumah123
Pakuwon City San Florence 2Lt Baru Gress,2600000000,104.0,140.0,4,3,2,2.0,,1,0,"Pakuwon City, Surabaya",-7.28917,112.67556,https://www.rumah123.com/properti/surabaya-pakuwon-city/pakuwon-city-san-florence-2lt-baru-gress-hos40989157/,rumah123
Sutorejo Prima Selatan Baru 2Lt,3350000000,134.0,210.0,4,3,2,2.0,,0,0,"Sutorejo, Surabaya",-7.26097,112.789757,https://www.rumah123.com/properti/surabaya-sutorejo/sutorejo-prima-selatan-baru-2lt-hos42251826/,rumah123
Raya Manyar Kertoarjo Komersial Area,36000000000,600.0,550.0,8,5,2,3.0,Unfurnished,0,0,"Manyar, Surabaya",-7.28724,112.73905,https://www.rumah123.com/properti/surabaya-manyar/raya-manyar-kertoarjo-komersial-area-hos10228737/,rumah123
Baruk Utara Baru Gress 2Lt,2100000000,115.0,180.0,4,3,2,2.0,Unfurnished,0,0,"Kedung Baruk, Surabaya",-7.3179247,112.7777795,https://www.rumah123.com/properti/surabaya-kedung-baruk/baruk-utara-baru-gress-2lt-hos19293982/,rumah123
Rumah Mewah 2 Lantai Citraland Utama Dekat Uc,5500000000,240.0,390.0,4,3,2,2.0,Unfurnished,0,0,"Citraland, Surabaya",-7.309354,112.656548,https://www.rumah123.com/properti/surabaya-citraland/rumah-mewah-2-lantai-citraland-utama-dekat-uc-hos42358073/,rumah123
Suvadiva Grand Island Pakuwon City,2500000000,72.0,105.0,3,3,2,2.0,,1,0,"Pakuwon City, Surabaya",-7.28917,112.67556,https://www.rumah123.com/properti/surabaya-pakuwon-city/suvadiva-grand-island-pakuwon-city-hos42254802/,rumah123
Griya Asri Pakuwon City 2Lt Siap@Huni,2400000000,91.0,135.0,3,3,2,2.0,,1,0,"Pakuwon City, Surabaya",-7.28917,112.67556,https://www.rumah123.com/properti/surabaya-pakuwon-city/griya-asri-pakuwon-city-2lt-siaphuni-hos42262640/,rumah123
Jemur Andayani Baru Gress 2Lt,2250000000,120.0,178.0,4,4,2,2.0,,0,0,"Jemursari, Surabaya",-7.32428,112.74173,https://www.rumah123.com/properti/surabaya-jemursari/jemur-andayani-baru-gress-2lt-hos42277536/,rumah123
Kendangsari Baru Gress 2Lt,2950000000,162.0,195.0,4,4,2,2.0,,0,0,"Kendangsari, Surabaya",-7.32409,112.750252,https://www.rumah123.com/properti/surabaya-kendangsari/kendangsari-baru-gress-2lt-hos42277605/,rumah123
Jemur Andayani Baru Gress 2Lt,2650000000,140.0,208.0,4,4,2,2.0,,0,0,"Jemursari, Surabaya",-7.32428,112.74173,https://www.rumah123.com/properti/surabaya-jemursari/jemur-andayani-baru-gress-2lt-hos42277553/,rumah123
Manyar Kertoadi Baru Gress C,3050000000,98.0,150.0,4,3,2,2.0,,0,0,"Manyar, Surabaya",-7.28724,112.739052,https://www.rumah123.com/properti/surabaya-manyar/manyar-kertoadi-baru-gress-c-hos42279448/,rumah123
Citraland Villa Sentra Raya 2Lt Siap Huni Dkt Gwalk,1800000000,104.0,150.0,2,2,2,1.0,,0,1,"Citraland, Surabaya",-7.309354,112.656548,https://www.rumah123.com/properti/surabaya-citraland/villa-sentra-raya-2lt-siap-huni-dkt-gwalk-hos41901947/,rumah123
Manyar Kertoadi Baru Gress 2Lt,2900000000,96.0,120.0,4,4,2,2.0,,0,0,"Manyar, Surabaya",-7.28724,112.739052,https://www.rumah123.com/properti/surabaya-manyar/manyar-kertoadi-baru-gress-2lt-hos42287819/,rumah123
Kupang Indah Hit Tanah Aja,4500000000,357.0,154.0,3,3,1,1.0,,0,0,"Dukuh Pakis, Surabaya",-7.29503,112.710739,https://www.rumah123.com/properti/surabaya-dukuh-pakis/kupang-indah-hit-tanah-aja-hos41178718/,rumah123
Raya Pandegiling Nol Jalan Raya Cck untuk Usaha,8600000000,745.0,300.0,2,2,1,,Unfurnished,0,0,"Tegalsari, Surabaya",-7.27355,112.737457,https://www.rumah123.com/properti/surabaya-tegalsari/raya-pandegiling-nol-jalan-raya-cck-untuk-usaha-hos39631780/,rumah123
Taman Prapen Indah Hok 2Lt,4500000000,592.0,350.0,4,3,2,1,Unfurnished,0,1,"Tenggilis Mejoyo, Surabaya",-7.31943,112.75539,https://www.rumah123.com/properti/surabaya-tenggilis-mejoyo/taman-prapen-indah-hok-2lt-hos39258372/,rumah123
Taman Pondok Indah Wiyung Hok 2Lt Baru Gresssurabaya,2250000000,108.0,140.0,4,3,2,2,,0,1,"Wiyung, Surabaya",-7.31097,112.698067,https://www.rumah123.com/properti/surabaya-wiyung/taman-pondok-indah-wiyung-hok-2lt-baru-gresssurabaya-hos42324582/,rumah123
Grand City Regency Rungkut,1950000000,156.0,196.0,4,4,2,1,Unfurnished,0,0,"Rungkut, Surabaya",-7.31434,112.80023,https://www.rumah123.com/properti/surabaya-rungkut/grand-city-regency-rungkut-hos39300159/,rumah123
Royal Park Citraland 2Lt Siap Huni,3100000000,126.0,200.0,2,3,2,3,Furnished,0,0,"Citraland, Surabaya",-7.309354,112.656548,https://www.rumah123.com/properti/surabaya-citraland/royal-park-citraland-2lt-siap-huni-hos39835082/,rumah123
Taman Pondok Indah Wiyung Baru Gress 2Lt,1900000000,90.0,140.0,4,3,2,2,,1,1,"Wiyung, Surabaya",-7.31097,112.698067,https://www.rumah123.com/properti/surabaya-wiyung/taman-pondok-indah-wiyung-baru-gress-2lt-hos42324584/,rumah123
Nginden Intan Timur 2Lt Siap Huni,2100000000,144.0,185.0,3,3,2,1,Unfurnished,0,0,"Nginden, Surabaya",-7.29974,112.76736,https://www.rumah123.com/properti/surabaya-nginden/nginden-intan-timur-2lt-siap-huni-hos39315733/,rumah123
Graha family 2lt semi furnish,16000000000,345.0,600.0,5,5,2,2,Semi Furnished,1,0,"Graha, Surabaya",-6.26899,106.806,https://www.rumah123.com/properti/surabaya-graha/graha-family-2lt-semi-furnish-hos11697482/,rumah123
Babatan Pantai Utara Baru 2Lt,2750000000,150.0,210.0,4,4,2,2,,0,0,"Kenjeran, Surabaya",-7.23563,112.786163,https://www.rumah123.com/properti/surabaya-kenjeran/babatan-pantai-utara-baru-2lt-hos41213763/,rumah123
Town House Garden Mansion Waterplace 2Lt Pakuwon Indah,2200000000,88.0,146.0,3,3,2,2,Unfurnished,0,1,"Pakuwon Indah, Surabaya",-7.28921,112.674469,https://www.rumah123.com/properti/surabaya-pakuwon-indah/town-house-garden-mansion-waterplace-2lt-pakuwon-indah-hos40647586/,rumah123
Royal Residence Wiyung Monticello,3200000000,218.0,235.0,4,3,2,3,,0,0,"Wiyung, Surabaya",-7.31097,112.698067,https://www.rumah123.com/properti/surabaya-wiyung/royal-residence-wiyung-monticello-hos41220757/,rumah123
Raya Ngagel Jaya Komersial Area,5500000000,363.0,400.0,2,3,2,2,Unfurnished,0,0,"Ngagel, Surabaya",-7.2874401,112.7472413,https://www.rumah123.com/properti/surabaya-ngagel/raya-ngagel-jaya-komersial-area-hos19445878/,rumah123
Wisata Bukit Mas 2Lt Siap Huni,2450000000,160.0,134.0,4,2,2,1,Unfurnished,0,0,"Wisata Bukit Mas, Surabaya",-7.308962,112.667053,https://www.rumah123.com/properti/surabaya-wisata-bukit-mas/wisata-bukit-mas-2lt-siap-huni-hos41201330/,rumah123
Darmo Permai Selatan 1Lt,2450000000,180.0,150.0,3,2,1,1,,0,0,"Darmo permai, Surabaya",-7.285674,112.70134,https://www.rumah123.com/properti/surabaya-darmo-permai/darmo-permai-selatan-1lt-hos41243636/,rumah123
Sutorejo Prima Indah Utara 2Lt Baru Gress,1990000000,90.0,160.0,4,3,2,1,,0,0,"Sutorejo, Surabaya",-7.26097,112.789757,https://www.rumah123.com/properti/surabaya-sutorejo/sutorejo-prima-indah-utara-2lt-baru-gress-hos41243657/,rumah123
Pantai Mentari Baru Gress 2Lt,1850000000,90.0,135.0,4,3,2,2,Unfurnished,0,0,"Kenjeran, Surabaya",-7.23563,112.786163,https://www.rumah123.com/properti/surabaya-kenjeran/pantai-mentari-baru-gress-2lt-hos40663637/,rumah123
Villa Kalijudan Indah Baru Gress 2Lt,1770000000,100.0,160.0,3,3,2,1,Unfurnished,0,0,"Mulyorejo, Surabaya",-7.27049,112.78055,https://www.rumah123.com/properti/surabaya-mulyorejo/villa-kalijudan-indah-baru-gress-2lt-hos39030270/,rumah123
Klampis Anom Wisma Mukti Baru 2Lt,2350000000,112.0,183.0,4,3,2,2,,0,0,"Semolowaru, Surabaya",-7.30105,112.778557,https://www.rumah123.com/properti/surabaya-semolowaru/klampis-anom-wisma-mukti-baru-2lt-hos41208695/,rumah123
Graha Family 2Lt Siap Huni,8800000000,384.0,450.0,4,3,2,2,,1,0,"Graha, Surabaya",-7.257472,112.75209,https://www.rumah123.com/properti/surabaya-graha/graha-family-2lt-siap-huni-hos42378188/,rumah123
Villa Bukit Regency Pakuwon Indah 2Lt,30000000000,800.0,1150.0,5,5,2,3,,1,0,"Pakuwon Indah, Surabaya",-7.28921,112.674469,https://www.rumah123.com/properti/surabaya-pakuwon-indah/villa-bukit-regency-pakuwon-indah-2lt-hos41511728/,rumah123
Paviliun Golf Citraland Surabaya Siap Pakai,24000000000,789.0,1000.0,4,4,2,2,Furnished,0,0,"Citraland, Surabaya",-7.28917,112.734,https://www.rumah123.com/properti/surabaya-citraland/paviliun-golf-citraland-surabaya-siap-pakai-hos17681125/,rumah123
Wisata Bukit Mas 2Lt Siap Huni,4900000000,240.0,360.0,5.0,4.0,2,4.0,,0,0,"Wisata Bukit Mas, Surabaya",-7.308962,112.667053,https://www.rumah123.com/properti/surabaya-wisata-bukit-mas/wisata-bukit-mas-2lt-siap-huni-hos42380285/,rumah123
Dharmahusada Mas Siap Huni 2Lt,2600000000,120.0,150.0,4.0,3.0,2,2.0,,0,0,"Dharma Husada, Surabaya",-7.26661,112.768181,https://www.rumah123.com/properti/surabaya-dharma-husada/dharmahusada-mas-siap-huni-2lt-hos40831685/,rumah123
Graha Natura Siap Huni 2Lt,3300000000,144.0,117.0,3.0,3.0,2,2.0,,1,0,"Sambikerep, Surabaya",-7.27993,112.654648,https://www.rumah123.com/properti/surabaya-sambikerep/graha-natura-siap-huni-2lt-hos42388236/,rumah123
Baruk Utara Baru Gress 2Lt,2600000000,120.0,150.0,4.0,3.0,2,2.0,,0,0,"Kedung Baruk, Surabaya",-7.317924,112.777779,https://www.rumah123.com/properti/surabaya-kedung-baruk/baruk-utara-baru-gress-2lt-hos42048305/,rumah123
Dharmahusada Indah Barat 1Lt,4000000000,300.0,250.0,3.0,2.0,1,1.0,,0,0,"Dharma Husada, Surabaya",-7.26661,112.768181,https://www.rumah123.com/properti/surabaya-dharma-husada/dharmahusada-indah-barat-1lt-hos41273688/,rumah123
Baruk Utara Hit Tanah,2400000000,240.0,240.0,5.0,2.0,2,2.0,Unfurnished,0,0,"Kedung Baruk, Surabaya",-7.28917,112.734,https://www.rumah123.com/properti/surabaya-kedung-baruk/baruk-utara-hit-tanah-hos10861033/,rumah123
Rumah Mewahpakuwon Indah Vbr. 2Lantai Furnished.hdp Selatan. Garasi Muat 7Mobil,29500000000,800.0,1150.0,5.0,5.0,2,1.0,Furnished,1,1,"Pakuwon Indah, Surabaya",-7.28921,112.674469,https://www.rumah123.com/properti/surabaya-pakuwon-indah/rumah-mewahpakueon-indah-vbr-2lantai-furnishedhdp-selatan-garasi-muat-7mobil-hos41487978/,rumah123
"Dijual Rumah Cluster Taman Puspa Raya Perumahan Citraland, Surabaya Barat",3650000000,120.0,200.0,5.0,4.0,2,2.0,Unfurnished,1,1,"Citraland, Surabaya",-7.309354,112.656548,https://www.rumah123.com/properti/surabaya-citraland/dijual-rumah-cluster-taman-puspa-raya-perumahan-citraland-surabaya-barat-hos41981916/,rumah123
"Dijual Rumah Cluster Woodland, Perumahan Citraland, Surabaya Barat",4350000000,135.0,200.0,5.0,4.0,2,2.0,Unfurnished,1,0,"Citraland, Surabaya",-7.309354,112.656548,https://www.rumah123.com/properti/surabaya-citraland/dijual-rumah-cluster-woodland-perumahan-citraland-surabaya-barat-hos41981975/,rumah123
"Dijual Rumah 2 Lantai Bendul Merisi, Surabaya Selatan",3500000000,288.0,550.0,8.0,5.0,2,1.0,Unfurnished,0,0,"Wonocolo, Surabaya",-7.3273,112.737198,https://www.rumah123.com/properti/surabaya-wonocolo/dijual-rumah-2-lantai-bendul-merisi-surabaya-selatan-hos42088344/,rumah123
"Dijual Rumah 2 Lantai Daerah Kertajaya Indah, Surabaya Timur",5200000000,200.0,270.0,6.0,5.0,2,2.0,Unfurnished,1,0,"Gubeng, Surabaya",-7.27396,112.748192,https://www.rumah123.com/properti/surabaya-gubeng/dijual-rumah-2-lantai-daerah-kertajaya-indah-surabaya-timur-hos41983296/,rumah123
Dijual Rumah 1 Lantai Siap Huni Taman Simpang Darmo Permai,3500000000,277.0,200.0,4.0,2.0,2,2.0,Unfurnished,1,1,"Darmo permai, Surabaya",-7.285674,112.70134,https://www.rumah123.com/properti/surabaya-darmo-permai/dijual-rumah-1-lantai-siap-huni-taman-simpang-darmo-permai-hos41930688/,rumah123
160926 Dijual Via Lelang Rumah Medokan Ayu,400000000,83.0,40.0,2.0,1.0,1,1.0,Unfurnished,1,1,"Rungkut, Surabaya",-7.31434,112.800232,https://www.rumah123.com/properti/surabaya-rungkut/160926-dijual-via-lelang-rumah-medokan-ayu-hos42371858/,rumah123
Dijual Rumah 2 Lantai Rumah Full Furnished Darmo Sentosa Raya Surabaya Barat,6500000000,330.0,275.0,4.0,5.0,2,1.0,Furnished,1,0,"Dukuh Pakis, Surabaya",-7.29503,112.710739,https://www.rumah123.com/properti/surabaya-dukuh-pakis/dijual-rumah-2-lantai-rumah-full-furnished-darmo-sentosa-raya-surabaya-barat-hos41840856/,rumah123
"Dijual Rumah 2 Lantai Daerah Darmo Sentosa Raya , Surabaya Barat",7500000000,869.0,500.0,,,2,,Unfurnished,1,0,"Dukuh Pakis, Surabaya",-7.29503,112.710739,https://www.rumah123.com/properti/surabaya-dukuh-pakis/dijual-rumah-2-lantai-daerah-darmo-sentosa-raya-surabaya-barat-hos41840831/,rumah123
"Dijual Rumah 2 Lantai Darmo Sentosa Raya, Surabaya Barat",5000000000,276.0,350.0,5.0,6.0,2,2.0,Semi Furnished,1,0,"Dukuh Pakis, Surabaya",-7.29503,112.710739,https://www.rumah123.com/properti/surabaya-dukuh-pakis/dijual-rumah-2-lantai-darmo-sentosa-raya-surabaya-barat-hos41840811/,rumah123
"Dijual Rumah 2 Lantai Daerah Darmo Indah,Surabaya Barat",1800000000,105.0,135.0,3.0,3.0,2,1.0,Unfurnished,0,0,"Darmo permai, Surabaya",-7.28917,112.734,https://www.rumah123.com/properti/surabaya-darmo-permai/dijual-rumah-2-lantai-daerah-darmo-indahsurabaya-barat-hos41249819/,rumah123
"Dijual Rumah 2 Lantai Daerah Rungkut Asri, Surabya Timur",5800000000,390.0,234.0,4.0,4.0,2,3.0,Unfurnished,1,0,"Rungkut, Surabaya",-7.31434,112.800232,https://www.rumah123.com/properti/surabaya-rungkut/dijual-rumah-2-lantai-daerah-rungkut-asri-surabya-timur-hos42286615/,rumah123
"Dijual Rumah 1 Lantai Gayung Kebonsari, Surabaya",4800000000,525.0,161.0,5,3,1,1.0,Unfurnished,0,0,"Gayungan, Surabaya",-7.33,112.726021,https://www.rumah123.com/properti/surabaya-gayungan/dijual-rumah-1-lantai-gayung-kebonsari-surabaya-hos42208702/,rumah123
"Dijual Rumah 2 Lantai Siap Huni Daerah Jemursari Regency, Surabaya Selatan",4500000000,240.0,300.0,5,5,2,1.0,Semi Furnished,1,0,"Jemursari, Surabaya",-7.32428,112.74173,https://www.rumah123.com/properti/surabaya-jemursari/dijual-rumah-2-lantai-siaphubu-daerah-jemursari-regency-surabaya-selatan-hos42213761/,rumah123
"Dijual Rumah 1,5 Lantai Daerah Dharmahusada Indah, Surabaya Timur",5200000000,375.0,250.0,7,4,1,2.0,Unfurnished,1,0,"Dharma Husada, Surabaya",-7.26661,112.768181,https://www.rumah123.com/properti/surabaya-dharma-husada/dijual-rumah-15-lantai-daerah-dharmahusada-indah-surabaya-timur-hos42213618/,rumah123
Dijual Rumah Full Furnish Northwest Lake Citraland 2Lt 3Kt,3300000000,135.0,138.0,3,1,2,,Unfurnished,0,0,"Citraland, Surabaya",-7.309354,-7.309354,https://www.rumah123.com/properti/surabaya-citraland/dijual-rumah-full-furnish-northwest-lake-citraland-2lt-3kt-hos41545612/,rumah123
Dijual Rumah Full Furnish 2Lt Northwest Lake LT 55M Dekat Universitas Ciputra Surabaya Barat,875000000,55.0,52.0,2,2,2,1.0,Furnished,1,0,"Citraland, Surabaya",-7.309354,112.656548,https://www.rumah123.com/properti/surabaya-citraland/dijual-rumah-full-furnish-2lt-northwest-lake-lt-55m-dekat-universitas-ciputra-surabaya-barat-hos41891947/,rumah123
Dijual Rumah Northwest Lake Full Furnish Luas 60M 2 Kamar 2Lt Citraland Utara Surabaya Barat,990000000,55.0,60.0,2,2,2,,Unfurnished,0,0,"Citraland, Surabaya",-7.309354,-7.309354,https://www.rumah123.com/properti/surabaya-citraland/dijual-rumah-northwest-lake-ng-luas-60m-2-kamar-2lt-citraland-hos40317390/,rumah123
Dijual Rumah Baru Gress Northwest Central Jade Imperior Citraland 2Lt 3 Kamar Lt105m Dekat Universitas Ciputra Surabaya Barat,2200000000,105.0,133.0,3,3,2,,Unfurnished,0,0,"Citraland, Surabaya",-7.309354,-7.309354,https://www.rumah123.com/properti/surabaya-citraland/dijual-rumah-baru-gress-northwest-central-jade-imperior-citraland-hos41139088/,rumah123
Dijual Murah Rumah Northwest Park Lake View 2Lt Luas 135M 4Kt,2550000000,135.0,135.0,4,3,2,,Unfurnished,0,1,"Citraland, Surabaya",-7.309354,-7.309354,https://www.rumah123.com/properti/surabaya-citraland/dijual-murah-rumah-northwest-park-lake-view-2lt-luas-135m-4kt-hos41174824/,rumah123
Dijual Cepat Rumah Northwest Park 2Lt 3 Kamar Lt120m Dekat Universitas Ciputra Citraland Utara Surabaya Barat,1650000000,120.0,100.0,3,2,2,1.0,Unfurnished,1,0,"Citraland, Surabaya",-7.309354,112.656548,https://www.rumah123.com/properti/surabaya-citraland/dijual-cepat-rumah-northwest-park-2lt-3-kamar-lt120m-dekat-universitas-ciputra-citraland-utara-surabaya-barat-hos42309042/,rumah123
Dijual Rumah Baru Gress Northwest Hill 2Lt Furnish 3Kt Lt72m,1800000000,72.0,103.0,3,3,2,,Unfurnished,0,0,"Citraland, Surabaya",-7.309354,-7.309354,https://www.rumah123.com/properti/surabaya-citraland/dijual-rumah-baru-gress-northwest-hill-2lt-furnish-3kt-lt72m-hos42357842/,rumah123
Dijual Rumah Northwest Lake 2Lt 2Kt Lt50m Dekat Universitas Ciputra Citraland Utara Surabaya Barat,905000000,50.0,45.0,2,2,2,,Unfurnished,0,0,"Citraland, Surabaya",-7.309354,-7.309354,https://www.rumah123.com/properti/surabaya-citraland/dijual-rumah-northwest-lake-2lt-2kt-lt50m-dekat-universitas-ciputra-hos42380180/,rumah123
Dijual Rumah 2Lt Baru Renov Rungkut Harapan,1980000000,200.0,250.0,9,5,2,3.0,Unfurnished,1,1,"Rungkut, Surabaya",-7.31434,112.800232,https://www.rumah123.com/properti/surabaya-rungkut/dijual-rumah-2lt-baru-renov-rungkut-harapan-hos42267893/,rumah123
Dijual Rumah Blok Favorit Graha Famili Surabaya Barat,14000000000,450.0,393.0,4,3,2,2.0,Furnished,0,0,"Graha, Surabaya",-7.28917,112.734,https://www.rumah123.com/properti/surabaya-graha/dijual-rumah-blok-favorit-graha-famili-surabaya-barat-hos42385241/,rumah123
Dijual Rumah Second Terawat Rungkut Asri,5000000000,425.0,350.0,4,2,1,1.0,Semi Furnished,1,1,"Rungkut, Surabaya",-7.31434,112.800232,https://www.rumah123.com/properti/surabaya-rungkut/dijual-rumah-second-terawat-rungkut-asri-hos42351429/,rumah123
Rumah Classic Etnic di Tengah Kota Surabaya Dekat Stasiun-Mall,10000000000,745.0,360.0,3,2,1,6.0,,0,0,"Petemon, Surabaya",-7.260653,112.718193,https://www.rumah123.com/properti/surabaya-petemon/rumah-classic-etnic-di-tengah-kota-surabaya-dekat-stasiunmall-hos42367366/,rumah123
Rumah Terawat Termurah di Klampis Indah Dekat Rssoetomo-Unair-Its,4250000000,360.0,160.0,4,2,2,1.0,,0,0,"Manyar, Surabaya",-7.28724,112.739052,https://www.rumah123.com/properti/surabaya-manyar/rumah-terawat-termurah-di-klampis-indah-dekat-rssoetomounairits-hos42349614/,rumah123
Rumah Rungkut Mapan Baru Gress Minimalis,1780000000,93.0,120.0,3,3,2,2.0,Unfurnished,0,0,"Surabaya Kota, Surabaya",-7.2771,112.717407,https://www.rumah123.com/properti/surabaya-surabaya-kota/rumah-rungkut-mapan-baru-gress-minimalis-hos40664555/,rumah123
Turun Harga Rumah Green Lake Citraland Surabaya,3990000000,200.0,264.0,4,4,2,2.0,Unfurnished,0,0,"Citraland, Surabaya",-7.309354,112.656548,https://www.rumah123.com/properti/surabaya-citraland/turun-harga-rumah-green-lake-citraland-surabaya-hos40503874/,rumah123
Dijual Via Lelang Rumah di Keputih Surabaya,523000000,100.0,100.0,2,1,1,1.0,Unfurnished,0,1,"Surabaya Kota, Surabaya",-7.2771,112.717407,https://www.rumah123.com/properti/surabaya-surabaya-kota/dijual-via-lelang-rumah-di-keputih-surabaya-hos42378936/,rumah123
Dijual Via Lelang Rumah di Jambangan Surabaya,700000000,204.0,204.0,3,2,1,1.0,Unfurnished,0,1,"Surabaya Kota, Surabaya",-7.2771,112.717407,https://www.rumah123.com/properti/surabaya-surabaya-kota/dijual-via-lelang-rumah-di-jambangan-surabaya-hos42378996/,rumah123
Rumah Minimalis Modern Alam Hijau Citraland (Lcc),3300000000,120.0,195.0,4,4,2,2.0,Unfurnished,1,0,"Citraland, Surabaya",-7.279119,112.6437,https://www.rumah123.com/properti/surabaya-citraland/rumah-minimalis-modern-alam-hijau-citraland-lcc-hos41406764/,rumah123
Dijual Rumah Jemur Handayani Lokasi Strategis,3000000000,300.0,300.0,3,2,1,1.0,Unfurnished,1,0,"Surabaya Kota, Surabaya",-7.2771,112.717407,https://www.rumah123.com/properti/surabaya-surabaya-kota/dijual-rumah-jemur-handayani-lokasi-strategis-hos42382836/,rumah123
Dijual Rumah Jalan Raya Kenjeran Lokasi Strategis,7000000000,600.0,600.0,7,4,2,1.0,Unfurnished,1,0,"Surabaya Kota, Surabaya",-7.2771,112.717407,https://www.rumah123.com/properti/surabaya-surabaya-kota/dijual-rumah-jalan-raya-kenjeran-lokasi-strategis-hos42382891/,rumah123
Dijual Rumah Graha Sampurna Indah Wiyung Lokasi Strategis,2300000000,153.0,125.0,4,3,2,1.0,Unfurnished,1,0,"Surabaya Kota, Surabaya",-7.2771,112.717407,https://www.rumah123.com/properti/surabaya-surabaya-kota/dijual-rumah-graha-sampurna-indah-wiyung-lokasi-strategis-hos42383014/,rumah123
Dijual Rumah Darmo Indah Selatan Lokasi Strategis,770000000,73.0,73.0,3,1,1,1.0,Unfurnished,1,0,"Surabaya Kota, Surabaya",-7.2771,112.717407,https://www.rumah123.com/properti/surabaya-surabaya-kota/dijual-rumah-darmo-indah-selatan-lokasi-strategis-hos42383165/,rumah123
Dijual Cepat Rumah Mewah di Citraland Siap Huni,4200000000,153.0,249.0,5,4,2,1.0,Unfurnished,0,1,"Citraland, Surabaya",-7.309354,112.656548,https://www.rumah123.com/properti/surabaya-citraland/dijual-cepat-rumah-mewah-di-citraland-siap-huni-hos42389550/,rumah123
Dijual Rumah Lebak Arum Surabaya Lokasi Strategis,2560000000,360.0,200.0,4,3,1,1.0,Unfurnished,1,0,"Surabaya Kota, Surabaya",-7.2771,112.717407,https://www.rumah123.com/properti/surabaya-surabaya-kota/dijual-rumah-lebak-arum-surabaya-lokasi-strategis-hos42390130/,rumah123
Dijual Rumah Lebak Rejo Surabaya Lokasi Strategis,1350000000,100.0,165.0,3,2,2,1.0,Unfurnished,1,0,"Surabaya Kota, Surabaya",-7.2771,112.717407,https://www.rumah123.com/properti/surabaya-surabaya-kota/dijual-rumah-lebak-rejo-surabaya-lokasi-strategis-hos42390201/,rumah123
Dijual Cepat Rumah Siap Huni Medayu Utara Rungkut,850000000,100.0,75.0,2,1,1,1.0,Unfurnished,0,0,"Rungkut, Surabaya",-7.320487,112.800022,https://www.rumah123.com/properti/surabaya-rungkut/dijual-cepat-rumah-siap-huni-medayu-utara-rungkut-hos39733848/,rumah123
Dijual Rumah Mewah Raya Golf Citraland Surabaya,27500000000,1117.0,1117.0,6,4,2,3.0,Unfurnished,1,1,"Citraland, Surabaya",-7.2889201,112.6449696,https://www.rumah123.com/properti/surabaya-citraland/dijual-rumah-mewah-raya-golf-citraland-surabaya-hos19578380/,rumah123
Di Jual Rumah Mewah Nyaman di Villa Sentra Raya Citraland Utama,9500000000,330.0,550.0,4,3,2,,Unfurnished,1,0,"Citraland, Surabaya",-7.309354,112.656548,https://www.rumah123.com/properti/surabaya-citraland/di-jual-rumah-mewah-nyaman-di-villa-sentra-raya-citraland-utama-hos42075837/,rumah123
Murah Pol! Dijual Cepat Rumah 2 LT Citraland Sby Barat,3700000000,210.0,360.0,4,5,2,2.0,Semi Furnished,1,1,"Citraland, Surabaya",-7.309354,112.656548,https://www.rumah123.com/properti/surabaya-citraland/murah-pol-dijual-cepat-rumah-2-lt-citraland-sby-barat-hos42156447/,rumah123
Dijual Rumah Minimalis Modern Full Furnish,2000000000,105.0,100.0,2,2,1,1.0,Furnished,1,1,"Citraland, Surabaya",-7.309354,112.656548,https://www.rumah123.com/properti/surabaya-citraland/dijual-rumah-minimalis-modern-full-furnish-hos39458291/,rumah123
Turun Harga Dijual Rumah Mewah 2 Lantai Manyar Kertoarjo,10500000000,510.0,880.0,4,4,2,2.0,Unfurnished,1,1,"Surabaya Kota, Surabaya",-7.2771,112.717407,https://www.rumah123.com/properti/surabaya-surabaya-kota/turun-harga-dijual-rumah-mewah-2-lantai-manyar-kertoarjo-hos42047551/,rumah123
Dijual Via Lelang Rumah Siap Huni di Pantai Mentari Blok Th,1650000000,120.0,120.0,3,2,1,,Unfurnished,0,0,"Surabaya Kota, Surabaya",-7.2771,112.717407,https://www.rumah123.com/properti/surabaya-surabaya-kota/dijual-via-lelang-rumah-siap-huni-di-pantai-mentari-blok-th-hos42182738/,rumah123
Dijual Rumah Mewah Citraland Taman Internasional Surabaya,9000000000,369.0,740.0,6,4,1,1.0,Unfurnished,0,1,"Citraland, Surabaya",-7.309354,112.656548,https://www.rumah123.com/properti/surabaya-citraland/dijual-rumah-mewah-citraland-taman-internasional-surabaya-hos41043648/,rumah123
Dijual Rumah Baru American Modern di Citraland Surabaya,3300000000,128.0,180.0,5,4,1,1.0,Unfurnished,0,0,"Citraland, Surabaya",-7.309354,112.656548,https://www.rumah123.com/properti/surabaya-citraland/dijual-rumah-baru-american-modern-di-citraland-surabaya-hos41043588/,rumah123
Dijual Rumah Mewah Full Furnished di Citraland Surabaya,11000000000,350.0,550.0,5,5,1,1.0,Furnished,0,0,"Citraland, Surabaya",-7.309354,112.656548,https://www.rumah123.com/properti/surabaya-citraland/dijual-rumah-mewah-full-furnished-di-citraland-surabaya-hos41043515/,rumah123
Dijual Rumah di Sentosa Lakarsantri Surabaya,1900000000,240.0,240.0,4,3,1,1.0,Unfurnished,0,0,"Surabaya Kota, Surabaya",-7.2771,112.717407,https://www.rumah123.com/properti/surabaya-surabaya-kota/dijual-rumah-di-sentosa-lakarsantri-surabaya-hos41043319/,rumah123
Dijual Cepat Rumah Mewah 3 Lantai Konsep Villa di Citraland Bukit Golf Mediterania,9950000000,300.0,600.0,6,6,3,1.0,Unfurnished,0,0,"Citraland, Surabaya",-7.309354,112.656548,https://www.rumah123.com/properti/surabaya-citraland/dijual-cepat-rumah-mewah-3-lantai-konsep-villa-di-citraland-bukit-golf-mediterania-hos41907704/,rumah123
Dijual Via Lelang Rumah di Asemrowo Surabaya Siap Huni,500000000,225.0,225.0,3,2,1,1,Unfurnished,0,1,"Surabaya Kota, Surabaya",-7.2771,112.717407,https://www.rumah123.com/properti/surabaya-surabaya-kota/dijual-via-lelang-rumah-di-asemrowo-surabaya-siap-huni-hos42254002/,rumah123
Dijual Via Lelang Rumah di Sukolilo Surabaya Siap Huni,3000000000,392.0,392.0,4,3,2,1,Unfurnished,0,1,"Surabaya Kota, Surabaya",-7.2771,112.717407,https://www.rumah123.com/properti/surabaya-surabaya-kota/dijual-via-lelang-rumah-di-sukolilo-surabaya-siap-huni-hos42254001/,rumah123
Dijual Via Lelang Rumah di Gubeng Siap Huni,500000000,162.0,162.0,2,1,2,1,Unfurnished,0,1,"Surabaya Kota, Surabaya",-7.2771,112.717407,https://www.rumah123.com/properti/surabaya-surabaya-kota/dijual-via-lelang-rumah-di-gubeng-siap-huni-hos42253619/,rumah123
Dijual Via Lelang Rumah di Wonocolo Siap Huni,1600000000,189.0,189.0,2,1,2,1,Unfurnished,0,1,"Surabaya Kota, Surabaya",-7.2771,112.717407,https://www.rumah123.com/properti/surabaya-surabaya-kota/dijual-via-lelang-rumah-di-wonocolo-siap-huni-hos42253609/,rumah123
Dijual Rumah Minimalis Siap Huni di Citraland Surabaya,8650000000,280.0,475.0,3,5,2,2,Furnished,0,1,"Citraland, Surabaya",-7.309354,112.656548,https://www.rumah123.com/properti/surabaya-citraland/dijual-rumah-minimalis-siap-huni-di-citraland-surabaya-hos42331118/,rumah123
Dijual Via Lelang Rumah di Siwalankerto Surabaya,750000000,190.0,190.0,2,1,1,1,Unfurnished,0,1,"Surabaya Kota, Surabaya",-7.2771,112.717407,https://www.rumah123.com/properti/surabaya-surabaya-kota/dijual-via-lelang-rumah-di-siwalankerto-surabaya-hos42331161/,rumah123
Dijual Via Lelang Rumah Siap Huni di Tambaksari Surabaya,1050000000,158.0,158.0,2,1,2,1,Unfurnished,0,1,"Surabaya Kota, Surabaya",-7.2771,112.717407,https://www.rumah123.com/properti/surabaya-surabaya-kota/dijual-via-lelang-rumah-siap-huni-di-tambaksari-surabaya-hos42331230/,rumah123
Dijual Rumah Regency One East Point Siap Huni,1500000000,45.0,65.0,2,2,2,1,Furnished,0,1,"Surabaya Kota, Surabaya",-7.2771,112.717407,https://www.rumah123.com/properti/surabaya-surabaya-kota/dijual-rumah-regency-one-east-point-siap-huni-hos42336595/,rumah123
Dijual Rumah Hook Nginden Intan Timur Siap Huni,4900000000,306.0,320.0,6,4,2,5,Unfurnished,0,1,"Surabaya Kota, Surabaya",-7.2771,112.717407,https://www.rumah123.com/properti/surabaya-surabaya-kota/dijual-rumah-hook-nginden-intan-timur-siap-huni-hos42336627/,rumah123
Dijual Rumah / Kost Kostan Lokasi Strategis Siap Huni,1700000000,100.0,180.0,6,4,2,1,Furnished,0,1,"Surabaya Kota, Surabaya",-7.2771,112.717407,https://www.rumah123.com/properti/surabaya-surabaya-kota/dijual-rumah-kost-kostan-lokasi-strategis-siap-huni-hos42336686/,rumah123
Dijual Rumah Barata Jaya Lokasi Strategis dan Komersial Area,4500000000,240.0,300.0,5,4,2,1,Unfurnished,1,0,"Surabaya Kota, Surabaya",-7.2771,112.717407,https://www.rumah123.com/properti/surabaya-surabaya-kota/dijual-rumah-barata-jaya-lokasi-strategis-dan-komersial-area-hos42347291/,rumah123
Di Jual Cepat Rumah 2 Lantai Dharmahusada Mas,7500000000,450.0,625.0,5,5,2,1,Unfurnished,1,0,"Surabaya Kota, Surabaya",-7.2771,112.717407,https://www.rumah123.com/properti/surabaya-surabaya-kota/di-jual-cepat-rumah-2-lantai-dharmahusada-mas-hos42347412/,rumah123
Dijual Rumah Siap Huni di Citraland Surabaya,7950000000,300.0,400.0,5,4,2,2,Furnished,1,1,"Citraland, Surabaya",-7.309354,112.656548,https://www.rumah123.com/properti/surabaya-citraland/dijual-rumah-siap-huni-di-citraland-surabaya-hos42350771/,rumah123
Dijual Via Lelang Rumah Siap Huni di Tegalsari Surabaya,5910000000,343.0,343.0,3,2,1,1,Unfurnished,0,1,"Surabaya Kota, Surabaya",-7.2771,112.717407,https://www.rumah123.com/properti/surabaya-surabaya-kota/dijual-via-lelang-rumah-siap-huni-di-tegalsari-surabaya-hos42357653/,rumah123
Dijual Via Lelang Rumah di Wonocolo Surabaya,836000000,102.0,102.0,2,1,1,1,Unfurnished,0,1,"Surabaya Kota, Surabaya",-7.2771,112.717407,https://www.rumah123.com/properti/surabaya-surabaya-kota/dijual-via-lelang-rumah-di-wonocolo-surabaya-hos42357681/,rumah123
Dijual Via Lelang Rumah di Petemon Surabaya,1800000000,157.0,157.0,2,1,3,1,Unfurnished,0,1,"Surabaya Kota, Surabaya",-7.2771,112.717407,https://www.rumah123.com/properti/surabaya-surabaya-kota/dijual-via-lelang-rumah-di-petemon-surabaya-hos42357692/,rumah123
Dijual Rumah Cantik Siap Huni di Citraland Surabaya,4300000000,153.0,240.0,5,4,2,2,Unfurnished,0,1,"Citraland, Surabaya",-7.309354,112.656548,https://www.rumah123.com/properti/surabaya-citraland/dijual-rumah-cantik-siap-huni-di-citraland-surabaya-hos42357711/,rumah123
Dijual Rumah Raya Satelit Strategis Siap Huni,10500000000,600.0,870.0,8,4,2,4,Unfurnished,0,1,"Surabaya Kota, Surabaya",-7.2771,112.717407,https://www.rumah123.com/properti/surabaya-surabaya-kota/dijual-rumah-raya-satelit-strategis-siap-huni-hos42364485/,rumah123
Dijual Rumah Baru Renovasi di Citraland Surabaya Full Furnished dan Private Pool,7950000000,300.0,400.0,5,4,2,1,Furnished,1,1,"Citraland, Surabaya",-7.309354,112.656548,https://www.rumah123.com/properti/surabaya-citraland/dijual-rumah-baru-renovasi-di-citraland-surabaya-full-furnished-dan-private-pool-hos42350505/,rumah123
Dijual Cepat Owner Bu Rumah Kendalsari Pratama Penjaringan Rungkut Surabaya,1470000000,105.0,70.0,2,1,1,1,Unfurnished,1,1,"Rungkut, Surabaya",-7.31434,112.800232,https://www.rumah123.com/properti/surabaya-rungkut/dijual-cepat-owner-bu-rumah-kendalsari-pratama-penjaringan-rungkut-surabaya-hos42220947/,rumah123
Dijual Cepat Rumah Hook Hitung Tanah Darmo Sentosa Raya Surabaya,4900000000,452.0,300.0,3,3,1,1.0,Unfurnished,1,0,"Wiyung, Surabaya",-7.31097,112.698067,https://www.rumah123.com/properti/surabaya-wiyung/dijual-cepat-rumah-hook-hitung-tanah-darmo-sentosa-raya-surabaya-hos42222921/,rumah123
Dijual Rumah di Galaxy Bumi Permai Araya 1 Surabaya,4900000000,240.0,300.0,4,3,1,1.0,Unfurnished,0,0,"Sukolilo, Surabaya",-7.28813,112.802902,https://www.rumah123.com/properti/surabaya-sukolilo/dijual-rumah-di-galaxy-bumi-permai-araya-1-surabaya-hos41043832/,rumah123
Dijual Rumah Baru di Regency 21 .Dekat Merr .Araya dan Its Surabaya,4850000000,212.0,330.0,5,5,1,1.0,Unfurnished,0,0,"Sukolilo, Surabaya",-7.28813,112.802902,https://www.rumah123.com/properti/surabaya-sukolilo/dijual-rumah-baru-di-regency-21-dekat-merr-araya-dan-its-surabaya-hos41016532/,rumah123
Rumah di Mulyosari Surabaya 2 Lantai Bagus dan Terawat Strategis,1600000000,92.0,160.0,4,2,2,1.0,Unfurnished,1,1,"Mulyosari, Surabaya",-7.266523357174648,112.79653476210467,https://www.rumah123.com/properti/surabaya-mulyosari/rumah-di-mulyosari-surabaya-2-lantai-bagus-dan-terawat-strategis-hos41844764/,rumah123
Rumah di Pakal Madya Jaya Surabaya Modern Minimalis Siap Huni,1300000000,94.0,150.0,3,3,2,1.0,Unfurnished,1,1,"Sambikerep, Surabaya",-7.24966509035249,112.62658725514225,https://www.rumah123.com/properti/surabaya-sambikerep/rumah-di-pakal-madya-jaya-surabaya-modern-minimalis-siap-huni-hos41980481/,rumah123
"Dijual Rumah Siap Huni 2,5 Lantai Villa Bukit Mas Cluster Mediterian",6000000000,281.0,500.0,6,4,2,2.0,Semi Furnished,1,1,"Dukuh Pakis, Surabaya",-7.28917,112.734,https://www.rumah123.com/properti/surabaya-dukuh-pakis/dijual-rumah-siap-huni-25-lantai-villa-bukit-mas-cluster-mediterian-hos41173055/,rumah123
Rumah di Palma Grandia Citraland Utara Surabaya Modern Minimalis,2500000000,136.0,110.0,3,2,2,1.0,Unfurnished,1,1,"Benowo, Surabaya",-7.253608108934742,112.63071349979953,https://www.rumah123.com/properti/surabaya-benowo/rumah-di-palma-grandia-citraland-utara-surabaya-modern-minimalis-hos41930223/,rumah123
"Rumah Elit di Perumahan Galaxy Bumi Permai Araya 2, Surabaya",1950000000,67.0,100.0,3,3,2,1.0,Unfurnished,1,1,"Sukolilo, Surabaya",-7.302905,112.783052,https://www.rumah123.com/properti/surabaya-sukolilo/rumah-elit-di-perumahan-galaxy-bumi-permai-araya-2-surabaya-hos41209448/,rumah123
Dijual Rumah Baru Gress Minimalis 2 Lantai Siap Huni di Komplek Perumahan Elite di Panjang Jiwo Selatan,1850000000,96.0,130.0,5,4,2,2.0,Unfurnished,0,0,"Surabaya Kota, Surabaya",-7.2771,112.717407,https://www.rumah123.com/properti/surabaya-surabaya-kota/dijual-rumah-baru-gress-minimalis-2-lantai-siap-huni-di-komplek-perumahan-elite-di-panjang-jiwo-selatan-hos41157676/,rumah123
"Rumah Hitung Tanah Di Jalan Besar Dekat Pasar Pucang, Untuk Toko, Gudang.",2500000000,300.0,150.0,3,2,1,2.0,Unfurnished,0,1,"Ngagel, Surabaya",-7.28744,112.747238,https://www.rumah123.com/properti/surabaya-ngagel/rumah-hitung-tanah-di-jalan-besar-dekat-pasar-pucang-untuk-toko-gudang-hos19547369/,rumah123
Termurah Lebar 10 Furnish Rumah Palm Beach Siap Huni,3790000000,180.0,160.0,3,3,1,,Semi Furnished,1,1,"Pakuwon City, Surabaya",-7.28917,112.67556,https://www.rumah123.com/properti/surabaya-pakuwon-city/termurah-lebar-10-furnish-rumah-palm-beach-siap-huni-hos41254142/,rumah123
Dijual Rumah di Puri Galaxy Cluster Jasmine Court Surabaya Timur,2900000000,112.0,121.0,4,4,1,1.0,Furnished,0,1,"Sukolilo, Surabaya",-7.28813,112.802902,https://www.rumah123.com/properti/surabaya-sukolilo/dijual-rumah-di-puri-galaxy-cluster-jasmine-court-surabaya-timur-hos41220371/,rumah123
"Dijual/Disewa Rumah 1,5Lt Manyar Tirtoasri",3900000000,300.0,300.0,5,4,2,1.0,Unfurnished,1,1,"Mulyorejo, Surabaya",-7.27049,112.780548,https://www.rumah123.com/properti/surabaya-mulyorejo/dijualdisewa-rumah-15lt-manyar-tirtoasri-hos42265820/,rumah123
Dijual Rumah Second Manyar Tirtoasri,2900000000,280.0,154.0,4,2,1,1.0,Semi Furnished,1,1,"Sukolilo, Surabaya",-7.28813,112.802902,https://www.rumah123.com/properti/surabaya-sukolilo/dijual-rumah-second-manyar-tirtoasri-hos41961360/,rumah123
Dijual Rumah Semi Furnish 2Lt Pakuwon City,7000000000,240.0,270.0,4,4,2,1.0,Semi Furnished,1,1,"Mulyorejo, Surabaya",-7.27049,112.780548,https://www.rumah123.com/properti/surabaya-mulyorejo/dijual-rumah-semi-furnish-2lt-pakuwon-city-hos41234240/,rumah123
Dijual Rumah Tenggilis Mejoyo,2900000000,246.0,200.0,7,3,2,1.0,Unfurnished,1,1,"Tenggilis Mejoyo, Surabaya",-7.28917,112.734,https://www.rumah123.com/properti/surabaya-tenggilis-mejoyo/dijual-rumah-tenggilis-mejoyo-hos40605169/,rumah123
Jual Rumah Baru Hook Sutorejo,1950000000,98.0,129.0,3,3,2,1.0,Semi Furnished,1,1,"Mulyorejo, Surabaya",-7.27049,112.78055,https://www.rumah123.com/properti/surabaya-mulyorejo/jual-rumah-baru-hook-sutorejo-hos38938141/,rumah123
"Bukit Palma Blok F, Citraland Sby.rumah Baru 2 LT Dekat Sekolah Citra Berkat, Superindo Palma",1990000000,128.0,170.0,4,4,2,2.0,Unfurnished,1,1,"Citraland, Surabaya",-7.309354,112.656548,https://www.rumah123.com/properti/surabaya-citraland/bukit-palma-blok-f-citraland-sbyrumah-baru-2-lt-dekat-sekolah-citra-berkat-superindo-palma-hos41004340/,rumah123
"Rumah Baru 2Lt American Style, The White House Dian Istana Sby",3100000000,126.0,158.0,3,3,2,2.0,Unfurnished,1,1,"Graha, Surabaya",-7.257472,112.75209,https://www.rumah123.com/properti/surabaya-graha/rumah-baru-2lt-american-style-the-white-house-dian-istana-sby-hos41687754/,rumah123
Darmo Indah Timur Sby Barat.9rumah Cocok.keluarga.& Orang.tua,2250000000,180.0,250.0,5,2,2,2.0,Semi Furnished,1,1,"Tandes, Surabaya",-7.25834,112.678978,https://www.rumah123.com/properti/surabaya-tandes/darmo-indah-timur-sby-barat9rumah-cocokkeluarga-orangtua-hos41674657/,rumah123
"Darmo Harapan Dekat Sekolah Petra, Strategis Bagus",5750000000,480.0,265.0,4,2,1,1,Unfurnished,0,0,"Darmo permai, Surabaya",-7.285674,112.70134,https://www.rumah123.com/properti/surabaya-darmo-permai/darmo-harapan-dekat-sekolah-petra-strategis-bagus-hos38942223/,rumah123
"Rumah Dijual di Pucang Anom Surabaya | LT 144 MÂ² | Hadap Selatan | Rp1,225 M Nego",1220000000,144.0,120.0,2,2,1,1,Unfurnished,0,0,"Gubeng, Surabaya",-7.27396,112.748192,https://www.rumah123.com/properti/surabaya-gubeng/rumah-dijual-di-pucang-anom-surabaya-lt-144-m-hadap-selatan-rp1225-m-nego-hos42054787/,rumah123
Rumah Dijual Northwest Furnished Kev,1950000000,90.0,130.0,3,2,2,1,Furnished,1,1,"Citraland, Surabaya",-7.309354,112.656548,https://www.rumah123.com/properti/surabaya-citraland/rumah-dijual-northwest-furnished-kev-hos42284178/,rumah123
"Dijual Rumah 2 Lantai di Citraland Utama. Jalan Kaki Saja ke Pasar Modern Dekat dengan Rumah Sakit, Sekolah , Supermarket Hoky, Universitas Ciputra, Kolam.renang, Tempat Gym, Jalan Kaki ke Studio.yoga",3700000000,180.0,240.0,4,3,2,2,Unfurnished,1,1,"Citraland, Surabaya",-7.309354,112.656548,https://www.rumah123.com/properti/surabaya-citraland/dijual-rumah-2-lantai-di-citraland-utama-jalan-kaki-saja-ke-pasar-modern-dekat-dengan-rumah-sakit-sekolah-supermarket-hos41925209/,rumah123
Dijual Rumah 2 Lantai Di.bukit.palma.citraland.utara.. Baru Renov.. Bagus Murah,2000000000,120.0,170.0,4,4,2,2,Unfurnished,1,1,"Citraland, Surabaya",-7.309354,112.656548,https://www.rumah123.com/properti/surabaya-citraland/dijual-rumah-2-lantai-dibukitpalmacitralandutara-baru-renov-bagus-murah-hos42357125/,rumah123
Runah Northwest Lake Citraland,825000000,55.0,45.0,1,1,1,1,Unfurnished,1,1,"Citraland, Surabaya",-7.309354,112.656548,https://www.rumah123.com/properti/surabaya-citraland/runah-northwest-lake-citraland-hos41858340/,rumah123
Rumah Royal Residence Murah 2Man Siap Huni Wiyung Surabaya Barat,2200000000,112.0,150.0,3,3,2,2,Unfurnished,1,1,"Wiyung, Surabaya",-7.28917,112.734,https://www.rumah123.com/properti/surabaya-wiyung/rumah-royal-residence-murah-2man-siap-huni-wiyung-surabaya-barat-hos41863506/,rumah123
Royal Residence Mainroad Rumah Premium View Danau Cakep Poll,2600000000,98.0,125.0,3,2,2,1,Semi Furnished,1,1,"Wiyung, Surabaya",-7.28917,112.734,https://www.rumah123.com/properti/surabaya-wiyung/royal-residence-mainroad-rumah-premium-view-danau-cakep-poll-hos41688458/,rumah123
Rumah 2 Lantai Northwest Hill Citraland Dkt Nwp Nwc Nwl Greenhill,1200000000,60.0,70.0,2,2,2,1,Semi Furnished,1,1,"Citraland, Surabaya",-7.309354,112.656548,https://www.rumah123.com/properti/surabaya-citraland/rumah-2-lantai-northwest-hill-citraland-dkt-nwp-nwc-nwl-greenhill-hos41396232/,rumah123
New House Semi Classic Babatan Pantai Utara Kenjeran Dkt Pakuwon,2850000000,150.0,210.0,4,4,2,2,Unfurnished,1,1,"Kenjeran, Surabaya",-7.28917,112.734,https://www.rumah123.com/properti/surabaya-kenjeran/new-house-semi-classic-babatan-pantai-utara-kenjeran-dkt-pakuwon-hos41270213/,rumah123
Rumah Royal Residence Modern Minimalis Hadap Utara Siap Huni,2800000000,144.0,152.0,3,3,2,2,Semi Furnished,1,1,"Wiyung, Surabaya",-7.28917,112.734,https://www.rumah123.com/properti/surabaya-wiyung/rumah-royal-residence-modern-minimalis-hadap-utara-siap-huni-hos41918049/,rumah123
Rumah Mewah di Kawasan Elit Graha Family Row Jalan Double Way,19500000000,600.0,500.0,4,3,2,2,Unfurnished,1,1,"Graha, Surabaya",-7.28917,112.734,https://www.rumah123.com/properti/surabaya-graha/rumah-mewah-di-kawasan-elit-graha-family-row-jalan-double-way-hos41528645/,rumah123
Termurah di Kelasnya Only 2M Rumah Royal Residence Wiyung Surabay,2000000000,128.0,125.0,3,3,2,2,Unfurnished,1,1,"Wiyung, Surabaya",-7.28917,112.734,https://www.rumah123.com/properti/surabaya-wiyung/termurah-di-kelasnya-only-2m-rumah-royal-residence-wiyung-surabay-hos42028408/,rumah123
Perumahan Bavarian Village Darmo Rumah Modern Siap Huni Murah,3600000000,176.0,225.0,5,4,2,1,Unfurnished,1,1,"Darmo permai, Surabaya",-7.28917,112.734,https://www.rumah123.com/properti/surabaya-darmo-permai/perumahan-bavarian-village-darmo-rumah-modern-siap-huni-murah-hos41696150/,rumah123
Rumah Modern Mewah Pakuwon Indah Cluster Lariz Ville Lariz Wood,15000000000,330.0,500.0,4,4,2,2,Semi Furnished,1,1,"Pakuwon Indah, Surabaya",-7.28917,112.734,https://www.rumah123.com/properti/surabaya-pakuwon-indah/rumah-modern-mewah-pakuwon-indah-cluster-lariz-ville-lariz-wood-hos40743652/,rumah123
Amesta Living Surabaya Timur Murah Poll Rumah Baru Gress 1M-An,1300000000,84.0,90.0,3,2,2,1,Unfurnished,1,1,"Gununganyar, Surabaya",-7.28917,112.734,https://www.rumah123.com/properti/surabaya-gununganyar/amesta-living-surabaya-timur-murah-poll-rumah-baru-gress-1man-hos41766910/,rumah123
Citraland Cluster Woodland Rumah Modern Minimalis Layout Mewah,3800000000,135.0,213.0,4,5,2,2,Unfurnished,1,1,"Citraland, Surabaya",-7.28917,112.734,https://www.rumah123.com/properti/surabaya-citraland/citraland-cluster-woodland-rumah-modern-minimalis-layout-mewah-hos40708319/,rumah123
Royal Residence Rumah Baru Modern Minimalis Hook Selatan Timur,4500000000,234.0,235.0,4,3,2,2,Unfurnished,1,1,"Wiyung, Surabaya",-7.28917,112.734,https://www.rumah123.com/properti/surabaya-wiyung/royal-residence-rumah-baru-modern-minimalis-hook-selatan-timur-hos41931695/,rumah123
Rumah Citraland Surabaya Barat Modern Minimalis Cakep Poll,3500000000,135.0,107.0,3,2,2,2,Furnished,1,1,"Citraland, Surabaya",-7.28917,112.734,https://www.rumah123.com/properti/surabaya-citraland/rumah-citraland-surabaya-barat-modern-minimalis-cakep-poll-hos41760216/,rumah123
Rumah Mewah Wisata Bukit Mas SHM Murah 3M-An Dkt Royal Residence,3750000000,264.0,301.0,4,3,2,2,Unfurnished,1,1,"Wiyung, Surabaya",-7.28917,112.734,https://www.rumah123.com/properti/surabaya-wiyung/rumah-mewah-wisata-bukit-mas-shm-murah-3man-dkt-royal-residence-hos41783654/,rumah123
Royal Residence Richmond Rumah Penataan Lega Taman Depan Belakang,7500000000,375.0,450.0,5,4,2,2,Semi Furnished,1,1,"Wiyung, Surabaya",-7.28917,112.734,https://www.rumah123.com/properti/surabaya-wiyung/royal-residence-richmond-rumah-penataan-lega-taman-depan-belakang-hos40433703/,rumah123
Rumah 2 Lantai Pelican Hill Citraland Utara Dekat Dempsey Hill,2300000000,120.0,125.0,4,3,2,2,Unfurnished,1,1,"Citraland, Surabaya",-7.309354,112.656548,https://www.rumah123.com/properti/surabaya-citraland/rumah-2-lantai-pelican-hill-citraland-utara-dekat-dempsey-hill-hos40850499/,rumah123
Rumah Darmo Harapan Murah Poll Luas 400 Hanya 3.6M Hitung Tanah,3600000000,400.0,250.0,4,3,1,2,Unfurnished,1,1,"Sukomanunggal, Surabaya",-7.28917,112.734,https://www.rumah123.com/properti/surabaya-sukomanunggal/rumah-darmo-harapan-murah-poll-luas-400-hanya-36m-hitung-tanah-hos40896382/,rumah123
Royal Residence Termurah di Kelasnya Rumah 2 Lantai Only 1.1M,1100000000,45.0,60.0,2,2,2,1,Unfurnished,1,1,"Wiyung, Surabaya",-7.28917,112.734,https://www.rumah123.com/properti/surabaya-wiyung/royal-residence-termurah-di-kelasnya-rumah-2-lantai-only-11m-hos42157546/,rumah123
Rumah Royal Residence Wiyung 2 Lantai Mewah Terawat Siap Huni,3800000000,200.0,280.0,3,3,2,2,Semi Furnished,1,1,"Wiyung, Surabaya",-7.28917,112.734,https://www.rumah123.com/properti/surabaya-wiyung/rumah-royal-residence-wiyung-2-lantai-mewah-terawat-siap-huni-hos42201443/,rumah123
Termurah di Kelasnya Rumah Modern Royal Residence Dekat Danau,3300000000,160.0,160.0,3,3,2,2,Unfurnished,1,1,"Wiyung, Surabaya",-7.28917,112.734,https://www.rumah123.com/properti/surabaya-wiyung/termurah-di-kelasnya-rumah-modern-royal-residence-dekat-danau-hos42209525/,rumah123
Rumah Baru Citraland Nwl 2 Lantai Murah Poll Only 1.15 M Nego,999000000,72.0,69.0,2,2,2,1,Unfurnished,1,1,"Citraland, Surabaya",-7.28917,112.734,https://www.rumah123.com/properti/surabaya-citraland/rumah-baru-citraland-nwl-2-lantai-murah-poll-only-115-m-nego-hos41063098/,rumah123
Rumah Hook Perumahan Elit Graha Family Dekat Citraland Pakuwon,21000000000,731.0,1000.0,5,5,2,2,Semi Furnished,1,1,"Dukuh Pakis, Surabaya",-7.28917,112.734,https://www.rumah123.com/properti/surabaya-dukuh-pakis/rumah-hook-perumahan-elit-graha-family-dekat-citraland-pakuwon-hos40464512/,rumah123
Graha Family Rumah Mewah Baru Gress Full Furnish Lux Private Lift,13900000000,288.0,410.0,4,4,2,2,Furnished,1,1,"Graha, Surabaya",-7.28917,112.734,https://www.rumah123.com/properti/surabaya-graha/graha-family-rumah-mewah-baru-gress-full-furnish-lux-private-lift-hos42216270/,rumah123
Rumah Siap Huni 1 Lantai Wiguna Selatan Rungkut Surabaya Timur,850000000,90.0,60.0,2,1,1,1,Unfurnished,1,1,"Rungkut, Surabaya",-7.28917,112.734,https://www.rumah123.com/properti/surabaya-rungkut/rumah-siap-huni-1-lantai-wiguna-selatan-rungkut-surabaya-timur-hos40479338/,rumah123
Rumah Sandiego Pakuwon City Hadap Utara Layout Lega dan Luas,5000000000,200.0,385.0,3,2,2,1,Semi Furnished,1,1,"Pakuwon City, Surabaya",-7.28917,112.734,https://www.rumah123.com/properti/surabaya-pakuwon-city/rumah-sandiego-pakuwon-city-hadap-utara-layout-lega-dan-luas-hos42263992/,rumah123
Rumah Royal Residence SHM Hadap Utara KT 4+1 Furnish Mewah,3900000000,152.0,250.0,4,3,2,2,Furnished,1,1,"Wiyung, Surabaya",-7.28917,112.734,https://www.rumah123.com/properti/surabaya-wiyung/rumah-royal-residence-shm-hadap-utara-kt-41-furnish-mewah-hos42254745/,rumah123
Murah Only 7.1 M Rumah Araya Galaxy Bumi Permai Row Jalan Kembar,7100000000,375.0,500.0,5,3,2,2,Semi Furnished,1,1,"Sukolilo, Surabaya",-7.28917,112.734,https://www.rumah123.com/properti/surabaya-sukolilo/murah-only-71-m-rumah-araya-galaxy-bumi-permai-row-jalan-kembar-hos40518132/,rumah123
Medokan Asri Timur Rungkut Cocok Dibangun Rumah Kos Dekat Kampus,1750000000,200.0,200.0,5,3,2,2,Unfurnished,1,1,"Rungkut, Surabaya",-7.28917,112.734,https://www.rumah123.com/properti/surabaya-rungkut/medokan-asri-timur-rungkut-cocok-dibangun-rumah-kos-dekat-kampus-hos40519760/,rumah123
Rumah Mainroad Royal Residence Hadap Selatan Garasi 2 Carport 2,7500000000,387.0,450.0,4,3,2,2,Unfurnished,1,1,"Wiyung, Surabaya",-7.28917,112.734,https://www.rumah123.com/properti/surabaya-wiyung/rumah-mainroad-royal-residence-hadap-selatan-garasi-2-carport-2-hos42277769/,rumah123
Citraland Woodland 2.5 Lantai Split Level Semua Kamar Mandi Dalam,6500000000,210.0,340.0,5,6,2,2,Unfurnished,1,1,"Citraland, Surabaya",-7.28917,112.734,https://www.rumah123.com/properti/surabaya-citraland/citraland-woodland-25-lantai-split-level-semua-kamar-mandi-dalam-hos40551772/,rumah123
"Murah Dibawah Pasaran Rumah Pakuwon City Cluster Sorento 2,2M",2200000000,133.0,224.0,2,2,2,2,Unfurnished,1,1,"Pakuwon City, Surabaya",-7.28917,112.734,https://www.rumah123.com/properti/surabaya-pakuwon-city/murah-dibawah-pasaran-rumah-pakuwon-city-cluster-sorento-22m-hos40566627/,rumah123
Termurah Di Kelasnya Rumah Jalan Utama Araya Galaxy Bumi Permai,6750000000,375.0,500.0,5,3,2,2,Semi Furnished,1,1,"Sukolilo, Surabaya",-7.28917,112.734,https://www.rumah123.com/properti/surabaya-sukolilo/termurah-di-kelasnya-rumah-jalan-utama-araya-galaxy-bumi-permai-hos40551742/,rumah123
Murahh Rumah Manyar Kartika Surabaya Timur Sudah Renov Siap Huni,3500000000,312.0,200.0,3,2,1,2,Unfurnished,1,1,"Manyar, Surabaya",-7.28917,112.734,https://www.rumah123.com/properti/surabaya-manyar/murahh-rumah-manyar-kartika-surabaya-timur-sudah-renov-siap-huni-hos40619699/,rumah123
Rumah Mewah Graha Family Blok Favorit SHM Hadap Utara Terawat,16000000000,375.0,560.0,3,4,2,2,Semi Furnished,1,1,"Graha, Surabaya",-7.28917,112.734,https://www.rumah123.com/properti/surabaya-graha/rumah-mewah-graha-family-blok-favorit-shm-hadap-utara-terawat-hos42229479/,rumah123
Rumah Baru Royal Residence Dekat Danau Termurah di Kelasnya,3950000000,180.0,255.0,4,3,2,2,Unfurnished,1,1,"Wiyung, Surabaya",-7.28917,112.734,https://www.rumah123.com/properti/surabaya-wiyung/termurah-di-kelasnya-rumah-baru-gress-royal-residence-dekat-danau-hos41624693/,rumah123
Murah Poll Rumah Northwest Park Citraland 2 Lantai Hadap Utara,1150000000,90.0,72.0,2,2,3,1.0,Unfurnished,1,1,"Citraland, Surabaya",-7.28917,112.734,https://www.rumah123.com/properti/surabaya-citraland/murah-poll-rumah-northwest-park-citraland-2-lantai-hadap-utara-hos42361492/,rumah123
Pakuwon City Cluster Villa Royal Rumah Kokoh Model Classic Mewah,10500000000,375.0,510.0,4,4,2,2.0,Unfurnished,1,1,"Pakuwon City, Surabaya",-7.28917,112.734,https://www.rumah123.com/properti/surabaya-pakuwon-city/pakuwon-city-cluster-villa-royal-rumah-kokoh-model-classic-mewah-hos40665336/,rumah123
Rumah Mewah Regency 21 Surabaya Timur Dekat Araya Puri Galaxy,11500000000,500.0,770.0,4,4,2,2.0,Unfurnished,1,1,"Sukolilo, Surabaya",-7.28917,112.734,https://www.rumah123.com/properti/surabaya-sukolilo/rumah-mewah-regency-21-surabaya-timur-dekat-araya-puri-galaxy-hos41251045/,rumah123
Graha Family Rumah Mewah Full Furnish Cakep Poll & Private Lift,11800000000,240.0,332.0,4,3,2,2.0,Furnished,1,1,"Graha, Surabaya",-7.28917,112.734,https://www.rumah123.com/properti/surabaya-graha/graha-family-rumah-mewah-full-furnish-cakep-poll-private-lift-hos42216211/,rumah123
Jual Rumah Royal Park Residence Gunung Anyar,990000000,72.0,85.0,3,3,2,1.0,Semi Furnished,0,0,"Rungkut, Surabaya",-7.31434,112.800232,https://www.rumah123.com/properti/surabaya-rungkut/jual-rumah-royal-park-residence-gunung-anyar-hos40381487/,rumah123
Turun Harga Pakuwon City Rumah Klasik Split Level Mewah Murah Di San Antonio  Pakuwon City Lantai Marmer Siap Huni,10500000000,367.0,550.0,6,4,3,2.0,Furnished,0,1,"Pakuwon City, Surabaya",-7.28917,112.67556,https://www.rumah123.com/properti/surabaya-pakuwon-city/turun-harga-pakuwon-city-rumah-klasik-split-level-mewah-murah-di-san-antonio-pakuwon-city-lantai-marmer-siap-huni-hos16609055/,rumah123
Rumah di Pandugo Surabaya kondisi bagus pemilik pingin cepat laku,1850000000,135.0,196.0,4,2,2,1.0,,0,0,"Rungkut, Surabaya",-7.31434,112.80023,https://www.rumah123.com/properti/surabaya-rungkut/rumah-di-pandugo-surabaya-kondisi-bagus-pemilik-pingin-cepat-laku-hos16769642/,rumah123
Jual Rumah Di Puri Galaxy 2 Lantai Super Murah Surabaya,7500000000,450.0,400.0,4,3,2,1.0,Furnished,0,0,"Sukolilo, Surabaya",-7.28813,112.802902,https://www.rumah123.com/properti/surabaya-sukolilo/jual-rumah-di-puri-galaxy-2-lantai-super-murah-surabaya-hos40097557/,rumah123
Jual Rumah di Perumahan Grand Alana Regency Rungkut Surabaya,1400000000,90.0,95.0,3,2,2,1.0,Unfurnished,0,0,"Rungkut, Surabaya",-7.31434,112.800232,https://www.rumah123.com/properti/surabaya-rungkut/jual-rumah-di-perumahan-grand-alana-regency-rungkut-surabaya-hos40503725/,rumah123
Jual Rumah Hook di Rungkut Surabaya Free 6 Ac,2950000000,300.0,230.0,6,3,2,1.0,,0,0,"Rungkut, Surabaya",-7.31434,112.800232,https://www.rumah123.com/properti/surabaya-rungkut/jual-rumah-hook-di-rungkut-surabaya-free-6-ac-hos42325375/,rumah123
Rumah Murah Klampis Anom Dekat Kertajaya Galaxy Mall Merr,2250000000,160.0,150.0,3,2,1,1.0,Unfurnished,1,1,"kertajaya, Surabaya",-7.282603,112.755432,https://www.rumah123.com/properti/surabaya-kertajaya/rumah-murah-klampis-anom-dekat-kertajaya-galaxy-mall-merr-hos42374288/,rumah123
Rumah Murah Rungkut Asri Dekat Merr Rungkut Harapan,1100000000,120.0,100.0,2,1,1,1.0,Unfurnished,1,0,"Rungkut, Surabaya",-7.31434,112.800232,https://www.rumah123.com/properti/surabaya-rungkut/rumah-murah-rungkut-asri-dekat-merr-rungkut-harapan-hos42375011/,rumah123
Rumah Margorejo Indah Super Mewah bisa Nego Keras,21000000000,972.0,881.0,5,4,2,2.0,Unfurnished,1,0,"Wonocolo, Surabaya",-7.3273,-7.3273,https://www.rumah123.com/properti/surabaya-wonocolo/rumah-margorejo-indah-super-mewah-bisa-nego-keras-hos41961900/,rumah123
"Rumah Citraland, Luxury House, Gress - Harga Boleh Nego",8250000000,264.0,490.0,5,6,3,,Unfurnished,0,0,"Citraland, Surabaya",-7.309354,-7.309354,https://www.rumah123.com/properti/surabaya-citraland/rumah-citraland-luxury-house-gress-harga-boleh-nego-hos40639094/,rumah123
Rumah Graha Family Cluster Baru 3 Lantai Minimalis - Ada Kantor,18000000000,420.0,760.0,4,5,3,2.0,Unfurnished,0,0,"Wiyung, Surabaya",-7.31097,-7.31097,https://www.rumah123.com/properti/surabaya-wiyung/rumah-graha-family-cluster-baru-3-lantai-minimalis-ada-kantor-hos40642067/,rumah123
Rumah Pakuwon Indah With Swimming Poll Dekat Citraland Wiyung,15500000000,330.0,600.0,5,5,2,3.0,Unfurnished,0,0,"Pakuwon Indah, Surabaya",-7.28921,-7.28921,https://www.rumah123.com/properti/surabaya-pakuwon-indah/rumah-pakuwon-indah-with-swimming-poll-dekat-citraland-wiyung-hos40642130/,rumah123
"Rumah Pakuwon Indah, Gress Ciamik Minimalis Split Level, 2.5 Lantai",17000000000,375.0,590.0,5,5,2,,Semi Furnished,0,0,"Pakuwon Indah, Surabaya",-7.28921,-7.28921,https://www.rumah123.com/properti/surabaya-pakuwon-indah/rumah-pakuwon-indah-gress-ciamik-minimalis-split-level-25-lantai-hos40642196/,rumah123
"Rumah Citraland Utama, Baru Gress Elit - 3 Lantai + Rooftop",12000000000,264.0,600.0,5,7,3,,Unfurnished,0,0,"Citraland, Surabaya",-7.309354,-7.309354,https://www.rumah123.com/properti/surabaya-citraland/rumah-citraland-utama-baru-gress-elit-3-lantai-rooftop-hos40635480/,rumah123
"Rumah The Gayungsari, Strategis Ciamik di Surabaya",7000000000,340.0,250.0,4,4,2,,Unfurnished,0,0,"Gayungan, Surabaya",-7.33,-7.33,https://www.rumah123.com/properti/surabaya-gayungan/rumah-the-gayungsari-strategis-ciamik-di-surabaya-hos40656875/,rumah123
"Rumah Komersial Kh Mas Mansyur, Surabaya Utara",25000000000,750.0,500.0,8,4,1,,Unfurnished,0,0,"Pabean Cantikan, Surabaya",-7.2248,-7.2248,https://www.rumah123.com/properti/surabaya-pabean-cantikan/rumah-komersial-kh-mas-mansyur-surabaya-utara-hos40663546/,rumah123
"Rumah Citraland, Minimalis Full Furnish Siap Huni",3500000000,210.0,310.0,4,4,2,,Unfurnished,0,0,"Citraland, Surabaya",-7.309354,-7.309354,https://www.rumah123.com/properti/surabaya-citraland/rumah-citraland-minimalis-full-furnish-siap-huni-hos40674447/,rumah123
"Rumah Citraland, 3 Lantai Split Level Brand New",12000000000,312.0,600.0,4,5,3,,Unfurnished,0,0,"Citraland, Surabaya",-7.309354,-7.309354,https://www.rumah123.com/properti/surabaya-citraland/rumah-citraland-3-lantai-split-level-brand-new-hos40674476/,rumah123
Rumah Citraland New House Split Level di Surabaya Barat,13000000000,312.0,600.0,5,6,2,,Unfurnished,0,1,"Citraland, Surabaya",-7.309354,-7.309354,https://www.rumah123.com/properti/surabaya-citraland/rumah-citraland-new-house-split-level-di-surabaya-barat-hos40674506/,rumah123
"Rumah Ex Homestay di Jemursari, Dekat Ubaya & Petra",7500000000,716.0,1000.0,18,18,2,,Unfurnished,0,0,"Surabaya Kota, Surabaya",-7.2771,-7.2771,https://www.rumah123.com/properti/surabaya-surabaya-kota/rumah-ex-homestay-di-jemursari-dekat-ubaya-petra-hos40674644/,rumah123
Rumah Darmo Harapan Indah Bangunan Bagus Terawat,1850000000,180.0,140.0,3,1,1,,Unfurnished,0,0,"Darmo permai, Surabaya",-7.285674,-7.285674,https://www.rumah123.com/properti/surabaya-darmo-permai/rumah-darmo-harapan-indah-bangunan-bagus-terawat-hos40674669/,rumah123
Rumah Eastwood Citraland Minimalis Modern - Bangunan 2017,6500000000,300.0,450.0,4,4,2,,Unfurnished,0,0,"Citraland, Surabaya",-7.309354,-7.309354,https://www.rumah123.com/properti/surabaya-citraland/rumah-eastwood-citraland-minimalis-modern-bangunan-2017-hos40675298/,rumah123
"Rumah Citraland Bangunan 2,5 Split Level House",7000000000,210.0,210.0,5,6,2,,Unfurnished,0,0,"Citraland, Surabaya",-7.309354,-7.309354,https://www.rumah123.com/properti/surabaya-citraland/rumah-citraland-bangunan-25-split-level-house-hos40684049/,rumah123
Rumah 2 Lantai di Rungkut Dekat Kampus Upn dan Pandugo,1750000000,82.0,125.0,4,3,2,2.0,Unfurnished,1,1,"Rungkut, Surabaya",-7.28917,112.734,https://www.rumah123.com/properti/surabaya-rungkut/rumah-2-lantai-di-rungkut-dekat-kampus-upn-dan-pandugo-hos42216711/,rumah123
Rumah Siap Huni di Manyar Dekat Kertajaya Dharmahusada Klampis,2170000000,84.0,135.0,4,3,2,2.0,Unfurnished,1,0,"Manyar, Surabaya",-7.28724,112.739052,https://www.rumah123.com/properti/surabaya-manyar/rumah-siap-huni-di-manyar-dekat-kertajaya-dharmahusada-klampis-hos39817506/,rumah123
Rumah di Nginden Dekat Manyar Klampis Semolowaru,1970000000,144.0,200.0,5,4,2,1.0,Unfurnished,1,1,"Nginden, Surabaya",-7.29974,112.767357,https://www.rumah123.com/properti/surabaya-nginden/rumah-di-nginden-dekat-manyar-klampis-semolowaru-hos41993783/,rumah123
Rumah di Manyar Dekat Kertajaya Nginden Dharmahusada,2850000000,120.0,165.0,5,4,2,2.0,Unfurnished,1,0,"Manyar, Surabaya",-7.28724,112.739052,https://www.rumah123.com/properti/surabaya-manyar/rumah-di-manyar-dekat-kertajaya-nginden-dharmahusada-hos41995390/,rumah123
"Rumah Gress 2 LT Ready Prapen Tenggilis Surabaya Dekat Polda, Petra",1300000000,50.0,61.0,3,2,2,1.0,Unfurnished,1,0,"Tenggilis Mejoyo, Surabaya",-7.31943,112.755386,https://www.rumah123.com/properti/surabaya-tenggilis-mejoyo/rumah-gress-2-lt-ready-prapen-tenggilis-surabaya-dekat-polda-petra-hos42394693/,rumah123
"Manyar Jaya Rumah Lux 1 Lantai 10 X 30 MÂ² Bagus, Lingkungan Aman, Shm, Row Jln 3 Mobil, Jarang Ada. 1 Lantai Senior Tidak Perlu Naik Naik Tangga, Full Furnished Rumah Furnished Bagus SHM - Sertifikat Hak Milik di MANYAR JAYA Dekat UNTAG. UNITOMO.
SURABAYA",5600000000,300.0,230.0,3,2,1,2.0,Furnished,1,1,"Sukolilo, Surabaya",-7.28813,112.8029,https://www.rumah123.com/properti/surabaya-sukolilo/manyar-jaya-rumah-lux-1-lantai-10-x-30-m-bagus-lingkungan-aman-shm-row-jln-3-mobil-jarang-ada-1-lantai-senior-tidak-hos18504559/,rumah123
"Dijual Rumah Murah Hitung Tanah. Manyar Kartika. Luas Tanah 300 M2 / Lb 200 M2 Row Jalan Lebar Rumah di Menur Pumpungan, Sukolilo, Kota Surabaya, Jawa Timur, Indonesia, Sukolilo",3000000000,300.0,200.0,3,2,1,1.0,Unfurnished,1,1,"Sukolilo, Surabaya",-7.28813,112.802902,https://www.rumah123.com/properti/surabaya-sukolilo/dijual-rumah-murah-hitung-tanah-manyar-kartika-luas-tanah-300-m2-lb-200-m2-row-jalan-lebar-rumah-di-menur-pumpungan-hos39665048/,rumah123
Rumah Bagus Manyar Indah 12x21 Murah Dekat Kemana Mana,3200000000,252.0,225.0,1,6,1,1.0,Unfurnished,1,1,"Sukolilo, Surabaya",-7.28813,112.802902,https://www.rumah123.com/properti/surabaya-sukolilo/rumah-bagus-manyar-indah-12x21-murah-dekat-kemana-mana-hos39666399/,rumah123
"Manyar Jaya Rumah 1 Lantai, Bagus, Shm, 10x30 MÂ², Full Furnished, Jarang Ada, Row Jln 3 Mobil, Dekat Untag, Unitomo, Ubaya Ngagel. Rumah Bangun Sendiri. Lingkungan One Gate Sistem.",5600000000,300.0,230.0,3,2,1,2.0,Furnished,1,1,"Sukolilo, Surabaya",-7.28813,112.8029,https://www.rumah123.com/properti/surabaya-sukolilo/manyar-jaya-rumah-1-lantai-bagus-shm-10x30-m-full-furnished-jarang-ada-row-jln-3-mobil-dekat-untag-unitomo-ubaya-ngagel-hos18503281/,rumah123
Rumah Baru Murah Regency 21 Sukolilo~Surabaya LT 15X25/ 2 Lantai,5900000000,375.0,450.0,5,3,2,2.0,Unfurnished,1,1,"Sukolilo, Surabaya",-7.28813,112.802902,https://www.rumah123.com/properti/surabaya-sukolilo/rumah-baru-murah-regency-21-sukolilosurabaya-lt-15x25-2-lantai-hos41364516/,rumah123
Rumah Baru Gress di Wonorejo Selatan Rungkut Surabaya Timur,555000000,35.0,31.0,2,1,2,1.0,Unfurnished,1,1,"Rungkut, Surabaya",-7.31434,112.800232,https://www.rumah123.com/properti/surabaya-rungkut/rumah-baru-gress-di-wonorejo-selatan-rungkut-surabaya-timur-hos42309610/,rumah123
Rumah Minimalis Baru Gress di Gunung Anyar Tambak Surabaya Timur,699000000,80.0,48.0,4,2,1,2.0,Unfurnished,1,1,"Gunung Anyar, Surabaya",,,https://www.rumah123.com/properti/surabaya-gunung-anyar/rumah-minimalis-baru-gress-di-gunung-anyar-tambak-surabaya-timur-hos42359240/,rumah123
Dijual Rumah Ready The Casual Purimas Regency Surabaya Timur,1400000000,60.0,99.0,4,3,1,1.0,Unfurnished,0,0,"Gununganyar, Surabaya",-7.33182,112.80822,https://www.rumah123.com/properti/surabaya-gununganyar/dijual-rumah-ready-the-casual-purimas-regency-surabaya-timur-hos41220305/,rumah123
Rumah Minimalis Baru Gress di Gunung Anyar Tambak Surabaya Timur,610000000,65.0,45.0,3,1,2,1,Unfurnished,1,1,"Gununganyar, Surabaya",-7.33182,112.80822,https://www.rumah123.com/properti/surabaya-gununganyar/rumah-minimalis-baru-gress-di-gunung-anyar-tambak-surabaya-timur-hos42310635/,rumah123
Rumah Minimalis Baru Gress di Gunung Anyar Tambak Surabaya Timur,580000000,65.0,40.0,2,1,2,1,Unfurnished,1,1,"Gununganyar, Surabaya",-7.33182,112.80822,https://www.rumah123.com/properti/surabaya-gununganyar/rumah-minimalis-baru-gress-di-gunung-anyar-tambak-surabaya-timur-hos42310602/,rumah123
Rumah Minimalis Baru Gress di Gunung Anyar Tambak Surabaya Timur,655000000,65.0,56.0,4,1,2,1,Unfurnished,1,1,"Gununganyar, Surabaya",-7.33182,112.80822,https://www.rumah123.com/properti/surabaya-gununganyar/rumah-minimalis-baru-gress-di-gunung-anyar-tambak-surabaya-timur-hos42310699/,rumah123
Rumah Kost Baru Gress di Wonorejo Timur Rungkut Surabaya Selatan,799000000,60.0,131.0,9,9,3,1,Furnished,1,1,"Rungkut, Surabaya",-7.31434,112.800232,https://www.rumah123.com/properti/surabaya-rungkut/rumah-kost-baru-gress-di-wonorejo-timur-rungkut-surabaya-selatan-hos42309355/,rumah123
Rumah Kost Baru Gress Rungkut Menanggal Harapan Surabaya Selatan,1470000000,75.0,173.0,11,11,3,1,Furnished,1,1,"Gununganyar, Surabaya",-7.33182,112.80822,https://www.rumah123.com/properti/surabaya-gununganyar/rumah-kost-baru-gress-rungkut-menanggal-harapan-surabaya-selatan-hos42309329/,rumah123
Rumah Minimalis Baru Gress di Gunung Anyar Tambak Surabaya Timur,525000000,48.0,48.0,2,2,2,1,Unfurnished,1,1,"Gununganyar, Surabaya",-7.33182,112.80822,https://www.rumah123.com/properti/surabaya-gununganyar/rumah-minimalis-baru-gress-di-gunung-anyar-tambak-surabaya-timur-hos42309228/,rumah123
Rumah Minimalis Baru Gress di Gunung Anyar Tambak Surabaya Timur,396000000,40.0,24.0,2,1,1,1,Unfurnished,1,1,"Gununganyar, Surabaya",-7.33182,112.80822,https://www.rumah123.com/properti/surabaya-gununganyar/rumah-minimalis-baru-gress-di-gunung-anyar-tambak-surabaya-timur-hos42309300/,rumah123
Rumah Minimalis Baru Gress di Gunung Anyar Tambak Surabaya Timur,410000000,32.0,48.0,2,2,2,1,Unfurnished,1,1,"Gununganyar, Surabaya",-7.33182,112.80822,https://www.rumah123.com/properti/surabaya-gununganyar/rumah-minimalis-baru-gress-di-gunung-anyar-tambak-surabaya-timur-hos42309261/,rumah123
"Murah & Super Strategis Rumah Komersial Bronggalan Luas 443Cocok Dibangun untuk Segala Usaha Selangkah Kapas Krampung, Pacar Keling, Kenjeran",4400000000,443.0,400.0,6,2,1,2,,0,0,"Kenjeran, Surabaya",-7.28917,112.734,https://www.rumah123.com/properti/surabaya-kenjeran/rumah-komersial-bronggalan-super-strategid-cocok-untuk-usaha-hos41967180/,rumah123
"Dijual Rumah 2 Lantai Modern Minimalis Perumahan Citraland, Surabaya Barat",3100000000,120.0,195.0,5,5,2,2,Unfurnished,1,0,"Citraland, Surabaya",-7.309354,112.656548,https://www.rumah123.com/properti/surabaya-citraland/dijual-rumah-2-lantai-modern-minimalis-perumahan-citraland-surabaya-barat-hos41930309/,rumah123
"Dijual Rumah 3 Lantai Perumahan Central Park Klampis Regency, Surabaya Timur",4900000000,236.0,550.0,7,7,3,2,Semi Furnished,1,0,"Surabaya Kota, Surabaya",-7.2771,112.717407,https://www.rumah123.com/properti/surabaya-surabaya-kota/dijual-rumah-3-lantai-perumahan-central-park-klampis-regency-surabaya-timur-hos41856960/,rumah123
"Dijual Rumah Minimalis 2 Lantai Perumahan City, Surabaya Timur",3700000000,126.0,210.0,4,5,2,2,Unfurnished,1,0,"Pakuwon City, Surabaya",-7.28917,112.67556,https://www.rumah123.com/properti/surabaya-pakuwon-city/dijual-rumah-minimalis-2-lantai-perumahan-city-surabaya-timur-hos42071497/,rumah123
"Dijual Rumah 2 Lantai Daerah Jemursari, Surabaya Timur",3450000000,187.0,225.0,5,5,2,2,,1,0,"Wonocolo, Surabaya",-7.3273,112.737198,https://www.rumah123.com/properti/surabaya-wonocolo/dijual-rumah-2-lantai-daerah-jemursari-surabaya-timur-hos41930129/,rumah123
Terlaris Rumah SHM Ready Siap Huni di Wiyung Lakarsantri Surabaya,1100000000,60.0,74.0,2,2,2,1,Semi Furnished,1,1,"Lakarsantri, Surabaya",-7.30073,112.635658,https://www.rumah123.com/properti/surabaya-lakarsantri/terlaris-rumah-shm-ready-siap-huni-di-wiyung-lakarsantri-surabaya-hos40886473/,rumah123
Promo Rumah Ready Siap Huni Strategis Wiyung Lakarsantri Surabaya,1200000000,60.0,82.0,3,3,2,1,Semi Furnished,1,1,"Wiyung, Surabaya",-7.31097,112.698067,https://www.rumah123.com/properti/surabaya-wiyung/promo-rumah-ready-siap-huni-strategis-wiyung-lakarsantri-surabaya-hos40886411/,rumah123
Rumah Mewah Strategis Terlaris di Wiyung Lakarsantri Surabaya SHM,1370000000,72.0,105.0,3,3,2,2,Semi Furnished,1,1,"Wiyung, Surabaya",-7.31097,112.698067,https://www.rumah123.com/properti/surabaya-wiyung/rumah-mewah-strategis-terlaris-di-wiyung-lakarsantri-surabaya-shm-hos40885066/,rumah123
Dijual Murah Rumah Strategis Manukan Dekat Citraland & Margomulyo,950000000,84.0,90.0,3,2,2,1,Unfurnished,1,1,"Sambikerep, Surabaya",-7.27993,112.654648,https://www.rumah123.com/properti/surabaya-sambikerep/rumah-baru-siap-huni-pojok-lebar-6-dekat-superindo-manukan-lontar-hos39413936/,rumah123
Dijual Rumah Siap Huni Terawat di Bendul Merisi,1900000000,120.0,200.0,2,3,3,1,Unfurnished,0,0,"Wonocolo, Surabaya",-7.3273,112.737198,https://www.rumah123.com/properti/surabaya-wonocolo/dijual-rumah-siap-huni-terawat-di-bendul-merisi-hos42378302/,rumah123
Rumah American Style Kemlaten Surabaya Dekat Tol Karangpilang & Royal Plaza,700000000,50.0,36.0,2,1,1,1,Unfurnished,0,0,"Karangpilang, Surabaya",-7.34304,112.697388,https://www.rumah123.com/properti/surabaya-karangpilang/rumah-american-style-1-ato-2-lt-taman-jivva-kemlaten-surabaya-dekat-tol-gunungsari-hos42121764/,rumah123
Rumah Siap Huni Full Renov Perum Bendul Merisi Surabaya Dekat Polda,950000000,90.0,75.0,2,2,2,1,Unfurnished,0,0,"Margorejo, Surabaya",-7.3122,112.741096,https://www.rumah123.com/properti/surabaya-margorejo/rumah-siap-huni-full-renov-perum-bendul-merisi-surabaya-dekat-polda-hos42201617/,rumah123
"Rumah Hitung Tanah Perum Bendul Merisi Surabaya Dekat Polda, Plaza Marina",775000000,90.0,75.0,4,2,2,1.0,Unfurnished,0,0,"Wonocolo, Surabaya",-7.3273,112.737198,https://www.rumah123.com/properti/surabaya-wonocolo/rumah-hitung-tanah-perum-bendul-merisi-surabaya-dekat-polda-plaza-marina-hos42144066/,rumah123
Rumah L 154M Jalan Utama Perum Bendul Merisi Surabaya Dekat Polda,1450000000,156.0,267.0,4,3,2,1.0,Unfurnished,0,0,"Raya Margorejo, Surabaya",-7.31328,112.740829,https://www.rumah123.com/properti/surabaya-raya-margorejo/rumah-l-154m-jalan-utama-perum-bendul-merisi-surabaya-dekat-polda-hos42201403/,rumah123
"Jual Rumah Second Terawat di Perumahan Area Baruk, Surabaya",3300000000,300.0,325.0,4,2,1,1.0,Semi Furnished,1,1,"Kedung Baruk, Surabaya",-7.317924,112.777779,https://www.rumah123.com/properti/surabaya-kedung-baruk/jual-rumah-second-terawat-di-perumahan-area-baruk-surabaya-hos41795819/,rumah123
"Jual Rumah Second 2 Lantai Bagus di Area Sutorejo, Surabaya",3350000000,157.0,250.0,3,4,2,2.0,Unfurnished,0,0,"Sutorejo, Surabaya",-7.26097,112.789757,https://www.rumah123.com/properti/surabaya-sutorejo/jual-rumah-second-2-lantai-bagus-di-area-sutorejo-surabaya-hos42103176/,rumah123
"Jual Rumah Baru di Area Bukit Palma, Citraland, Surabaya",900000000,90.0,80.0,3,2,1,1.0,Unfurnished,1,0,"Pakal, Surabaya",-7.24268,112.629807,https://www.rumah123.com/properti/surabaya-pakal/jual-rumah-baru-di-area-bukit-palma-citraland-surabaya-hos42163692/,rumah123
"Jual Rumah Second Terawat di Area Bukit Palma, Citraland, Surabay",950000000,84.0,80.0,2,1,1,1.0,Unfurnished,1,0,"Pakal, Surabaya",-7.24268,112.629807,https://www.rumah123.com/properti/surabaya-pakal/jual-rumah-second-terawat-di-area-bukit-palma-citraland-surabay-hos41526731/,rumah123
"Jual Rumah Baru 2 Lantai di Area Prapen Jemursari, Surabaya",1400000000,64.0,115.0,3,3,2,1.0,Unfurnished,1,0,"Tenggilis Mejoyo, Surabaya",-7.31943,112.755386,https://www.rumah123.com/properti/surabaya-tenggilis-mejoyo/jual-rumah-baru-2-lantai-di-area-prapen-jemursari-surabaya-hos42014713/,rumah123
"Jual Rumah Second Terawat 2 Lantai di Area Lebak, Surabaya",1400000000,144.0,255.0,5,2,2,1.0,Unfurnished,0,0,"Kenjeran, Surabaya",-7.23563,112.786163,https://www.rumah123.com/properti/surabaya-kenjeran/jual-rumah-second-terawat-2-lantai-di-area-lebak-surabaya-hos42070697/,rumah123
"Jual Rumah Baru Bagus di Area Manyar, Surabaya",1950000000,82.0,125.0,3,3,2,1.0,Unfurnished,1,0,"Manyar, Surabaya",-7.28724,112.739052,https://www.rumah123.com/properti/surabaya-manyar/jual-rumah-baru-bagus-di-area-manyar-surabaya-hos42037495/,rumah123
"Jual Rumah Second Bagus di Area Perumahan Sukolilo, Surabaya",930000000,72.0,72.0,2,1,1,1.0,Unfurnished,1,1,"Sukolilo, Surabaya",-7.28813,112.802902,https://www.rumah123.com/properti/surabaya-sukolilo/jual-rumah-second-bagus-di-area-perumahan-sukolilo-surabaya-hos41719499/,rumah123
"Harga Cengli,Jual Rumah Second Bagus di Area Dekat Raya Wiyung",2200000000,180.0,350.0,4,3,1,1.0,Unfurnished,1,1,"Wiyung, Surabaya",-7.31097,112.698067,https://www.rumah123.com/properti/surabaya-wiyung/jual-rumah-second-bagus-di-area-dekat-raya-wiyung-surabaya-hos41662830/,rumah123
"Bu, Jual Cpt Rumah Siap Huni Hitung Tanah di Area Prumahan Wiyung",2480000000,243.0,180.0,3,2,1,2.0,Unfurnished,1,0,"Wiyung, Surabaya",-7.31097,112.698067,https://www.rumah123.com/properti/surabaya-wiyung/bu-jual-cpt-rumah-siap-huni-hitung-tanah-di-area-prumahan-wiyung-hos41696061/,rumah123
"Jual Rumah Second Renov Total di Area Perumahan Dkt Mangrove, Sby",780000000,91.0,91.0,2,1,1,1.0,Unfurnished,1,0,"Rungkut, Surabaya",-7.31434,112.800232,https://www.rumah123.com/properti/surabaya-rungkut/jual-rumah-second-renov-total-di-area-perumahan-dkt-mangrove-sby-hos42014641/,rumah123
"Murah, Jual Rumah Perlu Renov di Area Citraland Utama Surabaya",2250000000,210.0,65.0,2,1,1,1.0,Unfurnished,1,0,"Citraland, Surabaya",-7.309354,112.656548,https://www.rumah123.com/properti/surabaya-citraland/murah-jual-rumah-perlu-renov-di-area-citraland-utama-surabaya-hos42014436/,rumah123
"Jual Rumah Second Bagus 2 Lantai di Area Citraland, Sby",3400000000,160.0,225.0,4,3,2,3.0,Furnished,1,1,"Citraland, Surabaya",-7.309354,112.656548,https://www.rumah123.com/properti/surabaya-citraland/jual-rumah-second-bagus-2-lantai-di-area-citraland-sby-hos42070055/,rumah123
"Jual Rumah Second 2 Lantai Terawat di Area Bukit Palma, Citraland",900000000,90.0,65.0,2,2,2,1.0,Unfurnished,1,1,"Citraland, Surabaya",-7.28917,112.734,https://www.rumah123.com/properti/surabaya-citraland/jual-rumah-second-2-lantai-terawat-di-area-bukit-palma-citraland-hos42101578/,rumah123
"Jual Rumah Hitung Harga Tanah di Area Kalianyar, Surabaya Pusat",800000000,198.0,175.0,2,1,1,,Unfurnished,0,0,"Genteng, Surabaya",-7.26125,112.742767,https://www.rumah123.com/properti/surabaya-genteng/jual-rumah-hitung-harga-tanah-di-area-kalianyar-surabaya-pusat-hos42239142/,rumah123
"Jual Rumah Second Masih Terawat di Area Klampis Manyar, Surabaya",2750000000,190.0,192.0,3,2,1,2.0,Unfurnished,1,1,"Sukolilo, Surabaya",-7.28813,112.802902,https://www.rumah123.com/properti/surabaya-sukolilo/jual-rumah-second-masih-terawat-di-area-klampis-manyar-surabaya-hos42298764/,rumah123
"Jual Rumah Baru 2 Lantai Area Sutorejo, Surabaya",3350000000,134.0,210.0,4,3,2,2.0,Unfurnished,1,1,"Mulyorejo, Surabaya",-7.27049,112.780548,https://www.rumah123.com/properti/surabaya-mulyorejo/jual-rumah-baru-2-lantai-area-sutorejo-surabaya-hos42299016/,rumah123
"Jual Rumah Second Terawat Bawa Hokky di Area Kenjeran, Surabaya",1900000000,200.0,150.0,3,2,1,1.0,Unfurnished,0,0,"Tambaksari, Surabaya",-7.25371,112.753212,https://www.rumah123.com/properti/surabaya-tambaksari/jual-rumah-second-terawat-bawa-hokky-di-area-kenjeran-surabaya-hos41845978/,rumah123
Rumah Baru Gress Pakuwon City Dijual Siap Huni,8500000000,240.0,400.0,4.0,5,2,3.0,Unfurnished,1,0,"Pakuwon City, Surabaya",-7.28917,112.67556,https://www.rumah123.com/properti/surabaya-pakuwon-city/rumah-baru-gress-pakuwon-city-dijual-siap-huni-hos42394212/,rumah123
Rumah 2 Lantai Bukit Palma Citraland Strategis,2000000000,120.0,170.0,5.0,5,2,1.0,Unfurnished,0,0,"Citraland, Surabaya",-7.309354,112.656548,https://www.rumah123.com/properti/surabaya-citraland/rumah-2-lantai-bukit-palma-citraland-strategis-hos41399541/,rumah123
Rumah Bukit Palma Citraland Surabaya,1700000000,150.0,200.0,3.0,2,2,1.0,Unfurnished,0,0,"Pakal, Surabaya",-7.24268,112.629807,https://www.rumah123.com/properti/surabaya-pakal/rumah-minimalis-2-lt-bukit-palma-citraland-surabaya-hos41848975/,rumah123
Rumah La Riz Golf Pakuwon Indah Surabaya Dekat Ptc,15000000000,360.0,360.0,5.0,5,2,2.0,Semi Furnished,0,0,"Lakarsantri, Surabaya",-7.30073,112.635658,https://www.rumah123.com/properti/surabaya-lakarsantri/rumah-mewah-la-riz-golf-pakuwon-indah-surabaya-dekat-ptc-hos41849039/,rumah123
Rumah 3 Lantai Main Road Citraland Golf Surabaya,27500000000,1117.0,900.0,8.0,6,3,2.0,Unfurnished,0,0,"Citraland, Surabaya",-7.309354,112.656548,https://www.rumah123.com/properti/surabaya-citraland/rumah-3-lantai-main-road-citraland-golf-surabaya-hos38848996/,rumah123
Jual Cepat Rumah Minimalis Vila Valensia Pakuwon Mall,2000000000,112.0,100.0,3.0,2,1,2.0,Semi Furnished,1,1,"Pakuwon Indah, Surabaya",-7.28921,112.674469,https://www.rumah123.com/properti/surabaya-pakuwon-indah/jual-cepat-rumah-minimalis-vila-valensia-pakuwon-mall-hos42394098/,rumah123
Dijual Rumah Baru Gress Northwest Hill 2Lt 2Kt Lt55m Semi Furnish,1200000000,55.0,50.0,1.0,2,2,,Unfurnished,0,0,"Citraland, Surabaya",-7.309354,-7.309354,https://www.rumah123.com/properti/surabaya-citraland/dijual-rumah-baru-gress-northwest-hill-2lt-2kt-lt55m-semi-furnish-hos42240377/,rumah123
Perumahan Mojokerto Terlaris Garden Mansion Dekat Surabaya,166000000,66.0,27.0,2.0,1,1,1.0,Furnished,1,1,"Surabaya Kota, Surabaya",-7.2771,112.71741,https://www.rumah123.com/properti/surabaya-surabaya-kota/perumahan-mojokerto-terlaris-garden-mansion-dekat-surabaya-hos17273781/,rumah123
"Dijual Rumah Dan Gudang Di Manyar Sambongan, Surabaya.",2750000000,345.0,400.0,6.0,3,1,,Unfurnished,0,0,"Surabaya Kota, Surabaya",-7.2771,112.717407,https://www.rumah123.com/properti/surabaya-surabaya-kota/dijual-rumah-dan-gudang-di-manyar-sambongan-surabaya-hos39187921/,rumah123
"Dijual 3 Rumah Baru Di Jl. Modern Tengah, Gunung Anyar, Surabaya",750000000,40.0,55.0,3.0,2,2,,Furnished,0,0,"Rungkut, Surabaya",-7.31434,112.800232,https://www.rumah123.com/properti/surabaya-rungkut/dijual-3-rumah-baru-di-jl-modern-tengah-gunung-anyar-surabaya-hos39149018/,rumah123
"Rumah Baru, Cantik & Siap Huni di Jl. Modern Tengah 3, Surabaya",790000000,100.0,70.0,3.0,2,1,,Unfurnished,0,0,"Rungkut, Surabaya",-7.31434,112.800232,https://www.rumah123.com/properti/surabaya-rungkut/rumah-baru-cantik-siap-huni-di-jl-modern-tengah-iii-surabaya-hos40503886/,rumah123
"Dijual Rumah Baru Di Karah Tama Asri I, Surabaya Selatan",2200000000,128.0,132.0,5.0,4,2,,Unfurnished,0,0,"Ketintang, Surabaya",-7.31682,112.727997,https://www.rumah123.com/properti/surabaya-ketintang/dijual-rumah-baru-di-karah-tama-asri-i-surabaya-selatan-hos39930057/,rumah123
"Dijual Rumah Baru Di Karah Tama Asri I, Surabaya Selatan",1370000000,84.0,110.0,,3,3,2.0,Unfurnished,0,0,"Ketintang, Surabaya",-7.31682,112.727997,https://www.rumah123.com/properti/surabaya-ketintang/dijual-rumah-baru-di-karah-tama-asri-i-surabaya-selatan-hos39930059/,rumah123
Rumah Bagus The Grand Kenjeran Pinewood Blok B Surabaya,3800000000,108.0,214.0,4.0,4,3,2.0,Semi Furnished,1,0,"Kenjeran, Surabaya",-7.23563,112.786163,https://www.rumah123.com/properti/surabaya-kenjeran/rumah-bagus-the-grand-kenjeran-pinewood-blok-b-surabaya-hos39859847/,rumah123
"Dijual 5 Rumah Saronojiwo Estate, Progress Bangun di Surabaya",1500000000,57.0,112.0,3.0,3,2,,Unfurnished,0,0,"Jemursari, Surabaya",-7.32428,112.74173,https://www.rumah123.com/properti/surabaya-jemursari/dijual-5-rumah-saronojiwo-estate-progress-bangun-di-surabaya-hos39768637/,rumah123
Rumah Murah Dijual di Surabaya Kota Dekat Pasar Kembang,220000000,39.0,39.0,2.0,1,1,,Unfurnished,0,0,"Sawahan, Surabaya",-7.26502,112.731003,https://www.rumah123.com/properti/surabaya-sawahan/rumah-murah-dijual-di-surabaya-kota-dekat-pasar-kembang-hos42222971/,rumah123
Rumah Baru 2 LT di Rungkut Menanggal Harapan Surabaya. SHM bisa KPR,1400000000,75.0,90.0,3.0,3,2,1.0,Unfurnished,1,1,"Rungkut, Surabaya",-7.31434,112.800232,https://www.rumah123.com/properti/surabaya-rungkut/rumah-baru-2-lt-di-rungkut-menanggal-harapan-surabaya-shm-bisa-kpr-hos41279412/,rumah123
Rumah Raya Satelit Surabaya Barat SHM bisa KPR,10000000000,600.0,600.0,7.0,4,2,3.0,Semi Furnished,1,1,"Sukomanunggal, Surabaya",-7.26548,112.698799,https://www.rumah123.com/properti/surabaya-sukomanunggal/rumah-raya-satelit-surabaya-barat-shm-bisa-kpr-hos41271014/,rumah123
"Jual Murah Rumah Hook Siap Huni, Gayungsari, Surabaya Selatan",5000000000,476.0,390.0,7.0,3,2,2.0,,1,1,"Gayungan, Surabaya",-7.33,112.726021,https://www.rumah123.com/properti/surabaya-gayungan/jual-murah-rumah-hook-siap-huni-gayungsari-surabaya-selatan-hos42311137/,rumah123
"Jual Murah Rumah di Raya Simo Gunung , Surabaya Barat",5000000000,354.0,314.0,6.0,3,2,6.0,Unfurnished,1,1,"Sawahan, Surabaya",-7.26502,112.731003,https://www.rumah123.com/properti/surabaya-sawahan/jual-murah-rumah-di-raya-simo-gunung-surabaya-barat-hos38931410/,rumah123
Rumah Woodland Eastwood Citraland Dekat Radial Road Lontar Universitas Ciputra,4900000000,162.0,251.0,5,4,2,2,Semi Furnished,1,1,"Citraland, Surabaya",-7.309354,112.656548,https://www.rumah123.com/properti/surabaya-citraland/rumah-woodland-eastwood-citraland-dekat-radial-road-lontar-universitas-ciputra-hos42375478/,rumah123
Dijual Rumah International Village Citraland 4Kt Baru Dekat Gwalk,7500000000,280.0,329.0,4,3,2,1,Semi Furnished,1,0,"Citraland, Surabaya",-7.309354,-7.309354,https://www.rumah123.com/properti/surabaya-citraland/dijual-rumah-international-village-citraland-4kt-baru-dekat-gwalk-hos40019427/,rumah123
Dijual Rumah Somerset Citraland 3 Lantai Konsep Villa Mewah Baru Gress,9500000000,300.0,600.0,5,5,3,2,Unfurnished,1,1,"Citraland, Surabaya",-7.309354,-7.309354,https://www.rumah123.com/properti/surabaya-citraland/dijual-rumah-somerset-citraland-3-lantai-konsep-villa-mewah-baru-gress-hos40019570/,rumah123
Dijual Rumah Wisata Bukit Mas 4Kt Wiyung Dekat Pakuwon Mall,3800000000,240.0,280.0,4,3,2,1,Unfurnished,1,0,"Wisata Bukit Mas, Surabaya",-7.308962,-7.308962,https://www.rumah123.com/properti/surabaya-wisata-bukit-mas/dijual-rumah-wisata-bukit-mas-4kt-wiyung-dekat-pakuwon-mall-hos40019543/,rumah123
DIJUAL RUMAH VILLA BUKIT REGENCY 4KT FULL FURNISH DEKAT PAKUWON MALL,30000000000,700.0,1200.0,4,5,2,1,Unfurnished,1,0,"Pakuwon Indah, Surabaya",-7.28921,-7.28921,https://www.rumah123.com/properti/surabaya-pakuwon-indah/dijual-rumah-villa-bukit-regency-4kt-full-furnish-dekat-pakuwon-mall-hos40019518/,rumah123
Dijual Rumah Citraland Utama 4Kt 2Lt Furnish Pool Dekat Universitas Ciputra,7950000000,300.0,400.0,4,3,2,2,Furnished,1,1,"Citraland, Surabaya",-7.309354,-7.309354,https://www.rumah123.com/properti/surabaya-citraland/dijual-rumah-citraland-utama-4kt-2lt-furnish-pool-dekat-uc-hos42360315/,rumah123
Dijual Rumah Citraland Utama 4Kt 2Lt Modern Minimalis Baru Gress,4250000000,153.0,245.0,4,3,2,2,Unfurnished,1,1,"Citraland, Surabaya",-7.309354,-7.309354,https://www.rumah123.com/properti/surabaya-citraland/dijual-rumah-citraland-utama-4kt-2lt-modern-minimalis-baru-gress-hos42382283/,rumah123
Dijual Rumah Vila Bukit Regency Pakuwon Indah Semi Furnish Dekat Mall,14500000000,405.0,400.0,3,3,2,1,Unfurnished,1,0,"Pakuwon Indah, Surabaya",-7.28921,-7.28921,https://www.rumah123.com/properti/surabaya-pakuwon-indah/dijual-rumah-vila-bukit-regency-pakuwon-indah-semi-furnish-dekat-mall-hos40572750/,rumah123
Rumah 2 LT SHM Bebas Banjir Harga Sangat Terjanhkau,1350000000,131.0,200.0,4,2,2,1,Semi Furnished,0,0,"Dukuh Pakis, Surabaya",-7.29503,112.710739,https://www.rumah123.com/properti/surabaya-dukuh-pakis/rumah-2-lt-shm-bebas-banjir-harga-sangat-terjanhkau-hos42391435/,rumah123
"Rumah 1 Lantai Siap Huni Koala Regency, Bebas Banjir.",1270000000,125.0,100.0,3,1,1,1,Semi Furnished,1,1,"Sukolilo, Surabaya",-7.28813,112.802902,https://www.rumah123.com/properti/surabaya-sukolilo/rumah-1-lantai-siap-huni-koala-regency-hos41697008/,rumah123
"Rumah SHM di Darmo Baru Barat, Butuh Renovasi Lebar 9.",1700000000,134.0,125.0,3,3,1,1,Unfurnished,1,0,"Sukomanunggal, Surabaya",-7.28917,112.734,https://www.rumah123.com/properti/surabaya-sukomanunggal/rumah-shm-di-darmo-baru-barat-butuh-renovasi-lebar-9-hos41271005/,rumah123
Rumah Surabaya Timur Rungkut Amerikan Clasik Dekat Raya Merr,793000000,50.0,65.0,3,2,2,1,Unfurnished,0,0,"Medokan Ayu, Surabaya",-7.326097,112.81353,https://www.rumah123.com/properti/surabaya-medokan-ayu/rumah-surabaya-rungkut-medayu-dekat-merr-hos40381381/,rumah123
Rumah 2 Lantai Surabaya Selangkah Pakuwon City dan Kampus Its,845000000,40.0,65.0,2,2,2,1,Unfurnished,0,0,"Mulyorejo, Surabaya",-7.27049,112.780548,https://www.rumah123.com/properti/surabaya-mulyorejo/rumah-surabaya-timur-selangkah-pakuwon-city-hos39557324/,rumah123
"Dijual Rumah Premium Mewah Semi Furnish di Pakuwon City, Surabaya Timur",5700000000,300.0,450.0,3,3,2,1,Semi Furnished,0,0,"Mulyorejo, Surabaya",-7.28917,112.734,https://www.rumah123.com/properti/surabaya-mulyorejo/dijual-rumah-premium-mewah-semi-furnish-di-pakuwon-city-surabaya-timur-hos42375720/,rumah123
"New Rumah Split Level 2,5 Lantai Pakuwon City Material Premium",6950000000,200.0,350.0,5,6,2,2,Unfurnished,1,1,"Pakuwon City, Surabaya",-7.275407405569581,112.81281393364196,https://www.rumah123.com/properti/surabaya-pakuwon-city/new-rumah-split-level-25-lantai-pakuwon-city-material-premium-hos42390285/,rumah123
Luxury Home 4 Lantai Citraland Area Golf Ada Lift & Kolam Renang,15000000000,368.0,880.0,5,5,4,4,Unfurnished,1,1,"Citraland, Surabaya",-7.296371582831893,112.62957550042601,https://www.rumah123.com/properti/surabaya-citraland/luxury-home-4-lantai-citraland-area-golf-ada-lift-kolam-renang-hos42390222/,rumah123
Rumah Surabaya + Furnist Dekat Meer dan Upn Ready Unit Siap Huni,1350000000,108.0,90.0,4,2,2,1,Furnished,0,0,"Rungkut, Surabaya",-7.31434,112.800232,https://www.rumah123.com/properti/surabaya-rungkut/rumah-surabaya-furnist-dekat-meer-dan-upn-ready-unit-siap-huni-hos40664184/,rumah123
Dijual Via Lelang Tgl 24 Sept 26 Rumah 1Lt di Sidotopo Kenjeran Surabaya,700000000,239.0,239.0,3,1,1,2,,0,0,"Kenjeran, Surabaya",-7.23563,112.786163,https://www.rumah123.com/properti/surabaya-kenjeran/dijual-via-lelang-tgl-24-sept-26-rumah-1lt-di-sidotopo-kenjeran-surabaya-hos42296182/,rumah123
Dijual Lewat Lelang Tgl 17 Sept 26 Rumah 1Lt di Asemrowo Surabaya,500000000,225.0,225.0,4,1,1,1,,0,0,"Asemrowo, Surabaya",-7.24736,112.707764,https://www.rumah123.com/properti/surabaya-asemrowo/dijual-lewat-lelang-tgl-17-sept-26-rumah-1lt-di-asemrowo-surabaya-hos42280297/,rumah123
Dijual Via Lelang Tgl 23 Sept 26 Rumah 2Lt di Pacarkembang Tambaksari Surabaya,960000000,144.0,200.0,3,2,2,1,,0,0,"Tambaksari, Surabaya",-7.25371,112.753212,https://www.rumah123.com/properti/surabaya-tambaksari/dijual-via-lelang-tgl-23-sept-26-rumah-2lt-di-pacarkembang-tambaksari-surabaya-hos42297412/,rumah123
Dijual Via Lelang Tgl 24 Sept 26 Rumah 1Lt Bagus di Lakarsantri Surabaya,245000000,120.0,90.0,3,1,1,1.0,,0,0,"Lakarsantri, Surabaya",-7.30073,112.635658,https://www.rumah123.com/properti/surabaya-lakarsantri/dijual-via-lelang-tgl-24-sept-26-rumah-1lt-bagus-di-lakarsantri-surabaya-hos42295823/,rumah123
Dijual Via Lelang Tgl 24 Sept 26 Rumah 2Lt di Grand Semanggi Rungkut Surabaya,706200000,120.0,180.0,3,2,2,1.0,,0,0,"Rungkut, Surabaya",-7.31434,112.800232,https://www.rumah123.com/properti/surabaya-rungkut/dijual-via-lelang-tgl-24-sept-26-rumah-2lt-di-grand-semanggi-rungkut-surabaya-hos42318398/,rumah123
Dijual Lewat Lelang Tgl 24 Sept 26 Rumah 1Lt di Kali Kedinding Kenjeran Surabaya,360600000,134.0,134.0,3,1,1,1.0,,0,0,"Kenjeran, Surabaya",-7.23563,112.786163,https://www.rumah123.com/properti/surabaya-kenjeran/dijual-lewat-lelang-tgl-24-sept-26-rumah-1lt-di-kali-kedinding-kenjeran-surabaya-hos42302060/,rumah123
"Dijual Via Lelang Tgl 28 Sept 26 Rumah 1,5Lt di Bulak Rukem Semampir Surabaya",350000000,147.0,200.0,3,1,1,1.0,,0,0,"Semampir, Surabaya",-7.2149,112.748787,https://www.rumah123.com/properti/surabaya-semampir/dijual-via-lelang-tgl-28-sept-26-rumah-15lt-di-bulak-rukem-semampir-surabaya-hos42318313/,rumah123
Dijual Via Lelang Tgl 24 Sept 26 Rumah 1Lt di Kec Pakal Surabaya,177000000,105.0,105.0,3,1,1,,,0,0,"Pakal, Surabaya",-7.24268,112.629807,https://www.rumah123.com/properti/surabaya-pakal/dijual-via-lelang-tgl-24-sept-26-rumah-1lt-di-kec-pakal-surabaya-hos42318363/,rumah123
Dijual Via Lelang Tgl 24 Sept 26 Rumah 1Lt Hook di Kandangan Benowo Surabaya,720000000,120.0,120.0,3,1,1,1.0,,0,0,"Benowo, Surabaya",-7.23213,112.630142,https://www.rumah123.com/properti/surabaya-benowo/dijual-via-lelang-tgl-24-sept-26-rumah-1lt-hook-di-kandangan-benowo-surabaya-hos42302103/,rumah123
Dijual Via Lelang Tgl 28 Sept 26 Rumah 2Lt di Babatan Wiyung Surabaya,708500000,121.0,180.0,3,1,2,1.0,,0,0,"Wiyung, Surabaya",-7.31097,112.698067,https://www.rumah123.com/properti/surabaya-wiyung/dijual-via-lelang-tgl-28-sept-26-rumah-2lt-di-babatan-wiyung-surabaya-hos42318582/,rumah123
Dijual Via Lelang Tgl 24 Sept 26 Ruah 2Lt di Bumi Marina Emas Sukolilo Surabaya,876000000,96.0,120.0,3,1,2,1.0,,0,0,"Sukolilo, Surabaya",-7.28813,112.802902,https://www.rumah123.com/properti/surabaya-sukolilo/dijual-via-lelang-tgl-24-sept-26-ruah-2lt-di-bumi-marina-emas-sukolilo-surabaya-hos42318535/,rumah123
Dijual Via Lelang Tgl 20 Sept 26 Rumah 1Lt di Medayu Rungkut Surabaya,450750000,93.0,36.0,2,1,1,1.0,,0,0,"Rungkut, Surabaya",-7.31434,112.800232,https://www.rumah123.com/properti/surabaya-rungkut/dijual-via-lelang-tgl-20-sept-26-rumah-1lt-di-medayu-rungkut-surabaya-hos42338557/,rumah123
Dijual Via Lelang Tgl 30 Sept 26 Rumah 1Lt di Gununganyar Tambak Surabaya,870930000,100.0,36.0,2,1,1,1.0,,0,0,"Rungkut, Surabaya",-7.31434,112.800232,https://www.rumah123.com/properti/surabaya-rungkut/dijual-vianlelang-tgl-30-sept-26-rumah-1lt-di-gununganyar-tambak-surabaya-hos42338594/,rumah123
Dijual Via Lelang Tgl 30 Sept 26 Rumah 3Lt di Kertajaya Gubeng Surabaya,1050000000,122.0,250.0,3,1,3,1.0,,0,0,"Gubeng, Surabaya",-7.27396,112.748192,https://www.rumah123.com/properti/surabaya-gubeng/dijual-via-lelang-rumah-3lt-di-kertajaya-gubeng-surabaya-hos42349208/,rumah123
Dijual Via Lelang Tgl 30 Sept 26 Rumah Bagus 2Lt di Kutisari Tenggilis Surabaya,1990000000,300.0,500.0,4,2,2,1.0,,0,0,"Tenggilis Mejoyo, Surabaya",-7.31943,112.755386,https://www.rumah123.com/properti/surabaya-tenggilis-mejoyo/dijual-via-lelang-rumah-bagus-2lt-di-kutisari-tenggilis-surabaya-hos42338658/,rumah123
Dijual Rumah 2Lt di Perum Araya I Sukolilo Surabaya,7350000000,375.0,500.0,5,4,2,1.0,,0,0,"Sukolilo, Surabaya",-7.28813,112.802902,https://www.rumah123.com/properti/surabaya-sukolilo/dijual-rumah-2lt-di-perum-araya-i-sukolilo-surabaya-hos41228633/,rumah123
Rumah Rungkut Nirwana Exclusive 1 Lantai Grees Ready,2300000000,160.0,110.0,3,2,1,1.0,,0,0,"Rungkut, Surabaya",-7.31434,112.800232,https://www.rumah123.com/properti/surabaya-rungkut/rumah-rungkut-nirwana-exclusive-1-lantai-grees-ready-hos42392251/,rumah123
Dijual Rumah 2Lt Baru Renov di Perum Grand Harvest Kebraon Surabaya,1750000000,102.0,120.0,2,2,2,1.0,,0,0,"Kebraon, Surabaya",-7.3305,112.704071,https://www.rumah123.com/properti/surabaya-kebraon/dijual-rumah-2lt-baru-renov-di-perum-grand-harvest-kebraon-surabaya-hos41238583/,rumah123
Dijual Via Lelang Tgl 16 Sept 26 Rumah 2Lt Mewah di Citraland Golf Surabaya,11640000000,337.0,500.0,4,2,2,2.0,,0,0,"Citraland, Surabaya",-7.309354,112.656548,https://www.rumah123.com/properti/surabaya-citraland/dijual-via-lelang-tgl-16-sept-26-rumah-2lt-mewah-di-citraland-golf-surabaya-hos42358971/,rumah123
Dijual Rumah 2Lt Minimalis di Lebakrejo Kenjeran Surabaya,1400000000,100.0,165.0,3,2,2,1.0,,0,0,"Kenjeran, Surabaya",-7.23563,112.786163,https://www.rumah123.com/properti/surabaya-kenjeran/dijual-rumah-2lt-minimalis-di-lebakrejo-kenjeran-surabaya-hos41238272/,rumah123
Dijual Via Lelang Tgl 17 Sept 26 Rumah 2Lt di Perum Prima Kebraon Karangpilang Surabaya,1250000000,120.0,200.0,3,1,2,1.0,,0,0,"Karangpilang, Surabaya",-7.34304,112.697388,https://www.rumah123.com/properti/surabaya-karangpilang/dijual-via-lelang-tgl-17-sept-26-rumah-2lt-di-perum-prima-kebraon-karangpilang-surabaya-hos42366074/,rumah123
Dijual Via Lelang Tgl 16 Sept 26 Rumah 2Lt Du Citraland Greenlake Lakarsantri Surabaya,2010000000,105.0,150.0,3,1,2,1.0,,0,0,"Lakarsantri, Surabaya",-7.30073,112.635658,https://www.rumah123.com/properti/surabaya-lakarsantri/dijual-via-lelang-tgl-16-sept-26-rumah-2lt-du-citraland-greenlake-lakarsantri-surabaya-hos42359229/,rumah123
Dijual Lelang Tgl 16 Sept 26 Rumah 1Lt di Medokan Ayu Rungkut Surabaya,400000000,73.0,73.0,2,1,1,1.0,,0,0,"Rungkut, Surabaya",-7.31434,112.800232,https://www.rumah123.com/properti/surabaya-rungkut/dijual-lelang-tgl-16-sept-26-rumah-1lt-di-medokan-ayu-rungkut-surabaya-hos42359428/,rumah123
Dijual Via Lelang Tgl 29 Sept 26 Rumah 2Lt di Pakuwon City Mulyorejo Surabaya,1400000000,112.0,180.0,3,2,2,1.0,,0,0,"Pakuwon City, Surabaya",-7.28917,112.67556,https://www.rumah123.com/properti/surabaya-pakuwon-city/dijual-via-lelang-tgl-29-sept-26-rumah-2lt-di-pakuwon-city-mulyorejo-surabaya-hos42372935/,rumah123
Dijual Via Lelang Tgl 23 Sept 26 Rumah 1Lt Perum Griya Surabaya Asri Benowo Surabaya,217000000,122.0,122.0,3,1,1,1.0,,0,0,"Benowo, Surabaya",-7.23213,112.630142,https://www.rumah123.com/properti/surabaya-benowo/dijual-via-lelang-tgl-23-sept-26-rumah-1lt-perum-griya-surabaya-asri-benowo-surabaya-hos42372993/,rumah123
Dijual Via Lelang Tgl 21 Sept 26 Rumah 2Lt di Kel Mojo Gubeng Surabaya,591000000,162.0,200.0,4,2,2,,,0,0,"Gubeng, Surabaya",-7.27396,112.748192,https://www.rumah123.com/properti/surabaya-gubeng/dijual-via-lelang-tgl-21-sept-26-rumah-2lt-di-kel-mojo-gubeng-surabaya-hos42366130/,rumah123
Dijual Via Lelang Tgl 22 Sept 26 Rumah 2Lt di Griya Kebraon Karangpilang Surabaya,200000000,60.0,120.0,3,1,2,,,0,0,"Karangpilang, Surabaya",-7.34304,112.697388,https://www.rumah123.com/properti/surabaya-karangpilang/dijual-via-lelang-tgl-22-sept-26-rumah-2lt-di-griya-kebraon-karangpilang-surabaya-hos42373138/,rumah123
Rumah Mbulak Kenjeran Surabaya Utara bisa Custom,790000000,8.0,42.0,2,1,1,1.0,,0,0,"Kenjeran, Surabaya",-7.23563,112.786163,https://www.rumah123.com/properti/surabaya-kenjeran/rumah-mbulak-kenjeran-surabaya-utara-bisa-custom-hos42392470/,rumah123
Rumah Baru Gress 1 Lantai SHM Murah di Wiguna Selatan Sby Timur,975000000,90.0,90.0,3,2,1,2.0,Unfurnished,0,0,"Surabaya Kota, Surabaya",-7.2771,112.717407,https://www.rumah123.com/properti/surabaya-surabaya-kota/rumah-baru-gress-1-lantai-shm-murah-di-wiguna-selatan-sby-timur-hos42363749/,rumah123
Rumah 2 Lantai SHM 2.5M di Woodland Citraland Sby Barat,2500000000,135.0,180.0,4,3,2,1.0,Unfurnished,1,1,"Citraland, Surabaya",-7.309354,112.656548,https://www.rumah123.com/properti/surabaya-citraland/rumah-2-lantai-shm-25m-di-woodland-citraland-sby-barat-hos42372530/,rumah123
"Premium Residence Manyar Kertoadi - American Style, Row 5 Mobil",3850000000,140.0,140.0,4,3,2,2.0,Unfurnished,1,1,"Sukolilo, Surabaya",-7.2862157379016566,112.78477927237032,https://www.rumah123.com/properti/surabaya-sukolilo/premium-residence-manyar-kertoadi-american-style-row-5-mobil-hos42204198/,rumah123
Rumah Baru Gress Siap Huni Lokasi Pakuwon City,2400000000,91.0,135.0,3,3,2,,Semi Furnished,1,1,"Pakuwon City, Surabaya",-7.275760007940562,112.80590601862355,https://www.rumah123.com/properti/surabaya-pakuwon-city/rumah-baru-gress-siap-huni-lokasi-pakuwon-city-hos42281965/,rumah123
"Rumah Gress Manyar Tengah Kota - Rumah D, Premium & Nyaman",2200000000,90.0,130.0,4,3,2,2.0,Unfurnished,1,1,"Sukolilo, Surabaya",-7.2777507,112.7799529,https://www.rumah123.com/properti/surabaya-sukolilo/rumah-gress-manyar-tengah-kota-rumah-d-premium-nyaman-hos42091808/,rumah123
Rumah Baru Minimalis Medayu Utara - Desain Mewah & Modern,1600000000,180.0,200.0,5,3,2,1.0,Unfurnished,1,1,"Rungkut, Surabaya",-7.322154,112.7981302,https://www.rumah123.com/properti/surabaya-rungkut/rumah-baru-minimalis-medayu-utara-desain-mewah-modern-hos41891868/,rumah123
Dijual Rumah Siap Huni Dekat Toll Wiguna di Surabaya,1850000000,153.0,140.0,3,2,2,2.0,Unfurnished,1,0,"Surabaya Kota, Surabaya",-7.2771,112.717407,https://www.rumah123.com/properti/surabaya-surabaya-kota/dijual-rumah-siap-huni-dekat-toll-wiguna-di-surabaya-hos42340026/,rumah123
Rumah Medokan Asri Murah Hitung Tanah Dekat Stikom Upn dan Toll,1800000000,200.0,100.0,2,1,1,1.0,Unfurnished,1,0,"Rungkut, Surabaya",-7.31434,112.800232,https://www.rumah123.com/properti/surabaya-rungkut/rumah-medokan-asri-murah-hitung-tanah-dekat-stikom-upn-dan-toll-hos41431715/,rumah123
Murah Dijual Rumah Mainroad Gunungsari Indah Wiyung Jalan Kembar,2700000000,120.0,240.0,4,3,2,2.0,Unfurnished,1,1,"Wiyung, Surabaya",-7.31097,112.698067,https://www.rumah123.com/properti/surabaya-wiyung/murah-dijual-rumah-mainroad-gunungsari-indah-wiyung-jalan-kembar-hos42365364/,rumah123
Rumah Siap Huni Row 3 Mobil SHM Rungkut Asri Timur Sby Timur,2490000000,200.0,235.0,4,4,2,2.0,Semi Furnished,1,0,"Rungkut, Surabaya",-7.31434,112.800232,https://www.rumah123.com/properti/surabaya-rungkut/rumah-siap-huni-row-3-mobil-shm-rungkut-asri-timur-sby-timur-hos42373024/,rumah123
Rumah 2 Lantai Row 3 Mobil Graha Natura Edenia Dekat Citraland,3200000000,144.0,150.0,3,4,2,2.0,Semi Furnished,1,1,"Graha, Surabaya",-7.28917,112.734,https://www.rumah123.com/properti/surabaya-graha/rumah-2-lantai-row-3-mobil-graha-natura-edenia-dekat-citraland-hos42373205/,rumah123
Rumah Manyar Tirtoyoso Siap Huni Sby,4500000000,280.0,450.0,8,4,1,2.0,Furnished,0,0,"Manyar, Surabaya",-7.28724,112.739052,https://www.rumah123.com/properti/surabaya-manyar/rumah-manyar-tirtoyoso-siap-huni-sby-hos42123893/,rumah123
Rumah 2 Lantai SHM Siap Huni Dharmahusada Permai Surabaya Timur,5800000000,240.0,400.0,5,3,2,2.0,Unfurnished,1,1,"Dharma Husada, Surabaya",-7.26661,112.768181,https://www.rumah123.com/properti/surabaya-dharma-husada/rumah-2-lantai-shm-siap-huni-dharmahusada-permai-surabaya-timur-hos42391484/,rumah123
Rumah Mewah Siap Huni Graha Famili Dekat Pakuwon Mall Surabaya,10500000000,420.0,500.0,4,3,2,2.0,Semi Furnished,1,1,"Graha, Surabaya",-7.257472,112.75209,https://www.rumah123.com/properti/surabaya-graha/rumah-mewah-siap-huni-graha-famili-dekat-pakuwon-mall-surabaya-hos42391526/,rumah123
Rumah Baru Grand Pakuwon Sby Barat Dekat Margomulyo Harga Murah,1550000000,72.0,80.0,3,3,2,2.0,,0,0,"Tandes, Surabaya",-7.25834,112.678978,https://www.rumah123.com/properti/surabaya-tandes/rumah-baru-grand-pakuwon-sby-barat-dekat-margomulyo-harga-murah-hos42364491/,rumah123
Rumah Siap Huni Ketintang Baru Dekat Royal Plaza dan Kampus Unesa,3200000000,231.0,350.0,5,5,2,1,Unfurnished,0,0,"Ketintang, Surabaya",-7.316808,112.72814,https://www.rumah123.com/properti/surabaya-ketintang/rumah-siap-huni-ketintang-baru-dekat-royal-plaza-dan-kampus-unesa-hos42371203/,rumah123
Dijual Rumah 1 Lantai Nirwana Eksekutif - Surabaya Timur,2600000000,228.0,160.0,3,3,1,2,Unfurnished,0,0,"Wonorejo, Surabaya",-7.271274,112.731598,https://www.rumah123.com/properti/surabaya-wonorejo/dijual-rumah-1-lantai-nirwana-eksekutif-surabaya-timur-hos42257204/,rumah123
Dijual Via Lelang Rumah Kel.kutisari Kec. Tenggilis Mejoyo (Dahulu Kec. Rungkut) Surabaya,1990000000,300.0,75.0,3,2,2,1,Unfurnished,1,0,"Rungkut, Surabaya",-7.31434,112.800232,https://www.rumah123.com/properti/surabaya-rungkut/dijual-via-lelang-rumah-kelkutisari-kec-tenggilis-mejoyo-dahulu-kec-rungkut-surabaya-hos42393228/,rumah123
"Dijual Rumah Jl. Klakah Rejo , Kelurahan Kandangan Kecamatan Benowo. Surabaya",1750000000,150.0,150.0,3,1,1,1,Unfurnished,1,0,"Benowo, Surabaya",-7.23213,112.630142,https://www.rumah123.com/properti/surabaya-benowo/dijual-rumah-jl-klakah-rejo-kelurahan-kandangan-kecamatan-benowo-surabaya-hos42311591/,rumah123
Grand Pakuwon Dekat Sampoerna School dan Tengah Kota Surabaya,3750000000,144.0,158.0,3,3,2,1,,0,1,"Benowo, Surabaya",-7.23213,-7.23213,https://www.rumah123.com/properti/surabaya-benowo/grand-pakuwon-dekat-sampoerna-school-dan-tengah-kota-surabaya-hos41866559/,rumah123
Tenggilis Utara Dekat Starbucks & Excelso Furnished Minimalist Modern,2850000000,137.0,165.0,3,3,2,2,,0,1,"Tenggilis Mejoyo, Surabaya",-7.31943,-7.31943,https://www.rumah123.com/properti/surabaya-tenggilis-mejoyo/tenggilis-utara-dekat-starbucks-excelso-furnished-minimalist-modern-hos41730271/,rumah123
"Rumah Citraland Dekat Gwalk, Ciputra School dan Superindo",7500000000,280.0,400.0,4,3,2,2,,0,1,"Citraland, Surabaya",-7.309354,-7.309354,https://www.rumah123.com/properti/surabaya-citraland/rumah-citraland-dekat-gwalk-ciputra-school-dan-superindo-hos41730278/,rumah123
Bukit Darmo Golf Dekat Graha Famili dan Pakuwon Indah,16000000000,409.0,430.0,4,3,2,1,Furnished,0,1,"Graha, Surabaya",-7.257472,-7.257472,https://www.rumah123.com/properti/surabaya-graha/bukit-darmo-golf-dekat-graha-famili-dan-pakuwon-indah-hos41697967/,rumah123
Rumah Baru Komplek Gayungsari,4650000000,275.0,300.0,5,6,2,2,Unfurnished,0,0,"Gayungan, Surabaya",-7.3339984,112.7247774,https://www.rumah123.com/properti/surabaya-gayungan/rumah-baru-komplek-gayungsari-hos42393201/,rumah123
Rumah Golf View dan Kolam Renang Pribadi di Surabaya Barat,120000000000,2500.0,2000.0,7,7,3,5,Semi Furnished,1,1,"Pakuwon Indah, Surabaya",-7.28921,-7.28921,https://www.rumah123.com/properti/surabaya-pakuwon-indah/rumah-golf-view-dan-kolam-renang-pribadi-di-surabaya-barat-hos41876582/,rumah123
"Rungkut Mapan Tengah, Gunung Anyar Dekat ke Toll",2350000000,154.0,210.0,3,2,2,2,Semi Furnished,0,1,"Rungkut, Surabaya",-7.31434,-7.31434,https://www.rumah123.com/properti/surabaya-rungkut/rungkut-mapan-tengah-gunung-anyar-dekat-ke-toll-hos42094967/,rumah123
Rumah Bangunan Baru di Citraland Surabaya,3200000000,120.0,137.0,5,3,3,2,,0,0,"Citraland, Surabaya",-7.309354,-7.309354,https://www.rumah123.com/properti/surabaya-citraland/rumah-bangunan-baru-di-citraland-surabaya-hos42162078/,rumah123
Rumah 2Lantai.daerah Ketintang Surabaya Dekat Kampus.unesa Row Jln 2Mobil,1350000000,49.0,83.0,3,2,2,1,,0,0,"Ketintang, Surabaya",-7.31682,112.727997,https://www.rumah123.com/properti/surabaya-ketintang/rumah-2lantaidaerah-ketintang-surabaya-dekat-kampusunesa-row-jln-2mobil-hos41898468/,rumah123
Rumah Baru Mewah 950mÂ² Puri Galaxy Sukolilo Keputih Margomulyo Surabaya,25000000000,950.0,975.0,9,5,2,3,Unfurnished,0,0,"Sukolilo, Surabaya",-7.28917,112.734,https://www.rumah123.com/properti/surabaya-sukolilo/rumah-baru-mewah-950m-puri-galaxy-sukolilo-keputih-margomulyo-surabaya-hos39311100/,rumah123
Perumahan Rewin Lokasi Strategis Nol Jl Lingkungan.yg Asri,1700000000,200.0,180.0,5,2,1,2,,0,0,"Waru, Surabaya",-7.350308,112.767464,https://www.rumah123.com/properti/surabaya-waru/perumahan-rewin-lokasi-strategis-nol-jl-lingkunganyg-asri-hos41851542/,rumah123
Rumah Jual Termurah Royal Park Citraland Dekat Gwalk,2750000000,144.0,120.0,3,2,1,1,Semi Furnished,1,1,"Citraland, Surabaya",-7.3093542,112.6565456,https://www.rumah123.com/properti/surabaya-citraland/rumah-jual-termurah-royal-park-citraland-dekat-gwalk-hos19148948/,rumah123
Rumah Lama  Praban Wetan Surabaya Pusatt,1495000000,141.0,396.0,4,2,2,1,Unfurnished,1,1,"Bubutan, Surabaya",-7.25331,112.73286,https://www.rumah123.com/properti/surabaya-bubutan/rumah-lama-praban-wetan-surabaya-pusatt-hos9148924/,rumah123
Rumah Jual Grand Harvest Cluster Belvoir Wiyung Surabaya,1880000000,126.0,87.0,2,2,2,2,Semi Furnished,1,1,"Kebraon, Surabaya",-7.3305,112.704071,https://www.rumah123.com/properti/surabaya-kebraon/rumah-jual-grand-harvest-cluster-belvoir-wiyung-surabaya-hos39074754/,rumah123
Rumab Sukolilo Dian Regency Surabaya Timur Siap Huni dan Siap Masuk,995000000,90.0,80.0,2,1,1,1,Semi Furnished,0,0,"Sukolilo, Surabaya",-7.28813,112.8029,https://www.rumah123.com/properti/surabaya-sukolilo/rumab-sukolilo-dian-regency-surabaya-timur-siap-huni-dan-siap-masuk-hos10419701/,rumah123
Rumah Minimalis Diamond Hill Citraland Surabaya Siap Huni,8900000000,412.0,500.0,4,3,2,2,Furnished,1,1,"Citraland, Surabaya",-7.28917,112.734,https://www.rumah123.com/properti/surabaya-citraland/rumah-minimalis-diamond-hill-citraland-surabaya-siap-huni-hos13599725/,rumah123
Rumah Jual 2M-An Darmo Baru Barat Murah Dejat Darmo Permai,2850000000,264.0,200.0,5,4,1.0,2,Unfurnished,0,0,"Sukomanunggal, Surabaya",-7.26548,112.698799,https://www.rumah123.com/properti/surabaya-sukomanunggal/rumah-jual-2man-darmo-baru-barat-murah-dejat-darmo-permai-hos41060234/,rumah123
Rumah Jual Tengah Kota Jalan Biliton Strategis Siap Huni,60000000000,840.0,1900.0,6,7,3.0,5,Semi Furnished,1,1,"Gubeng, Surabaya",-7.27396,112.74819,https://www.rumah123.com/properti/surabaya-gubeng/rumah-jual-tengah-kota-jalan-biliton-strategis-siap-huni-hos17808042/,rumah123
Rumah Jual Baru Gress Graha Family Surabaya Dekat Pakuwon Mall,16000000000,345.0,550.0,4,5,2.0,2,Furnished,1,1,"Graha, Surabaya",,,https://www.rumah123.com/properti/surabaya-graha/rumah-jual-baru-gress-graha-family-surabaya-dekat-pakuwon-mall-hos8303385/,rumah123
Rumah Bagus Siap Huni di North West Park Citraland Utara,1050000000,50.0,68.0,3,2,2.0,1,Unfurnished,1,1,"Citraland, Surabaya",-7.28917,112.734,https://www.rumah123.com/properti/surabaya-citraland/rumah-bagus-siap-huni-di-north-west-park-citraland-utara-hos16570708/,rumah123
Rumah Baru Murah Darmo Permai Utara Surabaya Dekat Pakuwon,1600000000,90.0,135.0,3,3,2.0,2,Semi Furnished,1,1,"Darmo permai, Surabaya",-7.28917,112.734,https://www.rumah123.com/properti/surabaya-darmo-permai/rumah-baru-murah-darmo-permai-utara-surabaya-dekat-pakuwon-hos12886483/,rumah123
Rumah Jual Furnished di North West Park Citraland,1050000000,50.0,68.0,3,2,2.0,1,Unfurnished,1,1,"Citraland, Surabaya",-7.28917,112.734,https://www.rumah123.com/properti/surabaya-citraland/rumah-jual-furnished-di-north-west-park-citraland-hos14330116/,rumah123
Rumah 2 Lantai di North West Hill Citraland Utara Bonus Penyewa,2200000000,72.0,73.0,2,2,2.0,1,Semi Furnished,1,1,"Citraland, Surabaya",-7.28917,112.734,https://www.rumah123.com/properti/surabaya-citraland/rumah-2-lantai-di-north-west-hill-citraland-utara-bonus-penyewa-hos14179075/,rumah123
Rumah Hitung Tanah Jalan Anjasmoro Surabaya Dekat Kedungdoro,17000000000,624.0,400.0,5,3,1.0,1,Unfurnished,0,0,"Sawahan, Surabaya",-7.26502,112.731003,https://www.rumah123.com/properti/surabaya-sawahan/rumah-hitung-tanah-jalan-anjasmoro-surabaya-dekat-kedungdoro-hos39849188/,rumah123
Rumah Jual Darmo Harapan Indah Surabaya Barat,1800000000,102.0,132.0,3,3,2.0,2,Unfurnished,0,0,"Tandes, Surabaya",-7.28917,112.734,https://www.rumah123.com/properti/surabaya-tandes/rumah-jual-darmo-harapan-indah-surabaya-barat-hos41111744/,rumah123
Rumah Murah Dekat Mayjen Sungkono Di Dukuh Kupang Timur,2500000000,180.0,200.0,5,3,2.0,2,Unfurnished,0,0,"Dukuh Kupang, Surabaya",-7.28244,112.710747,https://www.rumah123.com/properti/surabaya-dukuh-kupang/rumah-murah-dekat-mayjen-sungkono-di-dukuh-kupang-timur-hos39047262/,rumah123
Rumah Baru Gress Jual Pakal Madya Jaya Minimalis 2 Lantai,1300000000,89.0,128.0,3,3,2.0,1,Unfurnished,0,0,"Pakal, Surabaya",-7.24268,112.629807,https://www.rumah123.com/properti/surabaya-pakal/rumah-baru-gress-jual-pakal-madya-jaya-minimalis-2-lantai-hos42261496/,rumah123
Rumah Jual Pusat Kota Jalan Anjasmoro Surabaya Dekat Kedungdoro,17000000000,573.0,400.0,5,3,1.0,1,Unfurnished,0,0,"Sawahan, Surabaya",-7.26502,112.731003,https://www.rumah123.com/properti/surabaya-sawahan/rumah-jual-pusat-kota-jalan-anjasmoro-surabaya-dekat-kedungdoro-hos39839874/,rumah123
Rumah Usaha Jual Raya Diponegoro Sebelah Hotel Oval Murah,31900000000,800.0,1000.0,2,2,1.0,5,Unfurnished,0,0,"Wonokromo, Surabaya",-7.304,112.731598,https://www.rumah123.com/properti/surabaya-wonokromo/rumah-usaha-jual-raya-diponegoro-sebelah-hotel-oval-murah-hos41291892/,rumah123
Rumah Baru North West Lake Citraland Utara Surabaya,1590000000,72.0,73.0,2,2,2.0,1,Semi Furnished,0,0,"Citraland, Surabaya",-7.309354,112.656548,https://www.rumah123.com/properti/surabaya-citraland/rumah-baru-gress-north-west-lake-citraland-utara-surabaya-hos41315474/,rumah123
Rumah 2 Lantai Laritz Wood Pakuwon Indah Surabaya,6000000000,160.0,220.0,4,3,2.0,2,Furnished,0,0,"Pakuwon Indah, Surabaya",-7.28921,112.674469,https://www.rumah123.com/properti/surabaya-pakuwon-indah/rumah-2-lantai-laritz-wood-pakuwon-indah-surabaya-hos40600748/,rumah123
Rumah Golfview Graha Family View Golf dan Pool Surabaya Barat,70000000000,1250.0,1600.0,5,5,2.0,5,Semi Furnished,1,1,"Graha, Surabaya",-6.26899,106.806,https://www.rumah123.com/properti/surabaya-graha/rumah-mewah-graha-family-view-golf-dan-pool-surabaya-barat-hos10267990/,rumah123
Rumah Jual Cepat Griya Asri Pakuwon City Surabaya,1500000000,78.0,230.0,3,2,3.0,1,Unfurnished,1,1,"Pakuwon City, Surabaya",-7.28917,112.67556,https://www.rumah123.com/properti/surabaya-pakuwon-city/rumah-jual-cepat-griya-asri-pakuwon-city-surabaya-hos15406913/,rumah123
Rumah Jual Siap Huni Jl Pakis Argosari Belakang Java Paragon,19900000000,800.0,750.0,5,5,2.0,4,Unfurnished,0,0,"Dukuh Pakis, Surabaya",-7.29503,112.71074,https://www.rumah123.com/properti/surabaya-dukuh-pakis/rumah-jual-siap-huni-jl-pakis-argosari-belakang-java-paragon-hos19368708/,rumah123
Rumah Jual Murah di Nirwarna Excekutif SHM dekat Park Sunrise,1750000000,157.0,90.0,2,1,,1,Unfurnished,1,1,"Rungkut, Surabaya",-7.31434,112.80023,https://www.rumah123.com/properti/surabaya-rungkut/rumah-jual-murah-di-nirwarna-excekutif-shm-dekat-park-sunrise-hos17123864/,rumah123
Rumah 2 Unit Griya Surabaya Asri Pakal Benowo,580000000,59.0,63.0,2,2,2.0,1,Unfurnished,0,0,"Pakal, Surabaya",-7.24268,112.629807,https://www.rumah123.com/properti/surabaya-pakal/rumah-2-unit-griya-surabaya-asri-pakal-benowo-hos39929683/,rumah123
Rumah Baru Gress Royal Residence Wiyung Surabaya Barat,4500000000,240.0,300.0,4,3,2,2.0,Semi Furnished,1,1,"Wiyung, Surabaya",-7.31097,112.698067,https://www.rumah123.com/properti/surabaya-wiyung/rumah-baru-gress-royal-residence-wiyung-surabaya-barat-hos39151971/,rumah123
Rumah Jual Di Greenland Residence Menganti Dekat Citraland,1200000000,78.0,83.0,3,2,2,2.0,Unfurnished,1,1,"Menganti, Surabaya",-7.28917,112.734,https://www.rumah123.com/properti/surabaya-menganti/rumah-jual-di-greenland-residence-menganti-dekat-citraland-hos17089719/,rumah123
Rumah Murah Jual Kupang Baru Dekat Kupang Indah,1800000000,200.0,150.0,4,1,1,1.0,Unfurnished,0,0,"Sukomanunggal, Surabaya",-7.26548,112.698799,https://www.rumah123.com/properti/surabaya-sukomanunggal/rumah-murah-jual-kupang-baru-dekat-kupang-indah-hos19348770/,rumah123
Rumah Baru Renovasi Lebak Indah Mas Surabaya Timur!!,2400000000,160.0,228.0,4,4,2,,Unfurnished,1,1,"Kenjeran, Surabaya",-7.23563,112.78616,https://www.rumah123.com/properti/surabaya-kenjeran/rumah-baru-renovasi-lebak-indah-mas-surabaya-timur-hos8805842/,rumah123
Rumah Jual Murah Butuh Uang Sukolilo Dian Regency,995000000,90.0,80.0,2,1,1,1.0,Unfurnished,0,0,"Sukolilo, Surabaya",-7.28813,112.802902,https://www.rumah123.com/properti/surabaya-sukolilo/rumah-jual-murah-butuh-uang-sukolilo-dian-regency-hos19432104/,rumah123
Rumah Murah Villa Sentra Raya Citraland Surabaya Barat,3100000000,160.0,240.0,3,3,2,1.0,Unfurnished,0,0,"Citraland, Surabaya",-7.309354,112.656548,https://www.rumah123.com/properti/surabaya-citraland/rumah-murah-villa-sentra-raya-citraland-surabaya-hos41824713/,rumah123
Rumah 2 Lantai Dekat Mayjen Sungkono di Dukuh Kupang Barat,4500000000,216.0,260.0,10,4,2,2.0,Unfurnished,1,1,"Dukuh Pakis, Surabaya",,,https://www.rumah123.com/properti/surabaya-dukuh-pakis/rumah-2-lantai-dekat-mayjen-sungkono-di-dukuh-kupang-barat-hos7984502/,rumah123
Rumah Jual International Village Citraland,7490000000,280.0,400.0,4,3,2,2.0,Unfurnished,0,0,"Citraland, Surabaya",-7.309354,112.656548,https://www.rumah123.com/properti/surabaya-citraland/rumah-jual-baru-international-village-citraland-hos41538461/,rumah123
Rumah Strategis Komersial Area Dekat Unair Kedokteran,13000000000,494.0,400.0,3,2,1,3.0,Unfurnished,0,1,"Dharma Husada, Surabaya",-7.26661,112.768181,https://www.rumah123.com/properti/surabaya-dharma-husada/rumah-strategis-komersial-area-dekat-unair-kedokteran-hos42268571/,rumah123
Dijual Rumah Citraland Utama 4Kt 2Lt Modern Minimalis Baru Gress,4250000000,153.0,245.0,4,3,2,1.0,Unfurnished,1,0,"Citraland, Surabaya",-7.309354,-7.309354,https://www.rumah123.com/properti/surabaya-citraland/dijual-rumah-citraland-utama-4kt-2lt-modern-minimalis-baru-gress-hos42391497/,rumah123
Wiguna Timur Regency,1850000000,153.0,140.0,3,2,2,,Unfurnished,0,0,"Surabaya Kota, Surabaya",-7.2771,-7.2771,https://www.rumah123.com/properti/surabaya-surabaya-kota/wiguna-timur-regency-hos42391511/,rumah123
Dijual Rumah Citraland Utama 4Kt 2Lt Furnish Pool Dekat Universitas Ciputra,7950000000,300.0,400.0,4,3,2,1.0,Unfurnished,1,0,"Citraland, Surabaya",-7.309354,-7.309354,https://www.rumah123.com/properti/surabaya-citraland/dijual-rumah-citraland-utama-4kt-2lt-furnish-pool-dekat-universitas-ciputra-hos42391502/,rumah123
Dijual Rumah Northwest Lake 2Lt 2Kt Lt50m Dekat Universitas Ciputra Citraland Utara Surabaya Barat,905000000,50.0,45.0,2,2,2,,Unfurnished,0,0,"Citraland, Surabaya",-7.309354,-7.309354,https://www.rumah123.com/properti/surabaya-citraland/dijual-rumah-northwest-lake-2lt-2kt-lt50m-dekat-universitas-ciputra-citraland-utara-surabaya-barat-hos42391748/,rumah123
Dijual Rumah Stonegate Hook 2Lt Lt200m 4 Kamar Surabaya Barat,4300000000,200.0,250.0,4,4,2,,Unfurnished,0,0,"Citraland, Surabaya",-7.309354,-7.309354,https://www.rumah123.com/properti/surabaya-citraland/dijual-rumah-stonegate-hook-2lt-lt200m-4-kamar-surabaya-barat-hos42391753/,rumah123
Rumah Bagus Siap Pakai Tengah Kota Surabaya,8500000000,692.0,500.0,6,6,2,2.0,Unfurnished,1,1,"Surabaya Kota, Surabaya",-7.2771,112.717407,https://www.rumah123.com/properti/surabaya-surabaya-kota/rumah-bagus-siap-pakai-tengah-kota-surabaya-hos41446985/,rumah123
Rumah Bangunan Lama Hitung Tanah Jalan Sumatra Surabaya,18000000000,600.0,346.0,3,2,1,5.0,Unfurnished,0,1,"Surabaya Kota, Surabaya",-7.2771,112.717407,https://www.rumah123.com/properti/surabaya-surabaya-kota/rumah-bangunan-lama-hitung-tanah-jalan-sumatra-surabaya-hos41850459/,rumah123
"Rumah Tengah Kota Jalan Sumatra, Gubeng, Surabaya",14000000000,437.0,388.0,6,4,2,1.0,Unfurnished,0,1,"Gubeng, Surabaya",-7.27396,112.748192,https://www.rumah123.com/properti/surabaya-gubeng/rumah-tengah-kota-jalan-sumatra-gubeng-surabaya-hos41851060/,rumah123
Green Semanggi Wonorejo Merr Rumah Bagus Dekat Starbuck Superindo,780000000,91.0,91.0,3,2,1,1.0,Furnished,0,0,"Kedung Baruk, Surabaya",-7.317924,112.777779,https://www.rumah123.com/properti/surabaya-kedung-baruk/green-semanggi-wonorejo-merr-rumah-bagus-dekat-starbuck-superindo-hos42340571/,rumah123
Free BPHTB Rumah Baru Renov Tinggal Bawa Koper Dekat Kampus Upn,775000000,78.0,78.0,3,1,1,2.0,Semi Furnished,0,0,"Medokan Ayu, Surabaya",-7.326097,112.81353,https://www.rumah123.com/properti/surabaya-medokan-ayu/rumah-baru-renovasi-tinggal-bawa-koper-saja-dekat-kampus-upn-hos42340402/,rumah123
Rumah Puri Asri Furnished Minimalis Murah,1400000000,91.0,70.0,2,2,1,1.0,Furnished,1,1,"Pakuwon City, Surabaya",-7.28917,112.67556,https://www.rumah123.com/properti/surabaya-pakuwon-city/rumah-puri-asri-furnished-minimalis-murah-hos40629077/,rumah123
Rumah Murah 500 Jutaan Mewah Wisata Semanggi Dekat Merr Superindo,595000000,78.0,78.0,2,1,1,1.0,Unfurnished,0,0,"Wonorejo, Surabaya",-7.271274,112.731598,https://www.rumah123.com/properti/surabaya-wonorejo/rumah-murah-500-jutaan-mewah-wisata-semanggi-dekat-merr-superindo-hos42348000/,rumah123
Rungkut Harapan Merrr Bangunan Premium Samping Merr,1800000000,120.0,220.0,5,4,2,1.0,Unfurnished,0,0,"Rungkut, Surabaya",-7.31434,112.800232,https://www.rumah123.com/properti/surabaya-rungkut/rungkut-harapan-merrr-bangunan-premium-samping-merr-hos41231131/,rumah123
Free Biaya2 Wiguna Selatan Bangunan Baru Gress Dekat Upn Rungkut,825000000,78.0,50.0,3,1,1,2.0,,0,0,"Gununganyar, Surabaya",-7.33182,112.80822,https://www.rumah123.com/properti/surabaya-gununganyar/wiguna-selatan-bangunan-baru-gress-dekat-upn-rungkut-merr-hos41231456/,rumah123
DP 100 Jutaan bisa Memiliki Rumah Bagus Wiguna Upn Rungkut Merr,750000000,78.0,55.0,2,1,1,1.0,,1,0,"Rungkut, Surabaya",-7.31434,112.800232,https://www.rumah123.com/properti/surabaya-rungkut/dp-100-jutaan-bisa-memiliki-rumah-bagus-wiguna-upn-rungkut-merr-hos42158495/,rumah123
Diamond Hill Citraland Jual Cepat Cluster Premium dan Mewah,8900000000,368.0,500.0,5,4,2,4.0,,0,1,"Citraland, Surabaya",-7.309354,112.656548,https://www.rumah123.com/properti/surabaya-citraland/diamond-hill-citraland-jual-cepat-cluster-premium-dan-mewah-hos41246329/,rumah123
Bukit Palma Citraland Baru Gress Harga Terjangkau,2000000000,120.0,200.0,5,5,2,2.0,Unfurnished,0,0,"Citraland, Surabaya",-7.309354,112.656548,https://www.rumah123.com/properti/surabaya-citraland/bukit-palma-citraland-baru-gress-harga-terjangkau-hos42311378/,rumah123
Rumah Mewah Ada Kolam Renang Lokasi Jemursari Sarono Jiwo,5500000000,350.0,450.0,5,3,2,2.0,Unfurnished,0,0,"Jemursari, Surabaya",-7.32428,112.74173,https://www.rumah123.com/properti/surabaya-jemursari/rumah-mewah-ada-kolam-renang-lokasi-jemursari-sarono-jiwo-hos42378406/,rumah123
Cocok untuk Kost2an atau Rumah Tinggal Rungkut Asri Dekat Upn,1400000000,200.0,200.0,3,2,1,2.0,Furnished,0,0,"Rungkut, Surabaya",-7.31434,112.800232,https://www.rumah123.com/properti/surabaya-rungkut/cocok-untuk-kost2an-atau-rumah-tinggal-rungkut-asri-dekat-upn-hos42392022/,rumah123
Rumah 2 Lantai Under 1M di Surabaya?:Fire: Wow Murah Banget! :Fire: Medokan Ayu - Rungkut Surabaya :Fire::Fire: Dijual Rumah 2 Lantai :Fire: Ukuran 6 X 15 Shmâ¨ Spesifikasi Rumah:ï¸ KT 3 KM 2ï¸ Ruang Tamuï¸ Dapurâââ Ruang Keluargaï¸ Balkon Rumah 2 Lantai Harga,750000000,90.0,120.0,3,2,2,1.0,Unfurnished,0,0,"Rungkut, Surabaya",-7.31434,112.800232,https://www.rumah123.com/properti/surabaya-rungkut/rumah-2-lantai-under-1m-di-surabayafire-wow-murah-banget-fire-medokan-ayu-rungkut-surabaya-firefire-dijual-rumah-2-hos42075627/,rumah123
Rumah Jemursari Regency,4500000000,228.0,261.0,5,5,2,2.0,Semi Furnished,0,0,"Jemursari, Surabaya",-7.32428,112.74173,https://www.rumah123.com/properti/surabaya-jemursari/rumah-jemursari-regency-hos39685627/,rumah123
Rumah Pakuwon Indah Onegolf Terrace,6500000000,216.0,300.0,4,3,2,2.0,,0,0,"Pakuwon Indah, Surabaya",-7.28921,112.674469,https://www.rumah123.com/properti/surabaya-pakuwon-indah/rumah-pakuwon-indah-onegolf-terrace-hos40998751/,rumah123
Dijual Rumah Raya Tengger Kandangan,4200000000,300.0,150.0,3,2,1,1.0,,0,0,"Surabaya Kota, Surabaya",-7.2771,112.717407,https://www.rumah123.com/properti/surabaya-surabaya-kota/dijual-rumah-raya-tengger-kandangan-hos40998815/,rumah123
Dijual Rumah Usaha Dijalan Raya Tengger Kandangan,4200000000,550.0,405.0,3,2,1,2.0,,0,0,"Surabaya Kota, Surabaya",-7.2771,112.717407,https://www.rumah123.com/properti/surabaya-surabaya-kota/dijual-rumah-usaha-dijalan-raya-tengger-kandangan-hos41005556/,rumah123
Dijual Rumah Hook Diamond Hill,8900000000,368.0,500.0,4,3,2,2.0,,0,0,"Citraland, Surabaya",-7.309354,112.656548,https://www.rumah123.com/properti/surabaya-citraland/dijual-rumah-hook-diamond-hill-hos41122315/,rumah123
Rumah Margorejo Indah [komplek Floraya],5500000000,239.0,335.0,3,3,2,1.0,,0,1,"Margorejo, Surabaya",-7.3122,112.741096,https://www.rumah123.com/properti/surabaya-margorejo/rumah-margorejo-indah-komplek-floraya-hos39912823/,rumah123
"Rumah Eksklusif Citraland - Baru Gress, High Spec & Private Lift",10000000000,210.0,640.0,5,5,4,2.0,,0,0,"Citraland, Surabaya",-7.309354,112.656548,https://www.rumah123.com/properti/surabaya-citraland/rumah-eksklusif-citraland-baru-gress-high-spec-private-lift-hos42028456/,rumah123
Rumah Sultan Siap Huni di Graha Famili - Golf View,70000000000,1250.0,1600.0,7,5,2,1.0,,0,0,"Dukuh Pakis, Surabaya",-7.29503,112.710739,https://www.rumah123.com/properti/surabaya-dukuh-pakis/rumah-sultan-siap-huni-di-graha-famili-golf-view-hos42028433/,rumah123
"Rumah Baru Full Furnished - 2 Lantai, Lokasi Strategis Depan Citraland",10800000000,210.0,400.0,4,4,2,1.0,,0,0,"Citraland, Surabaya",-7.309354,112.656548,https://www.rumah123.com/properti/surabaya-citraland/rumah-baru-full-furnished-2-lantai-lokasi-strategis-depan-citraland-hos42036754/,rumah123
"Rumah Forest Mansion Wiyung | Strategis, Nyaman & Siap Huni",1950000000,135.0,160.0,3,2,1,2.0,,0,0,"Wiyung, Surabaya",-7.31097,112.698067,https://www.rumah123.com/properti/surabaya-wiyung/rumah-forest-mansion-wiyung-strategis-nyaman-siap-huni-hos42080406/,rumah123
Rumah 2 Lantai Citraland Utama - Hunian Premium,6250000000,288.0,360.0,4,3,2,,,0,0,"Citraland, Surabaya",-7.309354,112.656548,https://www.rumah123.com/properti/surabaya-citraland/rumah-2-lantai-citraland-utama-hunian-premium-hos42092191/,rumah123
Rumah Kost Full Furnish Lokasi Strategis Semolowaru Dekat Kampus,1800000000,100.0,180.0,5.0,3.0,2,1.0,Furnished,1,1,"Semolowaru, Surabaya",-7.301301404817707,112.77731657919344,https://www.rumah123.com/properti/surabaya-semolowaru/rumah-kost-full-furnish-lokasi-strategis-semolowaru-dekat-kampus-hos41310584/,rumah123
Rumah 3 Lantai Wf Citraland Dijual - Lokasi Strategis Dekat Cbd,8750000000,240.0,540.0,4.0,5.0,2,,,0,0,"Citraland, Surabaya",-7.309354,112.656548,https://www.rumah123.com/properti/surabaya-citraland/rumah-3-lantai-wf-citraland-dijual-lokasi-strategis-dekat-cbd-hos42329887/,rumah123
Rumah Mewah Cluster Woodland - Dekat Citraland Utama,4700000000,162.0,250.0,4.0,5.0,2,,,0,0,"Citraland, Surabaya",-7.309354,112.656548,https://www.rumah123.com/properti/surabaya-citraland/rumah-mewah-cluster-woodland-dekat-citraland-utama-hos42334429/,rumah123
Rumah 2 Lantai Baru Gress Posisi Hoek - Cluster Favorit Citraland,8600000000,285.0,245.0,4.0,5.0,2,1.0,,0,0,"Citraland, Surabaya",-7.309354,112.656548,https://www.rumah123.com/properti/surabaya-citraland/rumah-2-lantai-baru-gress-posisi-hoek-cluster-favorit-citraland-hos42330037/,rumah123
Rumah 2 Lantai Baru Gress Citraland Surabaya,4250000000,180.0,265.0,5.0,4.0,2,2.0,,0,0,"Surabaya Kota, Surabaya",-7.2771,112.717407,https://www.rumah123.com/properti/surabaya-surabaya-kota/rumah-2-lantai-baru-gress-citraland-surabaya-hos42255621/,rumah123
Dijual Rumah Mewah Citraland Utama - Lingkungan Elite,3700000000,135.0,200.0,4.0,4.0,2,1.0,,0,0,"Citraland, Surabaya",-7.309354,112.656548,https://www.rumah123.com/properti/surabaya-citraland/dijual-rumah-mewah-citraland-utama-lingkungan-elite-hos42110286/,rumah123
Dijual Rumah Pantai Mentari 2 Lantai Siap Huni Murah,1650000000,102.0,120.0,2.0,1.0,2,1.0,Unfurnished,1,1,"Surabaya Kota, Surabaya",-7.2771,112.717407,https://www.rumah123.com/properti/surabaya-surabaya-kota/dijual-rumah-pantai-mentari-2-lantai-siap-huni-murah-hos41313085/,rumah123
Dijual Rumah Dukuh Kupang Barat,2300000000,144.0,180.0,5.0,4.0,2,1.0,Unfurnished,0,0,"Dukuh Kupang, Surabaya",-7.28244,112.710747,https://www.rumah123.com/properti/surabaya-dukuh-kupang/dijual-rumah-dukuh-kupang-barat-hos42392002/,rumah123
Dijual Rumah Gayungsari Barat - Baru Gress,3100000000,133.0,200.0,5.0,5.0,2,1.0,Unfurnished,0,0,"Gayungan, Surabaya",-7.33,112.726021,https://www.rumah123.com/properti/surabaya-gayungan/dijual-rumah-gayungsari-barat-baru-gress-hos42392017/,rumah123
Dijual Rumah Griya Babatan Mukti Wiyung,1900000000,135.0,100.0,4.0,2.0,1,1.0,Unfurnished,0,0,"Wiyung, Surabaya",-7.31097,112.698067,https://www.rumah123.com/properti/surabaya-wiyung/dijual-rumah-griya-babatan-mukti-wiyung-hos42348215/,rumah123
Dijual Rumah Woodland Citraland,7200000000,264.0,550.0,4.0,7.0,2,3.0,Unfurnished,0,0,"Citraland, Surabaya",-7.309354,112.656548,https://www.rumah123.com/properti/surabaya-citraland/dijual-rumah-woodland-citraland-hos42305434/,rumah123
Dijual Rumah Nginden Intan Barat,3200000000,192.0,300.0,4.0,4.0,2,1.0,Unfurnished,0,0,"Nginden, Surabaya",-7.29974,112.767357,https://www.rumah123.com/properti/surabaya-nginden/dijual-rumah-nginden-intan-barat-hos42265484/,rumah123
Dijual Rumah Northwest Park,750000000,72.0,46.0,2.0,1.0,1,1.0,Unfurnished,0,0,"Pakal, Surabaya",-7.24268,112.629807,https://www.rumah123.com/properti/surabaya-pakal/dijual-rumah-northwest-park-hos42348211/,rumah123
Dijual Rumah Jalan Bawean - Bangunan Belanda - Terawat,19000000000,530.0,400.0,7.0,4.0,1,5.0,Unfurnished,0,0,"Ngagel, Surabaya",-7.28744,112.747238,https://www.rumah123.com/properti/surabaya-ngagel/dijual-rumah-jalan-bawean-bangunan-belanda-terawat-hos42265470/,rumah123
Dijual Rumah Vila Kalijudan Indah - Boulevard -Double Way,8500000000,827.0,1000.0,7.0,7.0,2,1.0,Unfurnished,1,0,"Mulyorejo, Surabaya",-7.27049,112.780548,https://www.rumah123.com/properti/surabaya-mulyorejo/dijual-rumah-vila-kalijudan-indah-boulevard-double-way-hos42305427/,rumah123
Rumah Woodland Citraland Siap Huni,2400000000,162.0,200.0,,,2,1.0,Unfurnished,0,0,"Citraland, Surabaya",-7.309354,112.656548,https://www.rumah123.com/properti/surabaya-citraland/rumah-woodland-citraland-siap-huni-hos41509826/,rumah123
"Jual Rumah Baru Modern Minimalis Woodlan, Citraland Luas 162M2 Hadap Timur PPJB",4700000000,162.0,250.0,4.0,5.0,2,2.0,,0,0,"Citraland, Surabaya",-7.309354,112.656548,https://www.rumah123.com/properti/surabaya-citraland/jual-rumah-baru-modern-minimalis-woodlan-citraland-luas-162m2-hadap-timur-ppjb-hos41434179/,rumah123
"Jual Rumah Baru Modern Minimalis Golf Avenue, Citraland Luas 135M2 Hadap Selatan",4500000000,135.0,300.0,4.0,3.0,3,2.0,,0,0,"Citraland, Surabaya",-7.309354,112.656548,https://www.rumah123.com/properti/surabaya-citraland/jual-rumah-baru-modern-minimalis-golf-avenue-citraland-luas-135m2-hadap-selatan-hos41430272/,rumah123
Jual Rumah Baru Luxury Modern Graha Famili Luas 450M2 Private Lift Full Furnished Hadap Selatan,28000000000,450.0,650.0,3.0,4.0,2,2.0,Furnished,0,0,"Graha, Surabaya",-7.257472,112.75209,https://www.rumah123.com/properti/surabaya-graha/jual-rumah-baru-luxury-modern-graha-famili-luas-450m2-private-lift-full-furnished-hadap-selatan-hos41436060/,rumah123
"Rumah di Taman Puspa Raya-Citraland, Surabaya luas 150m2 HGB",3300000000,150.0,220.0,,,1,,,0,1,"Citraland, Surabaya",-7.28917,112.734,https://www.rumah123.com/properti/surabaya-citraland/rumah-di-taman-puspa-rayacitraland-surabaya-luas-150m2-hgb-hos16005679/,rumah123
Jual Rumah Baru Minimalis Graha Famili Vb Luas 288M2 Full Furnished Hadap Utara PPJB,13900000000,288.0,473.0,4,4,2,2,,0,0,"Graha, Surabaya",-7.257472,112.75209,https://www.rumah123.com/properti/surabaya-graha/jual-rumah-baru-minimalis-graha-famili-vb-luas-288m2-full-furnished-hadap-utara-ppjb-hos40852382/,rumah123
Jual Rumah Baru Minimalis Graha Famili Vb Luas 240M2 Full Furnished Hadap Utara,11800000000,240.0,401.0,4,3,3,2,,0,0,"Graha, Surabaya",-7.257472,112.75209,https://www.rumah123.com/properti/surabaya-graha/jual-rumah-baru-minimalis-graha-famili-vb-luas-240m2-full-furnished-hadap-utara-hos40852186/,rumah123
Rumah Villa Bukit Mas Luas 300M2 Hook SHM,5250000000,300.0,380.0,5,3,2,2,Unfurnished,0,0,"Dukuh Pakis, Surabaya",-7.29503,112.710739,https://www.rumah123.com/properti/surabaya-dukuh-pakis/rumah-villa-bukit-mas-luas-300m2-hook-shm-hos38924528/,rumah123
"Jual Rumah Classic 2,5 Lantai Villa Taman Telaga Citraland Luas 437M2 Area Commercial SHM",13000000000,437.0,600.0,5,3,3,2,,0,1,"Citraland, Surabaya",-7.309354,112.656548,https://www.rumah123.com/properti/surabaya-citraland/jual-rumah-classic-25-lantai-villa-taman-telaga-citraland-luas-437m2-area-commercial-shm-hos42005957/,rumah123
"Rumah Classic Di Villa Bukit Regency 1/ Vbr 1, Surabaya Shm Bagus",25000000000,500.0,800.0,5,4,2,6,,0,0,"Pakuwon Indah, Surabaya",-7.28921,112.67447,https://www.rumah123.com/properti/surabaya-pakuwon-indah/rumah-classic-di-villa-bukit-regency-1-vbr-1-surabaya-shm-bagus-hos18556498/,rumah123
Jual Rumah Graha Natura Luas 90M2 Bangunan 2 Lantai,1800000000,90.0,140.0,3,3,2,1,,0,0,"Sambikerep, Surabaya",-7.27993,112.654648,https://www.rumah123.com/properti/surabaya-sambikerep/jual-rumah-graha-natura-luas-90m2-bangunan-2-lantai-hos42261326/,rumah123
"Jual Rumah Klampis Harapan Luas 180M2 Bangunan 1,5 Lantai SHM",2600000000,180.0,200.0,3,2,1,1,,0,0,"Sukolilo, Surabaya",-7.28813,112.802902,https://www.rumah123.com/properti/surabaya-sukolilo/jual-rumah-klampis-harapan-luas-180m2-bangunan-15-lantai-shm-hos42267148/,rumah123
Jual Rumah Royal Residence Wiyung Luas 375M2 SHM Full Furnished,6900000000,375.0,450.0,4,3,2,2,Furnished,0,0,"Wiyung, Surabaya",-7.31097,112.698067,https://www.rumah123.com/properti/surabaya-wiyung/jual-rumah-royal-residence-wiyung-luas-375m2-shm-full-furnished-hos40159369/,rumah123
"Jual Rumah Minimalis Puri Widya Kencana Mainroad Luas 330M2 Dekat Sekolah Ciputra dan Gwalk Bangunan 2,5 Lantai SHM",11000000000,330.0,700.0,5,4,3,4,,0,0,"Citraland, Surabaya",-7.309354,112.656548,https://www.rumah123.com/properti/surabaya-citraland/jual-rumah-minimalis-puri-widya-kencana-mainroad-luas-330m2-dekat-sekolah-ciputra-dan-gwalk-bangunan-25-lantai-shm-hos41844926/,rumah123
Jual Rumah Grand Pakuwon Luas 72M2 Kamar Tidur 2 Kamar Mandi 2,1500000000,72.0,80.0,2,2,2,1,,0,0,"Tandes, Surabaya",-7.25834,112.678978,https://www.rumah123.com/properti/surabaya-tandes/jual-rumah-grand-pakuwon-luas-72m2-kamar-tidur-2-kamar-mandi-2-hos42309348/,rumah123
Jual Rumah Wisata Bukit Mas Luas 220M2 Bangunan 3 Lantai Samping Lapangan Tennis,2900000000,220.0,265.0,3,2,3,2,,0,0,"Lakarsantri, Surabaya",-7.30073,112.635658,https://www.rumah123.com/properti/surabaya-lakarsantri/jual-rumah-wisata-bukit-mas-luas-220m2-bangunan-3-lantai-samping-lapangan-tennis-hos41320981/,rumah123
Jual Rumah Graha Famili Luas 487.5M2 Hadap Selatan HGB,13000000000,487.0,550.0,4,4,2,2,,0,0,"Graha, Surabaya",-7.257472,112.75209,https://www.rumah123.com/properti/surabaya-graha/jual-rumah-graha-famili-luas-4875m2-hadap-selatan-hgb-hos41532881/,rumah123
Rumah Siap Huni Royal Residence Luas 200M2 Hadap.selatan Row Jalan 3 Mobil,3700000000,200.0,350.0,3,3,2,2,,0,0,"Wiyung, Surabaya",-7.31097,112.698067,https://www.rumah123.com/properti/surabaya-wiyung/rumah-siap-huni-royal-residence-luas-200m2-hadapselatan-row-jalan-3-mobil-hos39040596/,rumah123
Jual Rumah Graha Famili Luas 450M2 Hadap Selatan Full Furnished,14000000000,450.0,393.0,4,3,2,2,,0,0,"Graha, Surabaya",-7.257472,112.75209,https://www.rumah123.com/properti/surabaya-graha/jual-rumah-graha-famili-luas-450m2-hadap-selatan-full-furnished-hos42367510/,rumah123
"Jual.rumah Graha Famili Luas 487,5M2 Hadp.selatan Swimming Pool Lantai Marmer",18000000000,487.0,500.0,4,4,2,2,,0,0,"Graha, Surabaya",-7.257472,112.75209,https://www.rumah123.com/properti/surabaya-graha/jualrumah-graha-famili-luas-4875m2-hadpselatan-swimming-pool-lantai-marmer-hos42367548/,rumah123
Jual Rumah Northwest Central Luas 75M2 Bangunan 2 Lantai Hadap Selatan Semi Furnished,1320000000,75.0,80.0,3,2,2,1,,0,0,"Citraland, Surabaya",-7.309354,112.656548,https://www.rumah123.com/properti/surabaya-citraland/jual-rumah-northwest-central-luas-75m2-bangunan-2-lantai-hadap-selatan-semi-furnished-hos41258412/,rumah123
Dijual Rumah Rungkut Asri Murah Siap Huni,1750000000,200.0,160.0,3,3,1,1,Unfurnished,1,0,"Rungkut, Surabaya",-7.31434,112.800232,https://www.rumah123.com/properti/surabaya-rungkut/dijual-rumah-rungkut-asri-murah-siap-huni-hos40885387/,rumah123
Jual Rumah Northwest Citraland Surabaya Barat,905000000,50.0,45.0,2,2,2,1,Unfurnished,0,0,"Citraland, Surabaya",-7.28917,112.734,https://www.rumah123.com/properti/surabaya-citraland/jual-rumah-northwest-citraland-surabaya-barat-hos42392237/,rumah123
Rumah 2 Lantai Diamond Hill Citraland Surabaya Gwalk Pasar Modern,8900000000,368.0,500.0,4,3,2,1,Semi Furnished,1,1,"Citraland, Surabaya",-7.309354,112.656548,https://www.rumah123.com/properti/surabaya-citraland/rumah-2-lantai-diamond-hill-citraland-surabaya-gwalk-pasar-modern-hos41976547/,rumah123
"Dijual Rumah 2 Lantai Wisma Permai,Surabaya Timur",3100000000,262.0,300.0,4,3,2,1,Unfurnished,0,0,"Mulyorejo, Surabaya",-7.28917,112.734,https://www.rumah123.com/properti/surabaya-mulyorejo/dijual-rumah-2-lantai-wisma-permaisurabaya-timur-hos41455643/,rumah123
Rumah di Lebak Permai Utara Surabaya 2 Lantai Bagus Siap Huni,1300000000,108.0,150.0,4.0,2.0,2,1.0,Unfurnished,1,1,"Tambaksari, Surabaya",-7.2422398,112.7801295,https://www.rumah123.com/properti/surabaya-tambaksari/rumah-di-lebak-permai-utara-surabaya-2-lantai-bagus-siap-huni-hos41991575/,rumah123
Dijual Murah Rumah Royal Residence Hook Lake View Wiyung Semi Furnish 2Lt Lt100m 4Kt Dekat Pakuwon Mall dan Tol Surabaya Barat,2650000000,98.0,125.0,4.0,3.0,2,,Unfurnished,0,0,"Wiyung, Surabaya",-7.31097,-7.31097,https://www.rumah123.com/properti/surabaya-wiyung/dijual-murah-rumah-royal-residence-hook-lake-view-wiyung-semi-furnish-hos42373868/,rumah123
Dijual Rumah Baru Gress 2 Lantai Darmo Harapan Indah Surabaya Barat,1780000000,102.0,130.0,3.0,3.0,2,2.0,Unfurnished,1,0,"Tandes, Surabaya",-7.28917,112.734,https://www.rumah123.com/properti/surabaya-tandes/dijual-rumah-baru-gress-2-lantai-darmo-harapan-indah-surabaya-barat-hos40910020/,rumah123
Lelang Rumah | Daerah Kertajaya,901000000,122.0,122.0,,,1,,,0,0,"kertajaya, Surabaya",-7.282603,112.755432,https://www.rumah123.com/properti/surabaya-kertajaya/lelang-rumah-daerah-kertajaya-hos42364223/,rumah123
Lelang Ruumah | Daerah Medokan Ayu,378100000,93.0,93.0,,,1,,,0,0,"Medokan Ayu, Surabaya",-7.326097,112.81353,https://www.rumah123.com/properti/surabaya-medokan-ayu/lelang-ruumah-daerah-medokan-ayu-hos42364256/,rumah123
Lelang Rumah | Daerah Kebraon,450000000,100.0,100.0,,,1,,,0,0,"Kebraon, Surabaya",-7.3305,112.704071,https://www.rumah123.com/properti/surabaya-kebraon/lelang-rumah-daerah-kebraon-hos42364716/,rumah123
"Lelang Ruko | Daerah Gayungan, Hanya 500 Juta",500000000,64.0,64.0,,,1,,,0,0,"Gayungan, Surabaya",-7.33,112.726021,https://www.rumah123.com/properti/surabaya-gayungan/lelang-ruko-daerah-gayungan-hanya-500-juta-hos42366023/,rumah123
Lelang Rumah | Daerah Pakal,140000000,105.0,105.0,,,1,,,0,0,"Pakal, Surabaya",-7.24268,112.629807,https://www.rumah123.com/properti/surabaya-pakal/lelang-rumah-daerah-pakal-hos42364729/,rumah123
Lelang Rumah 1 Lantai | Daerah Kandangan,611000000,120.0,120.0,,,1,,,0,0,"Benowo, Surabaya",-7.23213,112.630142,https://www.rumah123.com/properti/surabaya-benowo/lelang-rumah-1-lantai-daerah-kandangan-hos42370784/,rumah123
Lelang Rumah 1 Lantai | Daerah Kedinding,300000000,134.0,134.0,,,1,,,0,0,"Kenjeran, Surabaya",-7.23563,112.786163,https://www.rumah123.com/properti/surabaya-kenjeran/lelang-rumah-1-lantai-daerah-kedinding-hos42370848/,rumah123
Lelang Rumah | Ketintang Iv/17B,2000000000,488.0,488.0,,,1,,,0,0,"Ketintang, Surabaya",-7.31682,112.727997,https://www.rumah123.com/properti/surabaya-ketintang/lelang-rumah-ketintang-iv17b-hos42364706/,rumah123
Lelang Rumah | Perumahan Griya Surabaya Asri,175000000,122.0,122.0,,,1,,,0,0,"Pakal, Surabaya",-7.24268,112.629807,https://www.rumah123.com/properti/surabaya-pakal/lelang-rumah-perumahan-griya-surabaya-asri-hos42378388/,rumah123
"Lelang Gudang | Daerah Benowo, Cuma 500 Juta",500000000,302.0,302.0,,,1,,,0,0,"Benowo, Surabaya",-7.23213,112.630142,https://www.rumah123.com/properti/surabaya-benowo/lelang-gudang-daerah-benowo-cuma-500-juta-hos42365814/,rumah123
Lelang Rumah | Jalan Marina Emas Utara 3/9,747000000,96.0,96.0,,,1,,,0,0,"Keputih, Surabaya",-7.28818,112.816513,https://www.rumah123.com/properti/surabaya-keputih/lelang-rumah-jalan-marina-emas-utara-39-hos42365751/,rumah123
Lelang Rumah 2 Lantai | Jalan Jojoran Baru 2/41,500000000,162.0,162.0,,,1,,,0,0,"Gubeng, Surabaya",-7.27396,112.748192,https://www.rumah123.com/properti/surabaya-gubeng/lelang-rumah-2-lantai-jalan-jojoran-baru-241-hos42366081/,rumah123
Lelang Rumah Mewah | Perumahan Wisma Mukti,3000000000,392.0,392.0,,,1,,,0,0,"Sukolilo, Surabaya",-7.28813,112.802902,https://www.rumah123.com/properti/surabaya-sukolilo/lelang-rumah-mewah-perumahan-wisma-mukti-hos42366095/,rumah123
Lelang Rumah Kosong | Kali Kepiting Jaya 2/42,592000000,173.0,173.0,,,1,,,0,0,"Tambaksari, Surabaya",-7.25371,112.753212,https://www.rumah123.com/properti/surabaya-tambaksari/lelang-rumah-kosong-kali-kepiting-jaya-242-hos42370818/,rumah123
Lelang Rumah | Bendul Merisi Utara 3/17-19,6500000000,600.0,600.0,,,1,,,0,0,"Wonocolo, Surabaya",-7.3273,112.737198,https://www.rumah123.com/properti/surabaya-wonocolo/lelang-rumah-bendul-merisi-utara-31719-hos42378414/,rumah123
Lelang Rumah 2 Lantai | Perumahan Pakuwon City,1200000000,112.0,112.0,,,1,,,0,1,"Keputih, Surabaya",-7.28818,112.816513,https://www.rumah123.com/properti/surabaya-keputih/lelang-rumah-2-lantai-perumahan-pakuwon-city-hos42378342/,rumah123
Lelang Rumah 2 Lantai | Perumtas 4 Blok D-7 No.08-1,320000000,105.0,105.0,,,1,,,0,0,"Jambangan, Surabaya",-7.31747,112.716637,https://www.rumah123.com/properti/surabaya-jambangan/lelang-rumah-2-lantai-perumtas-4-blok-d7-no081-hos42387371/,rumah123
Lelang Rumah 2 Lantai | Daerah Peneleh | 600 Jt,600000000,64.0,64.0,,,1,,,0,0,"Genteng, Surabaya",-7.26125,112.742767,https://www.rumah123.com/properti/surabaya-genteng/lelang-rumah-2-lantai-daerah-peneleh-600-jt-hos42383102/,rumah123
"1.550 M, Grand Pakuwon Gladstone, LT 72, LB 101, 3Kt, Gress Siap Huni",1550000000,72.0,101.0,3.0,2.0,2,1.0,Semi Furnished,1,1,"Tandes, Surabaya",-7.25834,112.678978,https://www.rumah123.com/properti/surabaya-tandes/1550-m-grand-pakuwon-gladstone-lt-72-lb-101-3kt-gress-siap-huni-hos42350139/,rumah123
Northwest Park Citraland Rumah 2 Lantai Unfurnish Terawat,1200000000,90.0,90.0,2.0,2.0,2,1.0,Unfurnished,1,1,"Citraland, Surabaya",-7.309354,112.656548,https://www.rumah123.com/properti/surabaya-citraland/northwest-park-citraland-rumah-2-lantai-unfurnish-terawat-hos42365462/,rumah123
Northwest Park Citraland Rumah Minimalis 2 Lantai Siap Huni,1750000000,120.0,100.0,3.0,2.0,2,1.0,Unfurnished,1,1,"Citraland, Surabaya",-7.309354,112.656548,https://www.rumah123.com/properti/surabaya-citraland/northwest-park-citraland-rumah-minimalis-2-lantai-siap-huni-hos42365483/,rumah123
Imperial Beach Palm Beach Pakuwon City Rumah Siap Huni One Gate,3700000000,160.0,240.0,4.0,4.0,2,1.0,Unfurnished,1,1,"Pakuwon City, Surabaya",-7.28917,112.67556,https://www.rumah123.com/properti/surabaya-pakuwon-city/imperial-beach-palm-beach-pakuwon-city-rumah-siap-huni-one-gate-hos42368000/,rumah123
Murah! Rumah Baru Siap Huni Grand Pakuwon Tandes Surabaya Jatim,1100000000,72.0,78.0,2.0,2.0,2,1.0,Unfurnished,0,0,"Tandes, Surabaya",-7.28917,112.734,https://www.rumah123.com/properti/surabaya-tandes/murah-rumah-baru-siap-huni-grand-pakuwon-tandes-surabaya-jatim-hos40444247/,rumah123
Dijual Rumah Raya Satelit Luas Besar Terawat Full Furnished,10000000000,600.0,700.0,7.0,4.0,2,1.0,Unfurnished,0,0,"Sukomanunggal, Surabaya",-7.26548,-7.26548,https://www.rumah123.com/properti/surabaya-sukomanunggal/dijual-rumah-raya-satelit-luas-besar-terawat-full-furnished-hos40171674/,rumah123
Jual Sewa Rumah Graha Family Modern 4Kt Semi Furnish Dekat Clubhouse,15000000000,345.0,358.0,4.0,5.0,2,1.0,Unfurnished,1,0,"Graha, Surabaya",-7.257472,-7.257472,https://www.rumah123.com/properti/surabaya-graha/jual-sewa-rumah-graha-family-modern-4kt-semi-furnish-dekat-clubhouse-hos41742597/,rumah123
Jual Rumah Royal Residence Wiyung 2 Lantai,2650000000,128.0,155.0,4.0,4.0,2,,Unfurnished,0,0,"Pakuwon Indah, Surabaya",-7.28921,-7.28921,https://www.rumah123.com/properti/surabaya-pakuwon-indah/jual-rumah-royal-residence-wiyung-2-lantai-hos42392640/,rumah123
15Jt/MÂ² Kertajaya Indah Timur Hitung Tanah Bangunan Baru,4500000000,300.0,240.0,4.0,3.0,2,2.0,Semi Furnished,1,1,"kertajaya, Surabaya",-7.282603,112.755432,https://www.rumah123.com/properti/surabaya-kertajaya/2-lantai-baru-row-4-minimalis-free-ac-kertajaya-indah-timur-hos41314110/,rumah123
Rumah Siap Huni Bendul Merisi Selatan Belakang Plaza Marina Margorejo,1800000000,153.0,100.0,3.0,2.0,1,2.0,Semi Furnished,0,0,"Wonocolo, Surabaya",-7.31164,112.747553,https://www.rumah123.com/properti/surabaya-wonocolo/rumah-siap-huni-bendul-merisi-selatan-belakang-plaza-marina-margorejo-hos41713677/,rumah123
"Termurah Dijual Rumah Regency Kuda Dua, Jagir, Wonokromo",1750000000,144.0,200.0,3.0,3.0,2,,Unfurnished,1,1,"Wonokromo, Surabaya",-7.304,112.731598,https://www.rumah123.com/properti/surabaya-wonokromo/termurah-dijual-rumah-regency-kuda-dua-jagir-wonokromo-hos42104317/,rumah123
Dijual Rumah Pribadi 2 Lantai di Kendung Indah Sememi Surabaya Barat,750000000,84.0,84.0,4.0,1.0,2,1.0,Unfurnished,1,0,"Benowo, Surabaya",-7.23213,112.630142,https://www.rumah123.com/properti/surabaya-benowo/dijual-rumah-pribadi-2-lantai-di-kendung-indah-sememi-surabaya-barat-hos42221099/,rumah123
Rumah Gress Free DP Satelit Surabaya Dekat Skolah Gloria & Petra,1500000000,60.0,73.0,4.0,2.0,2,2.0,Unfurnished,1,0,"Sukomanunggal, Surabaya",-7.28917,112.734,https://www.rumah123.com/properti/surabaya-sukomanunggal/rumah-gress-free-dp-satelit-surabaya-dekat-skolah-gloria-petra-hos42135985/,rumah123
Rumah 2 LT Siap Huni Lokasi Tengah Kota Surabaya Royal Dharmahusada,1700000000,40.0,80.0,2.0,2.0,2,1.0,Unfurnished,0,0,"Mulyorejo, Surabaya",-7.28917,112.734,https://www.rumah123.com/properti/surabaya-mulyorejo/rumah-2-lt-siap-huni-lokasi-tengah-kota-surabaya-royal-dharmahusada-hos41948163/,rumah123
Rumah Baru 2Lt Lokasi Darmo Satelit Surabaya Dekat Pakuwon& Petra,1500000000,72.0,75.0,3.0,2.0,2,1.0,Unfurnished,1,0,"Sukomanunggal, Surabaya",-7.28917,112.734,https://www.rumah123.com/properti/surabaya-sukomanunggal/rumah-baru-2-lt-on-progress-darmo-satelit-surabaya-dekat-p-t-c-hos41973693/,rumah123
"Dijual Rumah L200m Mojoklangru Surabaya Dekat Rs Mitra, Stasiun - Bandara",3700000000,200.0,320.0,6.0,4.0,2,2.0,Unfurnished,0,0,"Gubeng, Surabaya",-7.27396,112.748192,https://www.rumah123.com/properti/surabaya-gubeng/dijual-rumah-l200m-mojoklangru-surabaya-dekat-rs-mitra-stasiun-bandara-hos42224750/,rumah123
"Rumah Baru 2Lt Kutisari Surabaya Dekat Rungkut, Petra, Trans Icon",1270000000,50.0,75.0,2.0,2.0,2,1.0,Unfurnished,0,0,"Kutisari, Surabaya",-7.277097,112.717407,https://www.rumah123.com/properti/surabaya-kutisari/rumah-baru-2lt-kutisari-surabaya-dekat-rungkut-petra-trans-icon-hos41015047/,rumah123
Dijual Rumah Baru 2Lt Lokasi Prestisius Dharmahusada Surabaya,2600000000,120.0,150.0,5.0,4.0,2,2.0,Unfurnished,0,0,"Dharma Husada, Surabaya",-7.26661,112.768181,https://www.rumah123.com/properti/surabaya-dharma-husada/dijual-rumah-baru-2lt-lokasi-prestisius-dharmahusada-surabaya-hos42253892/,rumah123
"Rumah Full Renov Jual Murah Asem Rowo Surabaya Dekat Perak, Margomulyo",625000000,84.0,65.0,3.0,2.0,1,1.0,Unfurnished,0,0,"Asemrowo, Surabaya",-7.24736,112.707764,https://www.rumah123.com/properti/surabaya-asemrowo/rumah-full-renov-jual-murah-asem-rowo-surabaya-dekat-perak-margomulyo-hos42317042/,rumah123
"Rumah Baru Ready 2Lt Tenggilis Surabaya Dekat Ubaya, Petra, Polda",1300000000,50.0,61.0,3,2,2,1,Unfurnished,1,0,"Tenggilis Mejoyo, Surabaya",-7.31943,112.755386,https://www.rumah123.com/properti/surabaya-tenggilis-mejoyo/rumah-baru-ready-2lt-tenggilis-surabaya-dekat-ubaya-petra-bandara-hos41973644/,rumah123
Jual Apa Adanya Bangunan Rumah Msh 90% Rungkut Asri 2Lt,2500000000,200.0,350.0,4,3,2,2,Unfurnished,1,0,"Rungkut, Surabaya",-7.31434,112.800232,https://www.rumah123.com/properti/surabaya-rungkut/jual-apa-adanya-bangunan-rumah-msh-90-rungkut-asri-2lt-hos19379125/,rumah123
Rumah second selangkah d/ jln raya Rungkut Asri Utara,2000000000,180.0,130.0,3,1,1,2,Unfurnished,0,0,"Rungkut, Surabaya",-7.3190191,112.8045928,https://www.rumah123.com/properti/surabaya-rungkut/rumah-second-selangkah-d-jln-raya-rungkut-asri-utara-hos7758462/,rumah123
Rumah Siap Hun Taman Pondok Indah - Wiyung,1250000000,84.0,76.0,3,1,1,1,,0,1,"Wiyung, Surabaya",-7.31097,112.698067,https://www.rumah123.com/properti/surabaya-wiyung/rumah-siap-hun-taman-pondok-indah-wiyung-hos41340474/,rumah123
Rumah Siap Huni Strategis Perum Pandugo 2lt Rungkut,2200000000,180.0,250.0,6,2,2,1,Unfurnished,1,0,"Rungkut, Surabaya",-7.31434,112.80023,https://www.rumah123.com/properti/surabaya-rungkut/rumah-siap-huni-strategis-perum-pandugo-2lt-rungkut-hos18940360/,rumah123
"Rumah mewah 2,5lt full furnished Villa Riviera Pakuwon City",8500000000,375.0,600.0,5,4,3,4,Furnished,1,0,"Pakuwon City, Surabaya",-7.288665399999998,112.6757762,https://www.rumah123.com/properti/surabaya-pakuwon-city/rumah-mewah-25lt-full-furnished-villa-riviera-pakuwon-city-hos6609863/,rumah123
"Rumah 1,5 Lantai Lokasi Strategis Pondok Nirwana",2400000000,240.0,200.0,6,3,2,1,Unfurnished,0,0,"Rungkut, Surabaya",,,https://www.rumah123.com/properti/surabaya-rungkut/rumah-15-lantai-lokasi-strategis-pondok-nirwana-hos7928607/,rumah123
Jual rumah siap huni Graha Family 2lt,4750000000,165.0,235.0,4,3,2,1,Unfurnished,0,0,"Wiyung, Surabaya",-7.31097,112.69807,https://www.rumah123.com/properti/surabaya-wiyung/jual-rumah-siap-huni-graha-family-2lt-hos10525185/,rumah123
Jual Rumah Usaha Strategis Raya Merr 2Lt,39900000000,600.0,800.0,6,4,2,4,Semi Furnished,0,1,"Rungkut, Surabaya",-7.31434,112.800232,https://www.rumah123.com/properti/surabaya-rungkut/jual-rumah-usaha-strategis-raya-merr-2lt-hos41991444/,rumah123
Rumah cantik minimalis Puri Asri 2lt,1750000000,91.0,120.0,3,2,2,1,Semi Furnished,0,0,"Pakuwon City, Surabaya",,,https://www.rumah123.com/properti/surabaya-pakuwon-city/rumah-cantik-minimalis-puri-asri-2lt-hos3233285/,rumah123
Rumah Lama Babatan Pantai Lokasi Bagus Hadap Taman,6000000000,480.0,400.0,8,6,2,2,Unfurnished,0,1,"Mulyorejo, Surabaya",,,https://www.rumah123.com/properti/surabaya-mulyorejo/rumah-lama-babatan-pantai-lokasi-bagus-hadap-taman-hos2912036/,rumah123
Rumah Baru Gress Strategis Perum Baruk Utara 2Lt,1600000000,75.0,100.0,3,3,2,1,Unfurnished,1,0,"Rungkut, Surabaya",-7.31434,112.80023,https://www.rumah123.com/properti/surabaya-rungkut/rumah-baru-gress-strategis-perum-baruk-utara-2lt-hos18981648/,rumah123
Rumah Baru Gress Area Strategis Rungkut Mapan 2Lt,1670000000,110.0,125.0,4,4,2,2,,0,0,"Rungkut, Surabaya",-7.31434,112.800232,https://www.rumah123.com/properti/surabaya-rungkut/rumah-baru-gress-area-strategis-rungkut-mapan-2lt-hos41350621/,rumah123
Rumah Bagus Strategis Siap Huni Medayu Utara 2lt,1600000000,160.0,250.0,4,2,2,2,Semi Furnished,1,0,"Rungkut, Surabaya",-7.31434,112.800232,https://www.rumah123.com/properti/surabaya-rungkut/rumah-bagus-strategis-siap-huni-medayu-utara-2lt-hos19316292/,rumah123
Rumah murah siap huni (hook) Wonorejo Indah,1450000000,217.0,150.0,3,2,1,2,Unfurnished,0,0,"Rungkut, Surabaya",,,https://www.rumah123.com/properti/surabaya-rungkut/rumah-murah-siap-huni-hook-wonorejo-indah-hos2869504/,rumah123
Rumah Baru Gress Area Rungkut Nirwana Eksekutif 2Lt,1550000000,87.0,120.0,3,3,2,2,Unfurnished,1,1,"Rungkut, Surabaya",-7.31434,112.80023,https://www.rumah123.com/properti/surabaya-rungkut/rumah-baru-gress-area-rungkut-nirwana-eksekutif-2lt-hos16072063/,rumah123
Jual Rumah Northwest Central Citraland Luas 72M2 Bangunan 2 Lantai HGB,1000000000,72.0,55.0,1,1,2,1,Unfurnished,0,0,"Citraland, Surabaya",-7.309354,112.656548,https://www.rumah123.com/properti/surabaya-citraland/jual-rumah-northwest-central-citraland-luas-72m2-bangunan-2-lantai-hgb-hos40212842/,rumah123
Dijual Cepat Rumah Kendalsari Pratama Rungkut Surabaya,1470000000,105.0,70.0,2,1,1,1,Unfurnished,0,1,"Rungkut, Surabaya",-7.31434,112.800232,https://www.rumah123.com/properti/surabaya-rungkut/dijual-cepat-rumah-kendalsari-pratama-penjaringan-rungkut-surabaya-hos42216302/,rumah123
Rumah Royal Residence 2 Lantai,2800000000,128.0,220.0,4,4,2,2,Semi Furnished,1,1,"Wiyung, Surabaya",-7.28917,112.734,https://www.rumah123.com/properti/surabaya-wiyung/rumah-royal-residence-2-lantai-hos42350529/,rumah123
"Dijual Rumah Minimalis Modern di Tenggilis Mejoyo, Dekat Ubaya",1390000000,51.0,74.0,3,2,2,1,Unfurnished,1,0,"Tenggilis Mejoyo, Surabaya",-7.3212278343891,112.7609620388,https://www.rumah123.com/properti/surabaya-tenggilis-mejoyo/dijual-rumah-minimalis-modern-di-tenggilis-mejoyo-dekat-ubaya-hos40599874/,rumah123
Dijual Rumah Manyar,3850000000,150.0,250.0,4,4,2,2.0,Furnished,1,1,"Manyar, Surabaya",-7.28724,112.739052,https://www.rumah123.com/properti/surabaya-manyar/dijual-rumah-manyar-hos40693243/,rumah123
"Rumah Semi Furnished HGB di Pakuwon City - Laguna Regency, Surabaya",6700000000,375.0,480.0,5,5,1,2.0,Semi Furnished,1,1,"Pakuwon City, Surabaya",-7.28917,112.67556,https://www.rumah123.com/properti/surabaya-pakuwon-city/rumah-semi-furnished-hgb-di-pakuwon-city-laguna-regency-surabaya-hos40686267/,rumah123
De Casa Residence - Siap Huni.. Owner Bu,1050000000,102.0,150.0,3,3,2,1.0,,1,0,"Wiyung, Surabaya",-7.31097,112.698067,https://www.rumah123.com/properti/surabaya-wiyung/de-casa-residence-siap-huni-owner-bu-hos40686144/,rumah123
Dijual Cepat Rumah di Citraland International Village,1300000000,96.0,70.0,2,1,1,1.0,Unfurnished,0,0,"Citraland, Surabaya",-7.309354,112.656548,https://www.rumah123.com/properti/surabaya-citraland/dijual-cepat-rumah-di-citraland-international-village-hos40686113/,rumah123
Rumah Dijual Manyar,2350000000,136.0,221.0,3,2,2,2.0,Semi Furnished,1,1,"Manyar, Surabaya",-7.28724,112.739052,https://www.rumah123.com/properti/surabaya-manyar/rumah-dijual-manyar-hos40693171/,rumah123
Dijual Rumah Wisma Permai,2500000000,135.0,120.0,2,1,1,1.0,Unfurnished,0,1,"Mulyorejo, Surabaya",-7.27049,112.780548,https://www.rumah123.com/properti/surabaya-mulyorejo/dijual-rumah-wisma-permai-hos40913766/,rumah123
Lebak Permai Dijual Gercep,800000000,108.0,108.0,2,2,1,1.0,Unfurnished,0,0,"Kenjeran, Surabaya",-7.28917,112.734,https://www.rumah123.com/properti/surabaya-kenjeran/lebak-permai-dijual-gercep-hos40686121/,rumah123
Dijual Rumah Mewah 8 Kamar di Manyar Tirtoyoso,4500000000,280.0,450.0,8,4,2,2.0,Furnished,1,0,"Manyar, Surabaya",-7.28724,112.739052,https://www.rumah123.com/properti/surabaya-manyar/dijual-rumah-mewah-8-kamar-di-manyar-tirtoyoso-hos40686262/,rumah123
"7 Menit ke Pakuwon City Mall, Rumah Siap Huni Under 1.6M Nego Sampai Deal",1550000000,119.0,140.0,4,1,2,1.0,Unfurnished,1,0,"Pakuwon City, Surabaya",-7.28917,112.67556,https://www.rumah123.com/properti/surabaya-pakuwon-city/7-menit-ke-pakuwon-city-mall-rumah-siap-huni-under-16m-nego-sampai-deal-hos40686143/,rumah123
Dijual Rumah Baru Grand Vivo bisa KPR Dp10%,998000000,56.0,80.0,3,2,2,,Furnished,0,0,"Citraland, Surabaya",-7.28917,112.734,https://www.rumah123.com/properti/surabaya-citraland/dijual-rumah-baru-grand-vivo-bisa-kpr-dp10-hos40686120/,rumah123
Dijual Rumah Mulyosari,1800000000,108.0,108.0,3,1,1,1.0,Unfurnished,1,0,"Mulyosari, Surabaya",-7.26556,112.796494,https://www.rumah123.com/properti/surabaya-mulyosari/dijual-rumah-mulyosari-hos40912225/,rumah123
Dijual Rumah Mewah Araya 1 Lokasi Premium,4850000000,189.0,300.0,4,3,2,2.0,Furnished,0,0,"Sukolilo, Surabaya",-7.28813,112.802902,https://www.rumah123.com/properti/surabaya-sukolilo/dijual-rumah-mewah-araya-1-lokasi-premium-hos40951986/,rumah123
Jual Cepat Rumah Gudang Karang Asem,2800000000,350.0,270.0,3,2,1,1.0,Unfurnished,0,0,"Kenjeran, Surabaya",-7.23563,112.786163,https://www.rumah123.com/properti/surabaya-kenjeran/jual-cepat-rumah-gudang-karang-asem-hos42127190/,rumah123
Butuh Uang Dijual Cepat Rumah Bagus Kalijudan,1350000000,120.0,90.0,2,2,1,1.0,Semi Furnished,0,0,"Mulyorejo, Surabaya",-7.27049,112.780548,https://www.rumah123.com/properti/surabaya-mulyorejo/butuh-uang-dijual-cepat-rumah-bagus-kalijudan-hos42283986/,rumah123
Rumah Baru Modern dengan Kamar Lantai Kayu,2750000000,100.0,175.0,3,3,1,2.0,Semi Furnished,1,0,"Mulyorejo, Surabaya",-7.27049,112.780548,https://www.rumah123.com/properti/surabaya-mulyorejo/rumah-baru-modern-dengan-kamar-lantai-kayu-hos42310402/,rumah123
Dijual Rumah Babatan Pantai,1500000000,77.0,120.0,3,3,2,1.0,Unfurnished,0,0,"Mulyorejo, Surabaya",-7.27049,112.780548,https://www.rumah123.com/properti/surabaya-mulyorejo/dijual-rumah-babatan-pantai-hos41265250/,rumah123
Jual Rumah 2 Lantai Taman Pondok Indah Wiyung,2200000000,168.0,190.0,4,3,2,,Unfurnished,1,1,"Wiyung, Surabaya",-7.31097,112.698067,https://www.rumah123.com/properti/surabaya-wiyung/jual-rumah-2-lantai-taman-pondok-indah-wiyung-hos41565304/,rumah123
Dijual Rumah 2 Lantai Dukuh Kupang Barat Lokasi Strategis,1300000000,180.0,200.0,5,1,2,,,0,1,"Dukuh Kupang, Surabaya",-7.28917,112.734,https://www.rumah123.com/properti/surabaya-dukuh-kupang/dijual-rumah-2-lantai-dukuh-kupang-barat-lokasi-strategis-hos14004466/,rumah123
Jual Rumah Raya Manyar Kertoadi Dekat Rs Haji,3500000000,220.0,150.0,3,2,1,2.0,Unfurnished,0,1,"Manyar, Surabaya",-7.28724,112.739052,https://www.rumah123.com/properti/surabaya-manyar/jual-rumah-raya-manyar-kertoadi-dekat-rs-haji-hos41762742/,rumah123
Jual Rumah 2 Lantai Mulyosari Tengah Dekat Its,1900000000,104.0,180.0,4,2,2,1.0,Unfurnished,1,1,"Mulyosari, Surabaya",-7.26556,112.796494,https://www.rumah123.com/properti/surabaya-mulyosari/jual-rumah-2-lantai-mulyosari-tengah-dekat-its-hos41929103/,rumah123
Jual Rumah 2 Lantai di Sarono Jiwo Lokasi Strategis,3800000000,300.0,200.0,5,4,2.0,1.0,Unfurnished,1,1,"Tenggilis Mejoyo, Surabaya",-7.31943,112.755386,https://www.rumah123.com/properti/surabaya-tenggilis-mejoyo/jual-rumah-2-lantai-di-sarono-jiwo-lokasi-strategis-hos41811287/,rumah123
Hitung tanah Raya Gayungsari Barat lokasi strategis,4900000000,360.0,200.0,3,2,1.0,,Unfurnished,0,0,"Gayungan, Surabaya",,,https://www.rumah123.com/properti/surabaya-gayungan/hitung-tanah-raya-gayungsari-barat-lokasi-strategis-hos17493207/,rumah123
Rumah Pantai Mentari Dekat Pakuwon City Grand Kenjeran,5500000000,395.0,290.0,5,5,2.0,2.0,Semi Furnished,1,1,"Kenjeran, Surabaya",-7.23563,112.78616,https://www.rumah123.com/properti/surabaya-kenjeran/rumah-pantai-mentari-dekat-pakuwon-city-grand-kenjeran-hos17461740/,rumah123
Rumah 2 lantai Dukuh Kupang Barat lokasi strategis,1500000000,180.0,200.0,6,2,2.0,,Unfurnished,0,0,"Dukuh Kupang, Surabaya",,,https://www.rumah123.com/properti/surabaya-dukuh-kupang/rumah-2-lantai-dukuh-kupang-barat-lokasi-strategis-hos17493212/,rumah123
Jual Rumah Ngagel Jaya Selatan Lokasi Strategis Tengah Kota Surabaya,2900000000,300.0,200.0,4,3,1.0,1.0,Unfurnished,1,1,"Ngagel, Surabaya",-7.28744,112.747238,https://www.rumah123.com/properti/surabaya-ngagel/jual-rumah-ngagel-jaya-selatan-lokasi-strategis-tengah-kota-surabaya-hos38848749/,rumah123
Jual Cepat Rumah Hitung Tanah Semolowaru Tengah,2500000000,180.0,150.0,5,3,1.0,,,1,1,"Semolowaru, Surabaya",-7.30105,112.77856,https://www.rumah123.com/properti/surabaya-semolowaru/jual-cepat-rumah-hitung-tanah-semolowaru-tengah-hos19128415/,rumah123
Jual Rumah Jl. Raya Kedungsari Pusat Kota Lokasi Strategis,6900000000,399.0,500.0,5,3,2.0,,Unfurnished,1,1,"Tegalsari, Surabaya",-7.27355,112.737457,https://www.rumah123.com/properti/surabaya-tegalsari/jual-rumah-jl-raya-kedungsari-pusat-kota-lokasi-strategis-hos41950120/,rumah123
Hitung Tanah Raya Gayungsari Barat Jalan Kembar Strategis,4900000000,360.0,180.0,3,2,1.0,,,0,1,"Gayungan, Surabaya",-7.33,112.72602,https://www.rumah123.com/properti/surabaya-gayungan/hitung-tanah-raya-gayungsari-barat-jalan-kembar-strategis-hos16420965/,rumah123
Rumah Cantik Furnished Pakuwon City Griya Asri,1500000000,78.0,60.0,2,1,1.0,1.0,Furnished,1,1,"Pakuwon City, Surabaya",-7.28917,112.67556,https://www.rumah123.com/properti/surabaya-pakuwon-city/rumah-cantik-furnished-pakuwon-city-griya-asri-hos40257991/,rumah123
Jual Runah Graha Family Minimalis Siap Huni,13500000000,487.0,600.0,5,5,2.0,2.0,Unfurnished,1,0,"Dukuh Pakis, Surabaya",-7.28917,112.734,https://www.rumah123.com/properti/surabaya-dukuh-pakis/jual-runah-graha-family-minimalis-siap-huni-hos41995453/,rumah123
Jual Rumah Raya Bukit Golf International Citraland,18500000000,547.0,850.0,7,7,2.0,2.0,Furnished,1,0,"Citraland, Surabaya",-7.309354,112.656548,https://www.rumah123.com/properti/surabaya-citraland/jual-rumah-raya-bukit-golf-international-citraland-hos41996042/,rumah123
Rumah di Wr Supratman Pusat Kota Dekat Raya Darmo,69000000000,1400.0,500.0,4,3,,,,0,1,"Raya Darmo, Surabaya",-7.2879,112.73926,https://www.rumah123.com/properti/surabaya-raya-darmo/rumah-di-wr-supratman-pusat-kota-dekat-raya-darmo-hos17884349/,rumah123
Termurah di Royal Residence Rumah 3 Lantai Cluster Oakwood,2000000000,57.0,105.0,3,2,3.0,1.0,Unfurnished,1,0,"Wiyung, Surabaya",-7.31097,112.698067,https://www.rumah123.com/properti/surabaya-wiyung/termurah-rumah-3-lantai-royal-residence-cluster-oakwood-hos42037798/,rumah123
Jual Rumah Suvadiva Grand Island Pakuwon City,2300000000,72.0,97.0,4,2,2.0,,Unfurnished,0,0,"Pakuwon City, Surabaya",-7.28917,-7.28917,https://www.rumah123.com/properti/surabaya-pakuwon-city/rumah-baru-pakuwon-city-4-kamar-luas-harga-terbaik-hos42162876/,rumah123
Jual Rumah Wiguna Selatan Baru Renov,825000000,78.0,50.0,3,1,1.0,,Unfurnished,1,0,"Gununganyar, Surabaya",-7.33182,-7.33182,https://www.rumah123.com/properti/surabaya-gununganyar/jual-rumah-wiguna-selatan-baru-renov-hos42162786/,rumah123
Rumah Hitung Tanah Raya Wiyung Lokasi Strategis,12000000000,598.0,230.0,9,3,,,Unfurnished,0,1,"Wiyung, Surabaya",-7.31097,112.69807,https://www.rumah123.com/properti/surabaya-wiyung/rumah-hitung-tanah-raya-wiyung-lokasi-strategis-hos18518103/,rumah123
Rumah Mewah Pantai Mentari Cluster Pacific Residence,5700000000,395.0,290.0,5,5,2.0,,Furnished,1,1,"Pakuwon City, Surabaya",-7.28917,112.67556,https://www.rumah123.com/properti/surabaya-pakuwon-city/rumah-mewah-pantai-mentari-cluster-pacific-residence-hos17064943/,rumah123
Jual Rumah Kos Aktif Dekat Uk Petra Siwalankerto Permai,2400000000,199.0,300.0,9,4,2.0,,,0,0,"Wonocolo, Surabaya",-7.3273,112.737198,https://www.rumah123.com/properti/surabaya-wonocolo/jual-rumah-kos-aktif-dekat-uk-petra-siwalankerto-permai-hos15006418/,rumah123
Rumah Pakuwon City Jalan Utama Cluster Row Jalan Lebar,2750000000,150.0,120.0,4,3,2.0,1.0,Unfurnished,1,1,"Pakuwon City, Surabaya",-7.28917,112.67556,https://www.rumah123.com/properti/surabaya-pakuwon-city/rumah-pakuwon-city-jalan-utama-cluster-row-jalan-lebar-hos42199558/,rumah123
"Rumqh 3,5 Lantai Citraland Raffles Garden Lokasi Depan",13500000000,375.0,970.0,5,5,3.0,,Semi Furnished,1,1,"Citraland, Surabaya",-7.309354,112.656548,https://www.rumah123.com/properti/surabaya-citraland/rumqh-35-lantai-citraland-raffles-garden-lokasi-depan-hos42231510/,rumah123
Rumah Royal Residence Luar Cluster Row Jalan Lebar,4000000000,220.0,335.0,4,4,2.0,,Unfurnished,1,1,"Wiyung, Surabaya",-7.31097,112.698067,https://www.rumah123.com/properti/surabaya-wiyung/rumah-royal-residence-luar-cluster-row-jalan-lebar-hos42231542/,rumah123
Jual Cepat Rumah Pakuwon City Lokasi Terdepan Dekat Its,1300000000,72.0,50.0,2,1,1.0,1.0,Unfurnished,1,1,"Pakuwon City, Surabaya",-7.28917,112.67556,https://www.rumah123.com/properti/surabaya-pakuwon-city/jual-cepat-rumah-pakuwon-city-lokasi-terdepan-dekat-its-hos42228243/,rumah123
Jual Rumah Tanjung Torawitan Perak Surabaya Lokasi Strategis,4500000000,577.0,800.0,6,6,2.0,,Unfurnished,1,1,"Perak, Surabaya",-7.21642,112.731667,https://www.rumah123.com/properti/surabaya-perak/jual-rumah-tanjung-torawitan-perak-surabaya-lokasi-strategis-hos40545126/,rumah123
Rumah 2 Lantai Gayungsari Barat Dekat Trans Icon,3500000000,200.0,300.0,5,4,2.0,1.0,Unfurnished,1,0,"Gayungan, Surabaya",-7.33,112.726021,https://www.rumah123.com/properti/surabaya-gayungan/rumah-2-lantai-gayungsari-barat-dekat-trans-icon-hos41119081/,rumah123
Rumah Baru Gress Pakuwon City Dekat Mall,2300000000,91.0,135.0,3,3,2.0,,Semi Furnished,1,1,"Pakuwon City, Surabaya",-7.28917,112.67556,https://www.rumah123.com/properti/surabaya-pakuwon-city/rumah-baru-gress-pakuwon-city-dekat-mall-hos40488838/,rumah123
Rumah Nol Jalan Tambak Adi Pusat Kota Surabaya Lokasi Strategis,1800000000,180.0,270.0,4,3,2.0,,Unfurnished,1,1,"Tambaksari, Surabaya",-7.25371,112.75321,https://www.rumah123.com/properti/surabaya-tambaksari/rumah-nol-jalan-tambak-adi-pusat-kota-surabaya-lokasi-strategis-hos18616596/,rumah123
Rumah Baru Gress Graha Suryanata Benowo di Jalan Utama,450000000,72.0,54.0,2,1,,,Unfurnished,1,1,"Benowo, Surabaya",-7.23213,112.63014,https://www.rumah123.com/properti/surabaya-benowo/rumah-baru-gress-graha-suryanata-benowo-di-jalan-utama-hos18660690/,rumah123
Rumah di Dukuh Kupang Barat Lokasi Strategis,750000000,90.0,70.0,2,1,1.0,,Unfurnished,0,1,"Dukuh Kupang, Surabaya",-7.28917,112.734,https://www.rumah123.com/properti/surabaya-dukuh-kupang/rumah-di-dukuh-kupang-barat-lokasi-strategis-hos13522881/,rumah123
Jual Cepat Rumah 2 Lantai di Wisata Bukit Mas,2900000000,200.0,250.0,5,3,2.0,,Unfurnished,1,1,"Wiyung, Surabaya",-7.31097,112.69807,https://www.rumah123.com/properti/surabaya-wiyung/jual-cepat-rumah-2-lantai-di-wisata-bukit-mas-hos17330282/,rumah123
Langka Jual Cepat Klampis Indah Wisma Mukti Row.jalan 5 Mobil,6000000000,462.0,500.0,8,4,2.0,2.0,Unfurnished,1,1,"Sukolilo, Surabaya",-7.28813,112.802902,https://www.rumah123.com/properti/surabaya-sukolilo/langka-jual-cepat-klampis-indah-wisma-mukti-rowjalan-5-mobil-hos39098896/,rumah123
"Rumah 2 lantai Manyar Tirtomoyo dekat Klampis, Ngagel",3950000000,251.0,3257.0,4,3,2.0,3.0,Semi Furnished,0,0,"Manyar, Surabaya",-7.28724,112.73905,https://www.rumah123.com/properti/surabaya-manyar/rumah-2-lantai-manyar-tirtomoyo-dekat-klampis-ngagel-hos17701119/,rumah123
Jual Cepat Rumah Mulyosari Depan Taman Lokasi Strategis,2500000000,165.0,100.0,3,2,1.0,,Unfurnished,1,1,"Mulyosari, Surabaya",-7.26556,112.796494,https://www.rumah123.com/properti/surabaya-mulyosari/jual-cepat-rumah-mulyosari-depan-taman-lokasi-strategis-hos39937624/,rumah123
Jual Cepat Rumah di Jemursari Surabaya Lokasi Strategis,7800000000,540.0,400.0,6,4,1.0,,Unfurnished,0,1,"Jemursari, Surabaya",-7.32428,112.74173,https://www.rumah123.com/properti/surabaya-jemursari/jual-cepat-rumah-di-jemursari-surabaya-lokasi-strategis-hos41205194/,rumah123
Jual rumah di Raya Pacar Kembang Surabaya lokasi strategis,2700000000,168.0,120.0,4,2,1.0,,Unfurnished,0,0,"Tambaksari, Surabaya",-7.25371,112.75321,https://www.rumah123.com/properti/surabaya-tambaksari/jual-rumah-di-raya-pacar-kembang-surabaya-lokasi-strategis-hos13475454/,rumah123
Rumah Jalan Kartini pusat kota lokasi strategis SHM,20000000000,530.0,500.0,6,3,1.0,2.0,Unfurnished,1,1,"Raya Darmo, Surabaya",-7.2879,112.73926,https://www.rumah123.com/properti/surabaya-raya-darmo/rumah-jalan-kartini-pusat-kota-lokasi-strategis-shm-hos17624017/,rumah123
Rumah 2 Lantai Taman International Citraland Surabaya,2300000000,160.0,160.0,4,2,2.0,1.0,,1,1,"Citraland, Surabaya",-7.28917,112.734,https://www.rumah123.com/properti/surabaya-citraland/rumah-2-lantai-taman-international-citraland-surabaya-hos13880036/,rumah123
"Eastern Park Residence Sukolilo Dekat Pakuwon City, Its, Bumi Marina",1350000000,70.0,79.0,3,2,2.0,2.0,,0,1,"Sukolilo, Surabaya",-7.28813,112.8029,https://www.rumah123.com/properti/surabaya-sukolilo/eastern-park-residence-sukolilo-dekat-pakuwon-city-its-bumi-marina-hos13588518/,rumah123
Rumah Wisata Bukit Mas Jalan Utama Luar Cluster Double Way,10000000000,375.0,350.0,4,5,2.0,1.0,Semi Furnished,0,1,"Wisata Bukit Mas, Surabaya",-7.28917,112.734,https://www.rumah123.com/properti/surabaya-wisata-bukit-mas/rumah-wisata-bukit-mas-jalan-utama-luar-cluster-double-way-hos13569117/,rumah123
Rumah hitung tanah Raya Kartini Pusat Kota lokasi Strategis,20000000000,670.0,250.0,4,3,1.0,,,0,1,"Raya Darmo, Surabaya",-7.2879,112.73926,https://www.rumah123.com/properti/surabaya-raya-darmo/rumah-hitung-tanah-raya-kartini-pusat-kota-lokasi-strategis-hos16517293/,rumah123
Jual Rumah Wisma Mukti Klampis Indah Blok Depan,3900000000,300.0,250.0,5,3,2.0,1.0,Unfurnished,1,1,"Sukolilo, Surabaya",-7.28813,112.802902,https://www.rumah123.com/properti/surabaya-sukolilo/jual-rumah-wisma-mukti-klampis-indah-blok-depan-hos42343463/,rumah123
Dijual Rumah Second Strategis di Tenggilis,3300000000,330.0,180.0,3,3,1,1.0,Unfurnished,1,1,"Tenggilis Mejoyo, Surabaya",-7.31943,112.755386,https://www.rumah123.com/properti/surabaya-tenggilis-mejoyo/dijual-rumah-second-strategis-di-tenggilis-hos41298129/,rumah123
Dijual Rumah Second Prapen Indah,3750000000,300.0,400.0,7,3,2,1.0,Semi Furnished,1,1,"Tenggilis Mejoyo, Surabaya",-7.31943,112.755386,https://www.rumah123.com/properti/surabaya-tenggilis-mejoyo/dijual-rumah-second-prapen-indah-hos41297953/,rumah123
Rumah Hitung Harga Tanah Dekat Tol & Rmh Sakit,2700000000,234.0,190.0,3,2,1,2.0,Unfurnished,0,0,"Surabaya Kota, Surabaya",-7.2771,112.717407,https://www.rumah123.com/properti/surabaya-surabaya-kota/rumah-hitung-harga-tanah-dekat-tol-rmh-sakit-hos42338521/,rumah123
"Rumah SHM 2Lt Wisata Bukit Mas, Wiyung, Prambanan, Forest Mansion",2150000000,200.0,160.0,3,3,2,2.0,Unfurnished,1,1,"Wisata Bukit Mas, Surabaya",-7.308962,112.667053,https://www.rumah123.com/properti/surabaya-wisata-bukit-mas/bisa-ajb-lelang-cessie-rumah-shm-2lt-wisata-bukit-mas-wiyung-hos42176665/,rumah123
"Siap Huni, Rumah, 2 Lantai, HGB, Termurah, Nego Keras Sampai Laku",1550000000,72.0,101.0,3,2,2,2.0,Unfurnished,1,1,"Pakuwon, Surabaya",-7.289141,112.67572,https://www.rumah123.com/properti/surabaya-pakuwon/siap-huni-rumah-2-lantai-hgb-termurah-nego-keras-sampai-laku-hos42358354/,rumah123
Rumah Hook 2 Lantai di Rungkut Menanggal Harapan Dekat Rungkut Industri Merr,900000000,50.0,82.0,3,2,2,1.0,Unfurnished,1,1,"Rungkut Industri, Surabaya",-7.32676,112.75417,https://www.rumah123.com/properti/surabaya-rungkut-industri/rumah-hook-2-lantai-di-rungkut-menanggal-harapan-dekat-rungkut-industri-merr-hos16097732/,rumah123
Rumah Baru DP Ringan di Wonorejo Rungkut Kampus Upn,875000000,95.0,60.0,3,2,1,1.0,Unfurnished,0,0,"Rungkut, Surabaya",-7.31434,112.800232,https://www.rumah123.com/properti/surabaya-rungkut/rumah-baru-dp-ringan-di-wonorejo-rungkut-kampus-upn-hos42237885/,rumah123
Dijual Rumah Cantik Wonorejo Pandugo di Perum Rungkut Surabaya,875000000,100.0,65.0,3,2,1,1.0,Unfurnished,1,1,"Rungkut, Surabaya",-7.3051308047501,112.8082729876,https://www.rumah123.com/properti/surabaya-rungkut/rumah-cantik-wonorejo-pandugo-di-perum-rungkut-surabaya-hos19007335/,rumah123
Dijual Cepat Rumah di Pandugo 1 Surabaya,2450000000,162.0,250.0,5,4,2,1.0,Unfurnished,1,1,"Panjang Jiwo, Surabaya",-7.309823,112.764374,https://www.rumah123.com/properti/surabaya-panjang-jiwo/dijual-cepat-rumah-di-pandugo-1-surabaya-hos42242976/,rumah123
Selangkah ke Jemursari Rumah Siap Huni Bendul Merisi Surabaya,3400000000,288.0,200.0,3,2,1,1.0,Unfurnished,0,0,"Wonocolo, Surabaya",-7.3273,112.737198,https://www.rumah123.com/properti/surabaya-wonocolo/selangkah-ke-jemursari-rumah-siap-huni-bendul-merisi-surabaya-hos40826089/,rumah123
Dijual Rumah Siap Huni di Wiguna Tengah Rungkut Surabaya Timur .Semi Furnished,1900000000,180.0,160.0,4,4,1,1.0,Unfurnished,1,0,"Rungkut Industri, Surabaya",-7.32676,112.754173,https://www.rumah123.com/properti/surabaya-rungkut-industri/dijual-rumah-siap-huni-di-wiguna-tengah-rungkut-surabaya-timur-semi-furnished-hos41018382/,rumah123
Rumah 2 Lantai di Rungkut Dekat Raya Merr Pandugo Wonorejo,2170000000,200.0,250.0,9,5,2,4.0,Unfurnished,1,0,"Rungkut, Surabaya",-7.28917,112.734,https://www.rumah123.com/properti/surabaya-rungkut/rumah-2-lantai-di-rungkut-dekat-raya-merr-pandugo-wonorejo-hos42293602/,rumah123
Rumah Baru 2 Lantai di Rungkut Dekat Raya Merr,1250000000,55.0,82.0,3,2,2,1.0,Unfurnished,1,0,"Rungkut, Surabaya",-7.31434,112.800232,https://www.rumah123.com/properti/surabaya-rungkut/rumah-baru-di-rungkut-dekat-tenggilis-kedung-baruk-wonorejo-hos39859188/,rumah123
Nirwana Eksekutif 2 Lantai,2350000000,128.0,128.0,4,5,2,1.0,Unfurnished,0,0,"Surabaya Kota, Surabaya",-7.2771,112.717407,https://www.rumah123.com/properti/surabaya-surabaya-kota/nirwana-eksekutif-2-lantai-hos42126068/,rumah123
Wisma Mukti Lebar 15 Meter,3300000000,225.0,162.0,3,2,2,1.0,Unfurnished,0,0,"Semolowaru, Surabaya",-7.30105,112.778557,https://www.rumah123.com/properti/surabaya-semolowaru/wisma-mukti-lebar-15-meter-hos42127141/,rumah123
Dijual Rumah Darmo Permai,3000000000,210.0,400.0,3,3,2,1.0,Semi Furnished,0,0,"Darmo permai, Surabaya",-7.285674,112.70134,https://www.rumah123.com/properti/surabaya-darmo-permai/dijual-rumah-darmo-permai-hos42129058/,rumah123
Rumah 2 Lantai Springville,1400000000,70.0,117.0,3,2,2,1.0,,0,0,"Rungkut, Surabaya",-7.31434,112.800232,https://www.rumah123.com/properti/surabaya-rungkut/rumah-2-lantai-springville-hos40534725/,rumah123
Dijual Rumah di Greenlake Wonorejo,900000000,105.0,120.0,3,2,2,1.0,Unfurnished,0,0,"Wonorejo, Surabaya",-7.271274,112.731598,https://www.rumah123.com/properti/surabaya-wonorejo/dijual-rumah-di-greenlake-wonorejo-hos42129039/,rumah123
Wisata Bukit Mas Cluster Alexandria,3500000000,180.0,260.0,3,3,2,,,0,0,"Wisata Bukit Mas, Surabaya",-7.308962,112.667053,https://www.rumah123.com/properti/surabaya-wisata-bukit-mas/wisata-bukit-mas-cluster-alexandria-hos42285593/,rumah123
Dijual Rumah Baru Mewah Modern Minimalis Satelit Indah Siap Huni,6500000000,300.0,420.0,4,5,2,2.0,Unfurnished,1,0,"Sukomanunggal, Surabaya",-7.28917,112.734,https://www.rumah123.com/properti/surabaya-sukomanunggal/dijual-rumah-baru-mewah-modern-minimalis-satelit-indah-siap-huni-hos42357154/,rumah123
Rumah Minimalis 2 LT Hook,2300000000,136.0,260.0,5,6,2,1.0,Unfurnished,0,0,"Mulyosari, Surabaya",-7.26556,112.796494,https://www.rumah123.com/properti/surabaya-mulyosari/rumah-minimalis-2-lt-hook-hos42125954/,rumah123
Rumah Baru 2 Lantai Murah di Pakuwon City,2600000000,104.0,150.0,4,3,2,2.0,Semi Furnished,1,1,"Pakuwon City, Surabaya",-7.28917,112.67556,https://www.rumah123.com/properti/surabaya-pakuwon-city/rumah-baru-2-lantai-murah-di-pakuwon-city-hos42379252/,rumah123
Dijual Rumah Jemurandayani Surabaya dekat Rungkut Industri,2900000000,285.0,90.0,2,4,1,,Unfurnished,0,0,"Tenggilis Mejoyo, Surabaya",-7.31943,112.755386,https://www.rumah123.com/properti/surabaya-tenggilis-mejoyo/dijual-rumah-jemurandayani-surabaya-dekat-rungkut-industri-hos40236073/,rumah123
Rumah 2 Lantai Mbulak Kentinjang Surabaya Utara . Ciamik Pool,600000000,32.0,64.0,2,2,2,1.0,Unfurnished,0,0,"Kenjeran, Surabaya",-7.23563,112.786163,https://www.rumah123.com/properti/surabaya-kenjeran/rumah-2-lantai-mbulak-kentinjang-surabaya-utara-ciamik-pool-hos40589184/,rumah123
Dijual Rumah Baru Mewah Minimalis Satelit Indah,8000000000,450.0,590.0,4,5,2,2.0,Unfurnished,1,1,"Sukomanunggal, Surabaya",-7.28917,112.734,https://www.rumah123.com/properti/surabaya-sukomanunggal/dijual-rumah-baru-mewah-minimalis-satelit-indah-hos42357188/,rumah123
Jual Rumah Hook Di Gayungsari Dekat Masjid Al Akbar Surabaya,7200000000,450.0,650.0,7,6,2,1.0,Unfurnished,1,1,"Gayungan, Surabaya",-7.33,112.72602,https://www.rumah123.com/properti/surabaya-gayungan/jual-rumah-hook-di-gayungsari-dekat-masjid-al-akbar-surabaya-hos18534038/,rumah123
Jual Rumah Jemur Andayani Butuh Cepat Laku,2600000000,281.0,250.0,4,3,1,1.0,Unfurnished,0,0,"Jemursari, Surabaya",-7.32428,112.74173,https://www.rumah123.com/properti/surabaya-jemursari/jual-rumah-jemur-andayani-butuh-cepat-laku-hos40381542/,rumah123
Jual Rumah Dekat Royal Plaza Di Surabaya,3000000000,240.0,300.0,5,5,2,2.0,Unfurnished,0,0,"Wonokromo, Surabaya",-7.304,112.731598,https://www.rumah123.com/properti/surabaya-wonokromo/jual-rumah-dekat-royal-plaza-di-surabaya-hos40384256/,rumah123
Jual Rumah Hitung Tanah Di Krembangan Surabaya Utara,1700000000,196.0,196.0,4,2,1,1.0,Unfurnished,0,0,"Krembangan, Surabaya",-7.22996,112.724159,https://www.rumah123.com/properti/surabaya-krembangan/jual-rumah-hitung-tanah-di-krembangan-surabaya-utara-hos40381607/,rumah123
Rumah Dijual di Puri Safira Menganti Siap Huni,800000000,90.0,120.0,2,1,2,1.0,,1,0,"Menganti, Surabaya",-6.26899,106.806,https://www.rumah123.com/properti/surabaya-menganti/rumah-dijual-di-puri-safira-menganti-siap-huni-hos16771077/,rumah123
Jual Rumah di Jemur Andayani Surabaya Dekat Sekolah dan Gereja,11500000000,600.0,700.0,8,5,2,2.0,,0,0,"Wonocolo, Surabaya",-7.3273,112.737198,https://www.rumah123.com/properti/surabaya-wonocolo/jual-rumah-di-jemur-andayani-surabaya-dekat-sekolah-dan-gereja-hos40919098/,rumah123
Jual Rumah 2 Lantai Di Mangkunegara Surabaya,8000000000,426.0,600.0,5,5,2,6.0,Unfurnished,0,0,"Wonokromo, Surabaya",-7.304,112.731598,https://www.rumah123.com/properti/surabaya-wonokromo/jual-rumah-2-lantai-di-mangkunegara-surabaya-hos40097862/,rumah123
Jual Rumah Mewah Cokroaminoto Surabaya Bangunan Baru,17000000000,580.0,750.0,9,9,2,2.0,Furnished,0,0,"Tegalsari, Surabaya",-7.27355,112.737457,https://www.rumah123.com/properti/surabaya-tegalsari/jual-rumah-mewah-cokroaminoto-surabaya-bangunan-baru-hos40097706/,rumah123
Jual Rumah Baru 2 Lantai Sidosermo Surabaya,525000000,48.0,90.0,2,1,2,1.0,Unfurnished,0,0,"Wonocolo, Surabaya",-7.3273,112.737198,https://www.rumah123.com/properti/surabaya-wonocolo/jual-rumah-baru-2-lantai-sidosermo-surabaya-hos39923728/,rumah123
Jual Rumah Baru Woodland Surabaya Nomer Cantik 8 Lebar 9,4200000000,153.0,268.0,5,6,2,2.0,Unfurnished,0,0,"Sambikerep, Surabaya",-7.27993,112.654648,https://www.rumah123.com/properti/surabaya-sambikerep/jual-rumah-baru-woodland-surabaya-nomer-cantik-8-lebar-9-hos39922934/,rumah123
Rumah Alma Regency Hunian Nyaman Tinggal 10 Unit,1500000000,60.0,76.0,4,2,2,2.0,Unfurnished,0,0,"Sukomanunggal, Surabaya",-7.26548,112.698799,https://www.rumah123.com/properti/surabaya-sukomanunggal/rumah-alma-regency-hunian-nyaman-tinggal-10-unit-hos40020741/,rumah123
Turun Harga Jual Rumah Sidosermo Turun Harga Dekat Plasa Marina,4000000000,400.0,350.0,5,4,2,1.0,Unfurnished,0,0,"Wonocolo, Surabaya",-7.3273,112.737198,https://www.rumah123.com/properti/surabaya-wonocolo/turun-harga-jual-rumah-sidosermo-turun-harga-dekat-plasa-marina-hos39937377/,rumah123
Jual Rumah 2 Lantai Dekat Mall Royal Plaza Surabaya,2700000000,240.0,200.0,6,4,2,1.0,Unfurnished,0,0,"Wonokromo, Surabaya",-7.304,112.731598,https://www.rumah123.com/properti/surabaya-wonokromo/jual-rumah-2-lantai-dekat-mall-royal-plaza-surabaya-hos40067115/,rumah123
Rumah 2 Lantai bisa untuk kost Di Bendul Merisi dekat RSAL,1700000000,156.0,267.0,6,4,2,1.0,Furnished,0,0,"Wonocolo, Surabaya",-7.3273,112.7372,https://www.rumah123.com/properti/surabaya-wonocolo/rumah-2-lantai-bisa-untuk-kost-di-bendul-merisi-dekat-rsal-hos16769994/,rumah123
Jual Rumah Hook Ngagel 1 Lantai,1100000000,144.0,80.0,3,2,1,1.0,Unfurnished,0,0,"Wonokromo, Surabaya",-7.304,112.731598,https://www.rumah123.com/properti/surabaya-wonokromo/jual-rumah-hook-ngagel-1-lantai-hos39923345/,rumah123
Jual Rumah Bagus Shm Lebar 11m Bangunan 1 Lantai,4000000000,264.0,220.0,4,2,1.0,1.0,Unfurnished,1,1,"Wonocolo, Surabaya",-7.3273,112.7372,https://www.rumah123.com/properti/surabaya-wonocolo/jual-rumah-bagus-shm-lebar-11m-bangunan-1-lantai-hos18887633/,rumah123
Jual Rumah Lebar 8 Baru Gress Di Ketintang Surabaya,1600000000,80.0,120.0,3,3,2.0,2.0,Unfurnished,0,0,"Ketintang, Surabaya",-7.31682,112.727997,https://www.rumah123.com/properti/surabaya-ketintang/jual-rumah-lebar-8-baru-gress-di-ketintang-surabaya-hos39909962/,rumah123
"Rumah Nirwana Eksekutif 2 Lantai Dekat Merr, Dekat Kampus, Dekat Rs",1650000000,120.0,105.0,4,3,2.0,1.0,Semi Furnished,1,1,"Wonorejo, Surabaya",-6.26899,106.806,https://www.rumah123.com/properti/surabaya-wonorejo/rumah-nirwana-eksekutif-2-lantai-dekat-merr-dekat-kampus-dekat-rs-hos17737122/,rumah123
Jual Rumah 2 Lantai Di Sutorejo Surabaya Timur,1450000000,60.0,110.0,3,2,2.0,1.0,Unfurnished,0,0,"Sutorejo, Surabaya",-7.26097,112.789757,https://www.rumah123.com/properti/surabaya-sutorejo/jual-rumah-2-lantai-di-sutorejo-surabaya-timur-hos40505524/,rumah123
"Raya Kenjeran Jual Tanah Bonus Rumah Turun Harga Bisa Nego!!  Cocok Untuk Gudang, Cafe",6900000000,388.0,388.0,6,3,,1.0,Unfurnished,0,0,"Kenjeran, Surabaya",-7.23563,112.78616,https://www.rumah123.com/properti/surabaya-kenjeran/raya-kenjeran-jual-tanah-bonus-rumah-turun-harga-bisa-nego-cocok-untuk-gudang-cafe-hos17738047/,rumah123
Turun Harga Rumah Di Gayungsari Surabaya Lokasi Strategis,11000000000,594.0,1400.0,5,5,3.0,2.0,Furnished,1,1,"Gayungan, Surabaya",-7.33,112.72602,https://www.rumah123.com/properti/surabaya-gayungan/turun-harga-rumah-di-gayungsari-surabaya-lokasi-strategis-hos17738661/,rumah123
Rumah Kos 24 Kamar Tidur Di Surabaya Barat,14000000000,1883.0,1108.0,28,26,4.0,,Furnished,0,0,"Sambikerep, Surabaya",-7.27993,112.654648,https://www.rumah123.com/properti/surabaya-sambikerep/rumah-kos-24-kamar-tidur-di-surabaya-barat-hos39891383/,rumah123
Jual Rumah Usaha Di Dukuh Kupang Usaha Aktif Lokasi Strategis Dekat Kampus Dan Ramai,4000000000,180.0,360.0,2,1,2.0,2.0,Unfurnished,0,0,"Dukuh Kupang, Surabaya",-7.28244,112.710747,https://www.rumah123.com/properti/surabaya-dukuh-kupang/jual-rumah-usaha-di-dukuh-kupang-usaha-aktif-lokasi-strategis-dekat-kampus-dan-ramai-hos40453719/,rumah123
"Jual Rumah Kost Terisi Penuh Murah Poll Di Bratang Surabaya Strategis Dekat Kampus, Pasar",2500000000,445.0,400.0,10,7,1.0,1.0,Semi Furnished,1,1,"Ngagel, Surabaya",-7.28917,112.734,https://www.rumah123.com/properti/surabaya-ngagel/jual-rumah-kost-terisi-penuh-murah-poll-di-bratang-surabaya-strategis-dekat-kampus-pasar-hos17738183/,rumah123
Jual Rumah Baru Dibawah Aprasial di Ketintang Surabaya,1500000000,120.0,240.0,4,4,2.0,2.0,,0,0,"Ketintang, Surabaya",-7.31682,112.727997,https://www.rumah123.com/properti/surabaya-ketintang/jual-rumah-dibawah-aprasial-di-ketintang-surabaya-hos42325182/,rumah123
Jual Via Lelang Rumah Darmahusada Indah Tengah,7180000000,645.0,495.0,4,3,2.0,2.0,Unfurnished,0,0,"Gubeng, Surabaya",-7.27396,112.748192,https://www.rumah123.com/properti/surabaya-gubeng/jual-via-lelang-rumah-darmahusada-indah-tengah-hos40143765/,rumah123
"Murah Rumahbaru Gres Palam Beach Pakuwoncity Surabaya, Dekat dengan Sekolah,Mall, Tempat Ibadah,Dll",3700000000,160.0,240.0,4,4,2.0,2.0,Unfurnished,1,1,"Pakuwon City, Surabaya",-7.28917,112.67556,https://www.rumah123.com/properti/surabaya-pakuwon-city/murah-rumahbaru-gres-palam-beach-pakuwoncity-surabaya-dekat-dengan-sekolahmall-tempat-ibadahdll-hos41654807/,rumah123
Dijual Rumah Greenlake Wonorejo Surabaya Timur,950000000,72.0,80.0,3,2,2.0,1.0,Unfurnished,0,0,"Wonorejo, Surabaya",-7.271274,112.731598,https://www.rumah123.com/properti/surabaya-wonorejo/dijual-rumah-greenlake-wonorejo-surabaya-timur-hos41836133/,rumah123
Dijual Rumah Taman Pondok Indah Wiyung Surabaya Barat,1600000000,119.0,150.0,5,3,2.0,2.0,Unfurnished,0,1,"Wiyung, Surabaya",-7.31097,112.698067,https://www.rumah123.com/properti/surabaya-wiyung/dijual-rumah-taman-pondok-indah-wiyung-surabaya-barat-hos40208874/,rumah123
Dijual Rumah Diamond. Hill Citraland Utama Surabaya. Barat,8400000000,368.0,390.0,5,4,2.0,2.0,Unfurnished,0,0,"Citraland, Surabaya",-7.309354,112.656548,https://www.rumah123.com/properti/surabaya-citraland/dijual-rumah-diamond-hill-citraland-utama-surabaya-barat-hos39191543/,rumah123
Dijual Rumah Royal Residence Wiyung Surabaya Barat,2650000000,128.0,150.0,4,4,2.0,2.0,Unfurnished,0,0,"Wiyung, Surabaya",-7.31097,112.698067,https://www.rumah123.com/properti/surabaya-wiyung/dijual-rumah-royal-residence-wiyung-surabaya-barat-hos42302742/,rumah123
Dijual Rumah Royal Residence Wiyung Surabaya Barat,2650000000,96.0,140.0,4,3,2.0,2.0,Unfurnished,0,0,"Wiyung, Surabaya",-7.31097,112.698067,https://www.rumah123.com/properti/surabaya-wiyung/dijual-rumah-royal-residence-wiyung-surabaya-barat-hos40091223/,rumah123
Dijual/Sewa Rumah Pondok Rosan Wiyung- Surabaya Barat,2800000000,283.0,200.0,9,8,1.0,2.0,Semi Furnished,0,0,"Wiyung, Surabaya",-7.31097,112.698067,https://www.rumah123.com/properti/surabaya-wiyung/dijual-rumah-pondok-rosan-wiyung-surabaya-barat-hos39204294/,rumah123
Rumah Siap Huni Graha Natura Surabaya Dekat Pakuwon & Skolah Ciputra,3300000000,144.0,117.0,4,4,1.0,2.0,Unfurnished,0,0,"Sambikerep, Surabaya",-7.27993,112.654648,https://www.rumah123.com/properti/surabaya-sambikerep/rumah-siap-huni-graha-natura-surabaya-dekat-pakuwon-skolah-ciputra-hos42392409/,rumah123
Dijual Via Lelang Rumah Galaxi Bumi Permai Kel.medokan Semampir Kec.sukolilo Surabaya,3260000000,176.0,45.0,3,2,2.0,1.0,Unfurnished,1,0,"Surabaya Kota, Surabaya",-7.2771,112.717407,https://www.rumah123.com/properti/surabaya-surabaya-kota/dijual-via-lelang-rumah-galaxi-bumi-permai-kelmedokan-semampir-kecsukolilo-surabaya-hos42392394/,rumah123
Dijual Rumah Mewah di Graha Family Surabaya Barat.shm,23500000000,731.0,1000.0,5,5,1.0,1.0,Unfurnished,0,0,"Sambikerep, Surabaya",-7.27993,112.654648,https://www.rumah123.com/properti/surabaya-sambikerep/dijual-rumah-mewah-di-graha-family-surabaya-baratshm-hos41198586/,rumah123
Rumah Mewah Fasilitas Lengkap Lakarsantri Wiyung Surabaya Barat,1350000000,60.0,76.0,3,3,1.0,,Semi Furnished,1,1,"Wiyung, Surabaya",-7.31097,112.698067,https://www.rumah123.com/properti/surabaya-wiyung/rumah-mewah-fasilitas-lengkap-lakarsantri-wiyung-surabaya-barat-hos40880744/,rumah123
Rumah Mezzanine American Classic di Lakarsantri Wiyung Surabaya,865000000,60.0,68.0,3,1,2.0,1.0,Unfurnished,1,1,"Menganti, Surabaya",-7.294023,112.587967,https://www.rumah123.com/properti/surabaya-menganti/rumah-mezzanine-american-classic-di-lakarsantri-wiyung-surabaya-hos40868215/,rumah123
Rumah Baru Mepet Pakuwon City Mall & Kampus Its Surabaya Timur,774000000,35.0,54.0,2,1,2.0,1.0,Unfurnished,1,1,"Mulyorejo, Surabaya",-7.27049,112.780548,https://www.rumah123.com/properti/surabaya-mulyorejo/rumah-baru-mepet-pakuwon-city-mall-kampus-its-surabaya-timur-hos39385366/,rumah123
Rumah 2 Lt Siap Huni Jemursari Rungkut Strategis Dekat Pusat Kota,1370000000,50.0,61.0,3,2,2.0,1.0,Unfurnished,1,1,"Rungkut, Surabaya",-7.31434,112.800232,https://www.rumah123.com/properti/surabaya-rungkut/rumah-2-lt-siap-huni-jemursari-rungkut-strategis-dekat-pusat-kota-hos38953901/,rumah123
Satu-Satunya Rumah di Jl. Hr Muhammad Surabaya Dekat Pakuwon Mall,1500000000,60.0,89.0,3,3,2.0,2.0,Unfurnished,1,1,"Sambikerep, Surabaya",-7.27993,112.654648,https://www.rumah123.com/properti/surabaya-sambikerep/satusatunya-rumah-di-jl-hr-muhammad-surabaya-dekat-pakuwon-mall-hos39691810/,rumah123
Satu-Satunya Perumahan Mepet Jl Hr Muhammad Pusat Kota Surabaya,1500000000,60.0,89.0,3,3,2.0,2.0,Unfurnished,1,1,"Darmo permai, Surabaya",-7.285674,112.70134,https://www.rumah123.com/properti/surabaya-darmo-permai/satusatunya-perumahan-mepet-jl-hr-muhammad-pusat-kota-surabaya-hos39692260/,rumah123
Murah Full Furnish Manyar Sukolilo Kota Surabaya Dekat Untag Merr,4850000000,264.0,326.0,4,4,2.0,2.0,Furnished,1,1,"Manyar, Surabaya",-7.28724,112.739052,https://www.rumah123.com/properti/surabaya-manyar/harga-murah-rumah-full-furnish-manyar-surabaya-dekat-kampus-hos41960615/,rumah123
Rumah Full Furnish Mulyorejo Surabaya Timur Dekat Kampus C Unair,5100000000,160.0,186.0,3,3,2.0,2.0,Furnished,1,1,"Mulyorejo, Surabaya",-7.27049,112.780548,https://www.rumah123.com/properti/surabaya-mulyorejo/rumah-full-furnish-mulyorejo-surabaya-timur-dekat-kampus-c-unair-hos42337292/,rumah123
Rumah Baru Free Furnish Raya Manyar Dekat Pusat Kota Surabaya,5000000000,264.0,326.0,4,4,2.0,2.0,Furnished,1,1,"Manyar, Surabaya",-7.28724,112.739052,https://www.rumah123.com/properti/surabaya-manyar/rumah-mewah-strategis-manyar-semolowaru-sukolilo-sby-dekat-untag-hos38848174/,rumah123
Dijual Rumah 2 Lantai Lokasi Palm Residence Sememi Barat Benowo,1500000000,105.0,170.0,3,3,2.0,1.0,,1,0,"Benowo, Surabaya",-7.23213,112.63014,https://www.rumah123.com/properti/surabaya-benowo/dijual-rumah-2-lantai-lokasi-palm-residence-sememi-barat-benowo-hos18737093/,rumah123
Dijual Rumah Baru Siap Huni Jalan Tenggilis Mejoyo Surabaya,1580000000,90.0,125.0,3,3,2.0,1.0,Unfurnished,1,0,"Tenggilis Mejoyo, Surabaya",-7.31943,112.755386,https://www.rumah123.com/properti/surabaya-tenggilis-mejoyo/dijual-rumah-baru-siap-huni-jalan-tenggilis-mejoyo-surabaya-hos41991782/,rumah123
Dijual Rumah Sememi Residence Benowo,1800000000,119.0,110.0,3,3,4.0,2.0,Unfurnished,1,0,"Benowo, Surabaya",-7.23213,112.63014,https://www.rumah123.com/properti/surabaya-benowo/dijual-rumah-sememi-residence-benowo-hos17914920/,rumah123
Dijual Rumah Di Sememi Bagus Sudah Shm,595000000,90.0,60.0,2,1,,1.0,,1,0,"Benowo, Surabaya",-7.23213,112.63014,https://www.rumah123.com/properti/surabaya-benowo/dijual-rumah-di-sememi-bagus-sudah-shm-hos18087332/,rumah123
Dijual Rumah 2 Lantai Lokasi Tenggilis Dekat Kampus Ubaya,1650000000,72.0,110.0,3,3,2.0,2.0,Unfurnished,1,0,"Tenggilis Mejoyo, Surabaya",-7.31943,112.75539,https://www.rumah123.com/properti/surabaya-tenggilis-mejoyo/dijual-rumah-2-lantai-lokasi-tenggilis-dekat-kampus-ubaya-hos18133923/,rumah123
Dijual Rumah Tengah Kota Surabaya Cocok Unt Kos Dan Cafe,12000000000,365.0,534.0,22,8,,3.0,Unfurnished,0,0,"Tegalsari, Surabaya",-7.27355,112.73746,https://www.rumah123.com/properti/surabaya-tegalsari/dijual-rumah-tengah-kota-surabaya-cocok-unt-kos-dan-cafe-hos17919675/,rumah123
Rumah 2 Lantai Darmo Permai Selatan Surabaya,5600000000,210.0,500.0,5,3,2.0,2.0,Unfurnished,1,0,"Darmo permai, Surabaya",-7.2856742,112.7006524,https://www.rumah123.com/properti/surabaya-darmo-permai/rumah-2-lantai-darmo-permai-selatan-surabaya-hos18291335/,rumah123
Dijual Rumah Baru 2 Lantai Ready Unit Lokasi Kenjeran,490000000,28.0,56.0,2,2,2.0,1.0,Unfurnished,1,0,"Kenjeran, Surabaya",-7.23563,112.78616,https://www.rumah123.com/properti/surabaya-kenjeran/dijual-rumah-baru-2-lantai-ready-unit-lokasi-kenjeran-hos18288342/,rumah123
Dijual Rumah Bagus Lokasi Darmo Permai Selatan,3750000000,210.0,400.0,3,3,,2.0,Unfurnished,1,0,"Darmo permai, Surabaya",-7.2856742,112.70133904551,https://www.rumah123.com/properti/surabaya-darmo-permai/dijual-rumah-bagus-lokasi-darmo-permai-selatan-hos17912365/,rumah123
Dijual Rumah Siap Huni Medayu Utara Surabaya,1500000000,160.0,112.0,2,1,,,Unfurnished,1,0,"Rungkut, Surabaya",-7.31434,112.80023,https://www.rumah123.com/properti/surabaya-rungkut/dijual-rumah-siap-huni-medayu-utara-surabaya-hos17446582/,rumah123
Dijual Rumah Di Manyar Jaya Shm Dekat Untag,6500000000,462.0,312.0,4,2,,1.0,Unfurnished,1,0,"Manyar, Surabaya",-7.28724,112.73905,https://www.rumah123.com/properti/surabaya-manyar/dijual-rumah-di-manyar-jaya-shm-dekat-untag-hos18614101/,rumah123
Dijual Rumah Shm 2 Lantai Lokasi Pantai Mentari Kenjeran,2000000000,102.0,80.0,2,2,2.0,1.0,Unfurnished,1,0,"Kenjeran, Surabaya",-7.23563,112.78616,https://www.rumah123.com/properti/surabaya-kenjeran/dijual-rumah-shm-2-lantai-lokasi-pantai-mentari-kenjeran-hos18534463/,rumah123
Rumah Baru Ready Unit 2 Lantai Lokasi Lebak Jaya Kenjeran,1150000000,62.0,75.0,3,2,2.0,1.0,Unfurnished,0,1,"Kenjeran, Surabaya",-7.23563,112.78616,https://www.rumah123.com/properti/surabaya-kenjeran/rumah-baru-ready-unit-2-lantai-lokasi-lebak-jaya-kenjeran-hos17811601/,rumah123
Dijual/Sewa Cepat Rumah Villa Bukit Masbaru Renovasi Seperti Baru. Siap Huni,6500000000,314.0,400.0,4,3,2.0,2.0,Unfurnished,1,0,"Dukuh Pakis, Surabaya",-7.29503,112.710739,https://www.rumah123.com/properti/surabaya-dukuh-pakis/dijualsewa-cepat-rumah-villa-bukit-masbaru-renovasi-seperti-baru-siap-huni-hos41505562/,rumah123
Dijual Rumah Mewah Klasik Di San Antonio Pakuwon City Surabaya Full Furnished,11000000000,367.0,550.0,6,4,2.0,2.0,Furnished,1,0,"Keputih, Surabaya",-7.28818,112.81651,https://www.rumah123.com/properti/surabaya-keputih/dijual-rumah-mewah-klasik-di-san-antonio-pakuwon-city-surabaya-full-furnished-hos19134602/,rumah123
Dijual Via Lelang Rumah Pakuwon City Cluster San Diego Surabaya,2690000000,160.0,90.0,3,2,2.0,1.0,Unfurnished,1,0,"Pakuwon City, Surabaya",-7.28917,112.67556,https://www.rumah123.com/properti/surabaya-pakuwon-city/dijual-via-lelang-rumah-pakuwon-city-cluster-san-diego-surabaya-hos41713578/,rumah123
Di Jual Rumah Hook Pakis Argosariselangkah ke Ciputra World Surabaya,18600000000,700.0,500.0,3,3,2.0,2.0,Furnished,1,0,"Dukuh Pakis, Surabaya",-7.29503,112.710739,https://www.rumah123.com/properti/surabaya-dukuh-pakis/di-jual-rumah-hook-pakis-argosariselangkah-ke-ciputra-world-surabaya-hos41991445/,rumah123
Rumah Baru 2 Lantai Lokasi Rungkut Asri Tengah,2100000000,120.0,164.0,3,3,2.0,1.0,Unfurnished,1,0,"Rungkut, Surabaya",-7.31434,112.80023,https://www.rumah123.com/properti/surabaya-rungkut/rumah-baru-2-lantai-lokasi-rungkut-asri-tengah-hos18534230/,rumah123
Rumah mewah 2 Lantai Lokasi Keputih Surabaya,1011000000,45.0,59.0,2,2,2.0,1.0,Unfurnished,1,0,"Keputih, Surabaya",-7.28818,112.81651,https://www.rumah123.com/properti/surabaya-keputih/rumah-mewah-2-lantai-lokasi-keputih-surabaya-hos17396314/,rumah123
Dijual Murah Rumah Menganti Dengan Row Jalan 6 Dan 12 Meter,470000000,60.0,36.0,2,1,,1.0,Unfurnished,1,1,"Menganti, Surabaya",-7.28917,112.734,https://www.rumah123.com/properti/surabaya-menganti/dijual-murah-rumah-menganti-dengan-row-jalan-6-dan-12-meter-hos17945992/,rumah123
Rumah 2 Lantai Baru Gress Lokasi Baruk Utara,1750000000,75.0,100.0,3,3,2.0,1.0,Unfurnished,1,0,"Rungkut, Surabaya",-7.31434,112.80023,https://www.rumah123.com/properti/surabaya-rungkut/rumah-2-lantai-baru-gress-lokasi-baruk-utara-hos18614619/,rumah123
Dijual Rumah Di Rungkut Lokasi Dekat Merr Sudah Shm,925000000,70.0,60.0,2,1,,1.0,Unfurnished,1,0,"Rungkut, Surabaya",-7.31434,112.80023,https://www.rumah123.com/properti/surabaya-rungkut/dijual-rumah-di-rungkut-lokasi-dekat-merr-sudah-shm-hos18607590/,rumah123
Rumah 2 Lantai Murah Lokasi Menganti Row Jalan 6 Dan 12 Meter,650000000,60.0,65.0,2,1,1.0,1.0,Unfurnished,1,1,"Menganti, Surabaya",-7.28917,112.734,https://www.rumah123.com/properti/surabaya-menganti/rumah-2-lantai-murah-lokasi-menganti-row-jalan-6-dan-12-meter-hos17946086/,rumah123
Dijual Rumah Baru Suterejo Prima Indah Utara Surabaya,2000000000,90.0,160.0,4,3,2.0,1.0,Unfurnished,1,0,"Keputih, Surabaya",-7.28818,112.816513,https://www.rumah123.com/properti/surabaya-keputih/dijual-rumah-baru-suterejo-prima-indah-utara-surabaya-hos42165872/,rumah123
Dijual Rumah Siap Huni Lokasi Rungkut Barata Surabaya,1900000000,153.0,250.0,5,2,2.0,1.0,Unfurnished,1,0,"Rungkut, Surabaya",-7.31434,112.800232,https://www.rumah123.com/properti/surabaya-rungkut/dijual-rumah-siap-huni-lokasi-rungkut-barata-surabaya-hos39227297/,rumah123
Rumah 2 Lantai Lokasi Dekat Wiyung Dan Jalan Mastrip,1590000000,90.0,92.0,3,2,2.0,1.0,Unfurnished,1,0,"Wiyung, Surabaya",-7.31097,112.69807,https://www.rumah123.com/properti/surabaya-wiyung/rumah-2-lantai-lokasi-dekat-wiyung-dan-jalan-mastrip-hos18600670/,rumah123
Dijual Rumah Baru Lokasi Medokan Rungkut,700000000,45.0,50.0,3,1,2.0,1.0,Unfurnished,1,0,"Rungkut, Surabaya",-7.31434,112.80023,https://www.rumah123.com/properti/surabaya-rungkut/dijual-rumah-baru-lokasi-medokan-rungkut-hos18599825/,rumah123
Rumah 2 Lantai Lokasi Dekat Wiyung Dan Mastrip,1290000000,60.0,78.0,3,2,2.0,1.0,Unfurnished,1,1,"Wiyung, Surabaya",-7.31097,112.69807,https://www.rumah123.com/properti/surabaya-wiyung/rumah-2-lantai-lokasi-dekat-wiyung-dan-mastrip-hos18600158/,rumah123
Dijual Rumah Baru Nirwana Executive Rungkut Sudah Shm,1650000000,87.0,120.0,3,3,2.0,1.0,Unfurnished,1,0,"Rungkut, Surabaya",-7.31434,112.80023,https://www.rumah123.com/properti/surabaya-rungkut/dijual-rumah-baru-nirwana-executive-rungkut-sudah-shm-hos18615052/,rumah123
Dijual Rumah Mewah Murah Royal Residence Wiyung,3700000000,204.0,150.0,3.0,3.0,2.0,1,Unfurnished,1,0,"Wiyung, Surabaya",-7.31097,112.698067,https://www.rumah123.com/properti/surabaya-wiyung/dijual-rumah-mewah-murah-royal-residence-wiyung-hos39198911/,rumah123
Dijual Rumah 2.5 Lantai Lokasi Bumi Marina Emas,2000000000,96.0,140.0,4.0,2.0,2.0,1,Unfurnished,1,0,"Surabaya Kota, Surabaya",-7.2771,112.717407,https://www.rumah123.com/properti/surabaya-surabaya-kota/dijual-rumah-25-lantai-lokasi-bumi-marina-emas-hos39897785/,rumah123
Dijual Rumah Kebraon 1 Lantai Sudah Shm,1100000000,108.0,100.0,,,1.0,1,Unfurnished,1,0,"Kebraon, Surabaya",-7.3305,112.704071,https://www.rumah123.com/properti/surabaya-kebraon/dijual-rumah-kebraon-1-lantai-sudah-shm-hos19384101/,rumah123
Dijual Rumah 1 Lantai Lokasi Lakarsantri Dekat Wiyung,1050000000,55.0,36.0,2.0,2.0,1.0,1,Furnished,1,1,"Wiyung, Surabaya",-7.31097,112.698067,https://www.rumah123.com/properti/surabaya-wiyung/dijual-rumah-1-lantai-lokasi-lakarsantri-dekat-wiyung-hos39274426/,rumah123
Dijual Rumah Mewah Margorejo Indah Semi Furnished,9200000000,400.0,500.0,5.0,3.0,2.0,2,Semi Furnished,1,0,"Margorejo, Surabaya",-7.3122,112.7411,https://www.rumah123.com/properti/surabaya-margorejo/dijual-rumah-mewah-margorejo-indah-semi-furnished-hos19135166/,rumah123
Dijual Rumah Grand Harvest Cluster Caspia Lokasi Kebraon,1150000000,60.0,80.0,2.0,2.0,,1,Unfurnished,1,0,"Kebraon, Surabaya",-7.3305,112.70407,https://www.rumah123.com/properti/surabaya-kebraon/dijual-rumah-grand-harvest-cluster-caspia-lokasi-kebraon-hos18756906/,rumah123
Dijual Rumah Dijual Rumah Ready Dekat Karang Pilang Surabaya,835000000,120.0,45.0,2.0,1.0,,1,Unfurnished,1,1,"Karangpilang, Surabaya",-7.34304,112.69739,https://www.rumah123.com/properti/surabaya-karangpilang/dijual-rumah-dijual-rumah-ready-dekat-karang-pilang-surabaya-hos17183344/,rumah123
Dijual Rumah Dukuh Kupang Barat 1.5 Lantai,1200000000,98.0,80.0,2.0,1.0,1.0,1,Unfurnished,1,1,"Dukuh Kupang, Surabaya",-7.2824402,112.7107433,https://www.rumah123.com/properti/surabaya-dukuh-kupang/dijual-rumah-dukuh-kupang-barat-15-lantai-hos18843440/,rumah123
Dijual Rumah 2 Lantai Lokasi Jalan Jemur Andayani Surabaya,7000000000,300.0,450.0,5.0,7.0,2.0,2,Unfurnished,1,0,"Surabaya Kota, Surabaya",-7.2771,112.717407,https://www.rumah123.com/properti/surabaya-surabaya-kota/dijual-rumah-2-lantai-lokasi-jalan-jemur-andayani-surabaya-hos41744370/,rumah123
Dijual Rumah Mewah Lokasi Margorejo Indah Surabaya,14500000000,754.0,530.0,6.0,5.0,2.0,2,Unfurnished,1,1,"Surabaya Kota, Surabaya",-7.2771,112.717407,https://www.rumah123.com/properti/surabaya-surabaya-kota/dijual-rumah-mewah-lokasi-margorejo-indah-surabaya-hos38857845/,rumah123
Dijual Rumah 2 Lantai Kondisi Bagus Lokasi Bukit Palma Citraland Surabaya,1700000000,120.0,100.0,3.0,2.0,1.0,1,Unfurnished,1,0,"Citraland, Surabaya",-7.309354,112.656548,https://www.rumah123.com/properti/surabaya-citraland/dijual-rumah-2-lantai-kondisi-bagus-lokasi-bukit-palma-citraland-surabaya-hos39338376/,rumah123
"Rumah 2 lantai Baru, Lokasi Graha Family Surabaya",16000000000,345.0,600.0,4.0,4.0,2.0,2,Unfurnished,1,0,"Surabaya Kota, Surabaya",-7.2771,112.71741,https://www.rumah123.com/properti/surabaya-surabaya-kota/rumah-2-lantai-baru-lokasi-graha-family-surabaya-hos17377175/,rumah123
Dijual Rumah Bagus Lokasi Manyar Tirtosari Dekat Kampus Ubayasurabaya,4900000000,284.0,350.0,4.0,3.0,2.0,2,Unfurnished,1,0,"Surabaya Kota, Surabaya",-7.2771,112.717407,https://www.rumah123.com/properti/surabaya-surabaya-kota/dijual-rumah-bagus-lokasi-manyar-tirtosari-dekat-kampus-ubayasurabaya-hos39855643/,rumah123
Dijual Rumah Mewah Murah Woodland Citraland Surabaya.,5700000000,210.0,360.0,4.0,4.0,2.0,2,Semi Furnished,1,0,"Citraland, Surabaya",-7.309354,112.656548,https://www.rumah123.com/properti/surabaya-citraland/dijual-rumah-mewah-murah-woodland-citraland-surabaya-hos39754082/,rumah123
Rumah 2 Lantai Lokasi Lakarsantri Dekat Dengan Pakuwon,1063000000,60.0,57.0,2.0,2.0,2.0,1,Unfurnished,1,0,"Pakuwon, Surabaya",-7.2907986,112.676013,https://www.rumah123.com/properti/surabaya-pakuwon/rumah-2-lantai-lokasi-lakarsantri-dekat-dengan-pakuwon-hos18546206/,rumah123
Dijual Via Lelang Rumah Citraland Cluster Raffles Garden Surabaya,4600000000,312.0,200.0,4.0,3.0,2.0,2,Unfurnished,1,1,"Citraland, Surabaya",-7.309354,112.656548,https://www.rumah123.com/properti/surabaya-citraland/dijual-via-lelang-rumah-citraland-cluster-raffles-garden-surabaya-hos40232090/,rumah123
Dijual Rumah Di Grand Pakuwon Bagus Hadap Utara,1650000000,100.0,90.0,3.0,2.0,,1,Unfurnished,1,0,"Tandes, Surabaya",-7.25834,112.67898,https://www.rumah123.com/properti/surabaya-tandes/dijual-rumah-di-grand-pakuwon-bagus-hadap-utara-hos18609293/,rumah123
Dijual Rumah 2 Lantai Bagus Lokasi Medokan Asri Utara,1500000000,70.0,115.0,3.0,3.0,2.0,1,Unfurnished,1,0,"Medokan Ayu, Surabaya",-7.28917,112.734,https://www.rumah123.com/properti/surabaya-medokan-ayu/dijual-rumah-2-lantai-bagus-lokasi-medokan-asri-utara-hos17913652/,rumah123
Rumah Murah Blok Favorit Nwp Citraland 120MÂ² SHM Surabaya Barat,1650000000,120.0,100.0,3.0,2.0,2.0,2,Unfurnished,1,1,"Pakal, Surabaya",-7.24268,112.629807,https://www.rumah123.com/properti/surabaya-pakal/rumah-murah-blok-favorit-nwp-citraland-120m-shm-surabaya-barat-hos42306707/,rumah123
Rumah Baru Baru Gress Mewah di Bukit Golf Int Sby Barat,9250000000,300.0,500.0,5.0,6.0,2.0,2,Unfurnished,1,1,"Citraland, Surabaya",-7.309354,112.656548,https://www.rumah123.com/properti/surabaya-citraland/rumah-baru-baru-gress-mewah-di-bukit-golf-int-sby-barat-hos42313922/,rumah123
Rumah Hitung Tanah Pusat Kota Ngagel bisa Dipecah Jadi 2 Rumah,6000000000,354.0,90.0,1,1,1,,Unfurnished,0,0,"Surabaya Kota, Surabaya",-7.2771,112.717407,https://www.rumah123.com/properti/surabaya-surabaya-kota/rumah-hitung-tanah-pusat-kota-ngagel-bisa-dipecah-jadi-2-rumah-hos42327011/,rumah123
Rumah Mewah Baru Gress SHM Citraland Bukit Golf Int Sby Barat,9950000000,300.0,600.0,5,5,3,2.0,Unfurnished,1,0,"Citraland, Surabaya",-7.309354,112.656548,https://www.rumah123.com/properti/surabaya-citraland/rumah-mewah-baru-gress-shm-citraland-bukit-golf-int-sby-barat-hos42323713/,rumah123
Rumah Mewah Waterfront Citraland 5Kt LT 240 LB 430MÂ² Sby Barat,6900000000,240.0,430.0,5,6,3,2.0,Semi Furnished,1,0,"Citraland, Surabaya",-7.309354,112.656548,https://www.rumah123.com/properti/surabaya-citraland/rumah-mewah-waterfront-citraland-5kt-lt-240-lb-430m-sby-barat-hos42349916/,rumah123
Taman Golf Citraland Surabaya Barat Cash Only (Lelang),11000000000,375.0,600.0,4,4,1,2.0,Semi Furnished,1,1,"Citraland, Surabaya",-7.309354,112.656548,https://www.rumah123.com/properti/surabaya-citraland/taman-golf-citraland-surabaya-barat-cash-only-lelang-hos42334588/,rumah123
Rumah Tanah Besar 480M2 Darmo Harapan Selangkah ke Toll Satelit,5000000000,480.0,268.0,4,2,1,1.0,Unfurnished,1,0,"Darmo permai, Surabaya",-7.28917,112.734,https://www.rumah123.com/properti/surabaya-darmo-permai/rumah-tanah-besar-480m2-darmo-harapan-selangkah-ke-toll-satelit-hos42365229/,rumah123
Graha Family Surabaya Luas 384M2 Bonus Bangunan SHM Sby Barat,9000000000,384.0,450.0,4,3,2,1.0,Semi Furnished,1,0,"Graha, Surabaya",-7.257472,112.75209,https://www.rumah123.com/properti/surabaya-graha/graha-family-surabaya-luas-384m2-bonus-bangunan-shm-sby-barat-hos42351999/,rumah123
Hot Deal Rumah SHM 240M2 La Riz Wood Pakuwon Sby Barat,7200000000,240.0,300.0,4,4,2,2.0,Semi Furnished,1,1,"Pakuwon Indah, Surabaya",-7.28921,112.674469,https://www.rumah123.com/properti/surabaya-pakuwon-indah/hot-deal-rumah-shm-240m2-la-riz-wood-pakuwon-sby-barat-hos42365284/,rumah123
Rumah Siap Huni SHM Luas 200 2 1/4 Lantai Darmo Satelit Sby Barat,2950000000,200.0,320.0,4,4,3,2.0,Semi Furnished,1,1,"Sukomanunggal, Surabaya",-7.26548,112.698799,https://www.rumah123.com/properti/surabaya-sukomanunggal/rumah-siap-huni-shm-luas-200-2-14-lantai-darmo-satelit-sby-barat-hos42379946/,rumah123
Dijual Via Lelang Rumah Dharmahusada Indah Utara Surabaya,6580000000,425.0,300.0,3,2,1,2.0,Unfurnished,1,0,"Surabaya Kota, Surabaya",-7.2771,112.717407,https://www.rumah123.com/properti/surabaya-surabaya-kota/dijual-via-lelang-rumah-dharmahusada-indah-utara-surabaya-hos39865220/,rumah123
Dijual Rumah Mewah Full Furnished Lokasi Pakis Surabaya,19900000000,1030.0,1300.0,7,6,2,2.0,Furnished,0,0,"Surabaya Kota, Surabaya",-7.2771,112.71741,https://www.rumah123.com/properti/surabaya-surabaya-kota/dijual-rumah-mewah-full-furnished-lokasi-pakis-surabaya-hos19222455/,rumah123
Dijual Rumah Mewah Lokasi Gayungsari Surabaya,11000000000,594.0,1400.0,5,5,2,2.0,Unfurnished,1,0,"Surabaya Kota, Surabaya",-7.2771,112.717407,https://www.rumah123.com/properti/surabaya-surabaya-kota/dijual-rumah-mewah-lokasi-gayungsari-surabaya-hos39976479/,rumah123
Dijual / Disewakanrumah di Kertajaya Indah Timur Surabaya,13000000000,600.0,120.0,6,4,2,2.0,Unfurnished,1,0,"Surabaya Kota, Surabaya",-7.2771,112.717407,https://www.rumah123.com/properti/surabaya-surabaya-kota/dijual-disewakanrumah-di-kertajaya-indah-timur-surabaya-hos41289507/,rumah123
Dijual Via Lelang Rumah Jalan Cempaka Kel Embong Kec Genteng Surabaya,21600000000,707.0,120.0,3,2,2,2.0,Unfurnished,1,0,"Surabaya Kota, Surabaya",-7.2771,112.717407,https://www.rumah123.com/properti/surabaya-surabaya-kota/dijual-via-lelang-rumah-jalan-cempaka-kel-embong-kec-genteng-surabaya-hos42157879/,rumah123
Dijual Rumah Galaxi Bumi Permai Tahap 1 Minimalis Modern Siap Huni Surabaya,7000000000,240.0,400.0,4,4,3,2.0,Unfurnished,1,0,"Surabaya Kota, Surabaya",-7.2771,112.717407,https://www.rumah123.com/properti/surabaya-surabaya-kota/dijual-rumah-galaxi-bumi-permai-tahap-1-minimalis-modern-siap-huni-surabaya-hos41287656/,rumah123
Dijual Rumah Mewah Dharmahusada Indah Utarasurabaya Timur Lokasi Elit & Prestisius,13000000000,450.0,600.0,6,3,2,4.0,Unfurnished,1,1,"Surabaya Kota, Surabaya",-7.2771,112.717407,https://www.rumah123.com/properti/surabaya-surabaya-kota/dijual-rumah-mewah-dharmahusada-indah-utarasurabaya-timur-lokasi-elit-prestisius-hos41127759/,rumah123
Dijual Rumah Bagus Simpang Darmo Permai Selatan,4500000000,360.0,450.0,5,5,1,1.0,Unfurnished,1,0,"Surabaya Kota, Surabaya",-7.2771,112.717407,https://www.rumah123.com/properti/surabaya-surabaya-kota/dijual-rumah-bagus-simpang-darmo-permai-selatan-hos39340616/,rumah123
Dijual Rumah.2 Lantai Rumah The Dharma Regency.dekat Kampus.uunai.surabaya,1700000000,113.0,122.0,3,3,2,1.0,Semi Furnished,1,0,"Surabaya Kota, Surabaya",-7.2771,112.717407,https://www.rumah123.com/properti/surabaya-surabaya-kota/dijual-rumah2-lantai-rumah-the-dharma-regencydekat-kampusuunaisurabaya-hos39890485/,rumah123
Dijual Rumah Mewah Baru Lokasi Cokroaminoto Surabaya,17500000000,580.0,750.0,6,8,2,2.0,Unfurnished,1,0,"Surabaya Kota, Surabaya",-7.2771,112.717407,https://www.rumah123.com/properti/surabaya-surabaya-kota/dijual-rumah-mewah-baru-lokasi-cokroaminoto-surabaya-hos40000133/,rumah123
Dijual Rumah Manyar Tirtoyoso Surabaya,3800000000,140.0,218.0,4,4,2,1.0,Unfurnished,1,0,"Surabaya Kota, Surabaya",-7.2771,112.717407,https://www.rumah123.com/properti/surabaya-surabaya-kota/dijual-rumah-manyar-tirtoyoso-surabaya-hos41185896/,rumah123
Dijual Via Lelang Rumah Prapen Indah Kel Panjang Jiwo Kec Tinggilis Surabaya,2050000000,165.0,90.0,3,2,2,1.0,Unfurnished,1,0,"Surabaya Kota, Surabaya",-7.2771,112.717407,https://www.rumah123.com/properti/surabaya-surabaya-kota/dijual-via-lelang-rumah-prapen-indah-kel-panjang-jiwo-kec-tinggilis-surabaya-hos41221993/,rumah123
Dijual Rumah Lokasi Simolangit Putat Jaya Surabaya,2500000000,200.0,200.0,3,3,1,1,Unfurnished,1,0,"Surabaya Kota, Surabaya",-7.2771,112.717407,https://www.rumah123.com/properti/surabaya-surabaya-kota/dijual-rumah-lokasi-simolangit-putat-jaya-surabaya-hos38849587/,rumah123
Dijual Rumah Lokasi Dukuh Kupang Surabaya,5300000000,555.0,400.0,8,5,1,2,Unfurnished,1,0,"Surabaya Kota, Surabaya",-7.2771,112.717407,https://www.rumah123.com/properti/surabaya-surabaya-kota/dijual-rumah-lokasi-dukuh-kupang-surabaya-hos39958116/,rumah123
Dijual Via Lelang Rumah Jalan Baratajaya Kec Gubeng Surabaya,6500000000,483.0,120.0,3,2,1,2,Unfurnished,1,0,"Surabaya Kota, Surabaya",-7.2771,112.717407,https://www.rumah123.com/properti/surabaya-surabaya-kota/dijual-via-lelang-rumah-jalan-baratajaya-kec-gubeng-surabaya-hos41599294/,rumah123
Dijual Via Lelang Rumah Jalan Darmo Baru Barat Kel Sonokwijenan Kec Sukomanunggal Surabaya,13300000000,1495.0,150.0,3,2,1,2,Unfurnished,1,0,"Surabaya Kota, Surabaya",-7.2771,112.717407,https://www.rumah123.com/properti/surabaya-surabaya-kota/dijual-via-lelang-rumah-jalan-darmo-baru-barat-kel-sonokwijenan-kec-sukomanunggal-surabaya-hos41393524/,rumah123
Dijual Via Lelang Rumah Dharmahusada Mas Kel Mulyorejo Kec Mulyorejo Surabaya,2380000000,200.0,90.0,3,2,2,1,Unfurnished,1,0,"Surabaya Kota, Surabaya",-7.2771,112.717407,https://www.rumah123.com/properti/surabaya-surabaya-kota/dijual-via-lelang-rumah-dharmahusada-mas-kel-mulyorejo-kec-mulyorejo-surabaya-hos41348290/,rumah123
Dijual Rumah 1.5 Lantai Lokasi Manyar Adi Surabaya,1800000000,209.0,233.0,5,2,1,1,Unfurnished,1,0,"Surabaya Kota, Surabaya",-7.2771,112.717407,https://www.rumah123.com/properti/surabaya-surabaya-kota/dijual-rumah-15-lantai-lokasi-manyar-adi-surabaya-hos19408807/,rumah123
Dijual Via Lelang Rumah Puri Galaxi Jalan Puri Sukolilo Barat Cluster Palm Courts Kel Medokan Semampir Kec Sukolilo Surabaya,6010000000,375.0,120.0,3,2,2,1,Unfurnished,1,0,"Rungkut, Surabaya",-7.31434,112.800232,https://www.rumah123.com/properti/surabaya-rungkut/dijual-via-lelang-rumah-puri-galaxi-jalan-puri-sukolilo-barat-cluster-palm-courts-kel-medokan-semampir-kec-sukolilo-hos41561956/,rumah123
Dijual Via Lelang Rumah Jalan Nias Surabaya,7640000000,544.0,250.0,4,3,1,2,Unfurnished,0,0,"Surabaya Kota, Surabaya",-7.2771,112.717407,https://www.rumah123.com/properti/surabaya-surabaya-kota/dijual-via-lelang-rumah-jalan-nias-surabaya-hos39509663/,rumah123
Dijual Rumah Mewah Galaxy Bumi Permai Araya Surabaya,7500000000,375.0,500.0,5,3,2,2,Unfurnished,1,0,"Surabaya Kota, Surabaya",-7.2771,112.717407,https://www.rumah123.com/properti/surabaya-surabaya-kota/dijual-rumah-mewah-galaxy-bumi-permai-araya-surabaya-hos41321320/,rumah123
Dijual Via Lelang Rumah Jalan Medokan Semampir Indah Kel Medokan Semampir Kec Sukolilo Surabaya,2700000000,480.0,70.0,3,2,1,2,Unfurnished,1,0,"Rungkut, Surabaya",-7.31434,112.800232,https://www.rumah123.com/properti/surabaya-rungkut/dijual-via-lelang-rumah-jalan-medokan-semampir-indah-kel-medokan-semampir-kec-sukolilo-surabaya-hos41348180/,rumah123
Dijual Via Lelang Rumah Jalan Khairil Anwar Kel Darmo Kec Wonokromo Surabaya,10220000000,654.0,90.0,3,2,1,2,Unfurnished,0,0,"Surabaya Kota, Surabaya",-7.2771,112.717407,https://www.rumah123.com/properti/surabaya-surabaya-kota/dijual-via-lelang-gudang-kel-jumputrejo-kec-sukodono-sidoarjo-hos41388496/,rumah123
Dijual Via Lelang Rumah Kel. Medokan Ayu Kec Rungkut Surabaya,500000000,200.0,45.0,3,2,1,1,Unfurnished,1,0,"Rungkut, Surabaya",-7.31434,112.800232,https://www.rumah123.com/properti/surabaya-rungkut/dijual-via-lelang-rumah-kel-medokan-ayu-kec-rungkut-surabaya-hos41751552/,rumah123
Dijual Rumah Bagus Lokasi Kutisari Surabaya,4800000000,400.0,400.0,5,4,2,2,Unfurnished,1,0,"Surabaya Kota, Surabaya",-7.2771,112.717407,https://www.rumah123.com/properti/surabaya-surabaya-kota/dijual-rumah-bagus-lokasi-kutisari-surabaya-hos40615793/,rumah123
Dijual Via Lelang Rumah Kel Wonorejo Kec Rungkut Surabaya,587000000,128.0,45.0,2,1,2,1,Unfurnished,1,0,"Rungkut, Surabaya",-7.31434,112.800232,https://www.rumah123.com/properti/surabaya-rungkut/dijual-via-lelang-rumah-kel-wonorejo-kec-rungkut-surabaya-hos41458206/,rumah123
Dijual Rumah Lokasi Medokan Ayu Utara Rungkut Surabaya,900000000,100.0,75.0,2,1,1,1,Unfurnished,1,0,"Rungkut, Surabaya",-7.31434,112.800232,https://www.rumah123.com/properti/surabaya-rungkut/dijual-rumah-lokasi-medokan-ayu-utara-rungkut-surabaya-hos39465116/,rumah123
Dijual Rumah Murah Lokasi Manyar Rejo Surabaya,5200000000,334.0,500.0,5,3,2,1,Unfurnished,1,0,"Surabaya Kota, Surabaya",-7.2771,112.717407,https://www.rumah123.com/properti/surabaya-surabaya-kota/dijual-rumah-murah-lokasi-manyar-rejo-surabaya-hos40029920/,rumah123
Dijual Via Lelang Rumah Hook Purimas Taman Pecatu Rrungkut Surabaya,5300000000,288.0,50.0,3,2,1,2,Unfurnished,1,1,"Rungkut, Surabaya",-7.31434,112.800232,https://www.rumah123.com/properti/surabaya-rungkut/dijual-via-lelang-rumah-hook-purimas-taman-pecatu-rrungkut-surabaya-hos40560340/,rumah123
Dijual Rumah Lokasi Ketintang Baru Gayungan Surabaya,2900000000,247.0,400.0,8,5,2,2,Unfurnished,1,0,"Surabaya Kota, Surabaya",-7.2771,112.717407,https://www.rumah123.com/properti/surabaya-surabaya-kota/dijual-rumah-lokasi-ketintang-baru-gayungan-surabaya-hos40021026/,rumah123
Dijual Rumah Nirwana Eksekutif Rungkut Surabaya,1800000000,97.0,150.0,3,3,2,1,Unfurnished,1,0,"Rungkut, Surabaya",-7.31434,112.800232,https://www.rumah123.com/properti/surabaya-rungkut/dijual-rumah-nirwana-eksekutif-rungkut-surabaya-hos40167867/,rumah123
Dijual Rumah Murah Medayu Utara Rungkut Surabaya,650000000,77.0,47.0,2,1,1,1,Unfurnished,1,0,"Rungkut, Surabaya",-7.31434,112.800232,https://www.rumah123.com/properti/surabaya-rungkut/dijual-rumah-murah-medayu-utara-rungkut-surabaya-hos41132267/,rumah123
Dijual Rumah Murah Lokasi Ngagel Surabaya,1100000000,144.0,80.0,3,2,1,1,Unfurnished,0,0,"Surabaya Kota, Surabaya",-7.2771,112.717407,https://www.rumah123.com/properti/surabaya-surabaya-kota/dijual-rumah-murah-lokasi-ngagel-surabaya-hos39956872/,rumah123
Dijual Via Lelang Rumah Jalan Progo Kel Darmo Kec Wonokromo Surabaya,18330000000,805.0,120.0,3,2,1,2,Unfurnished,0,0,"Surabaya Kota, Surabaya",-7.2771,112.717407,https://www.rumah123.com/properti/surabaya-surabaya-kota/dijual-via-lelang-rumah-jalan-progo-kel-darmo-kec-wonokromo-surabaya-hos41243997/,rumah123
Dijual Rumah 2 Lantai Baru Lokasi Selangkah Dari Merr Surabaya,2600000000,120.0,180.0,4,3,2,1,Unfurnished,1,0,"Rungkut, Surabaya",-7.31434,112.800232,https://www.rumah123.com/properti/surabaya-rungkut/dijual-rumah-2-lantai-baru-lokasi-selangkah-dari-merr-surabaya-hos39910987/,rumah123
Dijual Rumah Full Furnished Araya 1 Galaxy Bumi Permai,4650000000,189.0,300.0,4,3,2,2,Furnished,1,0,"Surabaya Kota, Surabaya",-7.2771,112.717407,https://www.rumah123.com/properti/surabaya-surabaya-kota/dijual-rumah-full-furnished-araya-1-galaxy-bumi-permai-hos41321220/,rumah123
Dijual Rumah 3 Lantai Lokasi Dukuh Kupang Barat Surabaya,2500000000,126.0,150.0,5,3,3,1,Unfurnished,1,0,"Surabaya Kota, Surabaya",-7.2771,112.717407,https://www.rumah123.com/properti/surabaya-surabaya-kota/dijual-rumah-3-lantai-lokasi-dukuh-kupang-barat-surabaya-hos40029113/,rumah123
Dijual Rumah Mewah 3 Lantai Lokasi Rungkut Asri Surabaya,7000000000,500.0,300.0,6,4,3,1,Unfurnished,1,0,"Rungkut, Surabaya",-7.31434,112.800232,https://www.rumah123.com/properti/surabaya-rungkut/dijual-rumah-mewah-3-lantai-lokasi-rungkut-asri-surabaya-hos40137012/,rumah123
Dijual Via Lelang Rumah Jalan Galaxy Bumi Permai Kel Semolowaru Kec. Sukolilo Surabaya,6130000000,300.0,120.0,4,2,2,2,Unfurnished,1,0,"Semolowaru, Surabaya",-7.30105,112.778557,https://www.rumah123.com/properti/surabaya-semolowaru/dijual-via-lelang-rumah-jalan-galaxy-bumi-permai-kel-semolowaru-kec-sukolilo-surabaya-hos41015785/,rumah123
Dijual Rumah Panjang Jiwo Permai Surabaya,1800000000,96.0,130.0,4,3,2,2,Unfurnished,1,0,"Surabaya Kota, Surabaya",-7.2771,112.717407,https://www.rumah123.com/properti/surabaya-surabaya-kota/dijual-rumah-panjang-jiwo-permai-surabaya-hos40028885/,rumah123
Dijual Via Lelang Rumah Kel. Kalirungkut Kec Rungkut Surabaya,2750000000,395.0,500.0,4,2,1,2,Unfurnished,1,0,"Rungkut, Surabaya",-7.31434,112.800232,https://www.rumah123.com/properti/surabaya-rungkut/dijual-via-lelang-rumah-kel-kalirungkut-kec-rungkut-surabaya-hos41069414/,rumah123
Dijual Via Lelang Rumah Kel Kalirungkut Kec Rungkut Surabaya,1750000000,395.0,120.0,3,2,2,2,Unfurnished,1,0,"Rungkut, Surabaya",-7.31434,112.800232,https://www.rumah123.com/properti/surabaya-rungkut/dijual-via-lelang-rumah-kel-kalirungkut-kec-rungkut-surabaya-hos41490331/,rumah123
Dijual Via Lelang Rumah Lokasi Jalan Manyar Surabaya,7840000000,284.0,120.0,3,2,2,1,Unfurnished,0,0,"Surabaya Kota, Surabaya",-7.2771,112.717407,https://www.rumah123.com/properti/surabaya-surabaya-kota/dijual-via-lelang-rumah-lokasi-jalan-manyar-surabaya-hos40638742/,rumah123
Dijual Via Lelang Rumah Jalan Babatan Pratama Kel Wiyung Kec Wiyung Surabaya,2370000000,223.0,90.0,3,2,1,1,Unfurnished,1,0,"Wiyung, Surabaya",-7.31097,112.698067,https://www.rumah123.com/properti/surabaya-wiyung/dijual-via-lelang-rumah-jalan-babatan-pratama-kel-wiyung-kec-wiyung-surabaya-hos41513378/,rumah123
Dijual Rumah Pondok Nirwana Rungkut Surabaya,4000000000,300.0,100.0,2,2,1,1,Unfurnished,1,0,"Rungkut, Surabaya",-7.31434,112.800232,https://www.rumah123.com/properti/surabaya-rungkut/dijual-rumah-pondok-nirwana-rungkut-surabaya-hos39909899/,rumah123
Dijual Rumah Murah 2.lantai Lokasi Ketintang,2100000000,104.0,170.0,3,3,2,1,Unfurnished,1,1,"Surabaya Kota, Surabaya",-7.2771,112.717407,https://www.rumah123.com/properti/surabaya-surabaya-kota/dijual-rumah-murah-2lantai-lokasi-ketintang-hos19521769/,rumah123
Dijual Rumah Dukuh Kupang Lokasi Dekat Dengan Kampus,2500000000,280.0,200.0,6,3,1,1,Unfurnished,1,0,"Surabaya Kota, Surabaya",-7.2771,112.717407,https://www.rumah123.com/properti/surabaya-surabaya-kota/dijual-rumah-dukuh-kupang-lokasi-dekat-dengan-kampus-hos19544957/,rumah123
Dijual Rumah Siap Huni Lokasi Medokan Asri Surabaya,1200000000,84.0,75.0,3,2,1,1,Unfurnished,1,0,"Rungkut, Surabaya",-7.31434,112.80023,https://www.rumah123.com/properti/surabaya-rungkut/dijual-rumah-siap-huni-lokasi-medokan-asri-surabaya-hos19004726/,rumah123
Dijual Via Lelang Rumah Prambanan Residences Lidah Kulon Surabaya,2210000000,240.0,90.0,3,2,2,2,Unfurnished,1,0,"Wiyung, Surabaya",-7.31097,112.698067,https://www.rumah123.com/properti/surabaya-wiyung/dijual-via-lelang-rumah-prambanan-residences-lidah-kulon-surabaya-hos40868580/,rumah123
Dijual Rumah Baruk Tengah Rungkut Surabaya,5200000000,200.0,300.0,4,3,2,2,Unfurnished,1,0,"Rungkut, Surabaya",-7.31434,112.800232,https://www.rumah123.com/properti/surabaya-rungkut/dijual-rumah-baruk-tengah-rungkut-surabaya-hos40294054/,rumah123
Dijual Rumah Murah Darmo Harapan Surabaya,2600000000,220.0,200.0,3,2,2,2,Unfurnished,1,0,"Surabaya Kota, Surabaya",-7.2771,112.717407,https://www.rumah123.com/properti/surabaya-surabaya-kota/dijual-rumah-murah-darmo-harapan-surabaya-hos19408778/,rumah123
Dijual Via Lelang Rumah Pakuwon City Cluster Aruba Kel Keputih Kec Sukolilo Surabaya,4450000000,160.0,80.0,3,2,2,1,Unfurnished,1,0,"Keputih, Surabaya",-7.28818,112.816513,https://www.rumah123.com/properti/surabaya-keputih/dijual-via-lelang-rumah-pakuwon-city-cluster-aruba-kel-keputih-kec-sukolilo-surabaya-hos41688267/,rumah123
Dijual Via Lelang Rumah Villa Valensia Kel Babatan Kec Wiyung Surabaya,2810000000,167.0,90.0,3,2,2,1.0,Unfurnished,1,0,"Wiyung, Surabaya",-7.31097,112.698067,https://www.rumah123.com/properti/surabaya-wiyung/dijual-via-lelang-rumah-villa-valensia-kel-babatan-kec-wiyung-surabaya-hos41578459/,rumah123
Dijual Rumah 1.5 Lantai Lokasi Dukuh Kupang Timur,3000000000,360.0,300.0,5,5,1,1.0,Unfurnished,1,0,"Surabaya Kota, Surabaya",-7.2771,112.717407,https://www.rumah123.com/properti/surabaya-surabaya-kota/dijual-rumah-15-lantai-lokasi-dukuh-kupang-timur-hos19525321/,rumah123
Dijual Rumah Baru 2 Lantai Lokasi Medokan Asri Barat,1680000000,100.0,110.0,4,3,2,2.0,Semi Furnished,0,0,"Rungkut, Surabaya",-7.31434,112.800232,https://www.rumah123.com/properti/surabaya-rungkut/dijual-rumah-baru-2-lantai-lokasi-medokan-asri-barat-hos19385422/,rumah123
Dijual Via Lelang Rumah Gunung Anyar Kec Rungkut Surabaya,1740000000,279.0,120.0,3,2,2,1.0,Unfurnished,1,0,"Rungkut, Surabaya",-7.31434,112.800232,https://www.rumah123.com/properti/surabaya-rungkut/dijual-via-lelang-rumah-gunung-anyar-kec-rungkut-surabaya-hos41663740/,rumah123
Dijual Rumah Baru Pandugo Timur Surabaya,1750000000,94.0,160.0,4,3,2,1.0,Unfurnished,1,0,"Rungkut, Surabaya",-7.31434,112.800232,https://www.rumah123.com/properti/surabaya-rungkut/dijual-rumah-baru-pandugo-timur-surabaya-hos41431221/,rumah123
Dijual Via Lelang Rumah Pakuwon Indah Cluster The Mansion Lontar Surabaya,4180000000,265.0,150.0,4,2,2,1.0,Unfurnished,1,0,"Wiyung, Surabaya",-7.31097,112.698067,https://www.rumah123.com/properti/surabaya-wiyung/dijual-via-lelang-rumah-pakuwon-indah-cluster-the-mansion-lontar-surabaya-hos40462052/,rumah123
Dijual Via Lelang Rumah Jalan Pandugo Praja Kel Penjaringansari Kec Rungkut Surabaya,700000000,99.0,60.0,4,2,2,1.0,Unfurnished,1,0,"Rungkut, Surabaya",-7.31434,112.800232,https://www.rumah123.com/properti/surabaya-rungkut/dijual-via-lelang-rumah-jalan-pandugo-praja-kel-penjaringansari-kec-rungkut-surabaya-hos41219355/,rumah123
Dijual Via Lelang Rumah Lokasi Jalan Nias Surabaya,9400000000,525.0,250.0,4,3,1,2.0,Unfurnished,0,0,"Surabaya Kota, Surabaya",-7.2771,112.717407,https://www.rumah123.com/properti/surabaya-surabaya-kota/dijual-via-lelang-rumah-lokasi-jalan-nias-surabaya-hos39509287/,rumah123
Dijual Rumah Lokasi Darmo Sentosa Raya Wiyung Surabaya,3600000000,200.0,230.0,3,2,1,,Unfurnished,1,0,"Wiyung, Surabaya",-7.31097,112.698067,https://www.rumah123.com/properti/surabaya-wiyung/dijual-rumah-lokasi-darmo-sentosa-raya-wiyung-surabaya-hos40137668/,rumah123
Dijual Rumah Lokasi Greenlake Lakarsantri Surabaya,2600000000,120.0,45.0,3,3,2,1.0,Unfurnished,1,0,"Wiyung, Surabaya",-7.31097,112.698067,https://www.rumah123.com/properti/surabaya-wiyung/dijual-rumah-lokasi-greenlake-lakarsantri-surabaya-hos41185831/,rumah123
Dijual Rumah Baru Murah 2 Lantai Lokasi Jemursari Dekat Dengan Kampus Ubaya,1600000000,72.0,125.0,3,3,2,1.0,Unfurnished,1,0,"Surabaya Kota, Surabaya",-7.2771,112.717407,https://www.rumah123.com/properti/surabaya-surabaya-kota/dijual-rumah-baru-murah-2-lantai-lokasi-jemursari-dekat-dengan-kampus-ubaya-hos39507461/,rumah123
Dijual Rumah Medokan Rungkut Surabaya,9500000000,1384.0,200.0,13,5,2,4.0,Unfurnished,1,0,"Rungkut, Surabaya",-7.31434,112.800232,https://www.rumah123.com/properti/surabaya-rungkut/dijual-rumah-medokan-rungkut-surabaya-hos41192390/,rumah123
Dijual Via Lelang Rumah Lokasi Pakuwon Indah Cluster Lariz Wood Surabaya,5920000000,378.0,90.0,3,2,2,1.0,Unfurnished,1,0,"Wiyung, Surabaya",-7.31097,112.698067,https://www.rumah123.com/properti/surabaya-wiyung/dijual-via-lelang-rumah-lokasi-pakuwon-indah-cluster-lariz-wood-surabaya-hos42161983/,rumah123
"Dijual Rumah Scandinavian Lokasi Tenggilis, Dekat",2150000000,107.0,135.0,3,3,2,2.0,Unfurnished,0,0,"Surabaya Kota, Surabaya",-7.2771,112.717407,https://www.rumah123.com/properti/surabaya-surabaya-kota/dijual-rumah-scandinavian-lokasi-tenggilis-dekat-hos19560824/,rumah123
Dijual Rumah Baru Lokasi Purimas Rungkut Surabaya,1750000000,44.0,82.0,3,3,2,1.0,Unfurnished,1,0,"Rungkut, Surabaya",-7.31434,112.800232,https://www.rumah123.com/properti/surabaya-rungkut/dijual-rumah-baru-lokasi-purimas-rungkut-surabaya-hos39975583/,rumah123
Rumah Dijual Darmo Sentosa Raya Surabaya,7500000000,869.0,500.0,3,2,2,3.0,,1,0,"Wiyung, Surabaya",-7.31097,112.698067,https://www.rumah123.com/properti/surabaya-wiyung/rumah-dijual-darmo-sentosa-raya-surabaya-hos41192149/,rumah123
Dijual Rumah Murah Rungkut Asri Tengah Surabaya,6000000000,500.0,400.0,4,3,2,1.0,Unfurnished,1,0,"Rungkut, Surabaya",-7.31434,112.800232,https://www.rumah123.com/properti/surabaya-rungkut/dijual-rumah-murah-rungkut-asri-tengah-surabaya-hos19469788/,rumah123
"Dijual Rumah Murah 2,5 Lantai Simohilir Surabaya",1800000000,90.0,220.0,5,3,2,1.0,Unfurnished,1,0,"Surabaya Kota, Surabaya",-7.2771,112.717407,https://www.rumah123.com/properti/surabaya-surabaya-kota/dijual-rumah-murah-25-lantai-simohilir-surabaya-hos39464747/,rumah123
Dijual Rumah Baru Siap Huni Lokasi Puri Safira,1150000000,144.0,45.0,3,2,1,1.0,Unfurnished,1,0,"Menganti, Surabaya",-7.294023,112.587967,https://www.rumah123.com/properti/surabaya-menganti/dijual-rumah-baru-siap-huni-lokasi-puri-safira-hos38870644/,rumah123
Dijual Rumah Baru Darmahusada Mas Surabaya,3500000000,120.0,200.0,4,3,2,2,Unfurnished,1,0,"Surabaya Kota, Surabaya",-7.2771,112.717407,https://www.rumah123.com/properti/surabaya-surabaya-kota/dijual-rumah-baru-darmahusada-mas-surabaya-hos40765753/,rumah123
Dijual Via Lelang Rumah Lokasi Jalan Karangan Jaya Babatan Wiyung Surabaya,602000000,121.0,117.0,3,2,2,1,Unfurnished,1,0,"Wiyung, Surabaya",-7.31097,112.698067,https://www.rumah123.com/properti/surabaya-wiyung/dijual-via-lelang-rumah-lokasi-jalan-karangan-jaya-babatan-wiyung-surabaya-hos40567994/,rumah123
Dijual Via Lelang Rumah Kel Medokan Ayu Kec Rungkut Surabaya,1270000000,400.0,90.0,3,1,1,1,Unfurnished,1,0,"Rungkut, Surabaya",-7.31434,112.800232,https://www.rumah123.com/properti/surabaya-rungkut/dijual-via-lelang-rumah-kel-medokan-ayu-kec-rungkut-surabaya-hos41452119/,rumah123
Dijual Via Lelang Rumah Lokasi Wusata Bukit Mas Cluster Royal Palais Kel Lidah Wetan Kec Lakarsantri Surabaya,3070000000,200.0,90.0,3,2,2,1,Unfurnished,1,0,"Wiyung, Surabaya",-7.31097,112.698067,https://www.rumah123.com/properti/surabaya-wiyung/dijual-via-lelang-rumah-lokasi-wusata-bukit-mas-cluster-royal-palais-kel-lidah-wetan-kec-lakarsantri-surabaya-hos41350754/,rumah123
Dijual Rumah Green Semanggi Mangrove Rungkut Dekat Dengan Merr,1000000000,84.0,50.0,2,1,1,1,Unfurnished,1,0,"Rungkut, Surabaya",-7.31434,112.80023,https://www.rumah123.com/properti/surabaya-rungkut/dijual-rumah-green-semanggi-mangrove-rungkut-dekat-dengan-merr-hos18929263/,rumah123
Dijual Via Lelang Rumah Murah Lokasi Wisata Bukit Mas 2 Surabaya.,3700000000,333.0,423.0,4,2,2,2,Unfurnished,1,0,"Wiyung, Surabaya",-7.31097,112.698067,https://www.rumah123.com/properti/surabaya-wiyung/dijual-via-lelang-rumah-murah-lokasi-wisata-bukit-mas-2-surabaya-hos39815525/,rumah123
Dijual Via Lelang Rumah Jalan Darmo Permai Surabaya,1780000000,180.0,100.0,3,2,2,1,Unfurnished,1,1,"Surabaya Kota, Surabaya",-7.2771,112.717407,https://www.rumah123.com/properti/surabaya-surabaya-kota/dijual-via-lelang-rumah-jalan-darmo-permai-surabaya-hos40144559/,rumah123
Dijual Via Lelang Rumah Lokasi Wisata Bukit 2 Mas Cluster Palais Du Luxemburg Kel Lidah Wetan Kec Lakarsantri Surabaya,3220000000,332.0,90.0,3,2,2,1,Unfurnished,1,0,"Wiyung, Surabaya",-7.31097,112.698067,https://www.rumah123.com/properti/surabaya-wiyung/dijual-via-lelang-rumah-lokasi-wisata-bukit-2-mas-cluster-palais-du-luxemburg-kel-lidah-wetan-kec-lakarsantri-surabaya-hos41358326/,rumah123
Dijual Cepat Rumah 1 Lantai Suterejo Tengah,1700000000,157.0,120.0,4,2,1,2,Unfurnished,0,0,"Keputih, Surabaya",-7.28818,112.816513,https://www.rumah123.com/properti/surabaya-keputih/dijual-cepat-rumah-1-lantai-suterejo-tengah-hos19303257/,rumah123
"Dijual Rumah Baru 2 Lantai Lokasi Manyar, Surabaya Timur",3950000000,150.0,240.0,4,3,2,1,Unfurnished,1,0,"Surabaya Kota, Surabaya",-7.2771,112.717407,https://www.rumah123.com/properti/surabaya-surabaya-kota/dijual-rumah-baru-2-lantai-lokasi-manyar-surabaya-timur-hos40850486/,rumah123
"Dijual Rumah Mewah 3,5 Lantai Lokasi Galaxy Bumi Permai Surabaya",10500000000,527.0,527.0,7,8,3,7,Unfurnished,1,0,"Surabaya Kota, Surabaya",-7.2771,112.717407,https://www.rumah123.com/properti/surabaya-surabaya-kota/dijual-rumah-mewah-35-lantai-lokasi-galaxy-bumi-permai-surabaya-hos39664178/,rumah123
Dijual Via Lelang Rumah Jalan Penjaringan Timur Rungkut Surabaya,1990000000,251.0,90.0,3,2,2,2,Unfurnished,1,0,"Rungkut, Surabaya",-7.31434,112.800232,https://www.rumah123.com/properti/surabaya-rungkut/dijual-via-lelang-rumah-jalan-penjaringan-timur-rungkut-surabaya-hos40869227/,rumah123
Dijual Via Lelang Rumah Lokasi Perumahan Sukolilo Dian Regency Kel Keputih Kec Sukolilo Surabaya,1270000000,119.0,36.0,2,1,1,1,Unfurnished,1,0,"Keputih, Surabaya",-7.28818,112.816513,https://www.rumah123.com/properti/surabaya-keputih/dijual-via-lelang-rumah-lokasi-perumahan-sukolilo-dian-regency-kel-keputih-kec-sukolilo-surabaya-hos41154217/,rumah123
Dijual Via Lelang Rumah Wisata Bukit Mas 2 Kel Lidah Wetan Kec Lakarsantri Surabaya,3950000000,240.0,90.0,3,2,2,1,Unfurnished,1,0,"Wiyung, Surabaya",-7.31097,112.698067,https://www.rumah123.com/properti/surabaya-wiyung/dijual-via-lelang-rumah-wisata-bukit-mas-2-kel-lidah-wetan-kec-lakarsantri-surabaya-hos41238107/,rumah123
Dijual Rumah 2 Lantai Lokasi Grand Harvest,2000000000,126.0,115.0,3,2,2,1,Unfurnished,1,0,"Kebraon, Surabaya",-7.3305,112.70407,https://www.rumah123.com/properti/surabaya-kebraon/dijual-rumah-2-lantai-lokasi-grand-harvest-hos19042914/,rumah123
Dijual Via Lelang Rumah Pinus Asri Kel Lidah Wetan Kec Lakarsantri Surabaya,2400000000,160.0,90.0,3,2,2,1,Unfurnished,1,0,"Wiyung, Surabaya",-7.31097,112.698067,https://www.rumah123.com/properti/surabaya-wiyung/dijual-via-lelang-rumah-pinus-asri-kel-lidah-wetan-kec-lakarsantri-surabaya-hos41609452/,rumah123
Dijual Via Lelang Rumah Lokasi Central Park Regency Jalan Mulyosari Mapan Kel Kalisari Kec Mulyorejo Surabaya,6680000000,357.0,70.0,3,2,2,2,Unfurnished,1,0,"Keputih, Surabaya",-7.28818,112.816513,https://www.rumah123.com/properti/surabaya-keputih/dijual-via-lelang-rumah-lokasi-central-park-regency-jalan-mulyosari-mapan-kel-kalisari-kec-mulyorejo-surabaya-hos41168596/,rumah123
Dijual Rumah Bagus 2.5 Lantai Lokasi Babatan Mukti Wiyung,2500000000,120.0,300.0,2,3,2,1,Unfurnished,1,0,"Wiyung, Surabaya",-7.31097,112.698067,https://www.rumah123.com/properti/surabaya-wiyung/dijual-rumah-bagus-25-lantai-lokasi-babatan-mukti-wiyung-hos39482391/,rumah123
Dijual Via Lelang Rumah Perumahan Bumi Marina Emas Keputih Surabaya,748000000,96.0,100.0,3,2,2,1,Unfurnished,1,0,"Keputih, Surabaya",-7.28818,112.816513,https://www.rumah123.com/properti/surabaya-keputih/dijual-via-lelang-rumah-perumahan-bumi-marina-emas-keputih-surabaya-hos39887203/,rumah123
Dijual Via Lelang Rumah Jalan Kemuning Lokasi Pusat Kota Kel Ketabang Kec Genteng Surabaya,2800000000,191.0,120.0,3,2,1,1,Unfurnished,1,0,"Surabaya Kota, Surabaya",-7.2771,112.717407,https://www.rumah123.com/properti/surabaya-surabaya-kota/dijual-via-lelang-rumah-jalan-kemuning-kel-ketabang-kec-genteng-surabaya-hos41220288/,rumah123
Dijual Rumah 2 Lantai Cluster Caspia Grand Harvest,1150000000,60.0,60.0,1,1,2,1,Unfurnished,1,1,"Surabaya Kota, Surabaya",-7.2771,112.717407,https://www.rumah123.com/properti/surabaya-surabaya-kota/dijual-rumah-2-lantai-cluster-caspia-grand-harvest-hos38851303/,rumah123
Dijual Rumah Baru Lokasi Dian Istana Wiyung Surabaya Barat,3250000000,105.0,160.0,3,3,2,1,Semi Furnished,1,0,"Wiyung, Surabaya",-7.31097,112.698067,https://www.rumah123.com/properti/surabaya-wiyung/dijual-rumah-baru-lokasi-dian-istana-wiyung-surabaya-barat-hos40166038/,rumah123
Dijual Rumah Gunungsari Indah Surabaya,1800000000,120.0,170.0,4,3,1,1,Unfurnished,1,0,"Kebraon, Surabaya",-7.3305,112.704071,https://www.rumah123.com/properti/surabaya-kebraon/dijual-rumah-gunungsari-indah-surabaya-hos41488287/,rumah123
Dijual Rumah Galaxy Bumi Permai Araya 2 Minimalis Kontemporerrow Double Way,3200000000,126.0,180.0,4,3,2,2,Unfurnished,1,0,"Surabaya Kota, Surabaya",-7.2771,112.717407,https://www.rumah123.com/properti/surabaya-surabaya-kota/dijual-rumah-galaxy-bumi-permai-araya-2-minimalis-kontemporerrow-double-way-hos40789251/,rumah123
Dijual Via Lelang Rumah Lokasi Raya Menganti Kel Kedurus Kec Karangpilang Surabaya,698000000,136.0,90.0,3,1,2,1,Unfurnished,0,0,"Karangpilang, Surabaya",-7.34304,112.697388,https://www.rumah123.com/properti/surabaya-karangpilang/dijual-via-lelang-rumah-lokasi-raya-menganti-kel-kedurus-kec-karangpilang-surabaya-hos41138039/,rumah123
Dijual Rumah Baru Greenlake Citraland Surabaya,3500000000,180.0,230.0,4,3,2,1,Unfurnished,1,0,"Citraland, Surabaya",-7.309354,112.656548,https://www.rumah123.com/properti/surabaya-citraland/dijual-rumah-baru-greenlake-citraland-surabaya-hos40030287/,rumah123
Dijual Rumah Lokasi Bulu Jaya Belakang Zhang Palace Surabaya,6800000000,517.0,300.0,4,3,1,1,Unfurnished,0,0,"Surabaya Kota, Surabaya",-7.2771,112.717407,https://www.rumah123.com/properti/surabaya-surabaya-kota/dijual-rumah-lokasi-bulu-jaya-belakang-zhang-palace-surabaya-hos39743346/,rumah123
Dijual Rumah Mewah Citraland Taman Internasional Surabaya,9000000000,369.0,740.0,6,4,2,1,Unfurnished,1,1,"Citraland, Surabaya",-7.309354,112.656548,https://www.rumah123.com/properti/surabaya-citraland/dijual-rumah-mewah-citraland-taman-internasional-surabaya-hos41100204/,rumah123
Dijual Rumah Bagus Lokasi Nortwesth Hill Citraland Surabaya,1450000000,72.0,100.0,3,2,2,1,Unfurnished,1,1,"Citraland, Surabaya",-7.309354,112.656548,https://www.rumah123.com/properti/surabaya-citraland/dijual-rumah-bagus-lokasi-nortwesth-hill-citraland-surabaya-hos39340314/,rumah123
Dijual Rumah Mewah Citraland Fullerton Surabaya,7000000000,210.0,400.0,5,6,2,1,Unfurnished,1,0,"Citraland, Surabaya",-7.309354,112.656548,https://www.rumah123.com/properti/surabaya-citraland/dijual-rumah-mewah-citraland-fullerton-surabaya-hos41100384/,rumah123
Dijual Rumah Baru 2 Lantai Klampis Semolo Timur Surabaya,1950000000,82.0,120.0,3,3,2,2,Unfurnished,1,0,"Surabaya Kota, Surabaya",-7.2771,112.717407,https://www.rumah123.com/properti/surabaya-surabaya-kota/dijual-rumah-baru-2-lantai-klampis-semolo-timur-surabaya-hos40843502/,rumah123
Dijual Rumah Baru Citraland Utama Surabaya Lengkap Dengan Pool,4370000000,168.0,265.0,5,6,2,1,Unfurnished,1,0,"Citraland, Surabaya",-7.309354,112.656548,https://www.rumah123.com/properti/surabaya-citraland/dijual-rumah-baru-citraland-utama-surabaya-lengkap-dengan-pool-hos39816180/,rumah123
Dijual Via Lelang Rumah Lokasi Komplek Perumahan Citraland Cluster Raffles Garden Surabaya,4540000000,312.0,120.0,3,2,2,1,Unfurnished,1,1,"Citraland, Surabaya",-7.309354,112.656548,https://www.rumah123.com/properti/surabaya-citraland/dijual-via-lelang-rumah-lokasi-komplek-perumahan-citraland-cluster-raffles-garden-surabaya-hos41403720/,rumah123
Dijual Via Lelang Rumah Lokasi Jalan Jemursari Utara Kel Jemur Wonosari Kec Wonocolo Surabaya,5200000000,394.0,100.0,3,2,2,1,Unfurnished,1,0,"Nginden, Surabaya",-7.29974,112.767357,https://www.rumah123.com/properti/surabaya-nginden/dijual-via-lelang-rumah-lokasi-jalan-jemursari-utara-kel-jemur-wonosari-kec-wonocolo-surabaya-hos41122436/,rumah123
Dijual Rumah Bagus Woodland Citraland Surabaya,4200000000,153.0,268.0,4,5,2,2,Unfurnished,1,0,"Citraland, Surabaya",-7.309354,112.656548,https://www.rumah123.com/properti/surabaya-citraland/dijual-rumah-bagus-woodland-citraland-surabaya-hos39956701/,rumah123
Dijual Rumah Baru Gress Lokasi Manyar Kertoadi Surabaya,3000000000,120.0,190.0,4,3,2,1,Unfurnished,1,0,"Surabaya Kota, Surabaya",-7.2771,112.717407,https://www.rumah123.com/properti/surabaya-surabaya-kota/dijual-rumah-baru-gress-lokasi-manyar-kertoadi-surabaya-hos40843271/,rumah123
Dijual Rumah Baru 2 Lantai Lokasi Villa Kalijudan Surabaya Dekat Dengan Kampus Unair,1980000000,100.0,160.0,3,3,2,1,Unfurnished,1,0,"Surabaya Kota, Surabaya",-7.2771,112.717407,https://www.rumah123.com/properti/surabaya-surabaya-kota/dijual-rumah-baru-2-lantai-lokasi-villa-kalijudan-surabaya-dekat-dengan-kampus-unair-hos39555002/,rumah123
Dijual Via Lelang Rumah Citraland Cluster Stamford Place Kel Jeruk Kec Lakarsantri Surabaya,2820000000,200.0,60.0,3,2,2,1,Unfurnished,1,0,"Citraland, Surabaya",-7.309354,112.656548,https://www.rumah123.com/properti/surabaya-citraland/dijual-via-lelang-rumah-citraland-cluster-stamford-place-kel-jeruk-kec-lakarsantri-surabaya-hos41251290/,rumah123
Dijual Rumah Baru Gress Kawasan Manyar Tengah Kota Surabaya,3700000000,160.0,210.0,4,3,2,1,Unfurnished,1,0,"Nginden, Surabaya",-7.29974,112.767357,https://www.rumah123.com/properti/surabaya-nginden/dijual-rumah-baru-gress-kawasan-manyar-tengah-kota-surabaya-hos41129717/,rumah123
Dijual Rumah Murah Lokasi Nginden Intan Surabaya,7500000000,500.0,400.0,4,3,2,6,Unfurnished,0,1,"Surabaya Kota, Surabaya",-7.2771,112.717407,https://www.rumah123.com/properti/surabaya-surabaya-kota/dijual-rumah-murah-lokasi-nginden-intan-surabaya-hos40285485/,rumah123
Dijual Rumah Mewah Full Furnished Lokasi Citraland Surabaya,11000000000,350.0,550.0,4,4,2,2,Furnished,1,0,"Citraland, Surabaya",-7.309354,112.656548,https://www.rumah123.com/properti/surabaya-citraland/dijual-rumah-mewah-full-furnished-lokasi-citraland-surabaya-hos41099846/,rumah123
Dijual Rumah Lokasi Manyar Rejo Surabaya,4200000000,165.0,250.0,4,4,2,1,Unfurnished,1,0,"Nginden, Surabaya",-7.29974,112.767357,https://www.rumah123.com/properti/surabaya-nginden/dijual-rumah-lokasi-manyar-rejo-surabaya-hos41149102/,rumah123
Dijual Via Lelang Rumah Sidosermo Kel Sidosermo Kec Wonocolo Surabaya,1750000000,189.0,45.0,3,2,2,1,Unfurnished,1,0,"Nginden, Surabaya",-7.29974,112.767357,https://www.rumah123.com/properti/surabaya-nginden/dijual-via-lelang-rumah-sidosermo-kel-sidosermo-kec-wonocolo-surabaya-hos41348888/,rumah123
Dijual Rumah Baru Northwest Park Citraland Surabaya,1950000000,90.0,120.0,3,2,2,1,Unfurnished,1,0,"Citraland, Surabaya",-7.309354,112.656548,https://www.rumah123.com/properti/surabaya-citraland/dijual-rumah-baru-northwest-park-citraland-surabaya-hos41328858/,rumah123
Dijual Rumah - Galaxy Bumi Permai (Araya I) Surabaya,4900000000,240.0,300.0,4,3,2,1,Unfurnished,1,0,"Surabaya Kota, Surabaya",-7.2771,112.717407,https://www.rumah123.com/properti/surabaya-surabaya-kota/dijual-rumah-galaxy-bumi-permai-araya-i-surabaya-hos40991890/,rumah123
Dijual Rumah Lokasi Jalan Raya Petemon Surabaya,16500000000,1100.0,200.0,3,2,1,3,Unfurnished,0,1,"Surabaya Kota, Surabaya",-7.2771,112.717407,https://www.rumah123.com/properti/surabaya-surabaya-kota/dijual-rumah-lokasi-jalan-raya-petemon-surabaya-hos40233424/,rumah123
Dijual Via Lelang Rumah Jalan Sidosermo Airdas Kel Sidosermo Kec Wonocolo Surabaya,3680000000,597.0,120.0,3,2,1,2,Unfurnished,1,0,"Nginden, Surabaya",-7.29974,112.767357,https://www.rumah123.com/properti/surabaya-nginden/dijual-via-lelang-rumah-jalan-sidosermo-airdas-kel-sidosermo-kec-wonocolo-surabaya-hos41217829/,rumah123
Dijual Via Lelang Rumah Pakuwon Indah Surabaya,5140000000,240.0,90.0,3,2,2,1,Unfurnished,1,0,"Citraland, Surabaya",-7.309354,112.656548,https://www.rumah123.com/properti/surabaya-citraland/dijual-via-lelang-rumah-pakuwon-indah-surabaya-hos41506566/,rumah123
Dijual Rumah 2.lantai Rumah Ploso Timur,925000000,80.0,100.0,4,2,2,1,Unfurnished,0,0,"Surabaya Kota, Surabaya",-7.2771,112.71741,https://www.rumah123.com/properti/surabaya-surabaya-kota/dijual-rumah-2lantai-rumah-ploso-timur-hos19163280/,rumah123
Dijual Via Lelang Rumah Prapen Indah Kel Panjang Jiwo Kec Tenggilis Mejoyo Surabaya,4660000000,330.0,120.0,3,2,2,2,Unfurnished,1,0,"Nginden, Surabaya",-7.29974,112.767357,https://www.rumah123.com/properti/surabaya-nginden/dijual-via-lelang-rumah-prapen-indah-kel-panjang-jiwo-kec-tenggilis-mejoyo-surabaya-hos41684593/,rumah123
Dijual Rumah Full Furnished Lokasi Alam Hijau Citraland,2000000000,105.0,100.0,2,2,1,1,Furnished,1,0,"Citraland, Surabaya",-7.309354,112.656548,https://www.rumah123.com/properti/surabaya-citraland/dijual-rumah-full-furnished-lokasi-alam-hijau-citraland-hos39464952/,rumah123
Dijual Via Lelang Rumah Lokasi Jalan Manyar Aidas Kel.manyar Sabrangan Kec. Mulyorejo Surabaya,2500000000,260.0,90.0,3,2,1,1,Unfurnished,1,0,"Surabaya Kota, Surabaya",-7.2771,112.717407,https://www.rumah123.com/properti/surabaya-surabaya-kota/dijual-via-lelang-rumah-lokasi-jalan-manyar-aidas-kelmanyar-sabrangan-kec-mulyorejo-surabaya-hos41009668/,rumah123
Dijual Rumah 1 Lantai Central Park Ahmad Yani,2750000000,152.0,120.0,3,2,1,1,Unfurnished,1,0,"Ketintang, Surabaya",-7.31682,112.728,https://www.rumah123.com/properti/surabaya-ketintang/dijual-rumah-1-lantai-central-park-ahmad-yani-hos19138665/,rumah123
Dijual Rumah Baru 2 Lantai Bukit Palma Citraland Surabaya,2150000000,120.0,170.0,4,4,2,2,Unfurnished,1,0,"Citraland, Surabaya",-7.309354,112.656548,https://www.rumah123.com/properti/surabaya-citraland/dijual-rumah-baru-2-lantai-bukit-palma-citraland-surabaya-hos40941057/,rumah123
Dijual Via Lelang Rumah Jalan Dharmahusada Permai Kel Mulyorejo Kec Mulyorejo Surabaya,6180000000,450.0,120.0,4,2,2,2,Unfurnished,1,0,"Surabaya Kota, Surabaya",-7.2771,112.717407,https://www.rumah123.com/properti/surabaya-surabaya-kota/dijual-via-lelang-rumah-jalan-dharmahusada-permai-kel-mulyorejo-kec-mulyorejo-surabaya-hos41489663/,rumah123
Dijual Rumah Baru 2 Lantai Lokasi Pakal Madya Surabaya,1600000000,94.0,150.0,3,3,2,1,Unfurnished,1,0,"Citraland, Surabaya",-7.309354,112.656548,https://www.rumah123.com/properti/surabaya-citraland/dijual-rumah-baru-2-lantai-lokasi-pakal-madya-surabaya-hos39078528/,rumah123
Dijual Rumah Lokasi International Village Citraland Surabayaa,4200000000,179.0,303.0,4,3,2,2,Unfurnished,1,0,"Citraland, Surabaya",-7.309354,112.656548,https://www.rumah123.com/properti/surabaya-citraland/dijual-rumah-lokasi-international-village-citraland-surabayaa-hos40960131/,rumah123
Dijual Via Lelang Rumah Taman Gapura Citraland Surabaya,3600000000,210.0,90.0,3,2,2,1,Unfurnished,1,1,"Citraland, Surabaya",-7.309354,112.656548,https://www.rumah123.com/properti/surabaya-citraland/dijual-via-lelang-rumah-taman-gapura-citraland-surabaya-hos41692284/,rumah123
Dijual Rumah Mewah Lokasi Woodland Citraland Surabaya,4200000000,153.0,268.0,4,5,2,2,Unfurnished,1,0,"Citraland, Surabaya",-7.2889105,112.64498,https://www.rumah123.com/properti/surabaya-citraland/dijual-rumah-mewah-lokasi-woodland-citraland-surabaya-hos19015109/,rumah123
Dijual Rumah Taman Puspa Raya Citraland Semi Furnished,2900000000,128.0,200.0,4,3,2,1,Semi Furnished,1,1,"Citraland, Surabaya",-7.309354,112.656548,https://www.rumah123.com/properti/surabaya-citraland/dijual-rumah-taman-puspa-raya-citraland-semi-furnished-hos40293515/,rumah123
Dijual Rumah Diamond Hill Citraland Surabaya,8900000000,368.0,500.0,4,3,2,2.0,,1,1,"Citraland, Surabaya",-7.309354,112.656548,https://www.rumah123.com/properti/surabaya-citraland/dijual-rumah-diamond-hill-citraland-surabaya-hos40790676/,rumah123
Dijual Murah Rumah 2 Lantai Lokasi Ploso Timur Surabaya,600000000,48.0,96.0,3,2,2,,Unfurnished,1,0,"Surabaya Kota, Surabaya",-7.2771,112.717407,https://www.rumah123.com/properti/surabaya-surabaya-kota/dijual-murah-rumah-2-lantai-lokasi-ploso-timur-surabaya-hos39132087/,rumah123
Dijual Rumah Mewah Baru Bgi Citraland Surabaya,10850000000,300.0,500.0,5,5,2,2.0,Unfurnished,1,1,"Citraland, Surabaya",-7.309354,112.656548,https://www.rumah123.com/properti/surabaya-citraland/dijual-rumah-mewah-baru-bgi-citraland-surabaya-hos40295052/,rumah123
Dijual Rumah Minimalis Modern House ( Split Level ) dan Full Furnished,12500000000,315.0,510.0,5,5,2,3.0,Unfurnished,1,0,"Citraland, Surabaya",-7.309354,112.656548,https://www.rumah123.com/properti/surabaya-citraland/dijual-rumah-minimalis-modern-house-split-level-dan-full-furnished-hos40938847/,rumah123
Dijual Rumah 2 Lantai New Lokasi Northwest Lake Citraland,2550000000,126.0,190.0,3,3,2,1.0,Unfurnished,1,0,"Citraland, Surabaya",-7.2889105,112.64498,https://www.rumah123.com/properti/surabaya-citraland/dijual-rumah-2-lantai-new-lokasi-northwest-lake-citraland-hos19139107/,rumah123
Dijual Rumah Mewah Lokasi Woodland Citraland Surabaya,5800000000,210.0,335.0,4,4,2,1.0,Unfurnished,1,0,"Citraland, Surabaya",-7.309354,112.656548,https://www.rumah123.com/properti/surabaya-citraland/dijual-rumah-mewah-lokasi-woodland-citraland-surabaya-hos39771009/,rumah123
Dijual Rumah 2 Lantai Citra Harmoni.full Furnished,1250000000,72.0,56.0,2,1,2,1.0,Furnished,1,0,"Sidoarjo, Surabaya",-7.450998,112.715439,https://www.rumah123.com/properti/surabaya-sidoarjo/dijual-rumah-2-lantai-citra-harmonifull-furnished-hos19536819/,rumah123
Dijual Rumah Siap Huni Lokasi Bratang Gede Surabaya,2200000000,252.0,100.0,3,2,1,2.0,Unfurnished,0,0,"Ngagel, Surabaya",-7.28744,112.747238,https://www.rumah123.com/properti/surabaya-ngagel/dijual-rumah-siap-huni-lokasi-bratang-gede-surabaya-hos19303716/,rumah123
Dijual / Disewakan Rumah Pakuwon Indah Cluster The Mansion Surabaya,4300000000,162.0,150.0,3,3,2,1.0,Unfurnished,1,0,"Pakuwon, Surabaya",-7.289141,112.67572,https://www.rumah123.com/properti/surabaya-pakuwon/dijual-disewakan-rumah-pakuwon-indah-cluster-the-mansion-surabaya-hos41185028/,rumah123
Dijual Rumah Mewah Hook Graha Family Surabaya.,23500000000,731.0,1000.0,5,5,2,4.0,Unfurnished,1,1,"Pakuwon, Surabaya",-7.289141,112.67572,https://www.rumah123.com/properti/surabaya-pakuwon/dijual-rumah-mewah-hook-graha-family-surabaya-hos41184758/,rumah123
Dijual Rumah Mewah Ngagel Jaya Baru Renovasi 2.5 Lt,4000000000,300.0,280.0,6,3,2,1.0,Unfurnished,0,0,"Ngagel, Surabaya",-7.2874401,112.7472413,https://www.rumah123.com/properti/surabaya-ngagel/dijual-rumah-mewah-ngagel-jaya-baru-renovasi-25-lt-hos19219980/,rumah123
Dijual Via Lelang Rumah Graha Family Kel Babatan Kec Wiyung Surabaya,6360000000,287.0,90.0,3,2,2,2.0,Unfurnished,1,0,"Pakuwon, Surabaya",-7.289141,112.67572,https://www.rumah123.com/properti/surabaya-pakuwon/dijual-via-lelang-rumah-graha-family-kel-babatan-kec-wiyung-surabaya-hos41177234/,rumah123
Dijual Via Lelang Rumah Lokasi Perumahan Pakuwon Indah Cluster The Mansion Surabaya,2850000000,180.0,60.0,3,2,2,1.0,Unfurnished,1,0,"Pakuwon, Surabaya",-7.289141,112.67572,https://www.rumah123.com/properti/surabaya-pakuwon/dijual-via-lelang-rumah-lokasi-perumahan-pakuwon-indah-cluster-the-mansion-surabaya-hos41221841/,rumah123
Dijual Via Lelang Rumah Kel Pradah Kalikendal Kec Dukuh Pakis Surabaya,2080000000,197.0,90.0,3,2,1,1.0,Unfurnished,1,0,"Dukuh Pakis, Surabaya",-7.29503,112.710739,https://www.rumah123.com/properti/surabaya-dukuh-pakis/dijual-via-lelang-rumah-kel-pradah-kalikendal-kec-dukuh-pakis-surabaya-hos41451627/,rumah123
Dijual Rumah Grand Pakuwonsouth Victoria Surabaya,2350000000,160.0,200.0,4,3,2,1.0,Unfurnished,1,0,"Tandes, Surabaya",-7.25834,112.678978,https://www.rumah123.com/properti/surabaya-tandes/dijual-rumah-grand-pakuwonsouth-victoria-surabaya-hos41489192/,rumah123
Dijual Rumah Baru 2 Lantai Lokasi Pakal Madya Asri,1600000000,94.0,150.0,3,2,2,1.0,Unfurnished,1,0,"Pakal, Surabaya",-7.24268,112.629807,https://www.rumah123.com/properti/surabaya-pakal/dijual-rumah-baru-2-lantai-lokasi-pakal-madya-asri-hos38847511/,rumah123
Dijual Via Lelang Rumah 2 Lantai Lokasi Grand Pakuwon Cluster Brisbane Tandes Surabaya,4610000000,216.0,90.0,3,2,2,1.0,Unfurnished,1,0,"Tandes, Surabaya",-7.25834,112.678978,https://www.rumah123.com/properti/surabaya-tandes/dijual-via-lelang-rumah-2-lantai-lokasi-grand-pakuwon-cluster-brisbane-tandes-surabaya-hos41609971/,rumah123
"Rumah Mewah Lux Model Villa - Taman Hunian Satelit 2, Sukomanunggal, Surabaya",7500000000,314.0,350.0,4,3,2,2.0,Furnished,1,1,"Dukuh Pakis, Surabaya",-7.29503,112.710739,https://www.rumah123.com/properti/surabaya-dukuh-pakis/rumah-mewah-lux-model-villa-taman-hunian-satelit-2-sukomanunggal-surabaya-hos40986591/,rumah123
Dijual Via Lelang Rumah Lokasi Jalan Kertajaya Indah Timur Kel.manyar Sabrangan Kec. Mulyorejo Surabaya,5840000000,360.0,120.0,3,2,2,2.0,Unfurnished,1,0,"kertajaya, Surabaya",-7.282603,112.755432,https://www.rumah123.com/properti/surabaya-kertajaya/dijual-via-lelang-rumah-lokasi-jalan-kertajaya-indah-timur-kelmanyar-sabrangan-kec-mulyorejo-surabaya-hos41006048/,rumah123
Dijual Via Lelang Rumah Jalan Manyar Kerta Adi Kel Manyar Sabrangan Kec Mulyorejo Surabaya,3790000000,240.0,120.0,3,2,1,1,Unfurnished,1,0,"kertajaya, Surabaya",-7.282603,112.755432,https://www.rumah123.com/properti/surabaya-kertajaya/dijual-via-lelang-rumah-jalan-manyar-kerta-adi-kel-manyar-sabrangan-kec-mulyorejo-surabaya-hos41638927/,rumah123
Dijual Via Lelang Rumah Jalan Simpang Darmo Permai Selatan Kel Pradah Kalikendal Kec Dukuh Pakis Surabaya,1800000000,180.0,45.0,3,2,2,1,Unfurnished,1,0,"Dukuh Pakis, Surabaya",-7.29503,112.710739,https://www.rumah123.com/properti/surabaya-dukuh-pakis/dijual-via-lelang-rumah-jalan-simpang-darmo-permai-selatan-kel-pradah-kalikendal-kec-dukuh-pakis-surabaya-hos41348244/,rumah123
Dijual Rumah Darmo Indah Timur Tandes Surabaya,2500000000,157.0,126.0,2,1,1,2,Unfurnished,1,0,"Tandes, Surabaya",-7.25834,112.678978,https://www.rumah123.com/properti/surabaya-tandes/dijual-rumah-darmo-indah-timur-tandes-surabaya-hos40791204/,rumah123
Dijual Rumah 2 Lantai Baru Lokasi Mulyosari Surabaya,1800000000,82.0,115.0,3,3,2,1,Unfurnished,1,0,"Mulyosari, Surabaya",-7.26556,112.79649,https://www.rumah123.com/properti/surabaya-mulyosari/dijual-rumah-2-lantai-baru-lokasi-mulyosari-surabaya-hos19144572/,rumah123
Dijual Via Lelang Rumah Jalan Darmo Permai Utara Kel Tanjungsari Kec Sukomanunggal Surabaya,2390000000,333.0,90.0,3,2,1,1,Unfurnished,1,0,"Dukuh Pakis, Surabaya",-7.29503,112.710739,https://www.rumah123.com/properti/surabaya-dukuh-pakis/dijual-via-lelang-rumah-jalan-darmo-permai-utara-kel-tanjungsari-kec-sukomanunggal-surabaya-hos41204462/,rumah123
Dijual Rumah 2 Lantai Griya Citra Asri Benowo Surabaya,900000000,72.0,131.0,2,2,2,1,Unfurnished,0,0,"Benowo, Surabaya",-7.23213,112.63014,https://www.rumah123.com/properti/surabaya-benowo/dijual-rumah-2-lantai-griya-citra-asri-benowo-surabaya-hos19150302/,rumah123
Dijual Rumah Baru 2 Lantai Lokasi Pantai Mentari Kenjeran,1850000000,90.0,130.0,4,3,2,2,Unfurnished,1,0,"Kenjeran, Surabaya",-7.23563,112.786163,https://www.rumah123.com/properti/surabaya-kenjeran/dijual-rumah-baru-2-lantai-lokasi-pantai-mentari-kenjeran-hos38844494/,rumah123
Dijual Murah Rumah 2 Lantai Mulyosari Prima Surabaya,1750000000,108.0,160.0,4,3,2,1,Unfurnished,1,0,"Mulyosari, Surabaya",-7.26556,112.796494,https://www.rumah123.com/properti/surabaya-mulyosari/dijual-murah-rumah-2-lantai-mulyosari-prima-surabaya-hos19590296/,rumah123
"Dijual Rumah Darmo Indah Timur Tandes, Surabaya",1700000000,105.0,90.0,3,2,1,1,Unfurnished,1,0,"Tandes, Surabaya",-7.25834,112.678978,https://www.rumah123.com/properti/surabaya-tandes/dijual-rumah-darmo-indah-timur-tandes-surabaya-hos40946913/,rumah123
Dijual Via Lelang Rumah Kel Ploso Kec Tambaksari Surabaya,850000000,170.0,45.0,3,2,2,1,Unfurnished,1,0,"Kenjeran, Surabaya",-7.23563,112.786163,https://www.rumah123.com/properti/surabaya-kenjeran/dijual-via-lelang-rumah-kel-ploso-kec-tambaksari-surabaya-hos41624222/,rumah123
Dijual Via Lelang Rumah Palma Grandia Kel Sememi Kec Benowo Surabaya,1700000000,220.0,45.0,3,2,2,2,Unfurnished,1,0,"Tandes, Surabaya",-7.25834,112.678978,https://www.rumah123.com/properti/surabaya-tandes/dijual-via-lelang-rumah-palma-grandia-kel-sememi-kec-benowo-surabaya-hos42159433/,rumah123
Dijual Rumah 2.lantai Lokasi Pondok Benowo Indah,790000000,90.0,160.0,4,2,2,1,,1,0,"Benowo, Surabaya",-7.23213,112.630142,https://www.rumah123.com/properti/surabaya-benowo/dijual-rumah-2lantai-lokasi-pondok-benowo-indah-hos38897787/,rumah123
Dijual Via Lelang Rumah Villa Bukit Mas Kel Dukuh Pakis Kec Dukuh Pakis Surabaya,2740000000,264.0,120.0,3,2,2,1,Unfurnished,1,0,"Dukuh Pakis, Surabaya",-7.29503,112.710739,https://www.rumah123.com/properti/surabaya-dukuh-pakis/dijual-via-lelang-rumah-villa-bukit-mas-kel-dukuh-pakis-kec-dukuh-pakis-surabaya-hos41280532/,rumah123
Dijual Via Lelang Rumah Lokasi Mansion Nine Kel Lakarsantri Surabaya,680000000,72.0,36.0,2,1,2,1,Unfurnished,1,0,"Lakarsantri, Surabaya",-7.30073,112.635658,https://www.rumah123.com/properti/surabaya-lakarsantri/dijual-via-lelang-rumah-lokasi-mansion-nine-kel-lakarsantri-surabaya-hos41035618/,rumah123
Dijual Via Lelang Rumah Lokasi Villa Bukit Mas Cluster Paris Surabaya,2780000000,242.0,60.0,3,2,1,1,Unfurnished,1,0,"Dukuh Pakis, Surabaya",-7.29503,112.710739,https://www.rumah123.com/properti/surabaya-dukuh-pakis/dijual-via-lelang-rumah-lokasi-villa-bukit-mas-cluster-paris-surabaya-hos42160754/,rumah123
Dijual Rumah Tambaksari Cocok.untuk Usaha,7250000000,325.0,650.0,12,2,2,2,Unfurnished,1,0,"Kenjeran, Surabaya",-7.23563,112.786163,https://www.rumah123.com/properti/surabaya-kenjeran/dijual-rumah-tambaksari-cocokuntuk-usaha-hos19521529/,rumah123
Dijual Via Lelang Rumah Lokasi Jalan Dharmahusada Permai Kel. Mulyorejo Kec Mulyorejo Surabaya,5150000000,240.0,90.0,3,2,2,1,Unfurnished,1,0,"Dharma Husada, Surabaya",-7.26661,112.768181,https://www.rumah123.com/properti/surabaya-dharma-husada/dijual-via-lelang-rumah-lokasi-jalan-dharmahusada-permai-kel-mulyorejo-kec-mulyorejo-surabaya-hos41053874/,rumah123
Dijual Rumah Gayung Kebonsari Surabaya,3300000000,151.0,236.0,4,4,2,2,Unfurnished,1,0,"Gayungan, Surabaya",-7.33,112.726021,https://www.rumah123.com/properti/surabaya-gayungan/dijual-rumah-gayung-kebonsari-surabaya-hos41188016/,rumah123
Dijual Rumah 2 Lantai Lokasi Ploso Timur Surabaya,2500000000,120.0,90.0,5,3,2,1,,1,0,"Kenjeran, Surabaya",-7.23563,112.786163,https://www.rumah123.com/properti/surabaya-kenjeran/dijual-rumah-2-lantai-lokasi-ploso-timur-surabaya-hos40755818/,rumah123
Dijual Rumah Semi Klasik Surabaya Timur Babatan Pantai Surabaya,3450000000,153.0,230.0,4.0,3,2,2,Unfurnished,1,0,"Lakarsantri, Surabaya",-7.30073,112.635658,https://www.rumah123.com/properti/surabaya-lakarsantri/dijual-rumah-semi-klasik-surabaya-timur-babatan-pantai-surabaya-hos41127153/,rumah123
Dijual Via Lelang Rumah Jalan Tenggilis Mejoyo Selatan Kel Tenggilis Mejoyo Kec Tenggilis Mejoyo Surabaya,4110000000,640.0,90.0,3.0,2,1,2,Unfurnished,0,0,"Tenggilis Mejoyo, Surabaya",-7.31943,112.755386,https://www.rumah123.com/properti/surabaya-tenggilis-mejoyo/dijual-via-lelang-rumah-jalan-tenggilis-mejoyo-selatan-kel-tenggilis-mejoyo-kec-tenggilis-mejoyo-surabaya-hos41357027/,rumah123
Dijual Via Lelang Rumah Lokasi Kelurahan Gading Kecamatan Tambaksari Surabaya,1430000000,242.0,120.0,3.0,2,2,1,Unfurnished,1,0,"Kenjeran, Surabaya",-7.23563,112.786163,https://www.rumah123.com/properti/surabaya-kenjeran/dijual-via-lelang-rumah-lokasi-kelurahan-gading-kecamatan-tambaksari-surabaya-hos40402531/,rumah123
Dijual Via Lelang Rumah Darmo Permai Selatan Kel Pradah Kali Kendal Kec Dukuh Pakis Surabaya,2950000000,341.0,90.0,3.0,2,1,2,Unfurnished,1,0,"Dukuh Pakis, Surabaya",-7.29503,112.710739,https://www.rumah123.com/properti/surabaya-dukuh-pakis/dijual-via-lelang-rumah-darmo-permai-selatan-kel-pradah-kali-kendal-kec-dukuh-pakis-surabaya-hos41223020/,rumah123
Dijual Via Lelang Rumah Jalan Gading Pantai Dukuh Suterejo Mulyorejo Surabaya,4470000000,465.0,200.0,4.0,3,1,2,Unfurnished,0,0,"Kenjeran, Surabaya",-7.23563,112.786163,https://www.rumah123.com/properti/surabaya-kenjeran/dijual-via-lelang-rumah-jalan-gading-pantai-dukuh-suterejo-mulyorejo-surabaya-hos40282142/,rumah123
Dijual Via Lelang Rumah Jalan Mentari Kenjeran Tengah Kel Kenjeran Kec. Bulak Surabaya,1140000000,136.0,36.0,2.0,1,1,1,Unfurnished,1,0,"Kenjeran, Surabaya",-7.23563,112.786163,https://www.rumah123.com/properti/surabaya-kenjeran/dijual-via-lelang-rumah-jalan-mentari-kenjeran-tengah-kel-kenjeran-kec-bulak-surabaya-hos41016926/,rumah123
Dijual Via Lelang Gudang Lokasi Rangkah Tambaksari Surabaya,13500000000,1610.0,500.0,,2,1,2,Unfurnished,0,0,"Kenjeran, Surabaya",-7.23563,112.786163,https://www.rumah123.com/properti/surabaya-kenjeran/dijual-via-lelang-gudang-lokasi-rangkah-tambaksari-surabaya-hos39613733/,rumah123
Dijual Via Lelang Rumah Jalan Bukit Darmo Golf Kel Pradah Kalikendal Kec Dukuh Pakis Surabaya,40700000000,956.0,150.0,4.0,3,2,2,Unfurnished,1,0,"Dukuh Pakis, Surabaya",-7.29503,112.710739,https://www.rumah123.com/properti/surabaya-dukuh-pakis/dijual-via-lelang-rumah-jalan-bukit-darmo-golf-kel-pradah-kalikendal-kec-dukuh-pakis-surabaya-hos41509631/,rumah123
Dijual Rumah Satelit Utara Surabaya,3500000000,240.0,200.0,3.0,3,1,3,Unfurnished,1,0,"Dukuh Pakis, Surabaya",-7.29503,112.710739,https://www.rumah123.com/properti/surabaya-dukuh-pakis/dijual-rumah-satelit-utara-surabaya-hos41430227/,rumah123
Dijual Via Lelang Rumah Lokasi Desa Made Kec Sambikerep Surabaya,1900000000,544.0,120.0,3.0,2,2,2,Unfurnished,1,0,"Sambikerep, Surabaya",-7.27993,112.654648,https://www.rumah123.com/properti/surabaya-sambikerep/dijual-via-lelang-rumah-lokasi-desa-made-kec-sambikerep-surabaya-hos41044392/,rumah123
Dijual Via Lelang Rumah Lokasi Pantai Mentari Kel Kenjeran Kec. Bulak Surabaya,946000000,120.0,45.0,3.0,2,1,1,Unfurnished,1,0,"Kenjeran, Surabaya",-7.23563,112.786163,https://www.rumah123.com/properti/surabaya-kenjeran/dijual-via-lelang-rumah-lokasi-pantai-mentari-kel-kenjeran-kec-bulak-surabaya-hos41014235/,rumah123
Dijual Via Lelang Rumah Lokasi Desa Made Kec Sambikerep Surabaya,650000000,403.0,70.0,3.0,2,1,1,Unfurnished,1,0,"Sambikerep, Surabaya",-7.27993,112.654648,https://www.rumah123.com/properti/surabaya-sambikerep/dijual-via-lelang-rumah-lokasi-desa-made-kec-sambikerep-surabaya-hos41044077/,rumah123
Dijual Rumah Hitung Tanah Simogunung Surabaya,1470000000,120.0,45.0,2.0,1,1,1,,0,0,"Dukuh Pakis, Surabaya",-7.29503,112.710739,https://www.rumah123.com/properti/surabaya-dukuh-pakis/dijual-rumah-hitung-tanah-simogunung-surabaya-hos40234712/,rumah123
"Dijual Rumah 2 Lantai Wonocolo, Surabaya",5000000000,324.0,300.0,5.0,3,2,2,Unfurnished,1,0,"Dukuh Pakis, Surabaya",-7.29503,112.710739,https://www.rumah123.com/properti/surabaya-dukuh-pakis/dijual-rumah-2-lantai-wonocolo-surabaya-hos40986894/,rumah123
Dijual Via Lelang Rumah Taman Hunian Satelit 2 Jalan Sukomanunggal Indah Surabaya,4710000000,289.0,120.0,3.0,2,2,2,Unfurnished,1,1,"Dukuh Pakis, Surabaya",-7.29503,112.710739,https://www.rumah123.com/properti/surabaya-dukuh-pakis/dijual-via-lelang-rumah-taman-hunian-satelit-2-jalan-sukomanunggal-indah-surabaya-hos40999848/,rumah123
Dijual Via Lelang Rumah Pakuwon City Cluster Villa Royal Kel Kejawan Putih Tambak Kec Mulyorejo Surabaya,6730000000,375.0,120.0,4.0,3,2,2,Unfurnished,1,0,"Pakuwon City, Surabaya",-7.28917,112.67556,https://www.rumah123.com/properti/surabaya-pakuwon-city/dijual-via-lelang-rumah-pakuwon-city-cluster-villa-royal-kel-kejawan-putih-tambak-kec-mulyorejo-surabaya-hos41216632/,rumah123
Dijual Rumah Suterejo Timur Keputih Surabaya Timur,3400000000,152.0,190.0,4.0,3,2,2,Unfurnished,1,0,"Pakuwon City, Surabaya",-7.28917,112.734,https://www.rumah123.com/properti/surabaya-pakuwon-city/dijual-rumah-suterejo-timur-keputih-surabaya-timur-hos39957054/,rumah123
Dijual Cepat Rumah Pantai Mentari Cluster The Havens Siap Huni,1500000000,108.0,150.0,3.0,2,2,1,Unfurnished,1,0,"Kenjeran, Surabaya",-7.23563,112.786163,https://www.rumah123.com/properti/surabaya-kenjeran/dijual-cepat-rumah-pantai-mentari-cluster-the-havens-siap-huni-hos41328744/,rumah123
Dijual Via Lelang Rumah Lokasi Pantai Mentari Kenjeran Surabaya,2910000000,199.0,45.0,3.0,2,2,1,Unfurnished,1,0,"Kenjeran, Surabaya",-7.23563,112.786163,https://www.rumah123.com/properti/surabaya-kenjeran/dijual-via-lelang-rumah-lokasi-pantai-mentari-kenjeran-surabaya-hos41350196/,rumah123
"Dijual Rumah Mewah Classic Modern Pakuwon Indah, Surabaya",7750000000,275.0,400.0,4.0,4,2,1,Furnished,1,0,"Pakuwon Indah, Surabaya",-7.28921,112.674469,https://www.rumah123.com/properti/surabaya-pakuwon-indah/dijual-rumah-mewah-classic-modern-pakuwon-indah-surabaya-hos41283938/,rumah123
Dijual Via Lelang Rumah Lokasi Perumahan Wisma Mukti Jalan Klampis Indah Surabaya,6300000000,665.0,90.0,3,2,1,2,Unfurnished,1,0,"Manyar, Surabaya",-7.28724,112.739052,https://www.rumah123.com/properti/surabaya-manyar/dijual-via-lelang-rumah-lokasi-perumahan-wisma-mukti-jalan-klampis-indah-surabaya-hos41093101/,rumah123
Dijual Rumah Siap Huni Lokasi Griya Asri Pakuwon City,1950000000,78.0,60.0,1,1,1,1,Unfurnished,1,0,"Pakuwon City, Surabaya",-7.28917,112.67556,https://www.rumah123.com/properti/surabaya-pakuwon-city/dijual-rumah-siap-huni-lokasi-griya-asri-pakuwon-city-hos19585322/,rumah123
Dijual Via Lelang Tanah dan Bangunan Jalan Taman Pradah Indah Kel.lontar Kec. Sambikerep Surabaya,2830000000,310.0,90.0,3,2,2,1,Unfurnished,1,1,"Wiyung, Surabaya",-7.31097,112.698067,https://www.rumah123.com/properti/surabaya-wiyung/dijual-via-lelang-tanah-dan-bangunan-jalan-taman-pradah-indah-kellontar-kec-sambikerep-surabaya-hos41851958/,rumah123
Dijual Rumah Murah Shm Lokasi Medokan Ayu,600000000,100.0,40.0,2,1,1,1,Unfurnished,1,0,"Rungkut, Surabaya",-7.31434,112.80023,https://www.rumah123.com/properti/surabaya-rungkut/dijual-rumah-murah-shm-lokasi-medokan-ayu-hos18929238/,rumah123
Dijual Via Lelang Rumah Lokasi Graha Natura Kel.lontar Kec. Sambikerep Surabaya,4500000000,375.0,120.0,3,2,2,2,Unfurnished,1,0,"Wiyung, Surabaya",-7.31097,112.698067,https://www.rumah123.com/properti/surabaya-wiyung/dijual-via-lelang-rumah-lokasi-graha-natura-kellontar-kec-sambikerep-surabaya-hos41005734/,rumah123
"Rumah Mewah Bangunan Sendiri, Sudah Ditinggikan di Pakuwon City Surabaya",9500000000,327.0,550.0,4,5,2,2,Unfurnished,1,0,"Pakuwon City, Surabaya",-7.28917,112.67556,https://www.rumah123.com/properti/surabaya-pakuwon-city/rumah-mewah-bangunan-sendiri-sudah-ditinggikan-di-pakuwon-city-surabaya-hos41131171/,rumah123
Dijual Via Lelang Rumah Lokasi Perum Griya Babatan Mukti Jalan Griya Babatan Kel Babatan Kec Karangpilang Surabaya,742000000,135.0,45.0,3,2,1,1,Unfurnished,1,0,"Wiyung, Surabaya",-7.31097,112.698067,https://www.rumah123.com/properti/surabaya-wiyung/dijual-via-lelang-rumah-lokasi-perum-griya-babatan-mukti-jalan-griya-babatan-kel-babatan-kec-karangpilang-surabaya-hos42145001/,rumah123
Dijual Rumah 2 Lantai Lokasi Medokan Ayu Utara,950000000,72.0,140.0,3,3,2,1,Unfurnished,1,0,"Rungkut, Surabaya",-7.31434,112.800232,https://www.rumah123.com/properti/surabaya-rungkut/dijual-rumah-2-lantai-lokasi-medokan-ayu-utara-hos38830735/,rumah123
Dijual Rumah Murah Lokasi Pondok Tjandra,1500000000,120.0,90.0,4,2,1,1,Furnished,1,0,"Rungkut, Surabaya",-7.31434,112.800232,https://www.rumah123.com/properti/surabaya-rungkut/dijual-rumah-murah-lokasi-pondok-tjandra-hos38860128/,rumah123
Dijual Rumah Baru 2 Lantai Lokasi Rungkut Asri,1580000000,90.0,45.0,3,2,2,2,Unfurnished,1,0,"Rungkut, Surabaya",-7.31434,112.800232,https://www.rumah123.com/properti/surabaya-rungkut/dijual-rumah-baru-2-lantai-lokasi-rungkut-asri-hos38913693/,rumah123
Dijual Rumah Lokasi Dian Istana Wiyung Surabaya,6750000000,270.0,70.0,3,3,2,2,Semi Furnished,1,0,"Wiyung, Surabaya",-7.31097,112.698067,https://www.rumah123.com/properti/surabaya-wiyung/dijual-rumah-lokasi-dian-istana-wiyung-surabaya-hos41171548/,rumah123
Dijual Rumah Graha Natura Sambikerep Lontar Surabaya,7500000000,375.0,425.0,4,4,2,2,Unfurnished,1,1,"Wiyung, Surabaya",-7.31097,112.698067,https://www.rumah123.com/properti/surabaya-wiyung/dijual-rumah-graha-natura-sambikerep-lontar-surabaya-hos40789062/,rumah123
Dijual Rumah Hitung Tanah Lokasi Nirwana Eksekutif Rungkut,1850000000,210.0,100.0,3,2,1,2,Unfurnished,1,0,"Rungkut, Surabaya",-7.31434,112.800232,https://www.rumah123.com/properti/surabaya-rungkut/dijual-rumah-hitung-tanah-lokasi-nirwana-eksekutif-rungkut-hos38899502/,rumah123
Dijual Via Lelang Rumah Lokasi Citraland Cluster Taman Golf Kel. Sambikerep Kec Sambikerep Surabaya,10100000000,376.0,120.0,3,2,2,2,Unfurnished,1,1,"Wiyung, Surabaya",-7.31097,112.698067,https://www.rumah123.com/properti/surabaya-wiyung/dijual-via-lelang-rumah-lokasi-citraland-cluster-taman-golf-kel-sambikerep-kec-sambikerep-surabaya-hos42276831/,rumah123
Dijual Via Lelang Rumah Lokasi Jalan.kawasan Front Made Sambikerep Surabaya,7000000000,450.0,200.0,3,2,2,2,Unfurnished,1,0,"Wiyung, Surabaya",-7.31097,112.698067,https://www.rumah123.com/properti/surabaya-wiyung/dijual-via-lelang-rumah-lokasi-jalankawasan-front-made-sambikerep-surabaya-hos40719691/,rumah123
Dijual Via Lelang Rumah Medokan Semampir Koala Regency Kel Medokan Semampir Kec Sukolilo Surabaya,500000000,125.0,36.0,2,1,1,1,Unfurnished,1,0,"Rungkut, Surabaya",-7.31434,112.800232,https://www.rumah123.com/properti/surabaya-rungkut/dijual-via-lelang-rumah-medokan-semampir-koala-regency-kel-medokan-semampir-kec-sukolilo-surabaya-hos42145590/,rumah123
Dijual Rumah Baru 2 Lantai Lokasi Nirwana Eksekutif Rungkut Surabaya,1800000000,98.0,150.0,3,3,2,1,Unfurnished,1,0,"Rungkut, Surabaya",-7.31434,112.800232,https://www.rumah123.com/properti/surabaya-rungkut/dijual-rumah-baru-2-lantai-lokasi-nirwana-eksekutif-rungkut-surabaya-hos39863639/,rumah123
"Dijual Cepat Rumah di Perum Wisma Mukti, Surabaya",1450000000,88.0,84.0,2,1,1,1,Unfurnished,1,0,"Rungkut, Surabaya",-7.31434,112.800232,https://www.rumah123.com/properti/surabaya-rungkut/dijual-cepat-rumah-di-perum-wisma-mukti-surabaya-hos41185975/,rumah123
Jual Rumah Citraland Telaga Utama Main Road Double Way ( Commercial Area ),11000000000,480.0,300.0,4,4,2,2,Unfurnished,1,1,"Citraland, Surabaya",-7.309354,112.656548,https://www.rumah123.com/properti/surabaya-citraland/jual-rumah-citraland-telaga-utama-main-road-double-way-commercial-area-hos19342870/,rumah123
Jual Rumah Citraland Alam Hijau Minimalis Modern,3200000000,120.0,195.0,4,4,2,2,Unfurnished,1,1,"Citraland, Surabaya",-7.309354,112.656548,https://www.rumah123.com/properti/surabaya-citraland/jual-rumah-citraland-alam-hijau-minimalis-modern-hos42234513/,rumah123
Jual Rumah SHM Baru Bagus Alam Hijau Citraland Surabaya,6850000000,210.0,450.0,4.0,3,2,2.0,Unfurnished,1,1,"Citraland, Surabaya",-7.309354,112.656548,https://www.rumah123.com/properti/surabaya-citraland/jual-rumah-shm-baru-bagus-alam-hijau-citraland-surabaya-hos40523509/,rumah123
Dijual Rumah Baru Gress Minimalis Mewah Woodland Citraland 2Lt 4Kt LB 213M Dekat Gwalk dan Pakuwon Mall Surabaya Barat,3650000000,135.0,213.0,4.0,5,2,,Unfurnished,0,0,"Citraland, Surabaya",-7.309354,-7.309354,https://www.rumah123.com/properti/surabaya-citraland/dijual-rumah-baru-gress-minimalis-mewah-woodland-citraland-utama-hos40757208/,rumah123
Dijual Tanah Bonus Bangunan Donowati Sukomanunggal Lt216m,1200000000,216.0,216.0,4.0,2,2,,Unfurnished,0,0,"Sukomanunggal, Surabaya",-7.26548,-7.26548,https://www.rumah123.com/properti/surabaya-sukomanunggal/dijual-tanah-bonus-bangunan-donowati-sukomanunggal-lt216m-hos42021447/,rumah123
Rumah Kenjeran Pogot Surabya Utara Dekat Jalan Raya,966000000,65.0,52.0,2.0,2,2,1.0,,0,0,"Kenjeran, Surabaya",-7.23563,112.786163,https://www.rumah123.com/properti/surabaya-kenjeran/rumah-kenjeran-pogot-surabya-utara-dekat-jalan-raya-hos41573995/,rumah123
Murah Pool Harga NJOP Raya Bukit Golf,8200000000,700.0,420.0,,2,2,2.0,Unfurnished,0,0,"Citraland, Surabaya",-7.309354,112.656548,https://www.rumah123.com/properti/surabaya-citraland/murah-pool-harga-njop-raya-bukit-golf-hos41263350/,rumah123
Rumah Rungkut Surabaya Timur Dekat Raya Meer dan Kampus Stikom,399000000,27.0,28.0,1.0,2,1,,,0,0,"Rungkut, Surabaya",-7.31434,112.800232,https://www.rumah123.com/properti/surabaya-rungkut/rumah-rungkut-surabaya-timur-alana-wonorejo-hos42011735/,rumah123
Rumah Surabaya Medokan Ayu Dekat Kampus Upn Danmer,1150000000,93.0,80.0,4.0,2,1,,,0,0,"Medokan Ayu, Surabaya",-7.326097,112.81353,https://www.rumah123.com/properti/surabaya-medokan-ayu/rumah-surabaya-medoakan-ayu-rungkut-hos42316927/,rumah123
Rumah Surabaya Tambaksari Dekat Pusat Kota Gres Siap Huni,1560000000,122.0,137.0,4.0,3,2,1.0,,0,0,"Tambaksari, Surabaya",-7.25371,112.753212,https://www.rumah123.com/properti/surabaya-tambaksari/rumah-surabaya-tambaksari-lebak-arum-ciamik-pool-hos41574055/,rumah123
Rumah Surabaya Dekat Kampus Upn dan Mer,656000000,50.0,30.0,2.0,1,1,1.0,Unfurnished,0,0,"Rungkut, Surabaya",-7.31434,112.800232,https://www.rumah123.com/properti/surabaya-rungkut/rumah-surabaya-rungkut-selangkah-kampus-upn-dan-raya-meer-hos39575171/,rumah123
Aset Premium 2 Milliar Hasilkan 8 Juta Per Bulan di Pondok Indah Karah,2200000000,77.0,98.0,5.0,6,2,1.0,Semi Furnished,1,1,"Surabaya Kota, Surabaya",-7.2771,112.717407,https://www.rumah123.com/properti/surabaya-surabaya-kota/aset-premium-2-milliar-hasilkan-8-juta-per-bulan-di-pondok-indah-karah-hos15972749/,rumah123
Investasi Cerdas di Lokasi Emas Kota Surabaya,3500000000,182.0,130.0,2.0,2,1,2.0,Semi Furnished,1,1,"Mayjen Sungkono, Surabaya",-8.07589,112.634583,https://www.rumah123.com/properti/surabaya-mayjen-sungkono/land-value-play-padmosusastro-hos42277390/,rumah123
"Siap Huni, Rumah, 1 Lantai di Darmo. Wonokromo Surabaya",7500000000,358.0,285.0,4.0,3,1,2.0,Semi Furnished,0,0,"Wonokromo, Surabaya",-7.28917,112.734,https://www.rumah123.com/properti/surabaya-wonokromo/siap-huni-rumah-1-lantai-di-darmo-wonokromo-surabaya-hos41666562/,rumah123
Dijual Rumah di Rungkut Menggal Selatan. Surabaya,975000000,150.0,150.0,5.0,2,1,2.0,Unfurnished,0,0,"Rungkut, Surabaya",-7.28917,112.734,https://www.rumah123.com/properti/surabaya-rungkut/dijual-rumah-di-rungkut-menggal-selatan-surabaya-hos41666618/,rumah123
"Rumah, SHM di Jln. Rangkah 6. Tambaksari - Surabaya",1100000000,66.0,80.0,3.0,2,2,1.0,Semi Furnished,0,0,"Tambaksari, Surabaya",-7.28917,112.734,https://www.rumah123.com/properti/surabaya-tambaksari/rumah-shm-di-jln-rangkah-6-tambaksari-surabaya-hos41259548/,rumah123
"Rumah Murah 1,5 Lantai Minimalis Semi Furnished Siap Huni Dekat Pasar Modern di Taman Puspa Raya Citraland Utama Surabaya Barat",1650000000,120.0,80.0,2.0,1,1,1.0,Semi Furnished,0,1,"Citraland, Surabaya",-7.309354,112.656548,https://www.rumah123.com/properti/surabaya-citraland/rumah-murah-15-lantai-minimalis-semi-furnished-siap-huni-dekat-pasar-modern-di-taman-puspa-raya-citraland-utama-hos41681732/,rumah123
Dijual Rumah Siap Huni Pantai Mentari Carport 2 Mobil,2150000000,153.0,194.0,5.0,4,2,,Unfurnished,1,1,"Kenjeran, Surabaya",-7.23563,112.786163,https://www.rumah123.com/properti/surabaya-kenjeran/dijual-rumah-siap-huni-pantai-mentari-carport-2-mobil-hos40994715/,rumah123
"Jual Rumah Bagus Hgb Di Grand Sunrise ,",900000000,90.0,53.0,2.0,1,1,1.0,Unfurnished,1,1,"Wiyung, Surabaya",-7.31097,112.698067,https://www.rumah123.com/properti/surabaya-wiyung/jual-rumah-bagus-hgb-di-grand-sunrise-hos39745903/,rumah123
Rumah Dijual Karang Asem Siap Huni,1200000000,160.0,120.0,3.0,2,2,1.0,Unfurnished,1,1,"Tambaksari, Surabaya",-7.25428719657566,112.76608874577511,https://www.rumah123.com/properti/surabaya-tambaksari/rumah-dijual-karang-asem-siap-huni-hos41676998/,rumah123
Dijual Rumah Dharmahusada Indah Timur Dekat Galaxy Mall Unair Row Jalan 3 Mobil,6300000000,375.0,300.0,4.0,3,1,,Unfurnished,1,1,"Dharma Husada, Surabaya",-7.26661,112.768181,https://www.rumah123.com/properti/surabaya-dharma-husada/dijual-rumah-dharmahusada-indah-timur-dekat-galaxy-mall-unair-row-jalan-3-mobil-hos41310205/,rumah123
Rumah Dijual Wisma Mukti Dekat Hang Tuah Surabaya,1750000000,95.0,120.0,4,3,2,,Semi Furnished,1,1,"Sukolilo, Surabaya",-7.297014942864507,112.77901856331533,https://www.rumah123.com/properti/surabaya-sukolilo/rumah-dijual-wisma-mukti-dekat-hang-tuah-surabaya-hos41708487/,rumah123
Rumah Dijual Babatan Pantai Bangunan Baru Bagus,3450000000,153.0,230.0,4,3,2,2.0,Unfurnished,1,1,"Mulyorejo, Surabaya",-7.27049,112.780548,https://www.rumah123.com/properti/surabaya-mulyorejo/rumah-dijual-babatan-pantai-bangunan-baru-bagus-hos41795969/,rumah123
Rumah Zimbali Costa Grand Island Harga Miring,1400000000,60.0,70.0,2,2,1,1.0,Unfurnished,1,1,"Pakuwon City, Surabaya",-7.2861502576775905,112.81431024283643,https://www.rumah123.com/properti/surabaya-pakuwon-city/rumah-zimbali-costa-grand-island-harga-miring-hos41933657/,rumah123
Rumah Jemursari Selatan Luasan Besar Eks Penginapan,6300000000,716.0,1000.0,18,18,2,3.0,Unfurnished,1,1,"Wonocolo, Surabaya",-7.327363029315222,112.73714291605648,https://www.rumah123.com/properti/surabaya-wonocolo/rumah-jemursari-selatan-luasan-besar-eks-penginapan-hos41809360/,rumah123
Rumah Dharmahusada Mas Strategis Jalan Utama Dekat Unair dan Its,6500000000,375.0,500.0,3,2,2,,Unfurnished,1,1,"Mulyorejo, Surabaya",-7.272960964536438,112.79514818193303,https://www.rumah123.com/properti/surabaya-mulyorejo/rumah-dharmahusada-mas-strategis-jalan-utama-dekat-unair-dan-its-hos42044044/,rumah123
Rumah Baru Manyar Jaya Surabaya High Quality,2600000000,107.0,160.0,4,3,1,2.0,Unfurnished,1,1,"Sukolilo, Surabaya",-7.296369911244625,112.77115525306948,https://www.rumah123.com/properti/surabaya-sukolilo/rumah-baru-manyar-jaya-surabaya-high-quality-hos42038542/,rumah123
Rumah Manyar Jaya Bangunan Baru Minimalis,2200000000,90.0,120.0,4,4,2,,Unfurnished,1,1,"Sukolilo, Surabaya",-7.28813,112.802902,https://www.rumah123.com/properti/surabaya-sukolilo/rumah-manyar-jaya-new-minimalis-hos41433402/,rumah123
Rumah Pantai Mentari Bangunan Baru Gress Minimalis,1850000000,90.0,135.0,5,4,2,,Unfurnished,1,1,"Kenjeran, Surabaya",-7.23563,112.786163,https://www.rumah123.com/properti/surabaya-kenjeran/rumah-pantai-mentari-new-minimalis-carport-2-row-25-mobil-hos40857528/,rumah123
Rumah Baru Wisma Mukti Dekat Galaxy Mall,2200000000,100.0,150.0,4,3,2,2.0,Unfurnished,1,0,"Manyar, Surabaya",-7.28724,112.739052,https://www.rumah123.com/properti/surabaya-manyar/rumah-baru-wisma-mukti-dekat-galaxy-mall-hos42308228/,rumah123
Dijual Rumah Pantai Mentari Ocean Park Furnish Row Lebar,1400000000,119.0,125.0,3,3,1,,Furnished,1,1,"Kenjeran, Surabaya",-7.23563,112.786163,https://www.rumah123.com/properti/surabaya-kenjeran/dijual-rumah-pantai-mentari-ocean-park-furnish-row-lebar-hos40883249/,rumah123
Rumah Malibu Pakuwon City Murah Furnished Surabaya,3100000000,180.0,160.0,4,4,2,,Furnished,1,1,"Pakuwon City, Surabaya",-7.28917,112.67556,https://www.rumah123.com/properti/surabaya-pakuwon-city/rumah-malibu-palm-beach-pakuwon-city-siap-huni-furnished-row-3-mobil-hos40994760/,rumah123
Rumah Northwest Park Jual Rugi Siap Huni Minimalis,1500000000,105.0,100.0,3,2,2,,Unfurnished,1,1,"Pakal, Surabaya",-7.24268,112.629807,https://www.rumah123.com/properti/surabaya-pakal/rumah-northwest-park-siap-huni-minimalis-hos42167205/,rumah123
Rumah Pantai Mentari Row Jalan Super Lebar,2500000000,153.0,163.0,3,3,2,1.0,Unfurnished,1,1,"Mulyorejo, Surabaya",-7.23694706,112.7917099,https://www.rumah123.com/properti/surabaya-mulyorejo/rumah-pantai-mentari-row-jalan-super-lebar-hos42088726/,rumah123
Rumah Aruba Villa Pakuwon City Minimalis Siap Huni,4500000000,160.0,210.0,5,6,2,,Semi Furnished,1,1,"Pakuwon City, Surabaya",-7.28917,112.67556,https://www.rumah123.com/properti/surabaya-pakuwon-city/rumah-aruba-villa-pakuwon-city-minimalis-siap-huni-hos41820306/,rumah123
"Rumah Manyar Siap Huni - Dekat Kampus Its, Hang Tuah & Unair",3050000000,112.0,224.0,4,3,2,2.0,Unfurnished,1,1,"Manyar, Surabaya",-7.282634804358338,112.7597959545966,https://www.rumah123.com/properti/surabaya-manyar/rumah-manyar-siap-huni-dekat-kampus-its-hang-tuah-unair-hos42291406/,rumah123
Rumah Siap Huni 2 Lantai Dekat Its - Mulyosari Surabaya,2500000000,165.0,250.0,4,3,2,,Semi Furnished,1,1,"Mulyosari, Surabaya",-7.26563,112.79656,https://www.rumah123.com/properti/surabaya-mulyosari/rumah-siap-huni-2-lantai-dekat-its-mulyosari-surabaya-hos42302117/,rumah123
"Dijual Rumah Baru Minimalis 2 Lantai di Wiyung, Surabaya",3500000000,129.0,205.0,3,4,2,,Unfurnished,1,0,"Wiyung, Surabaya",-7.31097,112.698067,https://www.rumah123.com/properti/surabaya-wiyung/dijual-rumah-baru-minimalis-2-lantai-di-wiyung-surabaya-hos42365162/,rumah123
Rumah Strategis Pakuwon City Siap Huni Dekat Kampus Favorit,3700000000,160.0,240.0,4,4,1,,Unfurnished,1,1,"Pakuwon City, Surabaya",-7.275760007940562,112.80590601862355,https://www.rumah123.com/properti/surabaya-pakuwon-city/rumah-strategis-pakuwon-city-siap-huni-dekat-kampus-favorit-hos42083707/,rumah123
Dijual Rumah Baru 2 Lantai di Pandugo Rungkut,1150000000,70.0,80.0,3,2,2,,Unfurnished,1,0,"Rungkut, Surabaya",-7.31434,112.800232,https://www.rumah123.com/properti/surabaya-rungkut/dijual-rumah-baru-2-lantai-di-pandugo-rungkut-hos42340237/,rumah123
Mantap! Dijual Rumah 2 L Wisata Bukit Mas Sby Barat,3000000000,180.0,190.0,3,3,2,2.0,Furnished,1,1,"Wisata Bukit Mas, Surabaya",-7.308962,112.667053,https://www.rumah123.com/properti/surabaya-wisata-bukit-mas/mantap-dijual-rumah-2-l-wisata-bukit-mas-sby-barat-hos42391415/,rumah123
Rumah Somerset Citraland Dekat dengan Uc dan Palimanan,9950000000,300.0,600.0,5,5,3,2.0,Unfurnished,1,1,"Lakarsantri, Surabaya",-7.30073,112.635658,https://www.rumah123.com/properti/surabaya-lakarsantri/rumah-somerset-citraland-dekat-dengan-uc-dan-palimanan-hos42312879/,rumah123
Rumah Murah 1 Lantai Siap Huni 10 Menit ke Merr,700000000,72.0,60.0,2,1,1,1.0,Semi Furnished,1,0,"Rungkut, Surabaya",-7.31434,112.800232,https://www.rumah123.com/properti/surabaya-rungkut/rumah-murah-1-lantai-siap-huni-10-menit-ke-merr-hos41603988/,rumah123
Rumah Murah Hitung Tanah Dekat Upn Dinamika dan Toll,1800000000,200.0,100.0,2,1,1,1.0,Unfurnished,1,0,"Rungkut, Surabaya",-7.31434,112.800232,https://www.rumah123.com/properti/surabaya-rungkut/rumah-murah-hitung-tanah-dekat-upn-dinamika-dan-toll-hos41469975/,rumah123
Hunian Nyaman Green Semanggi Mangrove - Harga Bersahabat,650000000,91.0,60.0,2,1,1,,Unfurnished,1,0,"Rungkut, Surabaya",-7.309274179831604,112.81397707264546,https://www.rumah123.com/properti/surabaya-rungkut/hunian-nyaman-green-semanggi-mangrove-harga-bersahabat-hos41915678/,rumah123
Rumah Potensial Kos-Kosan Rungkut Mejoyo Selatan - Hitung Tanah,1900000000,229.0,229.0,3,3,1,,Unfurnished,1,1,"Rungkut, Surabaya",-7.321267017592817,112.76246999578774,https://www.rumah123.com/properti/surabaya-rungkut/rumah-potensial-koskosan-rungkut-mejoyo-selatan-hitung-tanah-hos41955444/,rumah123
Rumah Minimalis Modern Eksklusif di Nirwana Eksekutif,1920000000,105.0,153.0,3,3,2,2.0,Semi Furnished,1,1,"Rungkut, Surabaya",-7.31505460653116,112.798136033523,https://www.rumah123.com/properti/surabaya-rungkut/rumah-minimalis-modern-eksklusif-di-nirwana-eksekutif-hos42041792/,rumah123
Rumah Baru Nyaman & Strategis - Nirwana Rungkut,2300000000,160.0,160.0,3,2,1,,Semi Furnished,1,1,"Rungkut, Surabaya",-7.31505460653116,112.798136033523,https://www.rumah123.com/properti/surabaya-rungkut/rumah-baru-nyaman-strategis-nirwana-hos42041772/,rumah123
"Rumah Murah Dekat Upn - Harga Hitung Tanah, Cocok untuk Kos",1270000000,150.0,300.0,1,1,1,,Unfurnished,1,1,"Rungkut, Surabaya",-7.33213091,112.78833008,https://www.rumah123.com/properti/surabaya-rungkut/rumah-murah-dekat-upn-harga-hitung-tanah-cocok-untuk-kos-hos42203760/,rumah123
Rumah Strategis Medokan Asri Timur Potensial untuk Kost,2700000000,325.0,200.0,6,3,1,,Unfurnished,1,1,"Rungkut, Surabaya",-7.327679500007162,112.78811049987648,https://www.rumah123.com/properti/surabaya-rungkut/rumah-strategis-medokan-asri-timur-potensial-untuk-kost-hos42204235/,rumah123
"Rumah Murah Central Park Merr - Full Furnished, Siap Huni!",2100000000,91.0,112.0,3,3,2,,Furnished,1,1,"Rungkut, Surabaya",-7.342205590315936,112.79240875537776,https://www.rumah123.com/properti/surabaya-rungkut/rumah-murah-central-park-merr-full-furnished-siap-huni-hos42262822/,rumah123
Dijual Rumah Baru Gress 2 Lantai Siap Huni Amesta Living,1430000000,90.0,136.0,3,2,2,2.0,Unfurnished,1,0,"Rungkut, Surabaya",-7.31434,112.800232,https://www.rumah123.com/properti/surabaya-rungkut/dijual-rumah-baru-gress-2-lantai-siap-huni-amesta-living-hos42375254/,rumah123
Dijual Rumah Baru Gress 2 Lantai Siap Huni di Amesta Living,1080000000,60.0,70.0,3,2,2,2.0,Unfurnished,1,0,"Rungkut, Surabaya",-7.31434,112.800232,https://www.rumah123.com/properti/surabaya-rungkut/dijual-rumah-baru-gress-2-lantai-siap-huni-di-amesta-living-surabaya-hos42375106/,rumah123
Jual Rumah Wisata Bukit Mas Du Lyon Furnished Wiyung,2750000000,153.0,178.0,4,3,2,1.0,Semi Furnished,0,0,"Wiyung, Surabaya",-7.31097,112.698067,https://www.rumah123.com/properti/surabaya-wiyung/jual-rumah-wisata-bukit-mas-du-lyon-furnished-wiyung-hos42391319/,rumah123
Rumah Mojokerto Subsidi Dekat Surabaya Akses Tol Terlaris Viral,166000000,66.0,27.0,2,1,1,1.0,Unfurnished,1,1,"Surabaya Kota, Surabaya",-7.2771,112.71741,https://www.rumah123.com/properti/surabaya-surabaya-kota/rumah-mojokerto-subsidi-dekat-surabaya-akses-tol-terlaris-viral-hos16994036/,rumah123
Dijual Cepat Butuh Cepat Laku Rumah 2 Lantai di Rungkut,2200000000,189.0,250.0,3,2,2,2.0,Unfurnished,0,0,"Rungkut, Surabaya",-7.31434,112.80023,https://www.rumah123.com/properti/surabaya-rungkut/dijual-cepat-butuh-cepat-laku-rumah-2-lantai-di-rungkut-hos42378189/,rumah123
Rumah 2 Lantai di Rungkut Asri Dekat Merr,1800000000,120.0,175.0,3,2,2,1.0,Semi Furnished,1,0,"Rungkut, Surabaya",-7.31434,112.80023,https://www.rumah123.com/properti/surabaya-rungkut/rumah-2-lantai-di-rungkut-asri-dekat-merr-hos42377172/,rumah123
Dijual Murah Via Lelang Rumah Grand Pakuwon Surabaya,1840000000,144.0,288.0,3,2,2,1.0,Unfurnished,1,1,"Pakuwon, Surabaya",-7.289141,112.67572,https://www.rumah123.com/properti/surabaya-pakuwon/dijual-murah-via-lelang-rumah-grand-pakuwon-surabaya-hos42039285/,rumah123
Dijual Rumah Siap Huni Bulak Kalitinjang Baru Surabaya,1230000000,100.0,98.0,2,1,1,1.0,Unfurnished,1,1,"Surabaya Kota, Surabaya",-7.2771,112.717407,https://www.rumah123.com/properti/surabaya-surabaya-kota/dijual-rumah-siap-huni-bulak-kalitinjang-baru-surabaya-hos40422499/,rumah123
Dijual Harga Promo Rumah 2 Lantai Gress Raya Boulevard Citraland,2550000000,126.0,190.0,3,3,2,2.0,Unfurnished,1,1,"Citraland, Surabaya",-7.2889105,112.64498,https://www.rumah123.com/properti/surabaya-citraland/dijual-harga-promo-rumah-2-lantai-gress-raya-boulevard-citraland-hos19105116/,rumah123
Jual Rumah 2 Lantai Minimalis Modern Rungkut Asri,1580000000,90.0,90.0,3,3,2,2.0,Unfurnished,1,1,"Rungkut, Surabaya",-7.31434,112.80023,https://www.rumah123.com/properti/surabaya-rungkut/jual-rumah-2-lantai-minimalis-modern-rungkut-asri-hos19124797/,rumah123
Dijual Rumah Klasik Mewah di San Antonio Pakuwon City,11000000000,367.0,550.0,6,4,2,2,Furnished,1,1,"Pakuwon City, Surabaya",-7.28917,112.67556,https://www.rumah123.com/properti/surabaya-pakuwon-city/dijual-rumah-klasik-mewah-di-san-antonio-pakuwon-city-hos19124097/,rumah123
Dijual Harga Rugi Rumah Minimalis Modern Grand Pakuwon Tandes,1350000000,72.0,70.0,2,2,2,2,Semi Furnished,1,1,"Surabaya Kota, Surabaya",-7.25513,112.65875,https://www.rumah123.com/properti/surabaya-surabaya-kota/dijual-harga-rugi-rumah-minimalis-modern-grand-pakuwon-tandes-hos39096086/,rumah123
Dijual Cepat Rumah 2 Lantai Siap Huni Gunung Anyar,575000000,50.0,50.0,2,2,2,1,Unfurnished,1,1,"Rungkut, Surabaya",-7.31434,112.800232,https://www.rumah123.com/properti/surabaya-rungkut/dijual-cepat-rumah-2-lantai-siap-huni-gunung-anyar-hos40335863/,rumah123
Dijual Rumah Mewah International Village Citraland,4200000000,179.0,303.0,4,3,2,2,Unfurnished,1,1,"Citraland, Surabaya",-7.309354,112.656548,https://www.rumah123.com/properti/surabaya-citraland/dijual-rumah-mewah-international-village-citraland-hos40973580/,rumah123
"Dijual Rumah Cantik di Akses Masuk Perum Taman Gunung Anyar,",925000000,100.0,70.0,3,2,1,1,Unfurnished,1,1,"Rungkut, Surabaya",-7.31434,112.800232,https://www.rumah123.com/properti/surabaya-rungkut/dijual-rumah-cantik-di-akses-masuk-perum-taman-gunung-anyar-hos40973488/,rumah123
Dijual Murah Rumah Grand Pakuwom Akses Tol,2950000000,144.0,156.0,3,3,2,1,Unfurnished,1,1,"Surabaya Kota, Surabaya",-7.2771,112.717407,https://www.rumah123.com/properti/surabaya-surabaya-kota/dijual-murah-rumah-grand-pakuwom-akses-tol-hos40474668/,rumah123
Dijual Murah Via Lelangan Rumah Graha Familly,6430000000,312.0,400.0,5,5,2,1,Unfurnished,1,0,"Graha, Surabaya",-7.257472,112.75209,https://www.rumah123.com/properti/surabaya-graha/dijual-murah-via-lelangan-rumah-graha-familly-hos41015136/,rumah123
Dijual Rumah Siap Huni Medayu Utara Rungkut,830000000,100.0,75.0,2,1,1,1,Unfurnished,0,1,"Rungkut, Surabaya",-7.31434,112.800232,https://www.rumah123.com/properti/surabaya-rungkut/dijual-rumah-siap-huni-medayu-utara-rungkut-hos39721243/,rumah123
Dijual Cepat Rumah Hook Hitung Tanah Darmo Sentosa Raya,4900000000,452.0,300.0,3,3,2,1,Unfurnished,1,1,"Surabaya Kota, Surabaya",-7.2771,112.717407,https://www.rumah123.com/properti/surabaya-surabaya-kota/dijual-cepat-rumah-hook-hitung-tanah-darmo-sentosa-raya-hos42193315/,rumah123
Dijual Rumah Untuk Usaha di Surabaya Kota Daerah Strategis,7250000000,325.0,650.0,12,8,2,2,Unfurnished,0,1,"Surabaya Kota, Surabaya",-7.25288651,112.7549694,https://www.rumah123.com/properti/surabaya-surabaya-kota/dijual-rumah-untuk-usaha-di-surabaya-kota-daerah-strategis-hos39111923/,rumah123
Dijual Rumah Kedurus Karangpilang 15 Menit Ke Pakuwon Mall,1000000000,138.0,138.0,3,2,1,1,Unfurnished,1,0,"Wiyung, Surabaya",-7.31097,112.69807,https://www.rumah123.com/properti/surabaya-wiyung/dijual-rumah-kedurus-karangpilang-15-menit-ke-pakuwon-mall-hos18607385/,rumah123
Dijual Rumah New The Juanda Sidoarjo Fasilitas Bintang,1100000000,74.0,72.0,2,2,2,1,,1,1,"Sidoarjo, Surabaya",-7.2574719,112.7520883,https://www.rumah123.com/properti/surabaya-sidoarjo/dijual-rumah-new-the-juanda-sidoarjo-fasilitas-bintang-hos18607195/,rumah123
Dijual Rumah Modern Minimalis Pakal Madya Asri,1600000000,94.0,150.0,3,3,2,2,Unfurnished,1,1,"Pakal, Surabaya",-7.24268,112.629807,https://www.rumah123.com/properti/surabaya-pakal/dijual-rumah-modern-minimalis-pakal-madya-asri-hos39069836/,rumah123
Dijual Rumah Mewah & Bagus Full Furnish Bintang Diponggo - Pakis,18900000000,1.0,1300.0,5,5,2,1,Furnished,1,1,"Surabaya Kota, Surabaya",-7.2771,112.717407,https://www.rumah123.com/properti/surabaya-surabaya-kota/dijual-rumah-mewah-bagus-full-furnish-bintang-diponggo-pakis-hos42201353/,rumah123
"Dijual Rumah Mewah di Menanggal, Dekat Gayungsari dan Ahmad Yani",9000000000,441.0,810.0,4,4,2,2,Furnished,1,1,"Surabaya Kota, Surabaya",-7.333606,112.724253,https://www.rumah123.com/properti/surabaya-surabaya-kota/dijual-rumah-mewah-di-menanggal-dekat-gayungsari-dan-ahmad-yani-hos39850311/,rumah123
Dijual Cepat Rumah Griya Citra Asri Benowo Nego Tipis,900000000,72.0,131.0,2,2,2,2,Unfurnished,1,1,"Benowo, Surabaya",-7.23213,112.63014,https://www.rumah123.com/properti/surabaya-benowo/dijual-cepat-rumah-griya-citra-asri-benowo-nego-tipis-hos18336775/,rumah123
Dijual Rumah Mewah Kompleks Exclusive Margorejo Indah,9200000000,400.0,500.0,5,3,2,2,Semi Furnished,1,1,"Surabaya Kota, Surabaya",-7.2771,112.717407,https://www.rumah123.com/properti/surabaya-surabaya-kota/dijual-rumah-mewah-kompleks-exclusive-margorejo-indah-hos39109722/,rumah123
Dijual Rumah Idaman Exclusif Woodland Citraland,3000000000,135.0,252.0,4,3,2,1,Semi Furnished,1,1,"Citraland, Surabaya",-7.309354,112.656548,https://www.rumah123.com/properti/surabaya-citraland/dijual-rumah-idaman-exclusif-woodland-citraland-hos40466391/,rumah123
Dijual Murah Rumah Siap Huni Daerah Rungkut,925000000,70.0,60.0,2,1,1,1,Furnished,1,1,"Rungkut, Surabaya",-7.31434,112.80023,https://www.rumah123.com/properti/surabaya-rungkut/dijual-murah-rumah-siap-huni-daerah-rungkut-hos18653301/,rumah123
Dijual Cepat Rumah Kendalsari Penjaringan Rungkut,1470000000,105.0,70.0,2,1,1,1,Unfurnished,1,1,"Rungkut, Surabaya",-7.31434,112.800232,https://www.rumah123.com/properti/surabaya-rungkut/dijual-cepat-rumah-kendalsari-penjaringan-rungkut-hos42216793/,rumah123
Dijual Cepat Rumah Cantik Hook Royal Residence View Danau,2600000000,98.0,125.0,3,2,2,2.0,Unfurnished,1,1,"Wiyung, Surabaya",-7.31097,112.698067,https://www.rumah123.com/properti/surabaya-wiyung/dijual-cepat-rumah-cantik-hook-royal-residence-view-danau-hos42046580/,rumah123
Dijual Via Lelang Rumah Dua Lantai Medokan Ayu Utara,500000000,72.0,140.0,3,3,2,1.0,Unfurnished,1,1,"Rungkut, Surabaya",-7.31434,112.800232,https://www.rumah123.com/properti/surabaya-rungkut/dijual-via-lelang-rumah-dua-lantai-medokan-ayu-utara-hos38831197/,rumah123
Dijual Rumah Gress Scandinavian Gunung Anyar,695000000,60.0,50.0,2,2,2,1.0,Unfurnished,1,0,"Rungkut, Surabaya",-7.31434,112.800232,https://www.rumah123.com/properti/surabaya-rungkut/dijual-rumah-gress-scandinavian-gunung-anyar-hos40536372/,rumah123
Dijual Rumah Full Furnished Mansion Nine Siap Huni,1050000000,55.0,55.0,2,2,2,1.0,Furnished,1,1,"Wiyung, Surabaya",-7.31097,112.698067,https://www.rumah123.com/properti/surabaya-wiyung/dijual-rumah-full-furnished-mansion-nine-siap-huni-hos39244173/,rumah123
Dijual Rumah Mewah Siap Huni Rungkut Barata,1900000000,153.0,250.0,5,2,2,1.0,Unfurnished,1,1,"Rungkut, Surabaya",-7.31434,112.800232,https://www.rumah123.com/properti/surabaya-rungkut/dijual-rumah-mewah-siap-huni-rungkut-barata-hos39232516/,rumah123
"Dijual Rumah Baru Di Medokan Asri, Dekat Kampus Upn",1350000000,100.0,110.0,3,2,2,,Unfurnished,1,0,"Rungkut, Surabaya",-7.31434,112.800232,https://www.rumah123.com/properti/surabaya-rungkut/dijual-rumah-baru-di-medokan-asri-dekat-kampus-upn-hos40563408/,rumah123
Dijual Rumah Simohilir Barat Harga Bisa Nego,1800000000,120.0,120.0,4,2,2,1.0,Unfurnished,0,0,"Surabaya Kota, Surabaya",-7.2771,112.717407,https://www.rumah123.com/properti/surabaya-surabaya-kota/dijual-rumah-simohilir-barat-harga-bisa-nego-hos40630731/,rumah123
Dijual Cepat Rumah Minimalis Modern Mulyosari,1500000000,89.0,120.0,3,2,2,1.0,Unfurnished,1,0,"Surabaya Kota, Surabaya",-7.2771,112.717407,https://www.rumah123.com/properti/surabaya-surabaya-kota/dijual-cepat-rumah-minimalis-modern-mulyosari-hos40608754/,rumah123
"Dijual Rumah Gress Di Citraland Utama, Dekat Gwalk",4050000000,150.0,230.0,4,4,2,2.0,Unfurnished,1,1,"Citraland, Surabaya",-7.309354,112.656548,https://www.rumah123.com/properti/surabaya-citraland/dijual-rumah-gress-di-citraland-utama-dekat-gwalk-hos40636177/,rumah123
Dijual Rumah Minimalis Modern Wonorejo Rungkut,835000000,100.0,75.0,3,1,1,1.0,Unfurnished,1,0,"Rungkut, Surabaya",-7.31434,112.800232,https://www.rumah123.com/properti/surabaya-rungkut/dijual-rumah-minimalis-modern-wonorejo-rungkut-hos40635967/,rumah123
Dijual Via Lelang Rumah Green Semanggi Mangrove Blok,838000000,108.0,95.0,2,1,1,1.0,Unfurnished,1,0,"Rungkut, Surabaya",-7.31434,112.800232,https://www.rumah123.com/properti/surabaya-rungkut/dijual-via-lelang-rumah-green-semanggi-mangrove-blok-hos41229323/,rumah123
Dijual Rumah Simpang Darmo Permai Letak Strategis,4500000000,360.0,450.0,5,5,2,2.0,Unfurnished,1,0,"Surabaya Kota, Surabaya",-7.2771,112.717407,https://www.rumah123.com/properti/surabaya-surabaya-kota/dijual-rumah-simpang-darmo-permai-letak-strategis-hos39304136/,rumah123
Dijual Rumah Mewah Minimalis Medokan Asri Rungkut,1680000000,100.0,110.0,4,3,1,1.0,Unfurnished,1,1,"Rungkut, Surabaya",-7.31434,112.800232,https://www.rumah123.com/properti/surabaya-rungkut/dijual-rumah-mewah-minimalis-medokan-asri-rungkut-hos19368678/,rumah123
Dijual Vis Lelang Rumah Mewah Taman Bukit Golf,10080000000,373.0,746.0,4,4,2,2.0,Unfurnished,1,1,"Citraland, Surabaya",-7.309354,112.656548,https://www.rumah123.com/properti/surabaya-citraland/dijual-vis-lelang-rumah-mewah-taman-bukit-golf-hos42372565/,rumah123
0 Raya Rumah Manyar Surabaya Timur Bagus Utk Komersil,4600000000,334.0,500.0,5,4,2,,Semi Furnished,0,1,"Manyar, Surabaya",-7.28724,112.739052,https://www.rumah123.com/properti/surabaya-manyar/0-raya-rumah-manyar-surabaya-timur-bagus-utk-komersil-hos42264590/,rumah123
Rumah Baru Kualitas Top Tier di Manyar Free Kanopi bisa KPR,4850000000,200.0,300.0,4,3,2,2.0,Unfurnished,1,1,"Manyar, Surabaya",-7.28724,112.739052,https://www.rumah123.com/properti/surabaya-manyar/rumah-baru-kualitas-top-tier-di-manyar-free-kanopi-bisa-kpr-hos42391805/,rumah123
"Jual Rumah Murah Hook Mewah 2 LT Ptc,Petra Darmo Citraland",4500000000,355.0,400.0,5,4,2,2.0,Unfurnished,1,1,"Darmo permai, Surabaya",-7.28917,112.734,https://www.rumah123.com/properti/surabaya-darmo-permai/jual-rumah-murah-hook-mewah-2-lt-ptcpetra-darmo-citraland-hos13754166/,rumah123
Rumah Baru Sutorejo bisa KPR Siap Huni dan Strategis,1990000000,90.0,160.0,4,3,2,2.0,Unfurnished,1,0,"Mulyorejo, Surabaya",-7.27049,112.780548,https://www.rumah123.com/properti/surabaya-mulyorejo/rumah-baru-sutorejo-bisa-kpr-siap-huni-dan-strategis-hos42391737/,rumah123
"Dijual Cepat, Rumah 2 Lantai Babatan Pantai Utara",3200000000,180.0,180.0,4,3,2,2.0,Unfurnished,1,1,"Babatan, Surabaya",-7.307856,112.682434,https://www.rumah123.com/properti/surabaya-babatan/dijual-cepat-rumah-2-lantai-babatan-pantai-utara-hos40463624/,rumah123
Rumah Murah Wisata Bukit Mas Wiyung Dekat Pakuwon Mall Citraland,2300000000,119.0,130.0,4,3,2,2.0,Unfurnished,1,1,"Wisata Bukit Mas, Surabaya",-7.308962,112.667053,https://www.rumah123.com/properti/surabaya-wisata-bukit-mas/rumah-murah-wisata-bukit-mas-wiyung-dekat-pakuwon-mall-citraland-hos42391619/,rumah123
"Siap Huni, Rumah, 2 Lantai, Shm,Wismapagesangan Surabaya",3500000000,227.0,222.0,6,2,2,5.0,Unfurnished,0,0,"Surabaya Kota, Surabaya",-7.2771,112.717407,https://www.rumah123.com/properti/surabaya-surabaya-kota/siap-huni-rumah-2-lantai-shmwismapagesangan-surabaya-hos41425590/,rumah123
"Bisa KPR, Rumah, Siap Huni,Pakuwon Indah Surabaya",4300000000,162.0,150.0,3,3,2,1.0,Unfurnished,0,0,"Surabaya Kota, Surabaya",-7.2771,112.717407,https://www.rumah123.com/properti/surabaya-surabaya-kota/bisa-kpr-rumah-siap-hunipakuwon-indah-surabaya-hos41422554/,rumah123
"Bisa KPR, Rumah, SHM, Siap Huni,Surabaya Perum Wisma Mukti",1450000000,88.0,84.0,2,1,1,1.0,Unfurnished,0,0,"Surabaya Kota, Surabaya",-7.2771,112.717407,https://www.rumah123.com/properti/surabaya-surabaya-kota/bisa-kpr-rumah-shm-siap-hunisurabaya-perum-wisma-mukti-hos41422740/,rumah123
"Siap Huni, Rumah, SHM, bisa Kpr,Dekat Merr Surabaya",10000000000,800.0,800.0,5,5,1,1.0,Semi Furnished,0,0,"Surabaya Kota, Surabaya",-7.2771,112.717407,https://www.rumah123.com/properti/surabaya-surabaya-kota/siap-huni-rumah-shm-bisa-kprdekat-merr-surabaya-hos41423172/,rumah123
"Siap Huni, Rumah, Shm,Mulyosari Surabaya",6500000000,299.0,399.0,5,4,1,,Furnished,0,0,"Surabaya Kota, Surabaya",-7.2771,112.717407,https://www.rumah123.com/properti/surabaya-surabaya-kota/siap-huni-rumah-shmmulyosari-surabaya-hos41424196/,rumah123
"Siap Huni, Rumah, 1 Lantai, Shm,Satelit Utara Surabays",3500000000,240.0,200.0,3,3,1,3.0,Unfurnished,0,0,"Surabaya Kota, Surabaya",-7.2771,112.717407,https://www.rumah123.com/properti/surabaya-surabaya-kota/siap-huni-rumah-1-lantai-shmsatelit-utara-surabays-hos41571261/,rumah123
"Rumah, 2 Lantai, Siap Huni,Grand Pakuwon Surabaya",1600000000,72.0,84.0,3,2,2,1.0,Unfurnished,0,0,"Surabaya Kota, Surabaya",-7.2771,112.717407,https://www.rumah123.com/properti/surabaya-surabaya-kota/rumah-2-lantai-siap-hunigrand-pakuwon-surabaya-hos41681851/,rumah123
"Bisa KPR, Rumah, 2 Lantai, SHM, Siap Huni,Villa.bukit Mas",6500000000,400.0,312.0,4,2,2,1.0,Semi Furnished,0,0,"Surabaya Kota, Surabaya",-7.2771,112.717407,https://www.rumah123.com/properti/surabaya-surabaya-kota/bisa-kpr-rumah-2-lantai-shm-siap-hunivillabukit-mas-hos41681965/,rumah123
"Rumah, SHM, Siap Huni,Citra Land Surabaya",8900000000,368.0,500.0,4,3,2,1.0,Unfurnished,0,1,"Surabaya Kota, Surabaya",-7.2771,112.717407,https://www.rumah123.com/properti/surabaya-surabaya-kota/rumah-shm-siap-hunicitra-land-surabaya-hos41729319/,rumah123
"Siap Huni, Rumah, 2 Lantai, bisa KPR, Graha Family",13000000000,264.0,626.0,4,2,2,1.0,Furnished,0,0,"Surabaya Kota, Surabaya",-7.2771,112.717407,https://www.rumah123.com/properti/surabaya-surabaya-kota/siap-huni-rumah-2-lantai-bisa-kpr-graha-family-hos41735983/,rumah123
"Siap Huni, Rumah, bisa Kpr,Northwest Hill Citraland",1050000000,60.0,62.0,2,2,1,2.0,Unfurnished,0,0,"Surabaya Kota, Surabaya",-7.2771,112.717407,https://www.rumah123.com/properti/surabaya-surabaya-kota/siap-huni-rumah-bisa-kprnorthwest-hill-citraland-hos41736086/,rumah123
"Siap Huni, Rumah, 1 Lantai, bisa Kpr,Northwest Park Citra Land",950000000,72.0,46.0,2,1,1,,Semi Furnished,0,0,"Surabaya Kota, Surabaya",-7.2771,112.717407,https://www.rumah123.com/properti/surabaya-surabaya-kota/siap-huni-rumah-1-lantai-bisa-kprnorthwest-park-citra-land-hos41736323/,rumah123
"Bisa KPR, Rumah, Siap Huni,Grand Pakuwon Tandes Surabaya",1600000000,60.0,79.0,2,1,1,,Furnished,0,0,"Surabaya Kota, Surabaya",-7.2771,112.717407,https://www.rumah123.com/properti/surabaya-surabaya-kota/bisa-kpr-rumah-siap-hunigrand-pakuwon-tandes-surabaya-hos41799098/,rumah123
Rumah Bagus SHM Gunung Anyar Surabaya Timur,890000000,97.0,140.0,3,1,2,1.0,Unfurnished,0,0,"Surabaya Kota, Surabaya",-7.2771,112.717407,https://www.rumah123.com/properti/surabaya-surabaya-kota/rumah-bagus-shm-gunung-anyar-surabaya-timur-hos41001629/,rumah123
"Bisa KPR, Rumah, 1 Lantai, Siap Huni,Surabaya",850000000,100.0,75.0,2,1,1,1.0,Unfurnished,0,0,"Rungkut, Surabaya",-7.28917,112.734,https://www.rumah123.com/properti/surabaya-rungkut/bisa-kpr-rumah-1-lantai-siap-hunisurabaya-hos41422203/,rumah123
"Rumah, 2 Lantai, SHM, Siap Huni Nirwana Eksekutif Surabaya",1920000000,105.0,153.0,3,3,2,2.0,Unfurnished,0,0,"Surabaya Kota, Surabaya",-7.2771,112.717407,https://www.rumah123.com/properti/surabaya-surabaya-kota/rumah-2-lantai-shm-siap-huni-nirwana-eksekutif-surabaya-hos42245212/,rumah123
"Rumah, Shm,Bagus.graha Family di Surabaya.",6000000000,180.0,230.0,4,3,2,,Furnished,0,0,"Surabaya Kota, Surabaya",-7.2771,112.717407,https://www.rumah123.com/properti/surabaya-surabaya-kota/rumah-shmbagusgraha-family-di-surabaya-hos41218155/,rumah123
"Rumah, 2 Lantai, SHM Graha Family Surabaya",23500000000,731.0,1000.0,5,5,2,4.0,Semi Furnished,0,0,"Surabaya Kota, Surabaya",-7.2771,112.717407,https://www.rumah123.com/properti/surabaya-surabaya-kota/rumah-2-lantai-shm-graha-family-surabaya-hos41185925/,rumah123
"Siap Huni, Rumah, 2 Lantai, SHM, Sambikerep Surabaya",1700000000,112.0,200.0,4,2,2,,Unfurnished,0,0,"Surabaya Kota, Surabaya",-7.2771,112.717407,https://www.rumah123.com/properti/surabaya-surabaya-kota/siap-huni-rumah-2-lantai-shm-sambikerep-surabaya-hos41263224/,rumah123
Rumah Citraland Hook Golf Cluster Area Surabaya Barat,23500000000,950.0,1100.0,6,6,2,2.0,,0,0,"Citraland, Surabaya",-7.309354,112.656548,https://www.rumah123.com/properti/surabaya-citraland/rumah-citraland-hook-golf-cluster-area-surabaya-barat-hos41120783/,rumah123
Di Jual Rumah Baru Gres Citraland,4200000000,153.0,268.0,5,5,2.0,2.0,Unfurnished,0,0,"Citraland, Surabaya",-7.28917,112.734,https://www.rumah123.com/properti/surabaya-citraland/di-jual-rumah-baru-gres-citraland-hos39770175/,rumah123
21Jt/M Split Level Rumah Citraland Hadap Barat,8500000000,392.0,466.0,5,6,2.0,2.0,Semi Furnished,1,1,"Citraland, Surabaya",-7.309354,112.656548,https://www.rumah123.com/properti/surabaya-citraland/rumahsplit-level-citralandsurabayabarat-hos39776959/,rumah123
Rumah New Gress Good Area Graha Natura,4200000000,176.0,214.0,5,4,1.0,2.0,Unfurnished,0,0,"Citraland, Surabaya",-7.3093542,112.6565456,https://www.rumah123.com/properti/surabaya-citraland/rumah-new-gress-good-area-graha-natura-hos39703552/,rumah123
"RUMAH USAHA BANGUNAN BELANDA JL. IMAM BONJOL PUSAT KOTA LINGKUNGAN ELIT dekat Raya Darmo, Diponegoro, pusat bisnis dan komersial.",33000000000,738.0,423.0,4,2,,,,0,0,"Tegalsari, Surabaya",-7.27355,112.73746,https://www.rumah123.com/properti/surabaya-tegalsari/rumah-usaha-bangunan-belanda-jl-imam-bonjol-pusat-kota-lingkungan-elit-dekat-raya-darmo-diponegoro-pusat-bisnis-dan-hos14062249/,rumah123
"RUMAH JL. IMAM BONJOL pusat kota dekat Raya Darmo, Diponegoro, Dr. Soetomo pusat bisnis dan komersial",31000000000,776.0,200.0,4,2,,,Unfurnished,0,1,"Raya Darmo, Surabaya",,,https://www.rumah123.com/properti/surabaya-raya-darmo/rumah-jl-imam-bonjol-pusat-kota-dekat-raya-darmo-diponegoro-dr-soetomo-pusat-bisnis-dan-komersial-hos18689067/,rumah123
"RUMAH DARMO BARU 1 jalan kembar, dekat tol, pusat bisnis dan komersial",6500000000,420.0,300.0,4,2,,,Unfurnished,1,1,"Sukomanunggal, Surabaya",,,https://www.rumah123.com/properti/surabaya-sukomanunggal/rumah-darmo-baru-1-jalan-kembar-dekat-tol-pusat-bisnis-dan-komersial-hos9627222/,rumah123
"RUMAH VILLA BUKIT REGENCY 1 Ext. PAKUWON INDAH BARU GRES dekat mall, pusat bisnis dan komersial",7000000000,192.0,350.0,4,5,,,Semi Furnished,0,1,"Pakuwon Indah, Surabaya",,,https://www.rumah123.com/properti/surabaya-pakuwon-indah/rumah-villa-bukit-regency-1-ext-pakuwon-indah-baru-gres-dekat-mall-pusat-bisnis-dan-komersial-hos13088989/,rumah123
"RUMAH HITUNG TANAH GRAHA FAMIlY BLOK FAVORIT LONG GOLF VIEW dekat clubhouse, Loop, tol, pusat bisnis dan komersial",105000000000,2000.0,1500.0,5,6,,,Unfurnished,0,1,"Graha, Surabaya",,,https://www.rumah123.com/properti/surabaya-graha/rumah-hitung-tanah-graha-family-blok-favorit-long-golf-view-dekat-clubhouse-loop-tol-pusat-bisnis-dan-komersial-hos13514655/,rumah123
"RUMAH RAFFLES GARDEN CITRALAND BARU GRES MEWAH dekat Gwalk, area komersial.",11000000000,312.0,500.0,5,5,3.0,,Unfurnished,0,1,"Citraland, Surabaya",,,https://www.rumah123.com/properti/surabaya-citraland/rumah-raffles-garden-citraland-baru-gres-mewah-dekat-gwalk-area-komersial-hos13898312/,rumah123
"RUMAH PAKUWON INDAH CLASSIC SANGAT MEWAH dekat mall, pusat bisnis dan komersial",75000000000,1720.0,2400.0,5,6,3.0,,Semi Furnished,0,0,"Pakuwon Indah, Surabaya",-6.2,106.816666,https://www.rumah123.com/properti/surabaya-pakuwon-indah/rumah-pakuwon-indah-classic-sangat-mewah-dekat-mall-pusat-bisnis-dan-komersial-hos10279280/,rumah123
"RUMAH KUPANG INDAH 2 LANTAI DEKAT TOL, PUSAT BISNIS DAN KOMERSIAL",5000000000,276.0,350.0,5,4,2.0,,,0,0,"Dukuh Pakis, Surabaya",,,https://www.rumah123.com/properti/surabaya-dukuh-pakis/rumah-kupang-indah-2-lantai-dekat-tol-pusat-bisnis-dan-komersial-hos9763588/,rumah123
"Rumah Jl. Wr. Supratman Pusat Kota Dekat Raya Darmo, Diponegoro, Dr. Soetomo Pusat Bisnis Dan Komersial",16000000000,470.0,299.0,8,5,,,,0,0,"Tegalsari, Surabaya",,,https://www.rumah123.com/properti/surabaya-tegalsari/rumah-jl-wr-supratman-pusat-kota-dekat-raya-darmo-diponegoro-dr-soetomo-pusat-bisnis-dan-komersial-hos18562588/,rumah123
"Rumah GRAHA FAMILI GOLF VIEW Mewah Tapi Hitung Tanah, Full Furnished Ada Swimming Pool Dan Kolam Ikan Dekat Clubhouse, Tol, Pusat Bisnis Dan Komersial",85000000000,2042.0,1800.0,6,6,3.0,,Furnished,0,1,"Graha, Surabaya",,,https://www.rumah123.com/properti/surabaya-graha/rumah-graha-famili-golf-view-mewah-tapi-hitung-tanah-full-furnished-ada-swimming-pool-dan-kolam-ikan-dekat-clubhouse-hos18685567/,rumah123
"RUMAH PAKUWON INDAH MODERN SANGAT MEWAH ada SWIMMING POOL dekat mall, pusat bisnis dan komersial",50000000000,812.0,1200.0,4,4,3.0,2.0,Furnished,1,1,"Pakuwon Indah, Surabaya",,,https://www.rumah123.com/properti/surabaya-pakuwon-indah/rumah-pakuwon-indah-modern-sangat-mewah-ada-swimming-pool-dekat-mall-pusat-bisnis-dan-komersial-hos10208833/,rumah123
"RUMAH GRAHA FAMILY ada SWIMMING POOL* dekat clubhouse, tol, pusat bisnis dan komersial",30000000000,750.0,1300.0,5,6,,,Furnished,0,0,"Graha, Surabaya",,,https://www.rumah123.com/properti/surabaya-graha/rumah-graha-family-ada-swimming-pool-dekat-clubhouse-tol-pusat-bisnis-dan-komersial-hos16291493/,rumah123
"RUMAH PAKUWON INDAH MEWAH RENOVASI TOTAL ada SWIMMING POOL dekat mall, pusat bisnis dan komersial",16000000000,450.0,650.0,4,4,2.0,,,0,0,"Pakuwon Indah, Surabaya",,,https://www.rumah123.com/properti/surabaya-pakuwon-indah/rumah-pakuwon-indah-mewah-renovasi-total-ada-swimming-pool-dekat-mall-pusat-bisnis-dan-komersial-hos10257897/,rumah123
"Rumah DIAN ISTANA PARK AVENUE BARU GRES Dekat Clubhouse, Pusat Bisnis Dan Komersial",6950000000,246.0,300.0,4,4,,,Semi Furnished,1,1,"Graha, Surabaya",-6.2,106.816666,https://www.rumah123.com/properti/surabaya-graha/rumah-dian-istana-park-avenue-baru-gres-dekat-clubhouse-pusat-bisnis-dan-komersial-hos17789811/,rumah123
"RUMAH KUPANG INDAH 2 LANTAI DEKAT TOL, PUSAT BISNIS DAN KOMERSIAL",5000000000,276.0,350.0,5,4,2.0,,Unfurnished,1,0,"Dukuh Pakis, Surabaya",,,https://www.rumah123.com/properti/surabaya-dukuh-pakis/rumah-kupang-indah-2-lantai-dekat-tol-pusat-bisnis-dan-komersial-hos17718051/,rumah123
"RUMAH USAHA PANDEGILING PUSAT KOTA DEKAT RAYA DARMO, BASUKI RAHMAT, BANYU URIP, RAYA GUBENG",25000000000,840.0,300.0,2,2,,,Unfurnished,0,1,"Tegalsari, Surabaya",,,https://www.rumah123.com/properti/surabaya-tegalsari/rumah-usaha-pandegiling-pusat-kota-dekat-raya-darmo-basuki-rahmat-banyu-urip-raya-gubeng-hos18330944/,rumah123
"RUMAH BUKIT GOLF CITRALAND BARU GRES MEWAH GOLF VIEW ada SWIMMING POOL dekat clubhouse, Universitas Ciputra, JLLB",38000000000,944.0,1500.0,5,7,,,Unfurnished,1,1,"Citraland, Surabaya",,,https://www.rumah123.com/properti/surabaya-citraland/rumah-bukit-golf-citraland-baru-gres-mewah-golf-view-ada-swimming-pool-dekat-clubhouse-universitas-ciputra-jllb-hos10918909/,rumah123
RUMAH JL. RAYA DARMO LOKASI SANGAT STRATEGIS sebelah bank BCA dekat pusat bisnis dan komersial,85000000000,1000.0,600.0,6,4,1.0,,Unfurnished,0,1,"Raya Darmo, Surabaya",-7.2879,-7.2879,https://www.rumah123.com/properti/surabaya-raya-darmo/rumah-jl-raya-darmo-lokasi-sangat-strategis-sebelah-bank-bca-dekat-pusat-bisnis-dan-komersial-hos18952349/,rumah123
"Rumah Graha Family Baru Gres Blok Favorit Full Furnished Dekat Clubhouse, Tol, Pusat Bisnis Dan Komersial",32000000000,780.0,1200.0,5,6,2.0,2.0,Furnished,1,1,"Graha, Surabaya",-7.257472,112.75209,https://www.rumah123.com/properti/surabaya-graha/rumah-graha-family-baru-gres-blok-favorit-full-furnished-dekat-clubhouse-tol-pusat-bisnis-dan-komersial-hos39712287/,rumah123
"RUMAH JL. IMAM BONJOL pusat kota dekat Raya Darmo, Diponegoro, Kartini pusat bisnis dan komersial",32000000000,935.0,650.0,3,3,,,Furnished,0,1,"Tegalsari, Surabaya",,,https://www.rumah123.com/properti/surabaya-tegalsari/rumah-jl-imam-bonjol-pusat-kota-dekat-raya-darmo-diponegoro-kartini-pusat-bisnis-dan-komersial-hos13958242/,rumah123
"RUMAH USAHA EKS. KANTOR JL. RAYA DARMO HOOK JL. BINTORO LOKASI SANGAT STRATEGIS dekat Raya Diponegoro, Dr. Soetomo, pusat bisnis dan komersial",100000000000,1340.0,694.0,4,3,1.0,,Unfurnished,0,0,"Raya Darmo, Surabaya",-7.2879,-7.2879,https://www.rumah123.com/properti/surabaya-raya-darmo/rumah-usaha-eks-kantor-jl-raya-darmo-hook-jl-bintoro-lokasi-sangat-strategis-dekat-raya-diponegoro-dr-soetomo-pusat-hos18952482/,rumah123
Dijual Rumah 2 Lantai di Citraland Surabaya Barat,1250000000,90.0,126.0,3,2,2.0,1.0,Unfurnished,0,0,"Menganti, Surabaya",-7.28917,112.734,https://www.rumah123.com/properti/surabaya-menganti/dijual-rumah-2-lantai-di-citraland-surabaya-barat-hos41505431/,rumah123
Dijual Rumah 2 Lantai di Perumahan Simpang Regency Surabaya Barat,1700000000,104.0,132.0,4,3,2.0,2.0,Unfurnished,0,0,"Darmo permai, Surabaya",-7.285674,112.70134,https://www.rumah123.com/properti/surabaya-darmo-permai/dijual-rumah-2-lantai-di-perumahan-simpang-regency-surabaya-barat-hos41377077/,rumah123
"Dijual Rumah atau Kos Daerah Semolowaru Selatan, Surabaya Timur",1900000000,100.0,180.0,6,4,3.0,2.0,Furnished,1,0,"Semolowaru, Surabaya",-7.30105,112.778557,https://www.rumah123.com/properti/surabaya-semolowaru/dijual-rumah-atau-kos-daerah-semolowaru-selatan-surabaya-timur-hos41855165/,rumah123
Dijual Rumah 2 Lantai Surabaya Barat Tanjungsari,3000000000,200.0,320.0,5,4,2.0,2.0,Unfurnished,0,0,"Darmo permai, Surabaya",-7.28917,112.734,https://www.rumah123.com/properti/surabaya-darmo-permai/dijual-rumah-2-lantai-surabaya-barat-tanjungsari-hos41290813/,rumah123
"Dijual Rumah 2 Lantai Manyar Indah, Surabaya Timur",2470000000,109.0,173.0,5,5,2.0,1.0,Unfurnished,1,0,"Manyar, Surabaya",-7.28724,112.739052,https://www.rumah123.com/properti/surabaya-manyar/dijual-rumah-2-lantai-manyar-indah-surabaya-timur-hos42046833/,rumah123
"Dijual Rumah2 Lantai Daerah Darmo Indah Selatan, Surabaya Barat",1850000000,105.0,145.0,3,3,2.0,2.0,Unfurnished,1,0,"Darmo permai, Surabaya",-7.285674,112.70134,https://www.rumah123.com/properti/surabaya-darmo-permai/dijual-rumah2-lantai-daerah-darmo-indah-selatan-surabaya-barat-hos41918316/,rumah123
Dijual Rumah Hitung Tanah Daerah Jantung Kota Surabaya Barat,105000000000,1200.0,1000.0,10,10,2.0,1.0,Unfurnished,0,0,"Mayjen Sungkono, Surabaya",-8.07589,112.634583,https://www.rumah123.com/properti/surabaya-mayjen-sungkono/dijualrumah-hitung-tanah-daerah-jantung-kota-surabaya-barat-hos41025014/,rumah123
Dijual Rumah 2 Tingkat Dekat Tengah Kota Surabaya,3000000000,154.0,412.0,6,4,2.0,1.0,Unfurnished,0,0,"Keputran, Surabaya",-7.283231,112.743515,https://www.rumah123.com/properti/surabaya-keputran/dijual-rumah-2-tingkat-dekat-tengah-kota-surabaya-hos41060731/,rumah123
"Dijual Cepat Rumah Daerah Medayu,Rungkut",845000000,100.0,75.0,2,1,1.0,1.0,Unfurnished,0,0,"Rungkut, Surabaya",-7.28917,112.734,https://www.rumah123.com/properti/surabaya-rungkut/dijual-cepat-rumah-daerah-medayurungkut-hos41094666/,rumah123
Dijual Rumah 2 Lantai Manyar Tirtomoyo Surabaya Timur,3900000000,300.0,450.0,6,5,2.0,2.0,Furnished,0,0,"Manyar, Surabaya",-7.28724,112.739052,https://www.rumah123.com/properti/surabaya-manyar/dijual-rumah-2-lantai-manyar-tirtomoyo-surabaya-timur-hos41116015/,rumah123
"Dijual Rumah 2 Lantai Dharmahusada Siap Huni, Surabaya Timur",3950000000,200.0,330.0,6,3,2.0,1.0,Semi Furnished,0,0,"Dharma Husada, Surabaya",-7.26661,112.768181,https://www.rumah123.com/properti/surabaya-dharma-husada/dijual-rumah-2-lantai-dharmahusada-siap-huni-surabaya-timur-hos41855256/,rumah123
"Dijual Cepat Rumah 2 Lantai Daerah Perumahan Puri Galaxy, Surabaya Timur",5200000000,252.0,300.0,5,4,2.0,2.0,Unfurnished,1,0,"Sukolilo, Surabaya",-7.28813,112.802902,https://www.rumah123.com/properti/surabaya-sukolilo/dijual-cepat-rumah-2-lantai-daerah-perumahan-puri-galaxy-surabaya-timur-hos41900970/,rumah123
"Dijual Rumah 2 Lantai Siap Huni Darmo Permai Selatan, Surabaya Barat",4000000000,210.0,400.0,4,3,2.0,2.0,Unfurnished,0,0,"Darmo permai, Surabaya",-7.285674,112.70134,https://www.rumah123.com/properti/surabaya-darmo-permai/dijual-rumah-2-lantai-siap-huni-darmo-permai-selatan-surabaya-barat-hos42074677/,rumah123
"Dijual Rumah Daerah Sukomanunggal Jaya, Surabaya Barat",4000000000,250.0,230.0,4,2,1.0,1.0,Unfurnished,1,0,"Sukomanunggal, Surabaya",-7.26548,112.698799,https://www.rumah123.com/properti/surabaya-sukomanunggal/dijual-rumah-daerah-sukomanunggal-jaya-surabaya-barat-hos41833896/,rumah123
"Rumah Mewah 2 Lantai Margorejo Indah Surabaya Selatan Dekat Plaza Marina, Raya Ahmad Yani - Jemursari - Prapen - Jagir Wonokromo, Akses Mudah ke Tengah Kota Raya Diponegoro - Raya Darmo, Dll.",13000000000,700.0,1200.0,4,4,2.0,2.0,Semi Furnished,0,0,"Margorejo, Surabaya",-7.3122,112.741096,https://www.rumah123.com/properti/surabaya-margorejo/rumah-mewah-2-lantai-margorejo-indah-surabaya-selatan-dekat-plaza-marina-raya-ahmad-yani-jemursari-prapen-jagir-hos39983519/,rumah123
Harga Bawah Pasar!! Rumahcantik di Ketintang,2650000000,144.0,202.0,,5,3,2.0,Unfurnished,0,0,"Ketintang, Surabaya",-7.31682,112.727997,https://www.rumah123.com/properti/surabaya-ketintang/harga-bawah-pasar-rumahcantik-di-ketintang-hos42046862/,rumah123
"Dijual Rumah Siap Huni Wisma Permai, Surabaya Timur",5000000000,200.0,300.0,7.0,5,2,2.0,Unfurnished,1,0,"Mulyorejo, Surabaya",-7.27049,112.780548,https://www.rumah123.com/properti/surabaya-mulyorejo/dijual-rumah-siap-huni-wisma-permai-surabaya-timur-hos42275568/,rumah123
*Dijual Cepat Rumah Mewah + Kolam Renang Pribadi di Mojoklanggru - Gubeng - Surabaya!*,2850000000,177.0,260.0,5.0,4,2,2.0,Unfurnished,0,0,"Surabaya Kota, Surabaya",-7.2771,112.717407,https://www.rumah123.com/properti/surabaya-surabaya-kota/dijual-cepat-rumah-mewah-kolam-renang-pribadi-di-mojoklanggru-gubeng-surabaya-hos42304015/,rumah123
Dijual Runah Baru Gress 2Unit Jejer Babatan Pratama,1250000000,67.0,130.0,3.0,2,2,1.0,Unfurnished,1,1,"Wiyung, Surabaya",-7.28917,112.734,https://www.rumah123.com/properti/surabaya-wiyung/dijual-runah-baru-gress-2unit-jejer-babatan-pratama-hos41744435/,rumah123
Dijual Rumah Bagus Terawat Citraland,5750000000,240.0,322.0,4.0,3,2,2.0,Semi Furnished,1,1,"Citraland, Surabaya",-7.309354,112.656548,https://www.rumah123.com/properti/surabaya-citraland/dijual-rumah-bagus-terawat-citraland-hos42130917/,rumah123
Jual Murah Rumah Jemur Andayani Selangkah Menuju Jalan Raya,2800000000,354.0,175.0,3.0,2,1,2.0,Unfurnished,1,1,"Jemursari, Surabaya",-7.32428,112.74173,https://www.rumah123.com/properti/surabaya-jemursari/jual-murah-rumah-jemur-andayani-selangkah-menuju-jalan-raya-hos39065066/,rumah123
Rumah Baru Gress White House Dian Istana,3100000000,126.0,158.0,3.0,3,2,2.0,Unfurnished,1,1,"Wiyung, Surabaya",-7.31097,112.698067,https://www.rumah123.com/properti/surabaya-wiyung/rumah-baru-gress-white-house-dian-istana-hos19294283/,rumah123
Dijual Rumah White House Dian Istana New,2600000000,105.0,140.0,3.0,3,2,2.0,Unfurnished,0,0,"Wiyung, Surabaya",-7.31097,112.698067,https://www.rumah123.com/properti/surabaya-wiyung/dijual-rumah-baru-gress-white-house-dian-istana-hos19298734/,rumah123
Dijual Via Lelang Rumah di Manyar Indah,1260000000,182.0,255.0,3.0,2,2,1.0,Unfurnished,1,1,"Surabaya Kota, Surabaya",-7.294322266666668,112.7722645,https://www.rumah123.com/properti/surabaya-surabaya-kota/dijual-via-lelang-rumah-di-manyar-indah-hos41300092/,rumah123
"Rumah 1 Lantai di Area Kendangsari, Tenggilis Mejoyo, Surabaya.",2250000000,275.0,275.0,7.0,2,1,1.0,Unfurnished,1,0,"Kendangsari, Surabaya",-7.28917,112.734,https://www.rumah123.com/properti/surabaya-kendangsari/rumah-1-lantai-di-area-kendangsari-tenggilis-mejoyo-surabaya-hos42033924/,rumah123
"Rumah Bagus 1 Lantai di Area Darmo Harapan, Surabaya.",2100000000,180.0,150.0,4.0,2,1,,Unfurnished,1,1,"Sukomanunggal, Surabaya",-7.28917,112.734,https://www.rumah123.com/properti/surabaya-sukomanunggal/rumah-bagus-1-lantai-di-area-darmo-harapan-surabaya-hos42308055/,rumah123
"Rumah 1 Lantai di Area Citraland,Surabaya.",850000000,72.0,36.0,1.0,1,1,1.0,Unfurnished,1,0,"Citraland, Surabaya",-7.309354,112.656548,https://www.rumah123.com/properti/surabaya-citraland/rumah-1-lantai-di-area-citralandsurabaya-hos41207120/,rumah123
Rumah Villa Bukit Mas 2 Lantai Siap Huni,7000000000,300.0,300.0,4.0,3,2,1.0,Unfurnished,1,1,"Surabaya Kota, Surabaya",-7.2771,112.717407,https://www.rumah123.com/properti/surabaya-surabaya-kota/rumah-villa-bukit-mas-2-lantai-siap-huni-hos41257232/,rumah123
Rumah SHM 2 Lantai Siap Huni Pusat Kota Unfurnish No Banjir,1100000000,62.0,100.0,3.0,2,2,1.0,Unfurnished,0,0,"Genteng, Surabaya",-7.26125,112.742767,https://www.rumah123.com/properti/surabaya-genteng/rumah-shm-2-lantai-siap-huni-pusat-kota-unfurnish-no-banjir-hos41951366/,rumah123
Rumah Hitung Tanah Luas 170M Hanya 250Meter ke Ry Ngagel Surabaya,1270000000,170.0,150.0,5.0,3,1,2.0,Unfurnished,0,0,"Ngagel, Surabaya",-7.28744,112.747238,https://www.rumah123.com/properti/surabaya-ngagel/rumah-hitung-tanah-luas-170m-hanya-250meter-ke-ry-ngagel-surabaya-hos41825347/,rumah123
Rumah Baru Ready Unit Benowo Surabaya Dekat Gelora Bung Tomo,550000000,66.0,36.0,2.0,1,1,1.0,Unfurnished,0,0,"Benowo, Surabaya",-7.23213,112.630142,https://www.rumah123.com/properti/surabaya-benowo/rumah-baru-ready-unit-benowo-surabaya-dekat-gelora-bung-tomo-hos42265435/,rumah123
"Rumah Baru Ready Unit Free Biaya Wonorejo Surabaya Dekat Merr, U P N",600000000,54.0,36.0,2.0,1,1,1.0,Unfurnished,0,0,"Wonorejo, Surabaya",-7.271274,112.731598,https://www.rumah123.com/properti/surabaya-wonorejo/rumah-baru-ready-unit-free-biaya-wonorejo-surabaya-dekat-merr-u-p-n-hos42386520/,rumah123
Rumah Minimalis 2 LT Full Furnish Galaxy Dekat Pakuwon,7970000000,297.0,380.0,4.0,4,2,2.0,Furnished,0,1,"Sukolilo, Surabaya",-7.290059541262778,112.78496375792054,https://www.rumah123.com/properti/surabaya-sukolilo/rumah-minimalis-2-lt-full-furnish-galaxy-dekat-pakuwon-hos41449126/,rumah123
Murah Rumah Minimalis Marmer Surabaya Pusat Kartini,32000000000,787.0,1200.0,7.0,5,3,5.0,Unfurnished,0,1,"Raya Darmo, Surabaya",-7.2794,112.73832,https://www.rumah123.com/properti/surabaya-raya-darmo/murah-rumah-minimalis-marmer-surabaya-pusat-kartini-hos42384645/,rumah123
"Rumah 4 Lantai Baru dan Mewah di Citraland, Private Pool dan Lift",15000000000,368.0,880.0,5.0,5,4,2.0,Furnished,1,1,"Citraland, Surabaya",-7.309354,112.656548,https://www.rumah123.com/properti/surabaya-citraland/rumah-4-lantai-baru-gress-mewah-di-citraland-desain-interior-hos41575411/,rumah123
Rumah Siap Huni Mewah 2 Lantai di Dharmahusada di Jalan Boulevard,8500000000,450.0,575.0,5,6,2,2.0,Furnished,1,1,"Dharma Husada, Surabaya",-7.271064184284086,112.79499526681735,https://www.rumah123.com/properti/surabaya-dharma-husada/rumah-siap-huni-mewah-2-lantai-di-dharmahusada-di-jalan-boulevard-hos41667805/,rumah123
"Rumah Mewah Siap Huni Hook, di Araya Galaxy Bumi Permai Tahap 2",10000000000,410.0,600.0,5,3,2,3.0,Furnished,1,1,"Sukolilo, Surabaya",-7.302905,112.783052,https://www.rumah123.com/properti/surabaya-sukolilo/rumah-mewah-siap-huni-hook-di-araya-galaxy-bumi-permai-tahap-2-hos41641806/,rumah123
"Rumah Siap Huni di Citraland, Dekat dengan Universitas Ciputra",5500000000,240.0,390.0,4,3,2,2.0,Unfurnished,1,1,"Citraland, Surabaya",-7.296371582831893,112.62957550042601,https://www.rumah123.com/properti/surabaya-citraland/rumah-siap-huni-di-citraland-dekat-dengan-universitas-ciputra-hos41703155/,rumah123
Rumah Klasik Model Hook Siap Huni di Wisma Mukti Lokasi Strategis,5200000000,250.0,220.0,4,3,2,,Semi Furnished,1,1,"Sukolilo, Surabaya",-7.295866,112.779809,https://www.rumah123.com/properti/surabaya-sukolilo/rumah-klasik-model-hook-siap-huni-di-wisma-mukti-lokasi-strategis-hos41746600/,rumah123
Rumah Mewah Citraland Diamond Hill Model Hook Furnished Siap Huni,9500000000,412.0,500.0,4,3,2,2.0,Furnished,1,1,"Citraland, Surabaya",-7.28015,112.64053,https://www.rumah123.com/properti/surabaya-citraland/rumah-mewah-citraland-diamond-hill-model-hook-furnished-siap-huni-hos41750721/,rumah123
"Dijual Rumah 1,5 Lantai di Lebak Timur, Dekat Raya Kenjeran",1100000000,100.0,110.0,3,2,1,1.0,Unfurnished,1,0,"Kenjeran, Surabaya",-7.24863094474207,112.781970698433,https://www.rumah123.com/properti/surabaya-kenjeran/dijual-rumah-15-lantai-di-lebak-timur-dekat-raya-kenjeran-hos41756201/,rumah123
"Rumah 1Man Siap Huni 1 Lantai di Bronggalan, Dekat Raya Kenjeran",1200000000,112.0,112.0,2,2,1,1.0,Unfurnished,1,1,"Tambaksari, Surabaya",-7.255219586075796,112.7667167341736,https://www.rumah123.com/properti/surabaya-tambaksari/rumah-siap-huni-1-lantai-di-bronggalan-dekat-raya-kenjeran-hos41756787/,rumah123
"Rumah Baru Gress Siap Huni di Manyar Tirtoyoso, Lokasi Strategis",1950000000,82.0,125.0,3,3,2,2.0,Unfurnished,1,0,"Manyar, Surabaya",-7.28706,112.77218,https://www.rumah123.com/properti/surabaya-manyar/rumah-baru-gress-siap-huni-di-manyar-tirtoyoso-lokasi-strategis-hos41813155/,rumah123
"Rumah Siap Huni Darmo Indah, Dekat Akses Tol, Rs Mitra Keluarga",1800000000,105.0,135.0,3,3,2,1.0,Unfurnished,1,1,"Darmo permai, Surabaya",-7.261984882605205,112.68228729099565,https://www.rumah123.com/properti/surabaya-darmo-permai/rumah-siap-huni-darmo-indah-dekat-akses-tol-rs-mitra-keluarga-hos41810720/,rumah123
"Rumah Baru Strategis di Villa Kalijudan Indah, Dekat Pusat Kota",1770000000,100.0,160.0,3,3,2,1.0,Unfurnished,1,0,"Mulyorejo, Surabaya",-7.259078,112.77754,https://www.rumah123.com/properti/surabaya-mulyorejo/rumah-baru-strategis-di-villa-kalijudan-indah-dekat-pusat-kota-hos41802627/,rumah123
"Rumah Boulevard Double Way Dharmahusada, Dekat dengan Galaxy Mall",22500000000,777.0,1100.0,5,3,2,2.0,Unfurnished,1,1,"Dharma Husada, Surabaya",-7.2763322,112.7728609,https://www.rumah123.com/properti/surabaya-dharma-husada/rumah-boulevard-double-way-dharmahusada-dekat-dengan-galaxy-mall-hos41813201/,rumah123
"Rumah Baru Gress di Klampis Semolo Barat Wisma Mukti, 2 Lantai",2200000000,87.0,130.0,3,3,2,1.0,Unfurnished,1,0,"Sukolilo, Surabaya",-7.297014942864507,112.77901856331533,https://www.rumah123.com/properti/surabaya-sukolilo/rumah-baru-gress-di-klampis-semolo-barat-wisma-mukti-2-lantai-hos41423725/,rumah123
Rumah di Satelit Utara 150 Meter ke Raya Satelit Sukomanunggal,3100000000,240.0,200.0,3,2,1,1.0,Unfurnished,1,1,"Sukomanunggal, Surabaya",-7.26548,112.698799,https://www.rumah123.com/properti/surabaya-sukomanunggal/rumah-di-satelit-utara-150-meter-ke-raya-satelit-sukomanunggal-hos41851004/,rumah123
"Rumah 2 Lantai Siap Huni Citraland, Surabaya Barat",4300000000,126.0,126.0,3,3,2,1.0,Unfurnished,1,1,"Citraland, Surabaya",-7.29978592,112.6516301,https://www.rumah123.com/properti/surabaya-citraland/rumah-2-lantai-siap-huni-citraland-surabaya-barat-hos41813242/,rumah123
Rumah Siap Huni di Taman Internasional Citraland Surabaya Barat,7500000000,369.0,740.0,6,4,2,2.0,Unfurnished,1,1,"Citraland, Surabaya",-7.285929793796669,112.65223197753465,https://www.rumah123.com/properti/surabaya-citraland/rumah-siap-huni-di-taman-internasional-citraland-surabaya-barat-hos41822006/,rumah123
"Rumah Baru Gress Mewah 3 Lantai di Citraland, Surabaya Barat",9950000000,300.0,600.0,5,5,3,2.0,Unfurnished,1,1,"Lakarsantri, Surabaya",-7.298671,112.627696,https://www.rumah123.com/properti/surabaya-lakarsantri/rumah-baru-gress-mewah-3-lantai-di-citraland-surabaya-barat-hos42020065/,rumah123
"Rumah Siap Huni di Graha Natura Surabaya Barat, 15 Menit ke Ptc",3200000000,144.0,160.0,3,4,2,2.0,Unfurnished,1,1,"Sambikerep, Surabaya",-7.2797029156,112.6587989951,https://www.rumah123.com/properti/surabaya-sambikerep/rumah-siap-huni-di-graha-natura-surabaya-barat-15-menit-ke-ptc-hos42029473/,rumah123
"Rumah Siap Huni di Pantai Mentari Minimalis, Dekat Raya Kenjeran",1670000000,102.0,144.0,2,1,2,1.0,Unfurnished,1,1,"Kenjeran, Surabaya",-7.23816451666667,112.794598333333,https://www.rumah123.com/properti/surabaya-kenjeran/rumah-siap-huni-di-pantai-mentari-minimalis-dekat-raya-kenjeran-hos41501294/,rumah123
"Rumah 1M An Baru Gress Minimalis, di Dharmahusada, Surabaya Timur",1700000000,75.0,110.0,2,3,2,2.0,Unfurnished,1,1,"Dharma Husada, Surabaya",-7.272960964536438,112.79514818193303,https://www.rumah123.com/properti/surabaya-dharma-husada/rumah-1m-an-baru-gress-minimalis-di-dharmahusada-surabaya-timur-hos42068713/,rumah123
Rumah 2 Lantai Model Hook di Citraland Cluster Diamond Hill,8900000000,368.0,500.0,4,3,2,2.0,Unfurnished,1,1,"Citraland, Surabaya",-7.28015,112.64053,https://www.rumah123.com/properti/surabaya-citraland/rumah-2-lantai-model-hook-di-citraland-cluster-diamond-hill-hos42082757/,rumah123
Dijual Rumah Baru 4 Lantai Ada Lift di Citraland Surabaya Barat,10000000000,210.0,640.0,5,5,4,2.0,Unfurnished,1,1,"Citraland, Surabaya",-7.2997,112.64491,https://www.rumah123.com/properti/surabaya-citraland/dijual-rumah-baru-4-lantai-ada-lift-di-citraland-surabaya-barat-hos42094042/,rumah123
"Dijual Murah Rumah Hitung Tanah di Bhaskara, Dekat Kampus Its",1300000000,120.0,120.0,2,1,1,1.0,Unfurnished,1,1,"Mulyorejo, Surabaya",-7.266657702407258,112.80065649397272,https://www.rumah123.com/properti/surabaya-mulyorejo/dijual-murah-rumah-hitung-tanah-di-bhaskara-dekat-kampus-its-hos42092013/,rumah123
Rumah Baru Gress 2 Lantai Alana Regency Gunungsari Indah,1000000000,50.0,60.0,2,2,2,1.0,Unfurnished,1,1,"Dukuh Pakis, Surabaya",-7.319062716668747,112.70371157059044,https://www.rumah123.com/properti/surabaya-dukuh-pakis/rumah-baru-gress-2-lantai-alana-regency-gunungsari-indah-hos41532176/,rumah123
"Rumah Siap Huni di Northwest Lake Citraland, Dijual Harga Modal",1060000000,72.0,68.0,2,2,2,1.0,Unfurnished,1,1,"Citraland, Surabaya",-7.254567821154993,112.62305580648945,https://www.rumah123.com/properti/surabaya-citraland/rumah-siap-huni-di-northwest-lake-citraland-dijual-harga-modal-hos41622185/,rumah123
Rumah Lokasi Bagus Jual Apa Adanya Perlu Renov Sutorejo Surabaya,1500000000,120.0,120.0,5,2,1,,Unfurnished,1,0,"Mulyorejo, Surabaya",-7.261125752573591,112.78881664606149,https://www.rumah123.com/properti/surabaya-mulyorejo/rumah-lokasi-bagus-jual-apa-adanya-perlu-renov-sutorejo-surabaya-hos42008909/,rumah123
"Rumah Butuh Renov, Hitung Tanah Saja di Wisata Bukit Mas, Wiyung",2800000000,180.0,160.0,3,3,2,1.0,Unfurnished,1,1,"Wiyung, Surabaya",-7.308729234285707,112.67189191536232,https://www.rumah123.com/properti/surabaya-wiyung/rumah-butuh-renov-hitung-tanah-saja-di-wisata-bukit-mas-wiyung-hos42093592/,rumah123
"Rumah Baru Siap Huni di Nirwana Eksekutif, Dekat Kampus Dinamika",1300000000,80.0,85.0,3,3,2,1.0,Unfurnished,1,1,"Wonorejo, Surabaya",-7.317272841865341,112.79382758689098,https://www.rumah123.com/properti/surabaya-wonorejo/rumah-baru-siap-huni-di-nirwana-eksekutif-dekat-kampus-dinamika-hos42213594/,rumah123
Jual Rumah Baru Minimalis Alam Hijau Citraland Surabaya Barat,3200000000,120.0,195.0,4,4,2,2.0,Unfurnished,1,1,"Citraland, Surabaya",-7.275642358,112.6417316,https://www.rumah123.com/properti/surabaya-citraland/jual-rumah-baru-minimalis-alam-hijau-citraland-surabaya-barat-hos42176424/,rumah123
Rumah Baru 2 Lantai High Spec di Pakuwon City Grand Island,8500000000,240.0,400.0,4,5,2,3.0,,1,1,"Pakuwon City, Surabaya",-7.274745571,112.819076,https://www.rumah123.com/properti/surabaya-pakuwon-city/rumah-baru-2-lantai-high-spec-di-pakuwon-city-grand-island-hos42243194/,rumah123
Rumah Baru 2 Lantai Split Level di Pakuwon City Grand Island,6950000000,200.0,350.0,4,5,2,2.0,Unfurnished,1,1,"Pakuwon City, Surabaya",-7.274745571,112.819076,https://www.rumah123.com/properti/surabaya-pakuwon-city/rumah-baru-2-lantai-split-level-di-pakuwon-city-grand-island-hos42244331/,rumah123
"Rumah di Wisata Bukit Mas Alexandria Wiyung, Furnish Siap Huni",3700000000,240.0,300.0,4,3,2,2.0,Unfurnished,1,1,"Wiyung, Surabaya",-7.308729234285707,112.67189191536232,https://www.rumah123.com/properti/surabaya-wiyung/rumah-di-wisata-bukit-mas-alexandria-wiyung-furnish-siap-huni-hos41667169/,rumah123
Rumah 2 Lantai Siap Huni di Pakuwon Indah La Riz Ville,6500000000,210.0,250.0,4,3,2,2.0,Unfurnished,1,1,"Pakuwon Indah, Surabaya",-7.293791052501135,112.65779172749797,https://www.rumah123.com/properti/surabaya-pakuwon-indah/rumah-2-lantai-siap-huni-di-pakuwon-indah-la-riz-ville-hos42273450/,rumah123
"Rumah Siap Model Hook Huni di Wisata Bukit Mas, Wiyung",4000000000,292.0,360.0,3,3,2,2.0,Furnished,1,1,"Wiyung, Surabaya",-7.308729234285707,112.67189191536232,https://www.rumah123.com/properti/surabaya-wiyung/rumah-siap-model-hook-huni-di-wisata-bukit-mas-wiyung-hos42221048/,rumah123
"Dijual Rumah Pakuwon City Palm Beach Cluster Malibu, Siap Huni",4450000000,180.0,214.0,4,3,2,,Furnished,1,1,"Pakuwon City, Surabaya",-7.2739270565142675,112.81440332347796,https://www.rumah123.com/properti/surabaya-pakuwon-city/dijual-rumah-pakuwon-city-palm-beach-cluster-malibu-siap-huni-hos41182376/,rumah123
"Rumah Mewah Siap Huni di Puri Galaxy, Dekat Merr, Pakuwon City",7950000000,450.0,520.0,5,3,2,2.0,Unfurnished,1,1,"Sukolilo, Surabaya",-7.298369877189998,112.79301402126669,https://www.rumah123.com/properti/surabaya-sukolilo/rumah-mewah-siap-huni-di-puri-galaxy-dekat-merr-pakuwon-city-hos41181563/,rumah123
Dijual Rumah 2 Lantai Baru Gress di Pantai Mentari Kenjeran,1850000000,90.0,135.0,4,3,2,2.0,Unfurnished,1,0,"Kenjeran, Surabaya",-7.23694706,112.7917099,https://www.rumah123.com/properti/surabaya-kenjeran/dijual-rumah-2-lantai-baru-gress-di-pantai-mentari-kenjeran-hos41210170/,rumah123
Dijual Rumah Baru Siap Huni di Zimbali Costa Pakuwon City,1870000000,72.0,112.0,3,3,2,2.0,Unfurnished,1,0,"Pakuwon City, Surabaya",-7.2861502576775905,112.81431024283643,https://www.rumah123.com/properti/surabaya-pakuwon-city/dijual-rumah-baru-siap-huni-di-zimbali-costa-pakuwon-city-hos41203198/,rumah123
"Dijual Rumah Hitung Tanah di Kutisari, Dekat dengan Cito",1350000000,176.0,130.0,2,1,1,,Unfurnished,1,1,"Kutisari, Surabaya",-7.334898189365958,112.7469680087545,https://www.rumah123.com/properti/surabaya-kutisari/dijual-rumah-hitung-tanah-di-kutisari-dekat-dengan-cito-hos42361454/,rumah123
"Rumah Lokasi Elit 2 Lantai Siap Huni di Pakuwon Indah , Dekat Ptc",7300000000,240.0,300.0,4,4,2,2.0,Unfurnished,1,1,"Pakuwon Indah, Surabaya",-7.291867730043023,112.65618977388748,https://www.rumah123.com/properti/surabaya-pakuwon-indah/rumah-lokasi-elit-2-lantai-siap-huni-di-pakuwon-indah-dekat-ptc-hos42357888/,rumah123
Murah! Rumah Kantor Kawasan Citra Raya Bukit Golf Citraland,8200000000,700.0,420.0,1,2,2,2.0,Unfurnished,1,1,"Citraland, Surabaya",-7.28999953333333,112.636040763333,https://www.rumah123.com/properti/surabaya-citraland/murah-rumah-kantor-kawasan-citra-raya-bukit-golf-citraland-hos41261246/,rumah123
Siap Huni Strategis Rumah 2 Kamar Surabaya Barqr,2900000000,180.0,120.0,2.0,1.0,1.0,1.0,Unfurnished,1,1,"Surabaya Kota, Surabaya",-7.2771,112.717407,https://www.rumah123.com/properti/surabaya-surabaya-kota/siap-huni-strategis-rumah-2-kamar-surabaya-barqr-hos39937525/,rumah123
Dijual Rumah Siap Huni Pantai Mentari Ocean Park Bagus Terawat .,1500000000,119.0,125.0,2.0,1.0,1.0,1.0,Unfurnished,1,0,"Kenjeran, Surabaya",-7.23563,112.78616,https://www.rumah123.com/properti/surabaya-kenjeran/dijual-rumah-siap-huni-pantai-mentari-ocean-park-bagus-terawat-hos18674037/,rumah123
Rumah Mewah Minimalis di Graha Villa Kalijaran Surabaya Barat,950000000,84.0,74.0,2.0,2.0,,1.0,Unfurnished,1,1,"Sambikerep, Surabaya",-7.279971300000001,112.6546522,https://www.rumah123.com/properti/surabaya-sambikerep/rumah-mewah-minimalis-di-graha-villa-kalijaran-surabaya-barat-hos8193444/,rumah123
Rumah Tenggilis Tengah Kondisi Kosong 1 Lantai Terawat,3750000000,394.0,148.0,3.0,2.0,1.0,2.0,Unfurnished,1,0,"Tenggilis Mejoyo, Surabaya",-7.31943,112.75539,https://www.rumah123.com/properti/surabaya-tenggilis-mejoyo/rumah-tenggilis-tengah-kondisi-kosong-1-lantai-terawat-hos41249809/,rumah123
"Rumah Pinus Asri, Surabaya Barat - Harga bisa Nego Tipis",1970000000,150.0,190.0,3.0,3.0,2.0,1.0,Unfurnished,1,0,"Lakarsantri, Surabaya",-7.30073,112.63566,https://www.rumah123.com/properti/surabaya-lakarsantri/rumah-pinus-asri-surabaya-barat-harga-bisa-nego-tipis-hos42370994/,rumah123
Minimalis Ciamik Rumah Wisata Bukit Mas Cluster Dylion,2000000000,115.0,144.0,3.0,2.0,2.0,1.0,Unfurnished,1,0,"Wiyung, Surabaya",-7.31097,112.69807,https://www.rumah123.com/properti/surabaya-wiyung/minimalis-ciamik-rumah-wisata-bukit-mas-cluster-dylion-hos42377528/,rumah123
Termurah Ada 2 Unit Rumah Grand Pakuwon Cluster Gladstone,1550000000,72.0,101.0,3.0,3.0,2.0,1.0,Unfurnished,1,0,"Citraland, Surabaya",-7.3093542,112.6565456,https://www.rumah123.com/properti/surabaya-citraland/termurah-ada-2-unit-rumah-grand-pakuwon-cluster-gladstone-hos42384401/,rumah123
"Gedung Serbaguna Pusat Kota Sby Cocok untuk Hotel,Kantor,Coffeshop dengan Lahan Parkir Luas",78000000000,2230.0,2230.0,,4.0,1.0,,Unfurnished,1,0,"Surabaya Kota, Surabaya",-7.2771,112.717407,https://www.rumah123.com/properti/surabaya-surabaya-kota/gedung-serbaguna-pusat-kota-sby-cocok-untuk-hotelkantorcoffeshop-dengan-lahan-parkir-luas-hos42390626/,rumah123
2 Lantai Rumah Kuldesak Citraland Utama di Villa Sentra Raya,3200000000,200.0,300.0,3.0,3.0,2.0,1.0,Unfurnished,1,0,"Citraland, Surabaya",-7.3093542,112.6565456,https://www.rumah123.com/properti/surabaya-citraland/2-lantai-rumah-kuldesak-citraland-utama-di-villa-sentra-raya-hos42384437/,rumah123
"RUMAH HITUNG TANAH M.H. THAMRIN pusat kota dekat Raya Darmo, Diponegoro, pusat bisnis dan komersial",38680000000,1045.0,700.0,7.0,7.0,1.0,,,0,0,"Raya Darmo, Surabaya",-7.2879,-7.2879,https://www.rumah123.com/properti/surabaya-raya-darmo/rumah-hitung-tanah-mh-thamrin-pusat-kota-dekat-raya-darmo-diponegoro-pusat-bisnis-dan-komersial-hos18914979/,rumah123
"RUMAH NORTH EMERALD MANSION CITRALAND dekat Honda, Unesa, komersial",12000000000,264.0,600.0,5.0,6.0,,,Unfurnished,0,1,"Citraland, Surabaya",,,https://www.rumah123.com/properti/surabaya-citraland/rumah-north-emerald-mansion-citraland-dekat-honda-unesa-komersial-hos18154676/,rumah123
"RUMAH GRAHA FAMILY MEWAH SUPER LONG GOLF VIEW dekat clubhouse, tol, pusat bisnis dan komersial",85000000000,1000.0,1350.0,6.0,7.0,,,Semi Furnished,0,1,"Graha, Surabaya",,,https://www.rumah123.com/properti/surabaya-graha/rumah-graha-family-mewah-super-long-golf-view-dekat-clubhouse-tol-pusat-bisnis-dan-komersial-hos17713177/,rumah123
"RUMAH GRAHA FAMILY BLOK S ada SWIMMING POOL dekat clubhouse, tol, pusat bisnis dan komersial",40000000000,750.0,1000.0,5.0,5.0,2.0,,Semi Furnished,0,1,"Graha, Surabaya",,,https://www.rumah123.com/properti/surabaya-graha/rumah-graha-family-blok-s-ada-swimming-pool-dekat-clubhouse-tol-pusat-bisnis-dan-komersial-hos17828438/,rumah123
"Rumah Newton Hill Citraland Mewah Dekat Gwalk, Area Komersial.",20000000000,450.0,700.0,5.0,6.0,,,Furnished,0,1,"Citraland, Surabaya",,,https://www.rumah123.com/properti/surabaya-citraland/rumah-newton-hill-citraland-mewah-dekat-gwalk-area-komersial-hos18172378/,rumah123
"RUMAH TAMAN KEDATON DIAN ISTANA JALAN KEMBAR dekat clubhouse, pusat bisnis dan komersial",14000000000,565.0,374.0,4.0,4.0,2.0,,Furnished,0,1,"Graha, Surabaya",-6.2,106.816666,https://www.rumah123.com/properti/surabaya-graha/rumah-taman-kedaton-dian-istana-jalan-kembar-dekat-clubhouse-pusat-bisnis-dan-komersial-hos13532223/,rumah123
"RUMAH USAHA BANGUNAN BELANDA JL. IMAM BONJOL PUSAT KOTA LINGKUNGAN ELIT dekat Raya Darmo, Diponegoro, pusat bisnis dan komersial.",33000000000,738.0,423.0,4.0,2.0,,,Unfurnished,0,0,"Raya Darmo, Surabaya",-6.2,106.816666,https://www.rumah123.com/properti/surabaya-raya-darmo/rumah-usaha-bangunan-belanda-jl-imam-bonjol-pusat-kota-lingkungan-elit-dekat-raya-darmo-diponegoro-pusat-bisnis-dan-hos14062902/,rumah123
"RUMAH HITUNG TANAH VILLA BUKIT REGENCY 2 PAKUWON INDAH dekat clubhouse, mall, pusat bisnis dan komersial",17640000000,630.0,732.0,5.0,5.0,,,,0,0,"Pakuwon Indah, Surabaya",,,https://www.rumah123.com/properti/surabaya-pakuwon-indah/rumah-hitung-tanah-villa-bukit-regency-2-pakuwon-indah-dekat-clubhouse-mall-pusat-bisnis-dan-komersial-hos18172830/,rumah123
"RUMAH HITUNG TANAH JL. UNTUNG SUROPATI pusat kota dekat Raya Darmo, Diponegoro, Dr. Soetomo pusat bisnis dan komersial",20000000000,715.0,300.0,,,,,Unfurnished,0,1,"Tegalsari, Surabaya",,,https://www.rumah123.com/properti/surabaya-tegalsari/rumah-hitung-tanah-jl-untung-suropati-pusat-kota-dekat-raya-darmo-diponegoro-dr-soetomo-pusat-bisnis-dan-komersial-hos18330968/,rumah123
"Rumah Belanda Wr Supratman Elit Pusat Kota Dekat Raya Darmo, Diponegoro, Panglima Sudirman, Basuki Rahmat, Tunjungan Plaza, Pusat Bisnis Dan Komersial",69000000000,1401.0,331.0,3.0,3.0,,,Unfurnished,0,1,"Tegalsari, Surabaya",,,https://www.rumah123.com/properti/surabaya-tegalsari/rumah-belanda-wr-supratman-elit-pusat-kota-dekat-raya-darmo-diponegoro-panglima-sudirman-basuki-rahmat-tunjungan-plaza-hos18678190/,rumah123
"Rumah Usaha Jl. Dr. Soetomo Pusat Kota Dekat Raya Darmo, Diponegoro, Pusat Bisnis Dan Komersial",66000000000,1022.0,500.0,4.0,2.0,1.0,,Semi Furnished,0,1,"Raya Darmo, Surabaya",,,https://www.rumah123.com/properti/surabaya-raya-darmo/rumah-usaha-jl-dr-soetomo-pusat-kota-dekat-raya-darmo-diponegoro-pusat-bisnis-dan-komersial-hos18678186/,rumah123
"RUMAH HITUNG TANAH JL. MONGINSIDI PUSAT KOTA dekat Kartini, Raya Darmo, Diponegoro, pusat bisnis dan komersial",45000000000,1500.0,1570.0,4.0,4.0,,,Unfurnished,0,1,"Tegalsari, Surabaya",,,https://www.rumah123.com/properti/surabaya-tegalsari/rumah-hitung-tanah-jl-monginsidi-pusat-kota-dekat-kartini-raya-darmo-diponegoro-pusat-bisnis-dan-komersial-hos18685565/,rumah123
"RUMAH HITUNG TANAH BANGUNAN BELANDA dekat Raya Gubeng, Sulawesi, Kertajaya, pusat bisnis dan komersial",32500000000,1289.0,500.0,4.0,3.0,,,Unfurnished,0,1,"Gubeng, Surabaya",,,https://www.rumah123.com/properti/surabaya-gubeng/rumah-hitung-tanah-bangunan-belanda-dekat-raya-gubeng-sulawesi-kertajaya-pusat-bisnis-dan-komersial-hos18707206/,rumah123
"RUMAH HITUNG TANAH M.H. THAMRIN pusat kota dekat Raya Darmo, Diponegoro, pusat bisnis dan komersial",38680000000,1045.0,700.0,7.0,7.0,,,,0,0,"Raya Darmo, Surabaya",,,https://www.rumah123.com/properti/surabaya-raya-darmo/rumah-hitung-tanah-mh-thamrin-pusat-kota-dekat-raya-darmo-diponegoro-pusat-bisnis-dan-komersial-hos18707187/,rumah123
"RUMAH USAHA JL. DR. SOETOMO pusat kota dekat Raya Darmo, Diponegoro, pusat bisnis dan komersial",66000000000,1022.0,500.0,4.0,2.0,1.0,,Semi Furnished,0,1,"Tegalsari, Surabaya",,,https://www.rumah123.com/properti/surabaya-tegalsari/rumah-usaha-jl-dr-soetomo-pusat-kota-dekat-raya-darmo-diponegoro-pusat-bisnis-dan-komersial-hos18685578/,rumah123
Dijual Rumah 2 LT Citraland Luas Super Worth It Under Market,6700000000,383.0,400.0,4.0,3.0,2.0,2.0,Unfurnished,1,1,"Citraland, Surabaya",-7.309354,112.656548,https://www.rumah123.com/properti/surabaya-citraland/dijual-rumah-2-lt-citraland-luas-super-worth-it-under-market-hos42090993/,rumah123
"RUMAH BANGUNAN BELANDA JL. IMAM BONJOL HOOK JL. TAMAN BINTORO pusat kota dekat Raya Darmo, Diponegoro, pusat bisnis dan komersial",175000000000,3633.0,1000.0,6.0,5.0,1.0,,,0,1,"Raya Darmo, Surabaya",-7.2879,-7.2879,https://www.rumah123.com/properti/surabaya-raya-darmo/rumah-bangunan-belanda-jl-imam-bonjol-hook-jl-taman-bintoro-pusat-kota-dekat-raya-darmo-diponegoro-pusat-bisnis-dan-hos39166873/,rumah123
"Rumah Hitung Tanah Jl. Untung Suropati Pusat Kota Dekat Raya Darmo, Diponegoro, Dr. Soetomo Pusat Bisnis Dan Komersial",20000000000,715.0,300.0,,,,,Unfurnished,0,1,"Raya Darmo, Surabaya",,,https://www.rumah123.com/properti/surabaya-raya-darmo/rumah-hitung-tanah-jl-untung-suropati-pusat-kota-dekat-raya-darmo-diponegoro-dr-soetomo-pusat-bisnis-dan-komersial-hos18321270/,rumah123
"RUMAH HITUNG TANAH JL. WR. SUPRATMAN pusat kota dekat Raya Darmo, Diponegoro, Dr. Soetomo pusat bisnis dan komersial",10000000000,360.0,200.0,3.0,2.0,,,Unfurnished,0,1,"Raya Darmo, Surabaya",,,https://www.rumah123.com/properti/surabaya-raya-darmo/rumah-hitung-tanah-jl-wr-supratman-pusat-kota-dekat-raya-darmo-diponegoro-dr-soetomo-pusat-bisnis-dan-komersial-hos18516509/,rumah123
"RUMAH USAHA HITUNG TANAH JL. RAYA DIPONEGORO LOKASI SANGAT STRATEGIS dekat Raya Darmo, Dr. Soetomo",89100000000,1980.0,980.0,4.0,3.0,1.0,,Unfurnished,0,1,"Diponegoro, Surabaya",,,https://www.rumah123.com/properti/surabaya-diponegoro/rumah-usaha-hitung-tanah-jl-raya-diponegoro-lokasi-sangat-strategis-dekat-raya-darmo-dr-soetomo-hos18905002/,rumah123
"RUMAH PAKUWON INDAH MODERN SANGAT MEWAH ada SWIMMING POOL dekat mall, pusat bisnis dan komersial",50000000000,812.0,1200.0,4.0,4.0,1.0,,,0,0,"Pakuwon Indah, Surabaya",-7.28921,-7.28921,https://www.rumah123.com/properti/surabaya-pakuwon-indah/rumah-pakuwon-indah-modern-sangat-mewah-ada-swimming-pool-dekat-mall-pusat-bisnis-dan-komersial-hos39055060/,rumah123
"RUMAH HITUNG TANAH JL. MUSI HOOK OPAK pusat kota dekat Raya Darmo, Diponegoro, Indragiri, pusat bisnis dan komersial",29000000000,812.0,573.0,5.0,3.0,,,Unfurnished,0,1,"Raya Darmo, Surabaya",,,https://www.rumah123.com/properti/surabaya-raya-darmo/rumah-hitung-tanah-jl-musi-hook-opak-pusat-kota-dekat-raya-darmo-diponegoro-indragiri-pusat-bisnis-dan-komersial-hos18548950/,rumah123
"RUMAH HITUNG TANAH JL. WR. SUPRATMAN pusat kota dekat Raya Darmo, Diponegoro, Dr. Soetomo pusat bisnis dan komersial",11500000000,392.0,280.0,4.0,2.0,,,,0,0,"Tegalsari, Surabaya",,,https://www.rumah123.com/properti/surabaya-tegalsari/rumah-hitung-tanah-jl-wr-supratman-pusat-kota-dekat-raya-darmo-diponegoro-dr-soetomo-pusat-bisnis-dan-komersial-hos18562526/,rumah123
"RUMAH BELANDA WR SUPRATMAN elit pusat kota dekat Raya Darmo, Diponegoro, Panglima Sudirman, Basuki Rahmat, Tunjungan Plaza, pusat bisnis dan komersial",69000000000,1401.0,331.0,3.0,3.0,,,Unfurnished,0,1,"Raya Darmo, Surabaya",,,https://www.rumah123.com/properti/surabaya-raya-darmo/rumah-belanda-wr-supratman-elit-pusat-kota-dekat-raya-darmo-diponegoro-panglima-sudirman-basuki-rahmat-tunjungan-plaza-hos18549192/,rumah123
"RUMAH HITUNG TANAH JL. WR. SUPRATMAN pusat kota dekat Raya Darmo, Diponegoro, Dr. Soetomo pusat bisnis dan komersial",10000000000,360.0,200.0,3.0,2.0,,,,0,0,"Tegalsari, Surabaya",,,https://www.rumah123.com/properti/surabaya-tegalsari/rumah-hitung-tanah-jl-wr-supratman-pusat-kota-dekat-raya-darmo-diponegoro-dr-soetomo-pusat-bisnis-dan-komersial-hos18595218/,rumah123
"RUMAH USAHA JL. DR. SOETOMO (HOOK IMAM BONJOL) PUSAT KOTA dekat Raya Darmo, Diponegoro, pusat bisnis dan komersial.",52800000000,881.0,985.0,,1.0,,,,0,0,"Raya Darmo, Surabaya",,,https://www.rumah123.com/properti/surabaya-raya-darmo/rumah-usaha-jl-dr-soetomo-hook-imam-bonjol-pusat-kota-dekat-raya-darmo-diponegoro-pusat-bisnis-dan-komersial-hos18562576/,rumah123
"RUMAH HITUNG TANAH JL. MONGINSIDI ELIT PUSAT KOTA dekat Kartini, Raya Darmo, Diponegoro, pusat bisnis dan komersial",40000000000,1500.0,900.0,4.0,3.0,,,,0,0,"Tegalsari, Surabaya",,,https://www.rumah123.com/properti/surabaya-tegalsari/rumah-hitung-tanah-jl-monginsidi-elit-pusat-kota-dekat-kartini-raya-darmo-diponegoro-pusat-bisnis-dan-komersial-hos18595247/,rumah123
Dijual Rumah Baru di Gayungsari Barat Surabaya Selatan .Ready Desember 2026,3090000000,137.0,225.0,6.0,4.0,2.0,1.0,Unfurnished,1,1,"Gayungan, Surabaya",-7.33,112.726021,https://www.rumah123.com/properti/surabaya-gayungan/dijual-rumah-baru-di-gayungsari-barat-surabaya-selatan-ready-desember-2026-hos42174663/,rumah123
Dijual Rumah 2 Lantai Luas 12 Meter Cluster Citraland Waterfront,6500000000,240.0,384.0,5.0,3.0,2.0,2.0,Unfurnished,1,1,"Citraland, Surabaya",-7.285665,112.631347,https://www.rumah123.com/properti/surabaya-citraland/dijual-rumah-2-lantai-luas-12-meter-cluster-citraland-waterfront-hos42342360/,rumah123
Dijual Langka Murah Pakuwon City Minimalis Modern 2Lt Hdp Utara,6800000000,400.0,375.0,4.0,4.0,2.0,2.0,Semi Furnished,1,1,"Pakuwon City, Surabaya",-7.275760007940562,112.80590601862355,https://www.rumah123.com/properti/surabaya-pakuwon-city/dijual-langka-murah-pakuwon-city-minimalis-modern-2lt-hdp-utara-hos42280433/,rumah123
Dijual Langka dan Jarang Ada Pakuwon Indah LT 240M2 Full Bangunan,7300000000,240.0,300.0,4.0,4.0,2.0,2.0,Unfurnished,1,1,"Pakuwon Indah, Surabaya",-7.290415911583452,112.66048510281882,https://www.rumah123.com/properti/surabaya-pakuwon-indah/dijual-langka-dan-jarang-ada-pakuwon-indah-lt-240m2-full-bangunan-hos42342275/,rumah123
Dijual Rumah Citraland Dekat Cita Hati School Lebar 8 Meter,4350000000,136.0,250.0,3,3,3,2,Unfurnished,1,1,"Citraland, Surabaya",-7.3095071760373,112.65693144247689,https://www.rumah123.com/properti/surabaya-citraland/dijual-rumah-citraland-dekat-cita-hati-school-lebar-8-meter-hos42342429/,rumah123
Dijual Rumah Murah Darmo Harapan Siap Huni,2500000000,220.0,230.0,3,2,1,1,Unfurnished,1,0,"Sukomanunggal, Surabaya",-7.28917,112.734,https://www.rumah123.com/properti/surabaya-sukomanunggal/dijual-rumah-murah-darmo-harapan-siap-huni-hos42312356/,rumah123
Luasan Besar Citraland Area Gwalk Hook Siap Huni Terawat Taman Super Luas,4900000000,284.0,280.0,4,3,2,2,Semi Furnished,1,1,"Citraland, Surabaya",-7.284093,112.656721,https://www.rumah123.com/properti/surabaya-citraland/luasan-besar-citraland-area-gwalk-hook-siap-huni-terawat-taman-super-luas-hos42348385/,rumah123
Dijual Termurah dan Butuh Cepat Laku Rumah Citraland Area Golf 3M,3900000000,210.0,400.0,3,3,2,2,Unfurnished,1,1,"Citraland, Surabaya",-7.293241,112.636533,https://www.rumah123.com/properti/surabaya-citraland/dijual-termurah-dan-butuh-cepat-laku-rumah-citraland-area-golf-3m-hos42354924/,rumah123
Dijual Langka Rumah Boulevard Manyar Kertoadi Jalan Raya 3 Lantai,4300000000,126.0,315.0,4,3,3,2,Semi Furnished,1,1,"Manyar, Surabaya",-7.282178205331716,112.77790719425005,https://www.rumah123.com/properti/surabaya-manyar/dijual-langka-rumah-boulevard-manyar-kertoadi-jalan-raya-3-lantai-hos42346162/,rumah123
Miliki Hunian Premium Cluster Eksklusif Palm Beach Row Lebar Pakuwon City,4750000000,200.0,200.0,5,3,2,2,Semi Furnished,1,1,"Pakuwon City, Surabaya",-7.28917,112.67556,https://www.rumah123.com/properti/surabaya-pakuwon-city/miliki-hunian-premium-cluster-eksklusif-palm-beach-row-lebar-pakuwon-city-hos42348369/,rumah123
Dijual Rumah Citraland Dkt Gwalk Siap Huni Lantai Granit Marmer,3750000000,160.0,250.0,4,4,2,2,Semi Furnished,1,1,"Citraland, Surabaya",-7.309354,112.656548,https://www.rumah123.com/properti/surabaya-citraland/dijual-rumah-citraland-dkt-gwalk-siap-huni-lantai-granit-marmer-hos42280555/,rumah123
Termurah Rmh Wisata Bukit Mas Posisi Hook Dkt Clubhouse Terdepan,4650000000,434.0,600.0,5,4,2,2,Unfurnished,1,0,"Wisata Bukit Mas, Surabaya",-7.31198,112.66492,https://www.rumah123.com/properti/surabaya-wisata-bukit-mas/termurah-rmh-wisata-bukit-mas-posisi-hook-dkt-clubhouse-terdepan-hos42355723/,rumah123
RUMAH MEWAH PAKUWON INDAH 3 LANTAI ADA LIFT PRIBADI DKT MALL,7800000000,230.0,270.0,4,4,3,2,Semi Furnished,1,1,"Pakuwon Indah, Surabaya",-7.2893,112.65966,https://www.rumah123.com/properti/surabaya-pakuwon-indah/rumah-mewah-pakuwon-indah-3-lantai-ada-lift-pribadi-dkt-mall-hos39057162/,rumah123
3 Lantai Citraland Mewah dengan Studio Rooftop Semua Kamar Mandi Dalam,4820000000,153.0,320.0,5,4,3,2,Unfurnished,1,1,"Citraland, Surabaya",-7.309354,112.656548,https://www.rumah123.com/properti/surabaya-citraland/3-lantai-citraland-mewah-dengan-studio-rooftop-semua-kamar-mandi-dalam-hos42358242/,rumah123
Rumah Manyar Kertoardi Dkt Kertajaya Indah dan Dharmahusada,2500000000,200.0,200.0,2,1,1,1,Unfurnished,1,0,"Sukolilo, Surabaya",-7.282178205331716,112.77790719425005,https://www.rumah123.com/properti/surabaya-sukolilo/rumah-manyar-kertoardi-dkt-kertajaya-indah-dan-dharmahusada-hos42103612/,rumah123
Rumah Dharmahusada Indah Barat Dkt Kertajaya Indah dan Manyar Indah,3190000000,300.0,300.0,5,3,2,1,Unfurnished,1,1,"Mulyorejo, Surabaya",-7.270112507754888,112.77251773019555,https://www.rumah123.com/properti/surabaya-mulyorejo/rumah-dharmahusada-indah-barat-dkt-kertajaya-indah-dan-manyar-indah-hos42119277/,rumah123
Rumah Kertajaya Indah Timur Strategis,3500000000,200.0,200.0,3,2,2,1,Unfurnished,1,0,"Sukolilo, Surabaya",-7.278515024999999,112.789419775,https://www.rumah123.com/properti/surabaya-sukolilo/rumah-kertajaya-indah-timur-strategis-hos42103637/,rumah123
Rumah Pakuwon Indah Dkt Graha Family dan Citraland,6900000000,240.0,191.0,4,4,2,2,Unfurnished,1,1,"Pakuwon Indah, Surabaya",-7.2893,112.65966,https://www.rumah123.com/properti/surabaya-pakuwon-indah/rumah-pakuwon-indah-dkt-graha-family-dan-citraland-hos42119309/,rumah123
Rumah Pakuwon City Minimalis East Coast Park,2400000000,112.0,180.0,3,2,2,1,Unfurnished,1,1,"Pakuwon City, Surabaya",-7.260874381574851,112.807147610458,https://www.rumah123.com/properti/surabaya-pakuwon-city/rumah-pakuwon-city-minimalis-east-coast-park-hos42135223/,rumah123
Rumah San Diego Dkt San Antonio dan Longbeach Pakuwon City,4500000000,200.0,250.0,4,3,2,1,Furnished,1,1,"Pakuwon City, Surabaya",-7.267432846722943,112.80600318922195,https://www.rumah123.com/properti/surabaya-pakuwon-city/rumah-san-diego-dkt-san-antonio-dan-longbeach-pakuwon-city-hos42155967/,rumah123
Rumah Pakuwon City Surabaya Dkt San Antonio dan San Diego Palmbeach,3490000000,144.0,179.0,3,3,2,1,Semi Furnished,1,1,"Pakuwon City, Surabaya",-7.267432846722943,112.80600318922195,https://www.rumah123.com/properti/surabaya-pakuwon-city/rumah-pakuwon-city-surabaya-dkt-san-antonio-dan-san-diego-palmbeach-hos42156000/,rumah123
Rumah Graha Family Dekat Pakuwon Indah dan Bukit Darmo Golf Bdg Surabaya,5000000000,180.0,140.0,3,3,2,1,Semi Furnished,1,1,"Dukuh Kupang, Surabaya",-7.303161691419589,112.68216949605642,https://www.rumah123.com/properti/surabaya-dukuh-kupang/rumah-graha-family-dekat-pakuwon-indah-dan-bukit-darmo-golf-bdg-surabaya-hos42161775/,rumah123
Rumah di Manyar Titoyoso Dkt Araya dan Klampis Surabaya,4200000000,350.0,250.0,3,2,1,1,Unfurnished,1,1,"Manyar, Surabaya",-7.2892496,112.7705753,https://www.rumah123.com/properti/surabaya-manyar/rumah-di-manyar-titoyoso-dkt-araya-dan-klampis-surabaya-hos42161810/,rumah123
Rumah Laguna Dkt Palmbeach dan Villa Royal Pakuwon City,5990000000,300.0,410.0,5,5,2,1,Unfurnished,1,1,"Pakuwon City, Surabaya",-7.278690391314697,112.80554933005982,https://www.rumah123.com/properti/surabaya-pakuwon-city/rumah-laguna-dkt-palmbeach-dan-villa-royal-pakuwon-city-hos42168010/,rumah123
"Rumah Baru Manyar Tirtoyoso Dkt Dharmahusada,Araya dan Klampis",2170000000,84.0,135.0,4,3,2.0,2.0,Unfurnished,1,0,"Manyar, Surabaya",-7.282685159,112.7713231,https://www.rumah123.com/properti/surabaya-manyar/rumah-baru-manyar-tirtoyoso-dkt-dharmahusadaaraya-dan-klampis-hos42161855/,rumah123
"Rumah Pakuwon City Aruba Villa Dkt Palm Beach, San Diego",4600000000,160.0,210.0,4,5,2.0,2.0,Unfurnished,1,1,"Pakuwon City, Surabaya",-7.275407405569581,112.81281393364196,https://www.rumah123.com/properti/surabaya-pakuwon-city/rumah-pakuwon-city-aruba-villa-dkt-palm-beach-san-diego-hos42168054/,rumah123
Rumah Baru Manyar Tirtoasri Dkt Ngagel Jaya dan Klampis Indah,2150000000,82.0,145.0,3,3,2.0,2.0,Unfurnished,1,0,"Sukolilo, Surabaya",-7.285125970884323,112.77086576380731,https://www.rumah123.com/properti/surabaya-sukolilo/rumah-baru-manyar-tirtoasri-dkt-ngagel-jaya-dan-klampis-indah-hos42161947/,rumah123
Rumah Pakuwon City Aruba Villa Grand Island Dkt San Antonio,4600000000,160.0,240.0,4,3,2.0,2.0,Unfurnished,1,1,"Pakuwon City, Surabaya",-7.275407405569581,112.81281393364196,https://www.rumah123.com/properti/surabaya-pakuwon-city/rumah-pakuwon-city-aruba-villa-grand-island-dkt-san-antonio-hos42168092/,rumah123
Rumah Baru Pondok Nirwana Dkt Kedung Baruk Merr Stikom dan Tenggilis Surabaya,1590000000,87.0,122.0,3,3,2.0,1.0,Unfurnished,1,1,"Rungkut, Surabaya",-7.32204103,112.77817535,https://www.rumah123.com/properti/surabaya-rungkut/rumah-baru-pondok-nirwana-dkt-kedung-baruk-merr-stikom-dan-tenggilis-surabaya-hos42168145/,rumah123
Dijual Rumah Hitung Tanah Darmo Harapan Hanya 10 Jutaan Per Meter,5500000000,480.0,352.0,4,2,1.0,1.0,Unfurnished,1,0,"Sukomanunggal, Surabaya",-7.28917,112.734,https://www.rumah123.com/properti/surabaya-sukomanunggal/dijual-rumah-hitung-tanah-darmo-harapan-hanya-10-jutaan-per-meter-hos42219670/,rumah123
"Dijual Rumah Satelit Utara Lebar 9 Dekat Darmo, Row 3 Mobil",1300000000,180.0,200.0,3,1,1.0,1.0,Unfurnished,1,0,"Sukomanunggal, Surabaya",-7.28917,112.734,https://www.rumah123.com/properti/surabaya-sukomanunggal/dijual-rumah-satelit-utara-lebar-9-dekat-darmo-row-3-mobil-hos39860652/,rumah123
"Rumah Graha Family Golf View Mewah Tapi Hitung Tanah, Full Furnished Ada Swimming Pool Dan Kolam Ikan Dekat Clubhouse, Tol, Pusat Bisnis Dan Komersial",85000000000,2042.0,1800.0,6,6,3.0,,Furnished,1,1,"Graha, Surabaya",,,https://www.rumah123.com/properti/surabaya-graha/rumah-graha-family-golf-view-mewah-tapi-hitung-tanah-full-furnished-ada-swimming-pool-dan-kolam-ikan-dekat-clubhouse-hos18177438/,rumah123
"RUMAH JL. IMAM BONJOL pusat kota dekat Raya Darmo, Diponegoro, Kartini pusat bisnis dan komersial",32000000000,935.0,650.0,3,3,,,Furnished,0,0,"Raya Darmo, Surabaya",,,https://www.rumah123.com/properti/surabaya-raya-darmo/rumah-jl-imam-bonjol-pusat-kota-dekat-raya-darmo-diponegoro-kartini-pusat-bisnis-dan-komersial-hos13959615/,rumah123
"Rumah Graha Family Baru Gres Mewah Dekat Tol, Pusat Bisnis Dan Komersial",20000000000,336.0,690.0,4,6,,,Semi Furnished,0,1,"Graha, Surabaya",,,https://www.rumah123.com/properti/surabaya-graha/rumah-graha-family-baru-gres-mewah-dekat-tol-pusat-bisnis-dan-komersial-hos18368749/,rumah123
"Graha Family Baru Gres Classic Blok Favoritdekat Clubhouse, Tol, Pusat Bisnis Dan Komersial",16000000000,345.0,530.0,4,3,3.0,2.0,Semi Furnished,1,1,"Graha, Surabaya",-7.257472,112.75209,https://www.rumah123.com/properti/surabaya-graha/graha-family-baru-gres-classic-blok-favoritdekat-clubhouse-tol-pusat-bisnis-dan-komersial-hos39712350/,rumah123
"RUMAH JL. IMAM BONJOL pusat kota dekat Raya Darmo, Diponegoro, Dr. Soetomo pusat bisnis dan komersial",31000000000,776.0,200.0,4,2,1.0,,,0,0,"Tegalsari, Surabaya",-7.27355,-7.27355,https://www.rumah123.com/properti/surabaya-tegalsari/rumah-jl-imam-bonjol-pusat-kota-dekat-raya-darmo-diponegoro-dr-soetomo-pusat-bisnis-dan-komersial-hos18914980/,rumah123
"RUMAH VILLA BUKIT INDAH PAKUWON INDAH MARMER dekat mall, pusat bisnis dan komersial",10000000000,375.0,450.0,5,6,1.0,,,0,0,"Pakuwon Indah, Surabaya",-7.28921,-7.28921,https://www.rumah123.com/properti/surabaya-pakuwon-indah/rumah-villa-bukit-indah-pakuwon-indah-marmer-dekat-mall-pusat-bisnis-dan-komersial-hos18914973/,rumah123
"Rumah Pakuwon City Griya Asri Dekat Mulyosari, Dharmahusada dan Kertajaya",1500000000,78.0,60.0,1,1,1.0,1.0,Semi Furnished,1,1,"Pakuwon City, Surabaya",-7.270323,112.804551,https://www.rumah123.com/properti/surabaya-pakuwon-city/rumah-pakuwon-city-griya-asri-dekat-mulyosari-dharmahusada-dan-kertajaya-hos42207441/,rumah123
Rumah Pakuwon City Villa Royal Dkt Kertajaya dan Dharmahusada,7950000000,375.0,475.0,6,5,2.0,1.0,Unfurnished,1,1,"Pakuwon City, Surabaya",-7.2772717527239905,112.80870742185454,https://www.rumah123.com/properti/surabaya-pakuwon-city/rumah-pakuwon-city-villa-royal-dkt-kertajaya-dan-dharmahusada-hos42234863/,rumah123
Rumah 2 Lantai Manyar Kertoarjo Strategis Dekat Pusat Kota Surabaya,6000000000,200.0,400.0,4,3,2.0,1.0,Unfurnished,1,0,"Gubeng, Surabaya",-7.279608052608623,112.76659737913485,https://www.rumah123.com/properti/surabaya-gubeng/rumah-2-lantai-manyar-kertoarjo-strategis-dekat-pusat-kota-surabaya-hos42243791/,rumah123
Rumah Wisata Bukit Mas 2 Grand Palais Dkt Royal Residen dan Citraland Surabaya Barat,3250000000,180.0,222.0,4,4,2.0,1.0,Unfurnished,1,1,"Wisata Bukit Mas, Surabaya",-7.312333522758692,112.66371425327435,https://www.rumah123.com/properti/surabaya-wisata-bukit-mas/rumah-wisata-bukit-mas-2-grand-palais-dkt-royal-residen-dan-citraland-surabaya-barat-hos42235061/,rumah123
Rumah Klampis Semi Furnish Surabaya Timur,6900000000,375.0,475.0,5,4,2.0,1.0,Semi Furnished,1,1,"Sukolilo, Surabaya",-7.291816961907571,112.77822591509562,https://www.rumah123.com/properti/surabaya-sukolilo/rumah-klampis-semi-furnish-surabaya-timur-hos42234924/,rumah123
Rumah Citraland Dkt Woodland Alam Hijau dan Tpr Surabaya Barat,3800000000,204.0,260.0,5,4,2.0,2.0,Unfurnished,1,1,"Citraland, Surabaya",-7.272840529382105,112.64703919404892,https://www.rumah123.com/properti/surabaya-citraland/rumah-citraland-dkt-woodland-alam-hijau-dan-tpr-surabaya-barat-hos42235158/,rumah123
Rumah Larizwood Pakuwon Indah Dkt Citraland dan Graha Family Surabaya Barat,6900000000,240.0,300.0,4,4,2.0,2.0,Furnished,1,1,"Pakuwon Indah, Surabaya",-7.293791052501135,112.65779172749797,https://www.rumah123.com/properti/surabaya-pakuwon-indah/rumah-larizwood-pakuwon-indah-dkt-citraland-dan-graha-family-surabaya-barat-hos42235020/,rumah123
Rumah Citraland Gwalk Royal Park Surabaya Barat Dkt Unesa dan Wiyung,3200000000,135.0,200.0,2,3,2.0,3.0,Furnished,1,1,"Citraland, Surabaya",-7.284093,112.656721,https://www.rumah123.com/properti/surabaya-citraland/rumah-citraland-gwalk-royal-park-surabaya-barat-dkt-unesa-dan-wiyung-hos42243745/,rumah123
Rumah Villa Kalijudan Indah Jalan Kembar Surabaya,8000000000,820.0,1000.0,5,5,2.0,2.0,Unfurnished,1,1,"Mulyorejo, Surabaya",-7.2621803166451,112.77607541649354,https://www.rumah123.com/properti/surabaya-mulyorejo/rumah-villa-kalijudan-indah-jalan-kembar-surabaya-hos42329541/,rumah123
"RUMAH LA RIZ VILLE PAKUWON INDAH dekat private clubhouse, mall, pusat bisnis dan komersial",8700000000,264.0,380.0,4,3,2.0,2.0,Furnished,0,0,"Pakuwon Indah, Surabaya",,,https://www.rumah123.com/properti/surabaya-pakuwon-indah/rumah-la-riz-ville-pakuwon-indah-dekat-private-clubhouse-mall-pusat-bisnis-dan-komersial-hos10788021/,rumah123
"RUMAH HOOK BINTANG DIPONGGO DEKAT MALL, MAYJEND SUNGKONO, PUSAT BISNIS DAN KOMERSIAL",14000000000,808.0,534.0,5,3,,,Unfurnished,1,1,"Dukuh Pakis, Surabaya",-7.29503,112.71074,https://www.rumah123.com/properti/surabaya-dukuh-pakis/rumah-hook-bintang-diponggo-dekat-mall-mayjend-sungkono-pusat-bisnis-dan-komersial-hos10928598/,rumah123
"RUMAH GRAHA FAMILY BARU GRES dekat clubhouse, Loop, tol, pusat bisnis dan komersial",16000000000,345.0,550.0,5,5,,,,0,0,"Graha, Surabaya",-6.2,106.816666,https://www.rumah123.com/properti/surabaya-graha/rumah-graha-family-baru-gres-dekat-clubhouse-loop-tol-pusat-bisnis-dan-komersial-hos13286604/,rumah123
"RUMAH USAHA BANGUNAN BELANDA JL. BODRI PUSAT KOTA dekat Raya Diponegoro, Darmo, Indragiri, Mayjend Sungkono, pusat bisnis dan komersial.",15000000000,510.0,550.0,10,6,,,Unfurnished,0,1,"Raya Darmo, Surabaya",,,https://www.rumah123.com/properti/surabaya-raya-darmo/rumah-usaha-bangunan-belanda-jl-bodri-pusat-kota-dekat-raya-diponegoro-darmo-indragiri-mayjend-sungkono-pusat-bisnis-hos11536106/,rumah123
"RUMAH RAFFLES GARDEN CITRALAND BARU GRES MEWAH dekat danau Merlion, Gwalk, area komersial.",16500000000,375.0,930.0,4,8,,,Furnished,0,1,"Citraland, Surabaya",,,https://www.rumah123.com/properti/surabaya-citraland/rumah-raffles-garden-citraland-baru-gres-mewah-dekat-danau-merlion-gwalk-area-komersial-hos13670660/,rumah123
"Rumah Bintang Diponggo Dekat Mall, Mayjend Sungkono, Pusat Bisnis Dan Komersial",8750000000,517.0,350.0,5,3,,,Furnished,0,1,"Dukuh Pakis, Surabaya",,,https://www.rumah123.com/properti/surabaya-dukuh-pakis/rumah-bintang-diponggo-dekat-mall-mayjend-sungkono-pusat-bisnis-dan-komersial-hos12636832/,rumah123
"RUMAH NORTH VICTORIA GRAND PAKUWON dekat Food Junction, Margomulyo, komersial",2750000000,144.0,158.0,2,3,,,Semi Furnished,0,1,"Tandes, Surabaya",,,https://www.rumah123.com/properti/surabaya-tandes/rumah-north-victoria-grand-pakuwon-dekat-food-junction-margomulyo-komersial-hos16212420/,rumah123
"RUMAH MEWAH JL. IMAM BONJOL PUSAT KOTA DEKAT KARTINI, RAYA DARMO, DIPONEGORO, PANDEGILING, PUSAT BISNIS DAN KOMERSIAL.",30000000000,682.0,700.0,6,6,,,,0,0,"Tegalsari, Surabaya",,,https://www.rumah123.com/properti/surabaya-tegalsari/rumah-mewah-jl-imam-bonjol-pusat-kota-dekat-kartini-raya-darmo-diponegoro-pandegiling-pusat-bisnis-dan-komersial-hos13371030/,rumah123
"Rumah Villa Bukit Indah Pakuwon Indah Dekat Mall, Pusat Bisnis dan Komersial",9500000000,375.0,450.0,5,6,,,Semi Furnished,0,1,"Pakuwon Indah, Surabaya",-7.28921,-7.28921,https://www.rumah123.com/properti/surabaya-pakuwon-indah/rumah-villa-bukit-indah-pakuwon-indah-marmer-dekat-mall-pusat-bisnis-dan-komersial-hos18832997/,rumah123
DIJUAL RUMAH AREA ELIT SURABAYA PUSAT JL MANYAR KERTOARJO,10400000000,521.0,539.0,5,3,2.0,1.0,Unfurnished,1,1,"Manyar, Surabaya",-7.28724,112.73905,https://www.rumah123.com/properti/surabaya-manyar/dijual-rumah-area-elit-surabaya-pusat-jl-manyar-kertoarjo-hos40618193/,rumah123
Rumah Dijual Lebak Timur Surabaya Murah Harga Miring,1100000000,93.0,110.0,3,2,2.0,1.0,Semi Furnished,1,1,"Tambaksari, Surabaya",-7.248880580650365,112.78818614940445,https://www.rumah123.com/properti/surabaya-tambaksari/rumah-dijual-lebak-timur-surabaya-murah-harga-miring-hos41452474/,rumah123
Dijual Rumah Pusat Kota Jl. Tulungagung Bubutan,2850000000,380.0,372.0,7,2,1.0,1.0,Unfurnished,1,1,"Bubutan, Surabaya",-7.25331,112.732857,https://www.rumah123.com/properti/surabaya-bubutan/dijual-rumah-pusat-kota-jl-tulungagung-bubutan-hos39904751/,rumah123
Rumah Dengan Segudang Fasilitas Di Dekat Merr Surabaya,570000000,90.0,42.0,2,1,1.0,1.0,Unfurnished,0,0,"Surabaya Kota, Surabaya",-7.2771,112.717407,https://www.rumah123.com/properti/surabaya-surabaya-kota/rumah-dengan-segudang-fasilitas-di-dekat-merr-surabaya-hos39647544/,rumah123
Rumah Pakuwon City Aruba Villa Dkt Palm Beach San Diego,4600000000,160.0,210.0,4,5,2.0,2.0,Unfurnished,1,1,"Pakuwon City, Surabaya",-7.275407405569581,112.81281393364196,https://www.rumah123.com/properti/surabaya-pakuwon-city/rumah-pakuwon-city-aruba-villa-dkt-palm-beach-san-diego-hos42167428/,rumah123
Rumah Pakuwon City Florence Puri Asri Dkt Griya Asri dan Sorento,1220000000,72.0,70.0,2,1,1.0,1.0,Unfurnished,1,1,"Pakuwon City, Surabaya",-7.267864,112.803518,https://www.rumah123.com/properti/surabaya-pakuwon-city/rumah-pakuwon-city-florence-puri-asri-dkt-griya-asri-dan-sorento-hos42167498/,rumah123
Rumah Pakuwon City San Diego Dkt San Antonio dan Palmbeach,3500000000,144.0,179.0,3,3,2.0,1.0,Furnished,1,1,"Pakuwon City, Surabaya",-7.269522,112.806815,https://www.rumah123.com/properti/surabaya-pakuwon-city/rumah-pakuwon-city-san-diego-dkt-san-antonio-dan-palmbeach-hos42176119/,rumah123
Rumah Citraland Internasional Village Citraland Dkt Woodland dan North Emerald,4200000000,179.0,303.0,4,4,1.0,2.0,Unfurnished,1,1,"Citraland, Surabaya",-7.288579500086096,112.64858200098162,https://www.rumah123.com/properti/surabaya-citraland/rumah-citraland-internasional-village-citraland-dkt-woodland-dan-north-emerald-hos42176397/,rumah123
Rumah Pakuwon Indah Villa Bukit Regency 3 Dkt Vbr2,6200000000,200.0,245.0,4,4,2.0,1.0,Unfurnished,1,1,"Pakuwon Indah, Surabaya",-7.291068264313964,112.66521206200991,https://www.rumah123.com/properti/surabaya-pakuwon-indah/rumah-pakuwon-indah-villa-bukit-regency-3-dkt-vbr2-hos42222262/,rumah123
Rumah Taman Pondok Indah Surabaya Barat Dkt Royal Residen dan Wiyung,1750000000,200.0,140.0,3,2,1,1,Unfurnished,1,1,"Wiyung, Surabaya",-7.314,112.69973,https://www.rumah123.com/properti/surabaya-wiyung/rumah-taman-pondok-indah-surabaya-barat-dkt-royal-residen-dan-wiyung-hos42235807/,rumah123
Rumah Larizwood Pakuwon Indah Dkt Citraland dan Graha Family Surabaya Barat,6900000000,240.0,300.0,4,4,2,2,Furnished,1,1,"Pakuwon Indah, Surabaya",-7.291867730043023,112.65618977388748,https://www.rumah123.com/properti/surabaya-pakuwon-indah/rumah-larizwood-pakuwon-indah-dkt-citraland-dan-graha-family-surabaya-barat-hos42222293/,rumah123
"Dijual Rumah Kost di Rungkut Mejoyo Utara Dkt Univ Unesa, Petra,Stikom",3700000000,200.0,550.0,16,6,3,3,Furnished,0,0,"Surabaya Kota, Surabaya",-7.2771,112.717407,https://www.rumah123.com/properti/surabaya-surabaya-kota/dijual-rumah-kost-di-rungkut-mejoyo-utara-dkt-univ-unesa-petrastikom-hos40543980/,rumah123
Jual Rumah di Citraland Dibawah Harga Pasar,2500000000,180.0,220.0,5,5,2,1,Unfurnished,0,0,"Citraland, Surabaya",-7.309354,112.656548,https://www.rumah123.com/properti/surabaya-citraland/jual-rumah-di-citraland-dibawah-harga-pasar-hos41612817/,rumah123
Rumah Baru Gress Manyar Kertoarjo,5000000000,164.0,260.0,4,3,2,2,Unfurnished,1,1,"Gubeng, Surabaya",-7.279608052608623,112.76659737913485,https://www.rumah123.com/properti/surabaya-gubeng/rumah-baru-gress-manyar-kertoarjo-hos42235980/,rumah123
Rumah Manyar Tirtoasri Dkt Ngagel Jaya dan Klampis Indah,2150000000,82.0,145.0,3,3,2,2,Unfurnished,1,1,"Sukolilo, Surabaya",-7.285125970884323,112.77086576380731,https://www.rumah123.com/properti/surabaya-sukolilo/rumah-manyar-tirtoasri-dkt-ngagel-jaya-dan-klampis-indah-hos42235862/,rumah123
Rumah Manyar Titoyoso Dkt Araya dan Klampis Surabaya,4200000000,350.0,250.0,3,2,1,1,Unfurnished,1,1,"Sukolilo, Surabaya",-7.2879359634427345,112.77138725799915,https://www.rumah123.com/properti/surabaya-sukolilo/rumah-manyar-titoyoso-dkt-araya-dan-klampis-surabaya-hos42235895/,rumah123
Rumah 2 Lantai Manyar Kertoarjo Strategis Dekat Pusat Kota Surabaya,6000000000,200.0,400.0,4,3,2,1,,0,0,"Gubeng, Surabaya",-7.27396,-7.27396,https://www.rumah123.com/properti/surabaya-gubeng/rumah-2-lantai-manyar-kertoarjo-strategis-dekat-pusat-kota-surabaya-hos42243400/,rumah123
Rumah Manyar Tirtoyoso Dkt Manyar Kertoardi dan Manyar Jaya,2750000000,240.0,200.0,3,2,1,1,Unfurnished,1,1,"Sukolilo, Surabaya",-7.2879359634427345,112.77138725799915,https://www.rumah123.com/properti/surabaya-sukolilo/rumah-manyar-tirtoyoso-dkt-manyar-kertoardi-dan-manyar-jaya-hos42251543/,rumah123
Dijual Rumah Minimalis Modern dan Nyaman,875000000,72.0,48.0,2,1,1,1,,0,0,"Citraland, Surabaya",-7.309354,112.656548,https://www.rumah123.com/properti/surabaya-citraland/dijual-rumah-minimalis-modern-dan-nyaman-hos41988926/,rumah123
Rumah Baru Pakuwon City Surabaya Timur Dkt Mulyosari dan Sutorejo Prima,3700000000,126.0,210.0,3,4,2,1,,0,1,"Pakuwon City, Surabaya",-7.28917,-7.28917,https://www.rumah123.com/properti/surabaya-pakuwon-city/rumah-baru-pakuwon-city-surabaya-timur-dkt-mulyosari-dan-sutorejo-prima-hos42296190/,rumah123
Rumah Pakuwon Indah Dkt Vbr dan Larizwood Granda,6990000000,240.0,360.0,5,5,2,2,,0,1,"Pakuwon Indah, Surabaya",-7.28921,-7.28921,https://www.rumah123.com/properti/surabaya-pakuwon-indah/rumah-pakuwon-indah-dkt-vbr-dan-larizwood-granda-hos42320796/,rumah123
Rumah Pakuwon City Grand Island,7500000000,264.0,300.0,4,4,2,2,,0,1,"Pakuwon City, Surabaya",-7.28917,-7.28917,https://www.rumah123.com/properti/surabaya-pakuwon-city/rumah-pakuwon-city-grand-island-hos42320794/,rumah123
Rumah Villa Kalijudan Indah Jalan Kembar Surabaya,8000000000,820.0,1000.0,5,5,2,2,Unfurnished,1,1,"Mulyorejo, Surabaya",-7.261143000127601,112.77625849972888,https://www.rumah123.com/properti/surabaya-mulyorejo/rumah-villa-kalijudan-indah-jalan-kembar-surabaya-hos42329382/,rumah123
Rumah Second Rasa Baru Pakuwon City Grand Island Suvadiva,2350000000,72.0,98.0,3,2,2,2,Furnished,1,1,"Pakuwon City, Surabaya",-7.2879919190016125,112.81703737164293,https://www.rumah123.com/properti/surabaya-pakuwon-city/rumah-second-rasa-baru-pakuwon-city-grand-island-suvadiva-hos42329463/,rumah123
Dijual Rumah 1 M An di Babatan Mukti Nego Sampai Deal,1200000000,135.0,120.0,3,1,1,1,,0,0,"Wiyung, Surabaya",-7.31097,112.698067,https://www.rumah123.com/properti/surabaya-wiyung/dijual-rumah-dengan-harga-miring-hos42092498/,rumah123
Rumah Termurah Furnish Zimbali Costa Grand Island Pakuwon City,1650000000,72.0,98.0,4,2,2,2,,1,1,"Pakuwon City, Surabaya",-7.28917,-7.28917,https://www.rumah123.com/properti/surabaya-pakuwon-city/rumah-termurah-furnish-zimbali-costa-grand-island-pakuwon-city-hos42333422/,rumah123
Rumah Pakuwon City Surabaya,2600000000,104.0,140.0,4,3,2,2,Unfurnished,1,1,"Pakuwon City, Surabaya",-7.28917,-7.28917,https://www.rumah123.com/properti/surabaya-pakuwon-city/rumah-pakuwon-city-surabaya-hos42333421/,rumah123
Rumah Palmbeach Pakuwon City Surabaya Dkt Unair dan Kampus Its,4700000000,200.0,190.0,5,3,2,2,,0,1,"Pakuwon City, Surabaya",-7.28917,-7.28917,https://www.rumah123.com/properti/surabaya-pakuwon-city/rumah-palmbeach-pakuwon-city-surabaya-dkt-unair-dan-kampus-its-hos42342474/,rumah123
Rumah Eastcoast Park Dkt Hoki dan Longbeach Pakuwon City Jalan Utama Cluster,3800000000,162.0,225.0,3,3,2,2,,0,1,"Pakuwon City, Surabaya",-7.28917,-7.28917,https://www.rumah123.com/properti/surabaya-pakuwon-city/rumah-eastcoast-park-dkt-hoki-dan-longbeach-pakuwon-city-jalan-utama-cluster-hos42356040/,rumah123
Rumah Griya Asri Sebelah Pakuwon City Mall,1500000000,78.0,60.0,1,1,1,1.0,Furnished,1,1,"Pakuwon City, Surabaya",-7.270323,112.804551,https://www.rumah123.com/properti/surabaya-pakuwon-city/rumah-griya-asri-sebelah-pakuwon-city-mall-hos42382951/,rumah123
"Rumah Baru Gress di Puri Widya Utama, Citraland, SBY",5900000000,294.0,630.0,4,4,3,2.0,Unfurnished,0,0,"Citraland, Surabaya",-7.309354,112.656548,https://www.rumah123.com/properti/surabaya-citraland/rumah-baru-gress-di-puri-widya-utama-citraland-sby-hos40663586/,rumah123
"Murah Rumah Baru di Mocca Vrbana, Dkt Graha Family & Pakuwon Mall",3000000000,105.0,160.0,3,3,2,2.0,Semi Furnished,0,0,"Wiyung, Surabaya",-7.31097,112.698067,https://www.rumah123.com/properti/surabaya-wiyung/murah-rumah-baru-di-mocca-vrbana-dkt-graha-family-pakuwon-mall-hos41246053/,rumah123
"Rumah Siap Huni di Kenjeran, Dekat Galaxy Mall, Surabaya",1100000000,100.0,110.0,3,2,1,1.0,Unfurnished,0,0,"Kenjeran, Surabaya",-7.23563,112.786163,https://www.rumah123.com/properti/surabaya-kenjeran/rumah-siap-huni-di-kenjeran-dekat-galaxy-mall-surabaya-hos41246320/,rumah123
"Rumah Murah di Pakuwon Indah, Dekat G-Walk & Univ. Ciputra Sby",3390000000,180.0,200.0,2,2,2,,,0,0,"Pakuwon Indah, Surabaya",-7.28921,112.674469,https://www.rumah123.com/properti/surabaya-pakuwon-indah/rumah-murah-di-pakuwon-indah-dekat-gwalk-univ-ciputra-sby-hos41248569/,rumah123
Dijual Rumah Baru Gress Grand Sunrise Siap Huni,800000000,75.0,100.0,1,2,2,1.0,Unfurnished,1,1,"Surabaya Kota, Surabaya",-7.2771,112.717407,https://www.rumah123.com/properti/surabaya-surabaya-kota/dijual-rumah-baru-gress-grand-sunrise-siap-huni-hos42119044/,rumah123
Dijual Rumah Kondisi Baru Gresss Siap Huni,2000000000,126.0,140.0,4,3,2,2.0,,0,0,"Wiyung, Surabaya",-7.31097,112.698067,https://www.rumah123.com/properti/surabaya-wiyung/dijual-rumah-kondisi-baru-gresss-siap-huni-hos42123704/,rumah123
Dijual Rumah Lokasi Strategis di Klampis Semolo,3600000000,225.0,162.0,4,3,2,,,0,0,"Semolowaru, Surabaya",-7.30105,112.778557,https://www.rumah123.com/properti/surabaya-semolowaru/dijual-rumah-lokasi-strategis-di-klampis-semolo-hos42277214/,rumah123
Rumah Ktp Surabaya Paling Murah Strategis Selatan,750000000,55.0,33.0,2,1,1,1.0,,0,0,"Kebraon, Surabaya",-7.3305,112.704071,https://www.rumah123.com/properti/surabaya-kebraon/rumah-ktp-surabaya-paling-murah-strategis-selatan-hos42309819/,rumah123
"Rumah Kost 2 Lantai Bagus SHM di Tenggilis Mejoyo, Surabaya",6900000000,326.0,425.0,25,12,2,1.0,Semi Furnished,1,1,"Tenggilis Mejoyo, Surabaya",-7.31943,112.75539,https://www.rumah123.com/properti/surabaya-tenggilis-mejoyo/rumah-kost-2-lantai-bagus-shm-di-tenggilis-mejoyo-surabaya-hos15114979/,rumah123
RUMAH DIJUAL RUNGKUT MENANGGAL SURABAYA MURAH,1300000000,120.0,120.0,4,2,1,,Unfurnished,0,1,"Rungkut, Surabaya",-7.31434,112.800232,https://www.rumah123.com/properti/surabaya-rungkut/rumah-dijual-rungkut-menanggal-surabaya-murah-hos40246994/,rumah123
RUMAH DIJUAL DI DHARMAHUSADA INDAH SURABAYA,5800000000,375.0,375.0,6,4,2,1.0,Unfurnished,1,1,"Surabaya Kota, Surabaya",-7.2771,112.717407,https://www.rumah123.com/properti/surabaya-surabaya-kota/rumah-dijual-di-dharmahusada-indah-surabaya-hos40349666/,rumah123
RUMAH MURAH DIJUAL HITUNG TANAH MANYAR SURABAYA,2900000000,300.0,200.0,3,3,1,1.0,Unfurnished,1,1,"Surabaya Kota, Surabaya",-7.2771,112.717407,https://www.rumah123.com/properti/surabaya-surabaya-kota/rumah-murah-dijual-hitung-tanah-manyar-surabaya-hos39635379/,rumah123
RUMAH DIJUAL DI SURABAYA BARAT MURAH GRAND HARVEST BEBAS BANJIR,1900000000,126.0,87.0,2,2,2,1.0,Unfurnished,1,1,"Karangpilang, Surabaya",-7.34304,112.69739,https://www.rumah123.com/properti/surabaya-karangpilang/rumah-dijual-di-surabaya-barat-murah-grand-harvest-bebas-banjir-hos39544505/,rumah123
"RUMAH DIJUAL SELANGKAH MENUJU SURABAYA, WARU MURAH MERIAH",650000000,60.0,40.0,2,1,1,1.0,Unfurnished,1,1,"Sidoarjo, Surabaya",-7.450998,112.715439,https://www.rumah123.com/properti/surabaya-sidoarjo/rumah-dijual-selangkah-menuju-surabaya-waru-murah-meriah-hos39603323/,rumah123
Dijual Rumah Grand Harvest Semi Furnish Siap Huni,2250000000,105.0,149.0,3,2,2,2.0,Semi Furnished,1,1,"Surabaya Kota, Surabaya",-7.2771,112.717407,https://www.rumah123.com/properti/surabaya-surabaya-kota/dijual-rumah-grand-harvest-semi-furnish-siap-huni-hos41124784/,rumah123
Premium Rumah Gress Minimalis 3 LT Layout Terbaik Citraland Depan,18000000000,450.0,950.0,5,6,3,,Unfurnished,0,1,"Citraland, Surabaya",-7.28852,112.63583,https://www.rumah123.com/properti/surabaya-citraland/premium-rumah-gress-minimalis-3-lt-layout-terbaik-citraland-depan-hos41650291/,rumah123
Bangunan Minimalis 2 LT Mewah Komersial Citraland Dekat Pakuwon,8700000000,375.0,520.0,4,5,2,2.0,Unfurnished,0,1,"Citraland, Surabaya",-7.2863336142190605,112.64988512014651,https://www.rumah123.com/properti/surabaya-citraland/bangunan-minimalis-2-lt-mewah-komersial-citraland-dekat-pakuwon-hos41907444/,rumah123
Rumah Minimalis 2.5 LT Murah Mewah Citraland Depan,6990000000,240.0,430.0,5,6,2,,Semi Furnished,0,0,"Citraland, Surabaya",-7.284093,112.656721,https://www.rumah123.com/properti/surabaya-citraland/rumah-minimalis-25-lt-murah-mewah-citraland-depan-hos41723664/,rumah123
Mewah Rumah 3 Lt Golf View Graha Family Dekat Citraland Pakuwon,59500000000,1250.0,1900.0,8,8,3,2.0,,0,1,"Graha, Surabaya",-7.28917,112.734,https://www.rumah123.com/properti/surabaya-graha/mewah-rumah-3-lt-golf-view-graha-family-dekat-citraland-pakuwon-hos17176231/,rumah123
Termurah Rumah Gress American Minimalis 2.5 Lt Graha Family,4750000000,128.0,300.0,4,3,2,2.0,,0,1,"Graha, Surabaya",-7.28917,112.734,https://www.rumah123.com/properti/surabaya-graha/termurah-rumah-gress-american-minimalis-25-lt-graha-family-hos17864916/,rumah123
Rumah Gress Minimalis Lux Pakuwon Indah Vbr Dkt Citraland Graha,17000000000,375.0,590.0,6,7,2,2.0,Unfurnished,0,0,"Pakuwon Indah, Surabaya",-7.28921,112.674469,https://www.rumah123.com/properti/surabaya-pakuwon-indah/rumah-gress-minimalis-lux-pakuwon-indah-vbr-dkt-citraland-graha-hos39716289/,rumah123
Rumah Gress Premium 2.5 LT Minimalis Citraland Dekat Pakuwon Indah,12000000000,367.0,550.0,4,5,2,4.0,Unfurnished,0,1,"Citraland, Surabaya",-7.2912839897673365,112.64785703250027,https://www.rumah123.com/properti/surabaya-citraland/rumah-gress-premium-25-lt-minimalis-citraland-dekat-pakuwon-indah-hos42226863/,rumah123
Rumah Gress Minimalis Pakuwon Indah Vbr Dkt Citraland Graha,7800000000,190.0,230.0,6,7,3,2.0,,0,0,"Pakuwon Indah, Surabaya",-7.28921,112.674469,https://www.rumah123.com/properti/surabaya-pakuwon-indah/rumah-gress-minimalis-pakuwon-indah-vbr-dkt-citraland-graha-hos41073625/,rumah123
Rumah Mewah Minimalis 2 LT Graha Family Favorit Dekat Pakuwon,19990000000,616.0,405.0,6,4,2,,Unfurnished,0,1,"Graha, Surabaya",-7.303161691419589,112.68216949605642,https://www.rumah123.com/properti/surabaya-graha/rumah-mewah-minimalis-2-lt-graha-family-favorit-dekat-pakuwon-hos42263767/,rumah123
Premium Rumah Mewah Minimalis 2 LT Pakuwon Indah Villa Bukit Regency,7500000000,250.0,280.0,3,4,2,,Unfurnished,0,0,"Pakuwon Indah, Surabaya",-7.291713868223852,112.66949516082974,https://www.rumah123.com/properti/surabaya-pakuwon-indah/premium-rumah-mewah-minimalis-2-lt-pakuwon-indah-villa-bukit-regency-hos42280331/,rumah123
Premium American Gress Citraland Raya Dkt Pakuwon Graha,13900000000,330.0,650.0,5,6,2,3.0,Semi Furnished,0,1,"Citraland, Surabaya",-7.28852,112.63583,https://www.rumah123.com/properti/surabaya-citraland/premium-american-gress-citraland-raya-dkt-pakuwon-graha-hos40942429/,rumah123
Rumah Mewah Minimalis 2 LT Murah Graha Family Pakuwon,15000000000,450.0,600.0,4,3,2,,Unfurnished,0,1,"Graha, Surabaya",-7.303161691419589,112.68216949605642,https://www.rumah123.com/properti/surabaya-graha/rumah-mewah-minimalis-2-lt-murah-graha-family-pakuwon-hos42264240/,rumah123
Premium Rumah Mewah American Lux Pool Furnish Pakuwon Indah,13000000000,330.0,500.0,5,4,2,2.0,Furnished,0,0,"Pakuwon Indah, Surabaya",-7.293027268341163,112.66798936115151,https://www.rumah123.com/properti/surabaya-pakuwon-indah/premium-rumah-mewah-american-lux-pool-furnish-pakuwon-indah-hos42346645/,rumah123
Termurah Rumah Minimalis Furnish Citraland Golf Gwalk Pakuwon,9900000000,300.0,490.0,5,6,2,,Semi Furnished,0,1,"Citraland, Surabaya",-7.284093,112.656721,https://www.rumah123.com/properti/surabaya-citraland/termurah-rumah-minimalis-furnish-citraland-golf-gwalk-pakuwon-hos42290294/,rumah123
Termurah Rumah Minimalis Graha Family Dekat Pakuwon Indah,6500000000,250.0,350.0,4,4,2,,Unfurnished,0,0,"Graha, Surabaya",-7.303161691419589,112.68216949605642,https://www.rumah123.com/properti/surabaya-graha/termurah-rumah-minimalis-graha-family-dekat-pakuwon-indah-hos42290370/,rumah123
Rumah Marmer Mewah Pakuwon Indah Villa Bukit Regency Murah,14500000000,450.0,600.0,4,4,2,,Unfurnished,0,1,"Pakuwon Indah, Surabaya",-7.291713868223852,112.66949516082974,https://www.rumah123.com/properti/surabaya-pakuwon-indah/rumah-marmer-mewah-pakuwon-indah-villa-bukit-regency-murah-hos41260628/,rumah123
Rumah Gress Minimalis 2 LT Murah Citraland Jalan Utama Dekat Pakuwon Indah,8600000000,285.0,425.0,5,6,2,3.0,Unfurnished,0,0,"Citraland, Surabaya",-7.309354,112.656548,https://www.rumah123.com/properti/surabaya-citraland/rumah-gress-minimalis-2-lt-murah-citraland-jalan-utama-dekat-pakuwon-indah-hos39924508/,rumah123
Rumah di Graha Family Dekat Surabaya Clubhouse,5000000000,276.0,300.0,3,3,2,1.0,Unfurnished,1,1,"Graha, Surabaya",-7.257472,-7.257472,https://www.rumah123.com/properti/surabaya-graha/rumah-di-graha-family-surabaya-hos42306508/,rumah123
Rumah.2lantai Pantai.mentari Dkt Pakuwon Mall. Hokky. Shanghai Park,1570000000,90.0,120.0,3,3,2,1.0,Semi Furnished,0,0,"Kenjeran, Surabaya",-7.23563,112.786163,https://www.rumah123.com/properti/surabaya-kenjeran/rumah2lantai-pantaimentari-dkt-pakuwon-mall-hokky-shanghai-park-hos42222690/,rumah123
Rumah Gress Minimalis 3 LT Mewah Murah Pakuwon City,8490000000,390.0,480.0,4,4,2,,Furnished,0,1,"Pakuwon City, Surabaya",-7.269522,112.806815,https://www.rumah123.com/properti/surabaya-pakuwon-city/rumah-gress-minimalis-3-lt-mewah-murah-pakuwon-city-hos40122456/,rumah123
Premium Rumah Gress Minimalis 2 LT Pakuwon City Depan,7300000000,240.0,400.0,4,5,2,2.0,Unfurnished,0,1,"Pakuwon City, Surabaya",-7.275760007940562,112.80590601862355,https://www.rumah123.com/properti/surabaya-pakuwon-city/premium-rumah-gress-minimalis-2-lt-pakuwon-city-depan-hos40904036/,rumah123
Rumah Murah 2 LT Raya Pakuwon City Utama Dekat Galaxi Bumi Permai,18990000000,800.0,750.0,5,5,1,,Unfurnished,0,0,"Pakuwon City, Surabaya",-7.275760007940562,112.80590601862355,https://www.rumah123.com/properti/surabaya-pakuwon-city/rumah-murah-2-lt-raya-pakuwon-city-utama-dekat-galaxi-bumi-permai-hos40984879/,rumah123
Premium Rumah Minimalis 2 Lt Full Marmer Pakuwon City,19999999999,534.0,800.0,4,4,2,,,0,1,"Pakuwon City, Surabaya",-7.28917,112.67556,https://www.rumah123.com/properti/surabaya-pakuwon-city/premium-rumah-minimalis-2-lt-full-marmer-pakuwon-city-hos18520878/,rumah123
Rumah Minimalis Murah Mewah Pakuwon City Depan Dkt Araya Puri Galaxy,9500000000,375.0,500.0,5,4,2,2.0,Unfurnished,0,1,"Pakuwon City, Surabaya",-7.28917,112.67556,https://www.rumah123.com/properti/surabaya-pakuwon-city/rumah-minimalis-murah-mewah-pakuwon-city-depan-dkt-araya-puri-galaxy-hos18532490/,rumah123
Rumah Gress Premium Minimalis Pakuwon City Palm Beach,8850000000,327.0,400.0,4,5,2,4.0,Unfurnished,0,1,"Pakuwon City, Surabaya",-7.274978094478104,112.8130111925119,https://www.rumah123.com/properti/surabaya-pakuwon-city/rumah-gress-premium-minimalis-pakuwon-city-palm-beach-hos41090351/,rumah123
Premium Rumah Gress Minimalis 2 LT Pakuwon City Utama,3700000000,126.0,210.0,3,4,2,1.0,Unfurnished,0,0,"Pakuwon City, Surabaya",-7.275760007940562,112.80590601862355,https://www.rumah123.com/properti/surabaya-pakuwon-city/premium-rumah-gress-minimalis-2-lt-pakuwon-city-utama-hos42264692/,rumah123
Termurah Rumah Minimalis 2 LT Gress Pakuwon City,1800000000,72.0,98.0,4,2,2,2.0,Unfurnished,0,0,"Pakuwon City, Surabaya",-7.2776018,112.8071721,https://www.rumah123.com/properti/surabaya-pakuwon-city/termurah-rumah-minimalis-2-lt-gress-pakuwon-city-hos19462102/,rumah123
Rumah Gress Minimalis Murah 2 LT Pakuwon City,2600000000,104.0,140.0,4,3,2,2.0,Unfurnished,0,1,"Pakuwon City, Surabaya",-7.275760007940562,112.80590601862355,https://www.rumah123.com/properti/surabaya-pakuwon-city/rumah-gress-minimalis-murah-2-lt-pakuwon-city-hos42346608/,rumah123
Termurah Rumah Minimalis Full Furnish Pakuwon City,6500000000,288.0,287.0,4,4,2,2.0,Furnished,0,1,"Pakuwon City, Surabaya",-7.275760007940562,112.80590601862355,https://www.rumah123.com/properti/surabaya-pakuwon-city/termurah-rumah-minimalis-full-furnish-pakuwon-city-hos42363686/,rumah123
Termurah Rumah Mewah Pool Pakuwon City Hitung Tanah,6800000000,400.0,375.0,4,4,2,,Unfurnished,0,0,"Pakuwon City, Surabaya",-7.275760007940562,112.80590601862355,https://www.rumah123.com/properti/surabaya-pakuwon-city/termurah-rumah-mewah-pool-pakuwon-city-hitung-tanah-hos42363802/,rumah123
Rumah Baru Manyar Tritoyoso Surabaya Siap Huni,1950000000,82.0,125.0,3,3,2,2.0,Unfurnished,0,0,"Manyar, Surabaya",-7.28724,112.739052,https://www.rumah123.com/properti/surabaya-manyar/rumah-baru-manyar-tritoyoso-surabaya-siap-huni-hos41425884/,rumah123
Rumah Dijual Manyar Tirtoasri Surabaya Timur,2970000000,200.0,160.0,4,1,1,2.0,,0,1,"Manyar, Surabaya",-7.28724,112.739052,https://www.rumah123.com/properti/surabaya-manyar/rumah-dijual-manyar-tirtoasri-surabaya-timur-hos42309198/,rumah123
Rumah Baru Minimalis Surabaya Timur siap huni,1300000000,64.0,70.0,3,2,2,1.0,Unfurnished,1,0,"Kenjeran, Surabaya",-7.24195213394914,112.78326321426391,https://www.rumah123.com/properti/surabaya-kenjeran/rumah-baru-minimalis-surabaya-timur-siap-huni-hos17418697/,rumah123
Rumah Dijual Babatan Pantai Surabaya Timur,2500000000,144.0,200.0,4,3,2,2.0,,0,0,"Kenjeran, Surabaya",-7.23563,112.786163,https://www.rumah123.com/properti/surabaya-kenjeran/rumah-dijual-babatan-pantai-surabaya-timur-hos42259642/,rumah123
Rumah Baru Sutorejo Prima Minimalis Modern,1990000000,90.0,160.0,4,3,2,1.0,Unfurnished,1,0,"Sutorejo, Surabaya",-7.26097,112.789757,https://www.rumah123.com/properti/surabaya-sutorejo/rumah-baru-sutorejo-prima-minimalis-modern-hos41961372/,rumah123
Rumah Murah Hitung Tanah Karang Asem Dekat Kenjeran Merr,950000000,220.0,170.0,2,1,1,,Unfurnished,0,1,"Kenjeran, Surabaya",-7.23563,112.786163,https://www.rumah123.com/properti/surabaya-kenjeran/rumah-murah-hitung-tanah-karang-asem-dekat-kenjeran-merr-hos42390067/,rumah123
12.3 Jt/M2 Hitung Tanah Mewah Rumah Sutorejo Row 3,4990000000,405.0,650.0,5,4,2,2.0,Semi Furnished,1,1,"Sutorejo, Surabaya",-7.26097,112.789757,https://www.rumah123.com/properti/surabaya-sutorejo/123-jtm2-hitung-tanah-mewah-rumah-sutorejo-row-3-hos41984852/,rumah123
Termurah Furnish Ada Clubhouse Mewah Rumah Long Beach Elite,6500000000,288.0,288.0,4,4,1,,Furnished,1,1,"Pakuwon City, Surabaya",-7.28917,112.67556,https://www.rumah123.com/properti/surabaya-pakuwon-city/termurah-furnish-ada-clubhouse-mewah-rumah-long-beach-elite-hos42059965/,rumah123
New Furnish Murah Manyar Tirtoyoso 2 Lantai,2490000000,150.0,160.0,4,3,2,,Furnished,1,1,"Manyar, Surabaya",-7.28724,112.739052,https://www.rumah123.com/properti/surabaya-manyar/baru-furnish-murah-2-lr-hos42101525/,rumah123
San Diego Furnish Minimalis Row 3 Mobil Pakuwon City,4490000000,200.0,250.0,4,3,1,,Semi Furnished,1,1,"Pakuwon City, Surabaya",-7.28917,112.67556,https://www.rumah123.com/properti/surabaya-pakuwon-city/san-diego-furnish-minimalis-row-3-mobil-pakuwon-city-hos42233122/,rumah123
Dijual Rumah Simpang Darmo Permai Selatan,2450000000,180.0,260.0,6,4,2,,,0,0,"Darmo permai, Surabaya",-7.28917,112.734,https://www.rumah123.com/properti/surabaya-darmo-permai/dijual-rumah-simpang-darmo-permai-selatan-hos12993278/,rumah123
Dijual Rumah Minimalis di Galaxy Araya2,3400000000,180.0,280.0,3,3,2,1.0,,0,0,"Galaxy, Surabaya",-7.257472,112.75209,https://www.rumah123.com/properti/surabaya-galaxy/dijual-rumah-minimalis-di-galaxy-araya2-hos41287670/,rumah123
Rumah Jl. Semolowaru Siap Huni Harga Tanah ..,3000000000,360.0,250.0,4,2,1,1.0,Unfurnished,1,0,"Semolowaru, Surabaya",-7.30105,112.778557,https://www.rumah123.com/properti/surabaya-semolowaru/rumah-jl-semolowaru-siap-huni-harga-tanah-hos41346877/,rumah123
Baru Gress .. Rumah di Manyar Kertoadi Penataan Ruang Lega,3000000000,120.0,190.0,4,3,2,1.0,,0,0,"Manyar, Surabaya",-7.28724,112.739052,https://www.rumah123.com/properti/surabaya-manyar/baru-gress-rumah-di-manyar-kertoadi-penataan-ruang-lega-hos41343818/,rumah123
Rumah Simpang Darmo Permai Selatan,2450000000,180.0,260.0,7,4,1,3,Semi Furnished,1,0,"Darmo permai, Surabaya",-7.28917,112.734,https://www.rumah123.com/properti/surabaya-darmo-permai/rumah-simpang-darmo-permai-selatan-hos14379295/,rumah123
Rumah di Woodland Citraland High Spec,3650000000,135.0,213.0,4,5,2,2,Unfurnished,1,1,"Sambikerep, Surabaya",-7.27993,112.654648,https://www.rumah123.com/properti/surabaya-sambikerep/rumah-di-woodland-citraland-high-spec-hos40849593/,rumah123
Dijual Murah .. Rumah di Kertajaya Indah Dekat Univ. Its,3100000000,200.0,200.0,3,2,1,1,Unfurnished,0,0,"Surabaya Kota, Surabaya",-7.2771,112.717407,https://www.rumah123.com/properti/surabaya-surabaya-kota/dijual-murah-rumah-di-kertajaya-indah-dekat-univ-its-hos41432474/,rumah123
Dijual Rumah Pradah Permai (Masuk Kompleks Dari Raya Darmo Permai),3700000000,300.0,100.0,5,2,2,1,Unfurnished,1,1,"Darmo permai, Surabaya",-7.28917,112.734,https://www.rumah123.com/properti/surabaya-darmo-permai/dijual-rumah-pradah-permai-masuk-kompleks-dari-raya-darmo-permai-hos42166138/,rumah123
Di Jual Rumah Lokasi Strategis Wonorejo Surabaya,10000000000,800.0,700.0,5,5,1,2,,0,0,"Wonorejo, Surabaya",-7.271274,112.731598,https://www.rumah123.com/properti/surabaya-wonorejo/di-jual-rumah-lokasi-strategis-wonorejo-surabaya-hos41794047/,rumah123
Jualmurah Rumahbesar Ditenggilis Mejoyo Surabaya,1600000000,404.0,300.0,5,4,2,2,,0,0,"Tenggilis Mejoyo, Surabaya",-7.31943,112.755386,https://www.rumah123.com/properti/surabaya-tenggilis-mejoyo/jualmurah-rumahbesar-ditenggilis-mejoyo-surabaya-hos40972069/,rumah123
Rumah Hook Nginden Intan Timur Surabaya,4900000000,306.0,320.0,6,4,2,5,,0,0,"Nginden, Surabaya",-7.29974,112.767357,https://www.rumah123.com/properti/surabaya-nginden/rumah-hook-nginden-intan-timur-surabaya-hos42335605/,rumah123
Jual Rumahbagus Green Lake Surabaya Barat,2600000000,120.0,90.0,3,3,2,2,,0,0,"Lakarsantri, Surabaya",-7.30073,112.635658,https://www.rumah123.com/properti/surabaya-lakarsantri/jual-rumahbagus-green-lake-surabaya-barat-hos41179457/,rumah123
"Rumah Kalijudan Taruna Dkt Dharmahusada, Kertajaya dan Pusat Kota Surabaya",1100000000,127.0,127.0,3,3,2,1,Unfurnished,1,1,"Mulyorejo, Surabaya",-7.27049,-7.27049,https://www.rumah123.com/properti/surabaya-mulyorejo/rumah-kalijudan-taruna-dkt-dharmahusada-kertajaya-dan-pusat-kota-surabaya-hos42369821/,rumah123
Rumah Nginden Surabaya Timur,7500000000,500.0,400.0,4,3,2,6,Semi Furnished,1,1,"Nginden, Surabaya",-7.3008362,112.7695781,https://www.rumah123.com/properti/surabaya-nginden/rumah-nginden-surabaya-timur-hos42362483/,rumah123
Jual Rumahcantik Mewah Luas Strategis Graha Family Surabaya,21500000000,731.0,1000.0,5,6,2,4,Semi Furnished,1,1,"Citraland, Surabaya",-7.309354,112.656548,https://www.rumah123.com/properti/surabaya-citraland/jual-rumahcantik-mewah-luas-strategis-graha-family-surabaya-hos41210993/,rumah123
Jual Rumah Lokasi Strategisdi Araya Surabaya Kota,7350000000,375.0,500.0,6,4,2,3,,0,0,"kertajaya, Surabaya",-7.282603,112.755432,https://www.rumah123.com/properti/surabaya-kertajaya/jual-rumah-lokasi-strategisdi-araya-surabaya-kota-hos41230863/,rumah123
Rumah Strategis Siaphuni Raya Satelit Surabaya,11500000000,600.0,870.0,8,4,2,4,,0,0,"Sukomanunggal, Surabaya",-7.26548,112.698799,https://www.rumah123.com/properti/surabaya-sukomanunggal/rumah-strategis-siaphuni-raya-satelit-surabaya-hos42360660/,rumah123
Rumah Baru Cluster Depan Siap Huni Grand Harvest Surabaya,1700000000,107.0,67.0,2,2,2,1,,0,0,"Kebraon, Surabaya",-7.3305,112.704071,https://www.rumah123.com/properti/surabaya-kebraon/rumah-baru-cluster-depan-siap-huni-grand-harvest-surabaya-hos41232029/,rumah123
Rumah Besar Mewah Lokasi Strategis di Royal Residence Surabaya,5500000000,300.0,450.0,5,5,2,1,Semi Furnished,0,0,"Wiyung, Surabaya",-7.31097,112.698067,https://www.rumah123.com/properti/surabaya-wiyung/rumah-besar-mewah-royal-residence-surabaya-hos41078347/,rumah123
Nup Cuma 5jt! Free Beat. Kpr. Rumah Gress Raya Medayu Rungkut,600000000,35.0,44.0,2,2,1,1,Unfurnished,1,1,"Rungkut, Surabaya",-7.31434,112.800232,https://www.rumah123.com/properti/surabaya-rungkut/nup-cuma-5jt-free-beat-kpr-rumah-gress-raya-medayu-rungkut-hos40526823/,rumah123
"Rumah Dijual Citraland Dekat Gwalk, Hadap Jalan Kembar",9300000000,330.0,550.0,4,3,2,2,Semi Furnished,0,0,"Citraland, Surabaya",-7.309354,112.656548,https://www.rumah123.com/properti/surabaya-citraland/rumah-dijual-citraland-dekat-gwalk-hadap-jalan-kembar-hos40391928/,rumah123
Rumah Dijual Citraland Bagus Siap Huni Dekat Gwalk,6500000000,276.0,320.0,5,3,2,2,Unfurnished,1,1,"Citraland, Surabaya",-7.309354,112.656548,https://www.rumah123.com/properti/surabaya-citraland/rumah-dijual-citraland-bagus-siap-huni-dekat-gwalk-hos38925273/,rumah123
Dijual Rumah Baru Citraland Bagus Siap Huni,5350000000,200.0,325.0,5,5,2,2,Unfurnished,1,1,"Citraland, Surabaya",-7.309354,112.656548,https://www.rumah123.com/properti/surabaya-citraland/dijual-rumah-baru-citraland-bagus-siap-huni-hos39639439/,rumah123
Rumah Baru di Citraland 2Lantai Bagus,2880000000,105.0,139.0,3,3,2,2,Unfurnished,1,1,"Citraland, Surabaya",-7.309354,112.656548,https://www.rumah123.com/properti/surabaya-citraland/rumah-citraland-siap-huni-baru-2lantai-hos41664322/,rumah123
Rumah Dijual Citraland Siap Huni Dekat ke Superindo,1400000000,105.0,54.0,2,1,1,1.0,Unfurnished,1,1,"Citraland, Surabaya",-7.289003200000001,112.6449161,https://www.rumah123.com/properti/surabaya-citraland/rumah-dijual-citraland-siap-huni-dekat-ke-superindo-hos5905895/,rumah123
"Rumah Mulyosari Prima Dkt Sutorejo, Pakuwon",4500000000,336.0,250.0,4,2,2,,Unfurnished,0,0,"Mulyosari, Surabaya",-7.26556,-7.26556,https://www.rumah123.com/properti/surabaya-mulyosari/rumah-mulyosari-prima-dkt-sutorejo-pakuwon-hos42372911/,rumah123
Dijual Cepat Rumah Ngagel Wasana Siap Huni dengan Lokasi Strategis,1250000000,60.0,50.0,2,2,1,1.0,Unfurnished,1,0,"Gubeng, Surabaya",-7.27396,112.748192,https://www.rumah123.com/properti/surabaya-gubeng/dijual-cepat-rumah-ngagel-wasana-siap-huni-dengan-lokasi-strategis-hos42320348/,rumah123
Rumah Baru Gress SHM Selangkah ke Citraland Northwest,285000000,48.0,38.0,2,1,1,1.0,Unfurnished,0,0,"Benowo, Surabaya",-7.23213,112.630142,https://www.rumah123.com/properti/surabaya-benowo/rumah-baru-gress-shm-selangkah-ke-citraland-northwest-hos42389783/,rumah123
Rumah Baru Surabaya Timur Daerah Mulyosari Lokasi Sangat Bagus dengan Row Jalan Lebar Bebas Banjir,2200000000,120.0,170.0,4,3,2,2.0,Unfurnished,1,0,"Mulyorejo, Surabaya",-7.27049,112.780548,https://www.rumah123.com/properti/surabaya-mulyorejo/rumah-baru-surabaya-timur-daerah-mulyosari-lokasi-sangat-bagus-dengan-row-jalan-lebar-bebas-banjir-hos39879998/,rumah123
Dijual Rumah Mewah Di Pakuwon Indah Dekat Pakuwon Mall,13900000000,622.0,660.0,5,4,2,2.0,Unfurnished,1,0,"Pakuwon Indah, Surabaya",-7.28921,112.674469,https://www.rumah123.com/properti/surabaya-pakuwon-indah/dijual-rumah-mewah-di-pakuwon-indah-dekat-pakuwon-mall-hos39498543/,rumah123
Turun Harga Rumah Perawat 2 Lantai Di Manyar Lokasi Dekat Sekolahan Dan Raya Besar,3700000000,251.0,257.0,4,3,2,3.0,Unfurnished,1,0,"Manyar, Surabaya",-7.28724,112.739052,https://www.rumah123.com/properti/surabaya-manyar/turun-harga-rumah-perawat-2-lantai-di-manyar-lokasi-dekat-sekolahan-dan-raya-besar-hos39650211/,rumah123
Rumah di Dharmahusada Mas - Lokasi Favorit Surabaya Timur,8500000000,450.0,575.0,5,6,2,2.0,Furnished,1,1,"Mulyorejo, Surabaya",-7.272967031825516,112.79163319456387,https://www.rumah123.com/properti/surabaya-mulyorejo/rumah-di-dharmahusada-mas-lokasi-favorit-surabaya-timur-hos42154065/,rumah123
"Rumah Baru Nirwana Eksekutif - Desain Modern, 1 Lantai",2300000000,160.0,160.0,3,2,1,,Unfurnished,1,1,"Rungkut, Surabaya",-7.3144496149529346,112.790331843013,https://www.rumah123.com/properti/surabaya-rungkut/rumah-baru-nirwana-eksekutif-desain-modern-1-lantai-hos42153935/,rumah123
Rumah Citraland Woodland - Lingkungan Elite & Aman,3650000000,135.0,213.0,4,5,2,2.0,Unfurnished,1,1,"Citraland, Surabaya",-7.272840529382105,112.64703919404892,https://www.rumah123.com/properti/surabaya-citraland/rumah-citraland-woodland-lingkungan-elite-aman-hos42091705/,rumah123
"Rumah Terawat & Siap Huni Manyar Indah @ Shm, Bagus & Design Interior @ Daerah Manyar, Sukolilo",3500000000,180.0,300.0,5,4,2,2.0,Furnished,0,0,"Manyar, Surabaya",-7.28724,112.739052,https://www.rumah123.com/properti/surabaya-manyar/rumah-terawat-siap-huni-manyar-indah-shm-bagus-design-interior-daerah-manyar-sukolilo-hos39166285/,rumah123
Rumah Simpang Darmo Permai Selatan Strategis Dekat Petra&Papaya,5500000000,375.0,600.0,5,4,2,,Unfurnished,1,1,"Darmo permai, Surabaya",-7.279013,112.681693,https://www.rumah123.com/properti/surabaya-darmo-permai/rumah-simpang-darmo-permai-selatan-strategis-dekat-petrapapaya-hos42298394/,rumah123
Rumah Surabaya Pusat Dekat Mall Tunjungan Plaza dan Bg Junction,15000000000,620.0,600.0,4,4,2,5.0,Unfurnished,1,1,"Surabaya Kota, Surabaya",-7.2771,112.717407,https://www.rumah123.com/properti/surabaya-surabaya-kota/rumah-surabaya-pusat-dekat-mall-tunjungan-plaza-dan-bg-junction-hos41036850/,rumah123
"Rumah Dharmahusada Cocok untuk Kantor, Kos & Hunian",5300000000,375.0,300.0,5,3,2,,Semi Furnished,1,1,"Mulyorejo, Surabaya",-7.270687954223462,112.78029064005148,https://www.rumah123.com/properti/surabaya-mulyorejo/rumah-dharmahusada-cocok-untuk-kantor-kos-hunian-hos42168845/,rumah123
Dijual Rumah Baru Gress Hook Minimalis 2 Lantai Siap Huni Di Manyar Jaya,2850000000,120.0,180.0,5,4,2,2.0,Unfurnished,1,0,"Surabaya Kota, Surabaya",-7.2771,112.717407,https://www.rumah123.com/properti/surabaya-surabaya-kota/dijual-rumah-baru-gress-hook-minimalis-2-lantai-siap-huni-di-manyar-jaya-hos40651338/,rumah123
Dijual Rumah Baru Gress 2 Lantai di Northwest Hill Surabaya Barat Citraland,1050000000,60.0,62.0,2,2,2,1.0,Unfurnished,0,0,"Surabaya Kota, Surabaya",-7.2771,112.717407,https://www.rumah123.com/properti/surabaya-surabaya-kota/dijual-rumah-baru-gress-2-lantai-di-northwest-hill-surabaya-barat-citraland-hos40649986/,rumah123
Dijual Rumah Minimalis 2 Lantai Pantai Mentari Siap Huni,2500000000,153.0,194.0,5,4,2,2.0,Semi Furnished,0,0,"Surabaya Kota, Surabaya",-7.2771,112.717407,https://www.rumah123.com/properti/surabaya-surabaya-kota/dijual-rumah-minimalis-2-lantai-pantai-mentari-siap-huni-hos40651144/,rumah123
"Dijual Rumah 1,5 Lantai Di Karang Asem Dekat Kenjeran",1500000000,180.0,150.0,4,3,1,1.0,Unfurnished,0,0,"Surabaya Kota, Surabaya",-7.2771,112.717407,https://www.rumah123.com/properti/surabaya-surabaya-kota/dijual-rumah-15-lantai-di-karang-asem-dekat-kenjeran-hos40651257/,rumah123
Dijual Rumah Murah di Bawah Harga Pasaran Baru Gress Minimalis 2 Lantai di Mulyosari Prima,1850000000,120.0,134.0,4,4,2,2.0,Semi Furnished,0,0,"Surabaya Kota, Surabaya",-7.2771,112.717407,https://www.rumah123.com/properti/surabaya-surabaya-kota/dijual-rumah-murah-di-bawah-harga-pasaran-baru-gress-minimalis-2-lantai-di-mulyosari-prima-hos40681104/,rumah123
Dijual Rumah Baru New 2 Lantai Pantai Mentari Siap Huni Di Surabaya Timur Dekat 5 Menit Ke Pcm 5menit Ke Gm,1850000000,90.0,135.0,5,4,2,2.0,Unfurnished,0,0,"Surabaya Kota, Surabaya",-7.2771,112.717407,https://www.rumah123.com/properti/surabaya-surabaya-kota/dijual-rumah-baru-new-2-lantai-pantai-mentari-siap-huni-di-surabaya-timur-dekat-5-menit-ke-pcm-5menit-ke-gm-hos40669529/,rumah123
Dijual Rumah Royal Park Citraland2 Lantai Siap Huni Di Surabaya Barat,4900000000,283.0,300.0,5,4,2,2.0,Furnished,0,1,"Surabaya Kota, Surabaya",-7.2771,112.717407,https://www.rumah123.com/properti/surabaya-surabaya-kota/dijual-rumah-royal-park-citraland2-lantai-siap-huni-di-surabaya-barat-hos40669645/,rumah123
Dijual Rumah New Gress Minimalis Modern2 Lantai di Bukit Palma Surabaya Barat,2250000000,120.0,170.0,5,5,2,2.0,Unfurnished,0,0,"Surabaya Kota, Surabaya",-7.2771,112.717407,https://www.rumah123.com/properti/surabaya-surabaya-kota/dijual-rumah-new-gress-minimalis-modern2-lantai-di-bukit-palma-surabaya-barat-hos40672163/,rumah123
Luxury Gress Modern di Manyar Surabaya Timur,4300000000,126.0,315.0,5,4,3,2.0,Unfurnished,0,0,"Surabaya Kota, Surabaya",-7.2771,112.717407,https://www.rumah123.com/properti/surabaya-surabaya-kota/luxury-gress-modern-di-manyar-surabaya-timur-hos40680926/,rumah123
Dijual Rumah Mewah 2 Lantai di Jl Raya Royal Residence Surabaya Barat,6750000000,412.0,700.0,5,5,2,2.0,Semi Furnished,0,0,"Surabaya Kota, Surabaya",-7.2771,112.717407,https://www.rumah123.com/properti/surabaya-surabaya-kota/dijual-rumah-mewah-2-lantai-di-jl-raya-royal-residence-surabaya-barat-hos40680993/,rumah123
Dijual Rumah 2 Lantai di The Mansion,4950000000,265.0,300.0,4,4,2,2.0,Semi Furnished,0,0,"Surabaya Kota, Surabaya",-7.2771,112.717407,https://www.rumah123.com/properti/surabaya-surabaya-kota/dijual-rumah-2-lantai-di-the-mansion-hos40681028/,rumah123
Dijual Murah Rumah 2 Lantai di Darmo Permai Surabaya Barat,3500000000,379.0,550.0,4,4,2,2.0,Unfurnished,0,0,"Surabaya Kota, Surabaya",-7.2771,112.717407,https://www.rumah123.com/properti/surabaya-surabaya-kota/dijual-murah-rumah-2-lantai-di-darmo-permai-surabaya-barat-hos40681064/,rumah123
Dijual Rumah Murah Concept Town House di Graha Natura Blok Aa di Surabaya Barat,1900000000,97.0,147.0,4,4,3,2.0,Unfurnished,0,1,"Surabaya Kota, Surabaya",-7.2771,112.717407,https://www.rumah123.com/properti/surabaya-surabaya-kota/dijual-rumah-murah-concept-town-house-di-graha-natura-blok-aa-di-surabaya-barat-hos40681160/,rumah123
Dijual Rumah Modern Minimalis Siap Huni di Greenlake Surabaya Barat,2000000000,102.0,105.0,3,3,2,2.0,Unfurnished,0,0,"Surabaya Kota, Surabaya",-7.2771,112.717407,https://www.rumah123.com/properti/surabaya-surabaya-kota/dijual-rumah-modern-minimalis-siap-huni-di-greenlake-surabaya-barat-hos40686360/,rumah123
Dijual Rumah Minimalis 2 Lantai Siap Huni di Griya Galaxy,2600000000,128.0,188.0,4,4,2,2.0,,0,0,"Surabaya Kota, Surabaya",-7.2771,112.717407,https://www.rumah123.com/properti/surabaya-surabaya-kota/dijual-rumah-minimalis-2-lantai-siap-huni-di-griya-galaxy-hos40686770/,rumah123
Dijual Rumah Baru Gress Modern Minimalis 2 Lantai Siap Huni di Citraland,2250000000,120.0,170.0,5,5,2,2.0,Unfurnished,0,0,"Surabaya Kota, Surabaya",-7.2771,112.717407,https://www.rumah123.com/properti/surabaya-surabaya-kota/dijual-rumah-baru-gress-modern-minimalis-2-lantai-siap-huni-di-citraland-hos40688715/,rumah123
Dijual Rumah Baru Gress 3 Lantai di District9 Claymore Citraland Surabaya Barat,5400000000,180.0,220.0,3,3,3,2.0,Unfurnished,0,0,"Surabaya Kota, Surabaya",-7.2771,112.717407,https://www.rumah123.com/properti/surabaya-surabaya-kota/dijual-rumah-baru-gress-3-lantai-di-district9-claymore-citraland-surabaya-barat-hos40688779/,rumah123
Rumah Strategis Wiguna - Dekat Kampus Upn & Fasilitas Umum,1600000000,177.0,177.0,3,2,1,1.0,Semi Furnished,1,1,"Rungkut, Surabaya",-7.337251040502636,112.79547326204124,https://www.rumah123.com/properti/surabaya-rungkut/rumah-strategis-wiguna-dekat-kampus-upn-fasilitas-umum-hos41980516/,rumah123
Rumah 2 Lantai Baru Di Babatan Pilang Wiyung Surabaya Barat,1350000000,70.0,125.0,3,3,2,1.0,Unfurnished,1,0,"Wiyung, Surabaya",-7.31097,112.698067,https://www.rumah123.com/properti/surabaya-wiyung/rumah-2-lantai-baru-di-babatan-pilang-wiyung-surabaya-barat-hos39372045/,rumah123
Secondary Terawat Rumah Bagus Daerah Mulyorejo Dekat Pakuwon City,2000000000,232.0,350.0,3,3,2,2.0,Unfurnished,1,0,"Mulyosari, Surabaya",-7.265577279788886,112.7965846639425,https://www.rumah123.com/properti/surabaya-mulyosari/secondary-terawat-rumah-bagus-daerah-mulyorejo-dekat-pakuwon-city-hos39225354/,rumah123
Rumah Idaman Minimalis di Dharmahusada Kawasan Elite,1700000000,75.0,110.0,3,3,3,2.0,Unfurnished,1,1,"Gubeng, Surabaya",-7.2642198763113015,112.76123245458552,https://www.rumah123.com/properti/surabaya-gubeng/rumah-idaman-minimalis-di-dharmahusada-kawasan-elite-hos41480355/,rumah123
Rumah Hitung Tanah Harga Murah di Bhaskara Lokasi Strategis,1300000000,120.0,120.0,2,1,1,,Unfurnished,1,1,"Mulyorejo, Surabaya",-7.266657702407258,112.80065649397272,https://www.rumah123.com/properti/surabaya-mulyorejo/rumah-hitung-tanah-harga-murah-di-bhaskara-lokasi-strategis-hos42069300/,rumah123
Dijual Rumah Siap Huni 2 Lantai di Raffles Citraland Utama,5500000000,288.0,260.0,6,5,2,2.0,Furnished,0,1,"Surabaya Kota, Surabaya",-7.2771,112.717407,https://www.rumah123.com/properti/surabaya-surabaya-kota/dijual-rumah-siap-huni-2-lantai-di-raffles-citraland-utama-hos40688827/,rumah123
"Rumah 1m Di Babatan Pantai Lokasi Dekat Kenjeran, Pantai Mentari, Raya Mulyosari, Dan Raya Merr",1400000000,112.0,112.0,2,1,1,1.0,Unfurnished,1,0,"Kenjeran, Surabaya",-7.23563,112.786163,https://www.rumah123.com/properti/surabaya-kenjeran/rumah-1m-di-babatan-pantai-lokasi-dekat-kenjeran-pantai-mentari-raya-mulyosari-dan-raya-merr-hos39570074/,rumah123
Rumah 1 Lantai Semolowaru Dekat Kampus Row Jalan 2 Mobil,875000000,102.0,102.0,3,1,1,1.0,Semi Furnished,1,1,"Sukolilo, Surabaya",-7.300052226113294,112.77278895906898,https://www.rumah123.com/properti/surabaya-sukolilo/rumah-1-lantai-semolowaru-dekat-kampus-row-jalan-2-mobil-hos41139249/,rumah123
"Rumah Mewah Terawat di Araya Dekat Raya Merr, Its dan Galaxy Mall",7500000000,375.0,500.0,5,3,2,2.0,Semi Furnished,1,1,"Sukolilo, Surabaya",-7.28813,112.802902,https://www.rumah123.com/properti/surabaya-sukolilo/rumah-mewah-terawat-di-araya-dekat-raya-merr-its-dan-galaxy-mall-hos39310127/,rumah123
Dijual Rumah Baru Gress Citraland Utama International Village 1 Minimalis 2 Lantai Siap Huni,3990000000,150.0,230.0,5.0,5.0,2,2.0,Unfurnished,0,0,"Surabaya Kota, Surabaya",-7.2771,112.717407,https://www.rumah123.com/properti/surabaya-surabaya-kota/dijual-rumah-baru-gress-citraland-utama-international-village-1-minimalis-2-lantai-siap-huni-hos40689733/,rumah123
Dijual Rumah Baru Gress Minimalis 3Lantai Siap Huni di Soho Dukuh Kupang Seberang Ciputra World,2400000000,70.0,180.0,5.0,5.0,3,2.0,Unfurnished,0,0,"Surabaya Kota, Surabaya",-7.2771,112.717407,https://www.rumah123.com/properti/surabaya-surabaya-kota/dijual-rumah-baru-gress-minimalis-2-lantai-siap-huni-di-soho-dukuh-kupang-hos40689830/,rumah123
Dijual Rumah di Ploso Timur Siap Huni Surabaya Timur,2000000000,300.0,300.0,4.0,2.0,1,3.0,,0,0,"Surabaya Kota, Surabaya",-7.2771,112.717407,https://www.rumah123.com/properti/surabaya-surabaya-kota/dijual-rumah-di-ploso-timur-siap-huni-surabaya-timur-hos40689873/,rumah123
"Rumah Kalijudan Taruna Dkt Dharmahusada, Kertajaya dan Pusat Kota Surabaya",1100000000,127.0,127.0,3.0,3.0,2,,Unfurnished,1,1,"Mulyorejo, Surabaya",-7.255762,112.777625,https://www.rumah123.com/properti/surabaya-mulyorejo/rumah-kalijudan-taruna-dkt-dharmahusada-kertajaya-dan-pusat-kota-surabaya-hos42369920/,rumah123
Rumah Nginden Surabaya Timur,7500000000,500.0,400.0,4.0,3.0,2,6.0,Semi Furnished,1,1,"Nginden, Surabaya",-7.3008362,112.7695781,https://www.rumah123.com/properti/surabaya-nginden/rumah-nginden-surabaya-timur-hos42362857/,rumah123
Rumah Mewah Shm Di Double Way Dharmahusada Dekat Tengah Kota,28000000000,680.0,800.0,5.0,4.0,2,2.0,Semi Furnished,1,1,"Mulyorejo, Surabaya",-7.27049,112.780548,https://www.rumah123.com/properti/surabaya-mulyorejo/rumah-mewah-shm-di-double-way-dharmahusada-dekat-tengah-kota-hos39185208/,rumah123
Hunian Modern 2 Lantai di Lebak Indah - Cocok untuk Keluarga,1100000000,84.0,120.0,3.0,3.0,1,,Unfurnished,1,0,"Kenjeran, Surabaya",-7.23563,112.786163,https://www.rumah123.com/properti/surabaya-kenjeran/hunian-modern-2-lantai-di-lebak-indah-cocok-untuk-keluarga-hos41110097/,rumah123
"Rumah Shm Minimalis 2 Lantai Mulyosari Dekat Its, Kenjeran, Pakuwon City",1650000000,82.0,115.0,3.0,3.0,2,,Unfurnished,1,0,"Mulyorejo, Surabaya",-7.27049,112.780548,https://www.rumah123.com/properti/surabaya-mulyorejo/rumah-shm-minimalis-2-lantai-mulyosari-dekat-its-kenjeran-pakuwon-city-hos19571600/,rumah123
Rumah American Classic Ada Taman Di Depan Dan Belakang,5000000000,225.0,300.0,4.0,3.0,2,2.0,Unfurnished,1,1,"Sukolilo, Surabaya",-7.28813,112.8029,https://www.rumah123.com/properti/surabaya-sukolilo/rumah-american-classic-ada-taman-di-depan-dan-belakang-hos39046615/,rumah123
Rumah Ciamik 2 Lantai Siap Huni Samping Rumah Bisa Untuk Garasi,1450000000,123.0,176.0,3.0,2.0,2,1.0,Unfurnished,1,0,"Mulyorejo, Surabaya",-7.27049,112.780548,https://www.rumah123.com/properti/surabaya-mulyorejo/rumah-ciamik-2-lantai-siap-huni-samping-rumah-bisa-untuk-garasi-hos39514193/,rumah123
Rumah Strategis Manyar Jaya - Kesempatan Terbaik!,5250000000,264.0,326.0,4.0,4.0,2,2.0,Furnished,1,1,"Sukolilo, Surabaya",-7.297421,112.769978,https://www.rumah123.com/properti/surabaya-sukolilo/rumah-strategis-manyar-jaya-kesempatan-terbaik-hos42148638/,rumah123
Rumah Wisata Bukit Mas Dekat Citraland dan Pakuwon Mall,2950000000,200.0,160.0,3.0,3.0,2,1.0,Unfurnished,1,1,"Wiyung, Surabaya",-7.31097,112.698067,https://www.rumah123.com/properti/surabaya-wiyung/rumah-wisata-bukit-mas-dekat-citraland-dan-pakuwon-mall-hos41069183/,rumah123
Rumah Premium La Riz Wood Pakuwon Indah - Siap Huni,7750000000,240.0,300.0,4.0,4.0,2,2.0,Unfurnished,1,0,"Pakuwon Indah, Surabaya",-7.291867730043023,112.65618977388748,https://www.rumah123.com/properti/surabaya-pakuwon-indah/rumah-premium-la-riz-wood-pakuwon-indah-siap-huni-hos42199053/,rumah123
"Rumah Pusat Kota Surabaya, Dekat Mall Tunjungan Plaza, Bg Junction dan Pusat Wisata Jalan Tunjungan",15000000000,620.0,600.0,4.0,4.0,2,5.0,Unfurnished,1,1,"Surabaya Kota, Surabaya",-7.2771,112.717407,https://www.rumah123.com/properti/surabaya-surabaya-kota/rumah-pusat-kota-surabaya-dekat-mall-tunjungan-plaza-bg-junction-dan-pusat-wisata-jalan-tunjungan-hos41036792/,rumah123
"Rumah Kenjeran Surabaya - Jalan Lebar, Cocok untuk Hunian",2300000000,216.0,200.0,4.0,3.0,1,,Unfurnished,1,1,"Kenjeran, Surabaya",-7.2382,112.79527,https://www.rumah123.com/properti/surabaya-kenjeran/rumah-kenjeran-surabaya-jalan-lebar-cocok-untuk-hunian-hos42169803/,rumah123
Rumah di Dharmahusada - Potensi Bisnis & Investasi Tinggi,5300000000,375.0,300.0,6.0,3.0,2,1.0,Semi Furnished,1,1,"Mulyorejo, Surabaya",-7.270687954223462,112.78029064005148,https://www.rumah123.com/properti/surabaya-mulyorejo/rumah-di-dharmahusada-potensi-bisnis-investasi-tinggi-hos42169870/,rumah123
"Rumah Ngagel Jaya - Cocok Cafe, Pujasera, Klinik, Kos & Depot",2800000000,238.0,300.0,,3.0,1,,Unfurnished,1,0,"Gubeng, Surabaya",-7.292659637005286,112.755213052194,https://www.rumah123.com/properti/surabaya-gubeng/rumah-ngagel-jaya-cocok-cafe-pujasera-klinik-kos-depot-hos42285110/,rumah123
Rumah Forest Mansion di Wiyung Dekat Pakuwon Mall dan Akses Tol Gunungsari,1990000000,135.0,160.0,3.0,2.0,2,1.0,Unfurnished,1,1,"Wiyung, Surabaya",-7.31097,112.698067,https://www.rumah123.com/properti/surabaya-wiyung/rumah-forest-mansion-di-wiyung-dekat-pakuwon-mall-dan-akses-tol-gunungsari-hos41041206/,rumah123
"Dijual Rumah Hitung Tanah di Simpang Darmo Permai Selatan Dekat Pakuwon Mall, Dekat Papaya, Dekat Hr Muhammad",2100000000,240.0,200.0,,,1,,Unfurnished,0,0,"Darmo permai, Surabaya",-7.285674,112.70134,https://www.rumah123.com/properti/surabaya-darmo-permai/dijual-rumah-hitung-tanah-di-simpang-darmo-permai-selatan-dekat-pakuwon-mall-dekat-papaya-dekat-hr-muhammad-hos42224745/,rumah123
Rumah di Surabaya,8500000000,1200.0,600.0,3.0,2.0,1,2.0,,0,0,"Surabaya Kota, Surabaya",-7.2771,112.717407,https://www.rumah123.com/properti/surabaya-surabaya-kota/rumah-di-surabaya-hos41302403/,rumah123
Raya Wonorejo Cck untuk Gudang,10000000000,800.0,800.0,5,5,,2.0,Unfurnished,0,0,"Wonorejo, Surabaya",-7.2712738,112.7315995,https://www.rumah123.com/properti/surabaya-wonorejo/raya-wonorejo-cck-untuk-gudang-hos18980330/,rumah123
Rumah Di Raya Darmo,16500000000,580.0,750.0,8,8,2.0,,,0,0,"Tegalsari, Surabaya",-7.27355,112.73746,https://www.rumah123.com/properti/surabaya-tegalsari/rumah-di-raya-darmo-hos13318082/,rumah123
Klampis anom siap huni 2lt,12500000000,808.0,1100.0,7,4,2.0,6.0,Semi Furnished,0,0,"Sukolilo, Surabaya",-7.28813,112.8029,https://www.rumah123.com/properti/surabaya-sukolilo/klampis-anom-siap-huni-2lt-hos10688108/,rumah123
Raya Ambengan Rumah Belanda,22500000000,700.0,500.0,5,3,1.0,,,0,0,"Ambengan, Surabaya",-7.25597,112.748199,https://www.rumah123.com/properti/surabaya-ambengan/raya-ambengan-rumah-belanda-hos40913660/,rumah123
Rumah Araya 1 Galaxy Bumi Permai.,10500000000,411.0,550.0,5,5,2.0,2.0,,0,0,"Galaxy, Surabaya",-7.28917,112.734,https://www.rumah123.com/properti/surabaya-galaxy/rumah-araya-1-galaxy-bumi-permai-hos40621915/,rumah123
Dijual Rumah Royal Residence Cluster Depan! Siap Huniâ¼ï¸,5000000000,240.0,320.0,6,4,2.0,2.0,Unfurnished,0,0,"Wiyung, Surabaya",-7.31097,112.698067,https://www.rumah123.com/properti/surabaya-wiyung/dijual-rumah-royal-residence-cluster-depan-siap-huni-hos42372503/,rumah123
"Dijual Cepat Rumah Pribadi Wisata Bukit Mas, Wiyung Surabaya Barat Rumah Hook, Strategisâ¼ï¸",5000000000,330.0,300.0,4,3,2.0,,Unfurnished,0,0,"Wiyung, Surabaya",-7.31097,112.698067,https://www.rumah123.com/properti/surabaya-wiyung/dijual-cepat-rumah-pribadi-wisata-bukit-mas-wiyung-surabaya-barat-rumah-hook-strategis-hos42372538/,rumah123
Dijual Cepat Rumah Wisata Bukit Mas Surabaya,5000000000,330.0,300.0,4,3,2.0,,Unfurnished,1,1,"Wisata Bukit Mas, Surabaya",-7.308962,112.667053,https://www.rumah123.com/properti/surabaya-wisata-bukit-mas/dijual-cepat-rumah-wisata-bukit-mas-surabaya-hos42374064/,rumah123
Dijual Rumah Baru Gress Semalang Indah,2200000000,100.0,150.0,4,3,2.0,2.0,Unfurnished,0,0,"Surabaya Kota, Surabaya",-7.2771,112.717407,https://www.rumah123.com/properti/surabaya-surabaya-kota/dijual-rumah-baru-gress-semalang-indah-hos42374771/,rumah123
Jual Rumah Graha Natura Surabaya,3200000000,144.0,144.0,3,4,2.0,,Semi Furnished,1,0,"Surabaya Kota, Surabaya",-7.2771,112.717407,https://www.rumah123.com/properti/surabaya-surabaya-kota/jual-rumah-graha-natura-surabaya-hos42382599/,rumah123
"Dijual Rumah di Griya Kencana Asri, Wonorejo - Rungkut, Surabaya Timur (030) Co (022)",1700000000,120.0,120.0,2,1,2.0,1.0,Unfurnished,1,1,"Rungkut, Surabaya",-7.31434,112.800232,https://www.rumah123.com/properti/surabaya-rungkut/dijual-rumah-di-griya-kencana-asri-wonorejo-rungkut-surabaya-timur-030-co-022-hos41218371/,rumah123
Dijual Cepatt Rumah Minimalis Northwest Central (Nwc) Citraland Utara Surabaya Barat,900000000,72.0,55.0,1,1,2.0,1.0,Unfurnished,0,0,"Citraland, Surabaya",-7.309354,112.656548,https://www.rumah123.com/properti/surabaya-citraland/dijual-cepatt-rumah-minimalis-northwest-central-nwc-citraland-utara-surabaya-barat-hos42354854/,rumah123
Dijual Cepatt Rumah Pondok Rosan Wiyung-Surabaya Barat,2800000000,283.0,200.0,9,8,1.0,2.0,Unfurnished,0,0,"Wiyung, Surabaya",-7.31097,112.698067,https://www.rumah123.com/properti/surabaya-wiyung/dijual-cepatt-rumah-pondok-rosan-wiyungsurabaya-barat-hos42355058/,rumah123
Dijual Cepat Rumah Modern Minimalis Royal Residence Wiyung-Surabaya Barat,2700000000,96.0,140.0,4,3,2.0,2.0,Unfurnished,0,0,"Wiyung, Surabaya",-7.318322,112.677794,https://www.rumah123.com/properti/surabaya-wiyung/dijual-cepat-rumah-modern-minimalis-royal-residence-wiyungsurabaya-barat-hos42355555/,rumah123
Dijual Cepatt Rumah Ciamik Pol Taman Pondok Indah [Tpi] Wiyung-Surabaya Barat,1480000000,119.0,150.0,5,3,2.0,2.0,Unfurnished,0,1,"Wiyung, Surabaya",-7.313968976987141,112.6969542383116,https://www.rumah123.com/properti/surabaya-wiyung/dijual-cepatt-rumah-ciamik-pol-taman-pondok-indah-tpi-wiyungsurabaya-barat-hos42368463/,rumah123
Dijual Cepatt Rumah Baru Gress Luxury Modern Minimalis Woodland Citraland Utama Surabaya Barat,5500000000,210.0,340.0,5,5,2.0,2.0,Unfurnished,0,0,"Citraland, Surabaya",-7.272840529382105,112.64703919404892,https://www.rumah123.com/properti/surabaya-citraland/dijual-cepatt-rumah-baru-gress-luxury-modern-minimalis-woodland-citraland-utama-surabaya-barat-hos42373279/,rumah123
Dijual Cepat Rumah 2 Unit Jejer Baru Gress Babatan Pilang Wiyung-Surabaya Barat,1350000000,70.0,125.0,3,3,1.0,2.0,Unfurnished,0,0,"Wiyung, Surabaya",-7.312707883333332,112.68289678888888,https://www.rumah123.com/properti/surabaya-wiyung/dijual-cepat-rumah-2-unit-jejer-baru-gress-babatan-pilang-wiyungsurabaya-barat-hos42373459/,rumah123
Dijual Cepat Rumah Baru Gress 3 Lantai Royal Residence Wiyung-Surabaya Barat,2250000000,114.0,190.0,5,4,3.0,3.0,Unfurnished,0,0,"Wiyung, Surabaya",-7.318322,112.677794,https://www.rumah123.com/properti/surabaya-wiyung/dijual-cepat-rumah-baru-gress-3-lantai-royal-residence-wiyungsurabaya-barat-hos42373555/,rumah123
Dijial Cepatt Rumah 3 Lantai Royal Residence Wiyung-Surabaya Baratdijial Cepatt Rumah 3 Lantai Royal Residence Wiyung-Surabaya Barat,1500000000,46.0,85.0,3,2,3.0,1.0,Semi Furnished,0,0,"Wiyung, Surabaya",-7.318322,112.677794,https://www.rumah123.com/properti/surabaya-wiyung/dijial-cepatt-rumah-3-lantai-royal-residence-wiyungsurabaya-baratdijial-cepatt-rumah-3-lantai-royal-residence-hos42373844/,rumah123
Dijual Rumah Taman Puspa Raya Baru Gress,2900000000,105.0,163.0,4,3,2.0,,Unfurnished,0,1,"Citraland, Surabaya",-7.309354,112.656548,https://www.rumah123.com/properti/surabaya-citraland/dijual-rumah-taman-puspa-raya-baru-gress-hos42389390/,rumah123
Jual Rumah Minimalis Bukit Palma,1300000000,120.0,104.0,3,2,1,1,Unfurnished,1,0,"Pakal, Surabaya",-7.24268,112.62981,https://www.rumah123.com/properti/surabaya-pakal/jual-rumah-minimalis-bukit-palma-hos19238292/,rumah123
New Scandinavian Wage Taman Sidoarjo,995000000,78.0,79.0,2,2,2,1,Unfurnished,1,1,"Waru, Surabaya",-7.350308,112.767464,https://www.rumah123.com/properti/surabaya-waru/new-scandinavian-wage-taman-sidoarjo-hos42102232/,rumah123
Dijual Rumah Taman Pondok Indah Wiyung - Hook,1700000000,205.0,195.0,4,2,1,1,Unfurnished,0,1,"Wiyung, Surabaya",-7.31097,112.698067,https://www.rumah123.com/properti/surabaya-wiyung/dijual-rumah-taman-pondok-indah-wiyung-hook-hos42343365/,rumah123
Dijual Rumah Northwest Park,1800000000,120.0,100.0,3,2,2,1,Unfurnished,0,0,"Pakal, Surabaya",-7.24268,112.629807,https://www.rumah123.com/properti/surabaya-pakal/dijual-rumah-northwest-park-hos42260466/,rumah123
Griya Babatan Mukti Wiyung Hok 2lt Baru Minimalis,3650000000,226.0,260.0,4,4,2,3,Unfurnished,0,1,"Wiyung, Surabaya",-7.31097,112.69807,https://www.rumah123.com/properti/surabaya-wiyung/griya-babatan-mukti-wiyung-hok-2lt-baru-minimalis-hos18665782/,rumah123
Raya Diponegoro Komersial Area,112000000000,2473.0,1875.0,5,4,1,4,,0,0,"Diponegoro, Surabaya",-7.285495,112.733757,https://www.rumah123.com/properti/surabaya-diponegoro/raya-diponegoro-komersial-area-hos41092676/,rumah123
Wisma Permai Barat Belakang Galaxy Mall,3500000000,190.0,230.0,4,2,2,1,,0,0,"Mulyorejo, Surabaya",-7.27049,112.780548,https://www.rumah123.com/properti/surabaya-mulyorejo/wisma-permai-barat-belakang-galaxy-mall-hos39391905/,rumah123
Dijual Rumah New Modern House American Style Villa Taman Telags Citraland 2 Lantai Lt150m 3 Kamar Dekat Pakuwon Mall Surabaya Barat,4800000000,150.0,300.0,3,4,2,2,Unfurnished,1,1,"Citraland, Surabaya",-7.309354,112.656548,https://www.rumah123.com/properti/surabaya-citraland/dijual-rumah-new-modern-house-american-style-villa-taman-telags-citraland-2-lantai-lt150m-3-kamar-dekat-pakuwon-mall-hos41128623/,rumah123
Dijual Rumah Modern Minimalis Fullertom Citraland 2 Lantai Lt210m Dekat Pakuwon Mall Surabaya Barat,3500000000,210.0,310.0,4,4,2,2,Semi Furnished,1,0,"Citraland, Surabaya",-7.309354,112.656548,https://www.rumah123.com/properti/surabaya-citraland/dijual-rumah-modern-minimalis-fullertom-citraland-2-lantai-lt210m-dekat-pakuwon-mall-surabaya-barat-hos41200351/,rumah123
Dijual Cepat Rumah Baru Graha Green Garden 2Lt 3Kt Luas 97M Surabaya Barat,2000000000,150.0,97.0,3,2,2,1,Unfurnished,0,1,"Wiyung, Surabaya",-7.31097,-7.31097,https://www.rumah123.com/properti/surabaya-wiyung/dijual-cepat-rumah-baru-dian-istana-2lt-luas-97m-wiyung-dekat-pakuwon-mall-dan-selangkah-ke-citralandsurabaya-barat-hos39879647/,rumah123
Dijual Rumah Northwest Park Tipe Capella View Lake Lt135m 4 Kamar Dekat Universitas Ciputra Surabaya Barat,2700000000,135.0,140.0,4,3,2,2,Unfurnished,1,0,"Citraland, Surabaya",-7.309354,112.656548,https://www.rumah123.com/properti/surabaya-citraland/dijual-rumah-northwest-park-tipe-capella-view-lake-lt135m-4-kamar-dekat-universitas-ciputra-surabaya-barat-hos41261615/,rumah123
Dijual Rumah Mewah 2.5 LT Citraland Fullerton Surabaya Barat,7000000000,210.0,400.0,6,7,2,1,Unfurnished,0,0,"Lakarsantri, Surabaya",-7.30073,112.635658,https://www.rumah123.com/properti/surabaya-lakarsantri/dijual-rumah-mewah-25-citraland-fullerton-surabaya-barat-hos41126723/,rumah123
220926 Dijual Via Lelang Rumah 2 LT Jl Simorukun 5 No 201 Aa,150000000,52.0,104.0,3,2,2,1,Unfurnished,1,1,"Sukomanunggal, Surabaya",-7.26548,112.698799,https://www.rumah123.com/properti/surabaya-sukomanunggal/220926-dijual-via-lelang-rumah-2-lt-jl-simorukun-5-no-201-aa-hos42290936/,rumah123
240926 Dijual Via Lelang Rumah Jl Lakarsantri 1A No.03,200000000,120.0,90.0,2,1,1,1,Unfurnished,1,1,"Lakarsantri, Surabaya",-7.30073,112.635658,https://www.rumah123.com/properti/surabaya-lakarsantri/240926-dijual-via-lelang-rumah-jl-lakarsantri-1a-no03-hos42301588/,rumah123
160926 Dijual Via Lelang Rumah Semanggi Mangrove,657500000,105.0,210.0,3,2,2,1,Unfurnished,1,1,"Rungkut, Surabaya",-7.31434,112.800232,https://www.rumah123.com/properti/surabaya-rungkut/160926-dijual-via-lelang-rumah-semanggi-mangrove-hos42369758/,rumah123
New Renov Garasi 3 Mobil Dharmahusada Indah Utara Minimalis Row 3,4990000000,240.0,330.0,4,3,2,2,Semi Furnished,1,1,"Dharma Husada, Surabaya",-7.26661,112.768181,https://www.rumah123.com/properti/surabaya-dharma-husada/new-renov-garasi-3-mobil-dharmahusada-indah-utara-minimalis-row-3-hos41244761/,rumah123
11Jt/MÂ² Termurah Hitung Tanah Terawat Row 3.5 Manyar Kertoadi,3790000000,319.0,250.0,3,2,1,1,Unfurnished,1,1,"Manyar, Surabaya",-7.28724,112.739052,https://www.rumah123.com/properti/surabaya-manyar/hitung-tanah-termurah-terawat-row-3-mobil-manyar-kertoadi-hos41251737/,rumah123
170926 Dijual Via Lelang Rumah Perum Lebak Indah Utara 2 No B-23,947000000,97.0,40.0,2,1,1,1,Unfurnished,1,1,"Tambaksari, Surabaya",-7.25371,112.753212,https://www.rumah123.com/properti/surabaya-tambaksari/170926-dijual-via-lelang-rumah-perum-lebak-indah-utara-2-no-b23-hos42377853/,rumah123
230926 Dijual Via Lelang Rumah Perum Griya Surabaya Aari Blok B2-01,175000000,122.0,80.0,3,2,1,1,Unfurnished,1,1,"Pakal, Surabaya",-7.24268,112.629807,https://www.rumah123.com/properti/surabaya-pakal/230926-dijual-via-lelang-rumah-perum-griya-surabaya-aari-blok-b201-hos42377977/,rumah123
220926 Dijual Via Lelang Rumah Kebraon,150000000,60.0,120.0,3,2,2,1,,0,0,"Karangpilang, Surabaya",-7.34304,112.697388,https://www.rumah123.com/properti/surabaya-karangpilang/220926-dijual-via-lelang-rumah-kebraon-hos42378326/,rumah123
Sukolilo Dian Regency Surabaya Rumah Siap Huni.,930000000,72.0,72.0,2,1,1,1.0,Unfurnished,0,0,"Sukolilo, Surabaya",-7.28813,112.802902,https://www.rumah123.com/properti/surabaya-sukolilo/sukolilo-dian-regency-surabaya-rumah-siap-huni-hos42350635/,rumah123
Nginden Intan Surabaya Jual Rumah Mewah Posisi Hook Lt439m2.,6000000000,439.0,300.0,2,3,1,1.0,Semi Furnished,0,0,"Nginden, Surabaya",-7.29974,112.767357,https://www.rumah123.com/properti/surabaya-nginden/nginden-intan-surabaya-jual-rumah-mewah-posisi-hook-lt439m2-hos42354113/,rumah123
Dijual Rumah di Kebraon Utama Surabaya Selatan,750000000,88.0,88.0,2,1,1,,Unfurnished,1,0,"Kebraon, Surabaya",-7.3305,112.704071,https://www.rumah123.com/properti/surabaya-kebraon/dijual-rumah-di-kebraon-utama-surabaya-selatan-hos42375674/,rumah123
Rumah Dekat Gate Bagus Green Hill Citraland2 LT Dekat Superindo,3000000000,200.0,165.0,3,2,2,2.0,Unfurnished,1,1,"Citraland, Surabaya",-7.309354,112.656548,https://www.rumah123.com/properti/surabaya-citraland/rumah-dekat-gate-bagus-green-hill-citraland2-lt-dekat-superindo-hos41395587/,rumah123
Dijual Cepat Murah Rumah Pakuwon City Surabaya,1050000000,78.0,50.0,2,1,1,,Unfurnished,1,0,"Pakuwon City, Surabaya",-7.2771207,112.8055208,https://www.rumah123.com/properti/surabaya-pakuwon-city/dijual-cepat-murah-rumah-pakuwon-city-surabaya-hos38918348/,rumah123
Dijual Rumah Baru Babatan Pantai Utara Surabaya,2550000000,146.0,280.0,4,3,3,2.0,Unfurnished,0,0,"Kenjeran, Surabaya",-7.28917,112.734,https://www.rumah123.com/properti/surabaya-kenjeran/dijual-rumah-baru-babatan-pantai-utara-surabaya-hos42124272/,rumah123
Dijual Rumah Tengah Kota di Kesumba Tambaksari Surabaya,3200000000,265.0,216.0,4,2,1,2.0,Unfurnished,0,1,"Tambaksari, Surabaya",-7.28917,112.734,https://www.rumah123.com/properti/surabaya-tambaksari/dijual-rumah-tengah-kota-di-kesumba-tambaksari-surabaya-hos42046895/,rumah123
Rumah Cantik Wisata Bukit Mas Termurah,4890000000,348.0,288.0,4,4,2,2.0,Unfurnished,1,1,"Wisata Bukit Mas, Surabaya",-7.308962,112.667053,https://www.rumah123.com/properti/surabaya-wisata-bukit-mas/rumah-cantik-wisata-bukit-mas-termurah-hos42305304/,rumah123
Rumah Grand Pakuwon Cantik 2Lt Adelaide,1290000000,72.0,70.0,2,2,2,1.0,Unfurnished,0,0,"Tandes, Surabaya",-7.25834,112.678978,https://www.rumah123.com/properti/surabaya-tandes/rumah-grand-pakuwon-cantik-2lt-adelaide-hos39693828/,rumah123
Rumah Taman Puspa Raya Lantai Utama Granite,2900000000,105.0,163.0,5,4,2,2.0,Unfurnished,1,1,"Citraland, Surabaya",-7.309354,112.656548,https://www.rumah123.com/properti/surabaya-citraland/rumah-taman-puspa-raya-lantai-utama-granite-hos42355021/,rumah123
Rumahbulak Setro 2 Lantai di Surabaya 400 Jutaan,550000000,27.0,58.0,3,2,2,,Unfurnished,1,0,"Kenjeran, Surabaya",-7.23563,112.786163,https://www.rumah123.com/properti/surabaya-kenjeran/rumahbulak-setro-2-lantai-di-surabaya-400-jutaan-hos41251876/,rumah123
"Dijual 5 Rumah Saronojiwo Estate, Progress Bangun Di Surabaya",1750000000,76.0,146.0,4,3,2,1.0,,0,0,"Jemursari, Surabaya",-7.32428,112.74173,https://www.rumah123.com/properti/surabaya-jemursari/dijual-5-rumah-saronojiwo-estate-progress-bangun-di-surabaya-hos39768633/,rumah123
Dijual Rumah Siap Huni di Kertajaya Indah Timur,4500000000,300.0,240.0,5,4,2,2.0,Unfurnished,1,1,"kertajaya, Surabaya",-7.282603,112.755432,https://www.rumah123.com/properti/surabaya-kertajaya/dijual-rumah-siap-huni-di-kertajaya-indah-timur-hos42360034/,rumah123
"Rumah Siap Huni New Renov, Citraland Utama Full Furnished",7950000000,300.0,400.0,5,4,2,,Furnished,1,1,"Citraland, Surabaya",-7.309354,112.656548,https://www.rumah123.com/properti/surabaya-citraland/rumah-siap-huni-new-renov-citraland-utama-full-furnished-hos42363307/,rumah123
"Rumah Classic Mewah Dharmahusada, Sby Timur Double Row Komplek",7990000000,450.0,575.0,6,7,2,,Unfurnished,1,1,"Dharma Husada, Surabaya",-7.26661,112.768181,https://www.rumah123.com/properti/surabaya-dharma-husada/rumah-classic-mewah-dharmahusada-sby-timur-double-row-komplek-hos40662959/,rumah123
Dijual Rumah Siap Huni di Wonorejo Permai Surabaya Timur,2500000000,175.0,250.0,5,3,1,1.0,Furnished,0,0,"Surabaya Kota, Surabaya",-7.2771,112.717407,https://www.rumah123.com/properti/surabaya-surabaya-kota/dijual-rumah-siap-huni-di-wonorejo-permai-surabaya-timur-hos40704825/,rumah123
Rumah di Jalan Utama Citraland Dekat Gwalk,11500000000,280.0,205.0,7,4,2,1.0,,0,0,"Citraland, Surabaya",-7.309354,112.656548,https://www.rumah123.com/properti/surabaya-citraland/rumah-di-jalan-utama-citraland-dekat-gwalk-hos41513602/,rumah123
Surabaya Pusat Cocok untuk Kantor,33000000000,994.0,800.0,1,3,2,3.0,,0,0,"Tegalsari, Surabaya",-7.27355,112.737457,https://www.rumah123.com/properti/surabaya-tegalsari/surabaya-pusat-cocok-untuk-kantor-hos41547224/,rumah123
Rumah Grand Semanggi Siap Huni di Area Rungkut Surabaya,1100000000,128.0,100.0,2,2,2,1.0,Unfurnished,1,1,"Wonorejo, Surabaya",-7.304489,112.808046,https://www.rumah123.com/properti/surabaya-wonorejo/rumah-siap-huni-di-area-rungkut-surabaya-hos40671943/,rumah123
Rumah 2 Lantai di Waru Siap Huni dan Terawat,2900000000,170.0,300.0,5,4,2,2.0,Semi Furnished,1,1,"Waru, Surabaya",-7.350308,112.767464,https://www.rumah123.com/properti/surabaya-waru/dijualrumahsiaphunidaerahwaru-di-graha-tirta-cluster-tirta-bromelia-no-74-ngingas-waru-sidoarjo-jawa-timur-indonesia-hos40710475/,rumah123
Rumah Siap Huni & Terawat di Puri Asri Pakuwon City,1500000000,91.0,61.0,2,2,1,1.0,,0,0,"Pakuwon City, Surabaya",-7.28917,112.67556,https://www.rumah123.com/properti/surabaya-pakuwon-city/rumah-siap-huni-terawat-di-puri-asri-pakuwon-city-hos41513579/,rumah123
Rumah Surabaya Rungkut Wonorejo Dekat Raya Meer,560000000,50.0,30.0,2,1,1,1.0,Unfurnished,0,0,"Rungkut, Surabaya",-7.31434,112.800232,https://www.rumah123.com/properti/surabaya-rungkut/rumah-surabaya-rungkut-wonorejo-dekat-raya-meer-hos41204985/,rumah123
Rumah Pakuwon City Ada 2 Jejer,1290000000,78.0,60.0,2,1,1,1.0,Unfurnished,0,0,"Pakuwon City, Surabaya",-7.28917,112.67556,https://www.rumah123.com/properti/surabaya-pakuwon-city/rumah-pakuwon-city-ada-2-jejer-hos41695157/,rumah123
"Dijual Cepat, Rumah Murah Babatan Pilang - Wiyung",1550000000,153.0,250.0,5,4,2,3.0,Semi Furnished,0,0,"Wiyung, Surabaya",-7.31097,112.698067,https://www.rumah123.com/properti/surabaya-wiyung/dijual-cepat-rumah-murah-babatan-pilang-wiyung-hos42027717/,rumah123
RUMAH TERAWAT DAN SIAP HUNI DI RUNGKUT ASRI SURABAYA DEKAT MERR,3700000000,300.0,200.0,5,3,1,,,0,0,"Rungkut, Surabaya",-7.31434,-7.31434,https://www.rumah123.com/properti/surabaya-rungkut/rumah-terawat-dan-siap-huni-di-rungkut-asri-surabaya-dekat-merr-hos39593156/,rumah123
"Termurah Di Rungkut Dekat Upn, Ubaya, Petra, Rsud, Bandara",1350000000,75.0,90.0,3,3,1,2.0,Furnished,0,1,"Rungkut, Surabaya",-7.31434,112.800232,https://www.rumah123.com/properti/surabaya-rungkut/termurah-di-rungkut-dekat-upn-ubaya-petra-rsud-bandara-hos39855044/,rumah123
Dijual Rumah Central Park A Yani 2 Lantai,3730000000,158.0,140.0,3,2,2,1.0,Unfurnished,0,0,"Surabaya Kota, Surabaya",-7.2771,112.717407,https://www.rumah123.com/properti/surabaya-surabaya-kota/dijual-rumah-central-park-a-yani-2-lantai-hos40729129/,rumah123
Rumah Minimalis Siap Huni di Citraland,2600000000,135.0,132.0,4,2,2,1.0,Unfurnished,0,0,"Citraland, Surabaya",-7.309354,112.656548,https://www.rumah123.com/properti/surabaya-citraland/rumah-minimalis-siap-huni-di-citraland-hos40897283/,rumah123
Rumah Minimalis 2 Lantai Baru Gress Siap Huni di Surabaya Timur,2750000000,146.0,280.0,5,5,2,2.0,Unfurnished,0,0,"Surabaya Kota, Surabaya",-7.2771,112.717407,https://www.rumah123.com/properti/surabaya-surabaya-kota/rumah-minimalis-2-lantai-baru-gress-siap-huni-di-surabaya-timur-hos42306773/,rumah123
Dinoyo Rumah Komersial Dekat Kampus Widya Mandala,16000000000,638.0,530.0,6,6,2,1.0,Furnished,0,0,"Surabaya Kota, Surabaya",-7.2771,112.717407,https://www.rumah123.com/properti/surabaya-surabaya-kota/dinoyo-komersial-area-surabaya-pusat-rumah-lama-dijual-hos42098956/,rumah123
"Rumah 2 Lantai Butuh Renov di Manyar, Surabaya Timur",3800000000,300.0,450.0,6,3,1,,Unfurnished,0,0,"Manyar, Surabaya",-7.28724,-7.28724,https://www.rumah123.com/properti/surabaya-manyar/rumah-2-lt-di-manyar-kartika-surabaya-cocok-untuk-kantor-hos39592997/,rumah123
Darmo Sentosa Raya Rumah Dekat Mayjen Sungkono Surabaya,2750000000,180.0,135.0,3,2,1,1.0,Unfurnished,0,0,"Wiyung, Surabaya",-7.31097,112.698067,https://www.rumah123.com/properti/surabaya-wiyung/darmo-sentosa-raya-rumah-dekat-mayjen-sungkono-surabaya-hos42336527/,rumah123
Rumah Pakuwon Indah Surabaya,7300000000,240.0,300.0,4,4,2,2.0,,0,0,"Pakuwon Indah, Surabaya",-7.28921,112.674469,https://www.rumah123.com/properti/surabaya-pakuwon-indah/rumah-pakuwon-indah-surabaya-hos42148613/,rumah123
Rumah Baru Setro Utara Kenjeran Surabaya,600000000,65.0,60.0,2,1,1,1.0,,0,0,"Kenjeran, Surabaya",-7.23563,112.786163,https://www.rumah123.com/properti/surabaya-kenjeran/rumah-baru-setro-utara-kenjeran-surabaya-hos42157185/,rumah123
Jual Rumah Jambangan Surabaya 2.5 Lantai 5 KT,1300000000,84.0,200.0,5,2,2,1.0,Unfurnished,0,0,"Jambangan, Surabaya",-7.319192457,112.7157701,https://www.rumah123.com/properti/surabaya-jambangan/jual-rumah-jambangan-surabaya-25-lantai-5-kt-hos42369304/,rumah123
Rumah Rungkut Harapan Surabaya,1970000000,200.0,250.0,9,5,2,4.0,,0,0,"Rungkut, Surabaya",-7.31434,112.800232,https://www.rumah123.com/properti/surabaya-rungkut/rumah-rungkut-harapan-surabaya-hos42267803/,rumah123
Dijual Rumah Minimais Bagus Nyaman 2 Lantai Furnish di Babatan Pratama di Wiyung Sby Barat,1850000000,90.0,150.0,3,3,2,2.0,Furnished,0,0,"Surabaya Kota, Surabaya",-7.2771,112.717407,https://www.rumah123.com/properti/surabaya-surabaya-kota/dijual-rumah2-furnish-lantai-di-babatan-pratama-di-wiyung-sby-barat-hos40610323/,rumah123
Rumah Baru Nirwana Eksekutif Rungkut Surabaya,1570000000,87.0,120.0,3,3,1,1.0,,0,0,"Rungkut, Surabaya",-7.31434,112.800232,https://www.rumah123.com/properti/surabaya-rungkut/rumah-baru-nirwana-eksekutif-rungkut-surabaya-hos41174993/,rumah123
Gratis Iphone. Rumah Graha Natura Dijual 1M-An [2 Lantai] House For Sale. bisa Cicilan KPR,1000000000,72.0,86.0,3,2,2,1.0,Semi Furnished,0,0,"Sambikerep, Surabaya",-7.27993,112.654648,https://www.rumah123.com/properti/surabaya-sambikerep/gratis-iphone-rumah-graha-natura-dijual-1man-2-lantai-house-for-sale-bisa-cicilan-kpr-hos42345450/,rumah123
Jual Rumah Hook Araya Tahap 2,4300000000,205.0,238.0,5,5,2,2.0,Unfurnished,0,0,"Sukolilo, Surabaya",-7.3071506534121085,112.78491801565701,https://www.rumah123.com/properti/surabaya-sukolilo/jual-rumah-hook-araya-tahap-2-hos42378611/,rumah123
Jual Rumah Minimalis 3 KT di Tanah Kali Kedinding Surabaya Murah,600000000,96.0,96.0,3,1,1,1.0,Unfurnished,0,0,"Kenjeran, Surabaya",-7.224907537781919,112.76954119863555,https://www.rumah123.com/properti/surabaya-kenjeran/jual-rumah-minimalis-3-kt-di-tanah-kali-kedinding-surabaya-murah-hos42277799/,rumah123
Rumah Baru Bulak Setro Kenjeran Surabaya,400000000,65.0,120.0,2,2,2,,,0,0,"Kenjeran, Surabaya",-7.23563,112.786163,https://www.rumah123.com/properti/surabaya-kenjeran/rumah-baru-bulak-setro-kenjeran-surabaya-hos41178885/,rumah123
Rumah Minimalis Modern Griya Kebaron Utara Surabaya,1500000000,154.0,140.0,4,4,1,1.0,Semi Furnished,0,0,"Kebraon, Surabaya",-7.3305,112.704071,https://www.rumah123.com/properti/surabaya-kebraon/rumah-minimalis-modern-griya-kebaron-utara-surabaya-hos42269184/,rumah123
Rumah Green Lake Natural Living Wonorejo Rungkut Surabaya,650000000,72.0,72.0,2,1,1,1.0,,0,0,"Rungkut, Surabaya",-7.31434,112.800232,https://www.rumah123.com/properti/surabaya-rungkut/rumah-green-lake-natural-living-wonorejo-rungkut-surabaya-hos42301956/,rumah123
"Dijual Rumah Modern Siap Huni,Semi Furnished - Galaxy Bumi Permai",7000000000,240.0,400.0,4,5,3,2.0,Semi Furnished,1,1,"Surabaya Kota, Surabaya",-7.290337033155097,112.78615768976653,https://www.rumah123.com/properti/surabaya-surabaya-kota/dijual-rumah-modern-siap-hunisemi-furnished-galaxy-bumi-permai-hos41512908/,rumah123
Dijual Rumah Grand Pakuwon South Victoria 2 Lantai Surabaya,2700000000,160.0,200.0,4,3,2,2.0,Unfurnished,1,1,"Tandes, Surabaya",-7.2551295,112.6616806,https://www.rumah123.com/properti/surabaya-tandes/dijual-rumah-grand-pakuwon-south-victoria-2-lantai-surabaya-hos41482206/,rumah123
"Dijual Rumah Raya Suterejo Prima - Jalan Kembar, Siap Huni",4950000000,300.0,400.0,4,2,2,1.0,Semi Furnished,1,1,"Surabaya Kota, Surabaya",-7.2627267799981325,112.79537620112296,https://www.rumah123.com/properti/surabaya-surabaya-kota/dijual-rumah-raya-suterejo-prima-jalan-kembar-siap-huni-hos40736547/,rumah123
Dijual Rumah Siap Huni Forest Mansion - Cluster Tropical 2 Lantai,2000000000,135.0,200.0,3,2,2,2.0,Semi Furnished,1,1,"Wiyung, Surabaya",-7.31097,112.698067,https://www.rumah123.com/properti/surabaya-wiyung/dijual-rumah-siap-huni-forest-mansion-cluster-tropical-2-lantai-hos41902660/,rumah123
Dijual Rumah New Gress!! 1 Lantai Siap Huni di Jelidro,750000000,75.0,54.0,3,1,1,1.0,Unfurnished,1,1,"Wiyung, Surabaya",-7.31097,112.698067,https://www.rumah123.com/properti/surabaya-wiyung/dijual-rumah-new-gress-1-lantai-siap-huni-di-jelidro-hos41760287/,rumah123
"JUAL Rumah Nyaman di Kebraon, Harga Terjangkau Lokasi Strategis!",1200000000,100.0,57.0,3,2,1,1.0,Unfurnished,0,1,"Wiyung, Surabaya",-7.3262959,112.6973708,https://www.rumah123.com/properti/surabaya-wiyung/jual-rumah-nyaman-di-kebraon-harga-terjangkau-lokasi-strategis-hos38920635/,rumah123
Dijual Rumah New Gress!! 2 Lantai di Jelidro - Sambikerep,600000000,42.0,58.0,2,2,2,1.0,Unfurnished,0,1,"Wiyung, Surabaya",-7.31097,112.698067,https://www.rumah123.com/properti/surabaya-wiyung/dijual-rumah-new-gress-2-lantai-di-jelidro-sambikerep-hos41760171/,rumah123
Dijual Rumah Baru Selesai di Renovasi di Taman Sejahtera -Wiyung,1100000000,105.0,210.0,5,4,2,1.0,Unfurnished,0,1,"Wiyung, Surabaya",-7.322492097953585,112.68762491454021,https://www.rumah123.com/properti/surabaya-wiyung/dijual-rumah-baru-selesai-di-renovasi-di-taman-sejahtera-wiyung-hos41879175/,rumah123
"Dijual Rumah 1 LT. Baru Gress!! Sememi Rejoasri Free Pagar,Kanopi",530000000,62.0,40.0,2,1,1,1.0,Unfurnished,0,1,"Menganti, Surabaya",-7.24107,112.63558,https://www.rumah123.com/properti/surabaya-menganti/dijual-rumah-1-lt-baru-gress-sememi-rejoasri-free-pagarkanopi-hos41833971/,rumah123
"Dijual Rumah Siap Huni, Semi Furnished di Pondok Jati Sidoarjo",1500000000,154.0,81.0,3,2,1,1.0,Semi Furnished,1,1,"Sidoarjo, Surabaya",-7.2574719,112.7520883,https://www.rumah123.com/properti/surabaya-sidoarjo/dijual-rumah-siap-huni-semi-furnished-di-pondok-jati-sidoarjo-hos19087353/,rumah123
"Dijual Rumah Siap Huni, Terawat di Ladiva Greenhill",950000000,112.0,82.0,2,2,1,1.0,Semi Furnished,1,1,"Menganti, Surabaya",-7.294023,112.587967,https://www.rumah123.com/properti/surabaya-menganti/dijual-rumah-siap-huni-terawat-di-ladiva-greenhill-hos40935961/,rumah123
"Rumah Siap Huni, sudah renovasi di Mulyosari Prima",1750000000,135.0,126.0,3,2,1,2.0,Unfurnished,0,1,"Mulyosari, Surabaya",-7.2630084,112.8026805,https://www.rumah123.com/properti/surabaya-mulyosari/rumah-siap-huni-sudah-renovasi-di-mulyosari-prima-hos19214551/,rumah123
Di Jual Rumah Siap Huni Gunung Anyar Rungkut,2000000000,144.0,144.0,3,3,1,1.0,Furnished,1,1,"Rungkut, Surabaya",-7.31434,112.800232,https://www.rumah123.com/properti/surabaya-rungkut/di-jual-rumah-siap-huni-gunung-anyar-rungkut-hos42140844/,rumah123
Dijual Cepat Rumah 2 Lantai Siap Huni di Manyar Rejo,4200000000,165.0,250.0,4,4,2,1.0,Unfurnished,0,1,"Surabaya Kota, Surabaya",-7.295777349863357,112.76469944460592,https://www.rumah123.com/properti/surabaya-surabaya-kota/dijual-cepat-rumah-2-lantai-siap-huni-di-manyar-rejo-hos41149833/,rumah123
Dijual / Disewakan Rumah Graha Sampurna Indah (Wiyung),2300000000,153.0,125.0,3,2,2,1.0,Unfurnished,1,1,"Wiyung, Surabaya",-7.311000651088293,112.68266370645574,https://www.rumah123.com/properti/surabaya-wiyung/dijual-disewakan-rumah-graha-sampurna-indah-wiyung-hos41956998/,rumah123
Dijual Rumah 2 Lntai Baru Renovasi di Bukit Palma Residence Surabaya,2000000000,120.0,170.0,4,4,2,2.0,Unfurnished,1,1,"Citraland, Surabaya",-7.309354,112.656548,https://www.rumah123.com/properti/surabaya-citraland/dijual-rumah-2-lntai-baru-renovasi-di-bukit-palma-residence-surabaya-hos41946445/,rumah123
Dijual Rumah Mewah Ada Private Pool Di Royal Residence â Wiyung,7500000000,425.0,450.0,4,4,2,2.0,Semi Furnished,1,1,"Surabaya Kota, Surabaya",-7.2771,112.717407,https://www.rumah123.com/properti/surabaya-surabaya-kota/dijual-rumah-mewah-ada-private-pool-di-royal-residence-wiyung-hos38895450/,rumah123
Dijual Cepat Owner Bu Rumah Kendalsari Pratama Penjaringan Rungkt,1470000000,105.0,70.0,2,1,1,1.0,Unfurnished,0,1,"Rungkut, Surabaya",-7.313259211846635,112.7833363430833,https://www.rumah123.com/properti/surabaya-rungkut/dijual-cepat-owner-bu-rumah-kendalsari-pratama-penjaringan-rungkt-hos42210871/,rumah123
Dijual Rumah Baru 2.5 LT Greess! di Lontar Dekat Graha Natura,1250000000,80.0,100.0,3,2,2,2.0,Unfurnished,0,0,"Wiyung, Surabaya",-7.31097,112.698067,https://www.rumah123.com/properti/surabaya-wiyung/dijual-rumah-baru-25-lt-greess-di-lontar-dekat-graha-natura-hos41823908/,rumah123
Dijual Rumah Forest Mansion Full Furnished + Private Pool,3500000000,180.0,250.0,4,3,2,2.0,Furnished,1,1,"Wiyung, Surabaya",-7.3068402479053844,112.66476771959503,https://www.rumah123.com/properti/surabaya-wiyung/dijual-rumah-forest-mansion-full-furnished-private-pool-hos41010085/,rumah123
"Dijual Cepat Rumah Minimalis Grand Harvest, Cluster Belvoir",2000000000,126.0,115.0,3,2,2,1.0,Unfurnished,1,1,"Wiyung, Surabaya",-7.31097,112.69807,https://www.rumah123.com/properti/surabaya-wiyung/dijual-cepat-rumah-minimalis-grand-harvest-cluster-belvoir-hos18767469/,rumah123
"Dijual Cepat! Rumah Full Bangunan,5 Kamar Tidur di Manyar Kartika",4250000000,300.0,350.0,4,2,2,1.0,Unfurnished,0,1,"Surabaya Kota, Surabaya",-7.2936515047188095,112.76729726957097,https://www.rumah123.com/properti/surabaya-surabaya-kota/dijual-cepat-rumah-full-bangunan5-kamar-tidur-di-manyar-kartika-hos42143989/,rumah123
"Dijual Rumah Full Furnished, Terawat, Siap Huni di Grand Harvest",2200000000,147.0,135.0,3,2,2,2.0,Furnished,1,1,"Wiyung, Surabaya",-7.332226497633371,112.6917238794033,https://www.rumah123.com/properti/surabaya-wiyung/dijual-rumah-full-furnished-terawat-siap-huni-di-grand-harvest-hos40887847/,rumah123
"Dijual Rumah Wisma Kedung Asem, Rungkut,2 Lanta 3 Kamar,Siap Huni",2700000000,144.0,250.0,3,2,2,1.0,Unfurnished,0,1,"Kedung Baruk, Surabaya",-7.317924699999999,112.7777795,https://www.rumah123.com/properti/surabaya-kedung-baruk/dijual-rumah-wisma-kedung-asem-rungkut2-lanta-3-kamarsiap-huni-hos39946692/,rumah123
Dijual Rumah Siap Huni di Sukolilo Dian Regency 2 Surabaya,1350000000,119.0,119.0,5,2,2,1.0,Unfurnished,0,1,"Surabaya Kota, Surabaya",-7.2771,112.717407,https://www.rumah123.com/properti/surabaya-surabaya-kota/dijual-rumah-siap-huni-di-sukolilo-dian-regency-2-surabaya-hos42209536/,rumah123
Dijual Via Lelang Rumah di Benowo Surabaya Siap Huni,600000000,157.0,157.0,2,1,1,1.0,Unfurnished,0,1,"Surabaya Kota, Surabaya",-7.2771,112.717407,https://www.rumah123.com/properti/surabaya-surabaya-kota/dijual-via-lelang-rumah-di-benowo-surabaya-siap-huni-hos42209583/,rumah123
Dijual Rumah di Tambaksari Surabaya Cocok Buat Usaha atau Hunian,1120000000,182.0,300.0,3,2,2,1.0,Unfurnished,0,1,"Surabaya Kota, Surabaya",-7.2771,112.717407,https://www.rumah123.com/properti/surabaya-surabaya-kota/dijual-rumah-di-tambaksari-surabaya-cocok-buat-usaha-atau-hunian-hos42209603/,rumah123
Dijual Via Lelang Rumah di Ploso Tambaksari Surabaya,500000000,170.0,170.0,2,1,2,1.0,Unfurnished,0,1,"Surabaya Kota, Surabaya",-7.2771,112.717407,https://www.rumah123.com/properti/surabaya-surabaya-kota/dijual-via-lelang-rumah-di-ploso-tambaksari-surabaya-hos42209625/,rumah123
Dijual Via Lelang Rumah di Dukuh Setro Surabaya,350000000,160.0,160.0,2,1,1,1.0,Unfurnished,0,1,"Surabaya Kota, Surabaya",-7.2771,112.717407,https://www.rumah123.com/properti/surabaya-surabaya-kota/dijual-via-lelang-rumah-di-dukuh-setro-surabaya-hos42209637/,rumah123
Rumah Hook Manyar Indah Surabaya,4000000000,157.0,215.0,4,3,2,2.0,,0,0,"Manyar, Surabaya",-7.28724,112.739052,https://www.rumah123.com/properti/surabaya-manyar/rumah-hook-manyar-indah-surabaya-hos41235033/,rumah123
"Rumah Baru Dekat Aloha, Bungurasih, Rs Mitra Keluarga, Poldal",885000000,77.0,78.0,2,2,2,1.0,Unfurnished,1,1,"Waru, Surabaya",-7.350308,112.767464,https://www.rumah123.com/properti/surabaya-waru/rumah-baru-dekat-aloha-bungurasih-rs-mitra-keluarga-poldal-hos17255126/,rumah123
[Eksklusif] - Dijual Rumah Baru American Style Classic Modern di Komplek Prapen Saronojiwo,1750000000,76.0,146.0,4,2,2,2.0,Unfurnished,1,0,"Panjang Jiwo, Surabaya",-7.311641160046051,112.7586473862765,https://www.rumah123.com/properti/surabaya-panjang-jiwo/eksklusif-dijual-rumah-baru-american-style-classic-modern-di-komplek-prapen-saronojiwo-hos40593729/,rumah123
"Termurah Rumah Baru Dekat Upn, Ubaya, Rsud, Unit Terbatas",1850000000,110.0,125.0,3,3,2,2.0,Unfurnished,1,1,"Rungkut, Surabaya",-7.31434,112.80023,https://www.rumah123.com/properti/surabaya-rungkut/termurah-rumah-baru-dekat-upn-ubaya-rsud-unit-terbatas-hos18632904/,rumah123
"Rumah Siap Huni di Surabaya Barat, Wisata Bukit Mas",1900000000,119.0,175.0,3,2,2,1.0,,0,0,"Wisata Bukit Mas, Surabaya",-7.308962,112.667053,https://www.rumah123.com/properti/surabaya-wisata-bukit-mas/rumah-siap-huni-di-surabaya-barat-wisata-bukit-mas-hos41664635/,rumah123
Termurah Dekat Raya Jemursari. Ubaya. Petra di Prapen Indah,1400000000,64.0,115.0,3,3,2,1.0,Unfurnished,1,0,"Jemursari, Surabaya",-7.32428,112.74173,https://www.rumah123.com/properti/surabaya-jemursari/termurah-dekat-raya-jemursari-ubaya-petra-di-prapen-indah-hos40317143/,rumah123
Termurah Rumah Hitung Tanah Dijalan Kembar Medokan Asri,3900000000,390.0,150.0,3,2,1,,,0,0,"Medokan Ayu, Surabaya",-7.326097,112.81353,https://www.rumah123.com/properti/surabaya-medokan-ayu/termurah-rumah-hitung-tanah-dijalan-kembar-medokan-asri-hos42202384/,rumah123
Dijual Rumah Second Murah Babatan Pantai,3000000000,300.0,350.0,5,2,2,1.0,Semi Furnished,1,1,"Mulyorejo, Surabaya",-7.28917,112.734,https://www.rumah123.com/properti/surabaya-mulyorejo/dijual-rumah-second-murah-babatan-pantai-hos40771649/,rumah123
Dijual Rumah 2Lt Siap Huni Koala Regency,1250000000,98.0,115.0,2,2,2,1.0,Semi Furnished,1,1,"Sukolilo, Surabaya",-7.28813,112.802902,https://www.rumah123.com/properti/surabaya-sukolilo/dijual-rumah-2lt-siap-huni-koala-regency-hos42282318/,rumah123
Dijual Rumah 1 LT Koala Regency,1900000000,128.0,99.0,3,2,1,1.0,Unfurnished,1,1,"Sukolilo, Surabaya",-7.28813,112.802902,https://www.rumah123.com/properti/surabaya-sukolilo/dijual-rumah-1-lt-koala-regency-hos41859606/,rumah123
Dijual Cepat Rumah di Wisata Bukit Mas Surabaya.harga Murah,2500000000,160.0,134.0,5,3,1,1.0,Unfurnished,0,0,"Lakarsantri, Surabaya",-7.30073,112.635658,https://www.rumah123.com/properti/surabaya-lakarsantri/dijual-cepat-rumah-di-wisata-bukit-mas-surabayaharga-murah-hos41220352/,rumah123
Rumah Baru Gunung Anyar,1100000000,100.0,100.0,2,2,1,1.0,Unfurnished,0,0,"Gununganyar, Surabaya",-7.33182,-7.33182,https://www.rumah123.com/properti/surabaya-gununganyar/rumah-baru-gunung-anyar-hos42380312/,rumah123
Rumah Hook Wisata Bukit Mas 2,5500000000,330.0,300.0,4,3,2,1.0,Furnished,1,1,"Lakarsantri, Surabaya",-7.30073,-7.30073,https://www.rumah123.com/properti/surabaya-lakarsantri/rumah-hook-wisata-bukit-mas-2-hos42380331/,rumah123
Hook Samping Taman Diamond Hill Citraland,8900000000,368.0,500.0,4,3,2,2.0,Unfurnished,1,1,"Citraland, Surabaya",-7.309354,112.656548,https://www.rumah123.com/properti/surabaya-citraland/hook-samping-taman-diamond-hill-citraland-hos41642019/,rumah123
Rumah 2Lantai Siap Huni Strategis,4000000000,198.0,170.0,3,3,2,1.0,Unfurnished,1,0,"Raya A Yani, Surabaya",-7.33829,112.702988,https://www.rumah123.com/properti/surabaya-raya-a-yani/rumah-2lantai-siap-huni-strategis-hos41762287/,rumah123
"Rumah, SHM, di Manukan, 2Lantai Gress",1800000000,132.0,132.0,3,3,2,1.0,,0,0,"Manukan, Surabaya",-7.259611,112.666054,https://www.rumah123.com/properti/surabaya-manukan/rumah-shm-di-manukan-2lantai-gress-hos41634364/,rumah123
Rumah Tinggal Cocok untuk Usaha,650000000,96.0,105.0,2,1,1,,Unfurnished,1,0,"Benowo, Surabaya",-7.23213,112.630142,https://www.rumah123.com/properti/surabaya-benowo/rumah-tinggal-cocok-untuk-usaha-hos41648507/,rumah123
Rumah Siap Huni Strategis Central Park A. Yani,5500000000,200.0,350.0,4,3,2,1.0,Unfurnished,1,0,"Raya A Yani, Surabaya",-7.33829,112.702988,https://www.rumah123.com/properti/surabaya-raya-a-yani/rumah-siap-huni-strategis-central-park-a-yani-hos41762149/,rumah123
Komersial Area Hitung Tanah Dekat Pintu Tol,4380000000,175.0,175.0,1,1,1,,Unfurnished,0,0,"Dukuh Kupang, Surabaya",-7.28244,112.710747,https://www.rumah123.com/properti/surabaya-dukuh-kupang/komersial-area-hitung-tanah-dekat-pintu-tol-hos41693705/,rumah123
Rumah 2 Lantai Fully Furnish Mewah,6500000000,144.0,160.0,3,3,2,1.0,Furnished,1,0,"Raya A Yani, Surabaya",-7.33829,112.702988,https://www.rumah123.com/properti/surabaya-raya-a-yani/rumah-2-lantai-fully-furnish-mewah-hos41762806/,rumah123
"Rumah 2 Lantai Baru Gress, Modern Minimalis, Luas dan Siap Huni",2150000000,120.0,170.0,4,4,2,1.0,Unfurnished,1,0,"Citraland, Surabaya",-7.309354,112.656548,https://www.rumah123.com/properti/surabaya-citraland/rumah-2-lantai-baru-gress-modern-minimalis-luas-dan-siap-huni-hos41739576/,rumah123
Rumah Furnish 2 Lantai Siap Huni,5000000000,180.0,250.0,3,3,2,1.0,Furnished,1,0,"Raya A Yani, Surabaya",-7.33829,112.702988,https://www.rumah123.com/properti/surabaya-raya-a-yani/rumah-furnish-2-lantai-siap-huni-hos41762658/,rumah123
Rumah Mevvah Bangunan Baru Siap Huni Gayungsari Barat,12000000000,594.0,1500.0,5,5,2,1.0,Unfurnished,1,0,"Gayungan, Surabaya",-7.33,112.726021,https://www.rumah123.com/properti/surabaya-gayungan/rumah-mevvah-bangunan-baru-siap-huni-gayungsari-barat-hos41875871/,rumah123
Jual Rumah 2 Bangunan Jalan Gayungan Ptt Surabaya,7000000000,660.0,156.0,7,3,1,1.0,Unfurnished,0,1,"Gayungan, Surabaya",-7.33,112.726021,https://www.rumah123.com/properti/surabaya-gayungan/jual-rumah-2-bangunan-jalan-gayungan-ptt-surabaya-hos41951750/,rumah123
Rumah 2Lantai Surabaya Timur,558000000,35.0,70.0,2,2,2,1.0,,0,0,"Medokan Ayu, Surabaya",-7.326097,112.81353,https://www.rumah123.com/properti/surabaya-medokan-ayu/rumah-2lantai-surabaya-timur-hos42326020/,rumah123
"Dijual Cepat Rumah 2 Lantai Perumahan Greenville, Babatan Pantai, Surabaya Timur",3500000000,180.0,180.0,5,4,2,2.0,Semi Furnished,1,0,"Babatan, Surabaya",-7.307856,112.682434,https://www.rumah123.com/properti/surabaya-babatan/dijual-cepat-rumah-2-lantai-perumahan-greenville-babatan-pantai-surabaya-timur-hos41949542/,rumah123
"Dijual Rumah Siap Huni Perumahan Graha Natura, Surabaya Barat",2700000000,140.0,130.0,4,4,2,1.0,Unfurnished,1,0,"Sambikerep, Surabaya",-7.27993,112.654648,https://www.rumah123.com/properti/surabaya-sambikerep/dijual-rumah-siap-huni-perumahan-graha-natura-surabaya-barat-hos42029292/,rumah123
Rumah Paling Murah di Wiyung Surabaya Udara Segar Dekat Royal Residence. SHM.,650000000,95.0,36.0,2,1,1.0,,Unfurnished,0,0,"Wiyung, Surabaya",-7.31097,112.698067,https://www.rumah123.com/properti/surabaya-wiyung/rumah-paling-murah-di-wiyung-surabaya-udara-segar-dekat-royal-residence-shm-hos40834725/,rumah123
Cluster Taman Jivva Berlokasi di Kebraon Surabaya. Sold 50% Unit Terbatas. Dapatkan Promo Gilanya Hanya Bulan Ini,700000000,50.0,33.0,2,1,1.0,1.0,Unfurnished,0,1,"Kebraon, Surabaya",-7.3305,112.704071,https://www.rumah123.com/properti/surabaya-kebraon/cluster-taman-jivva-berlokasi-di-kebraon-surabaya-sold-50-unit-terbatas-dapatkan-promo-gilanya-hanya-bulan-ini-hos42087366/,rumah123
Rumah Kebraon Termurah di Kelasnya Diantara 2 Pintu Tol Ready Unit. Info Lokasi Lain Wa Saja,1070000000,60.0,45.0,2,1,1.0,1.0,Unfurnished,1,1,"Kebraon, Surabaya",-7.3305,112.70407,https://www.rumah123.com/properti/surabaya-kebraon/rumah-murah-tanah-luas-dekat-surabaya-dan-sidoarjo-mudah-akses-tol-hos16584341/,rumah123
"Dijual Rumah Daerah Perumahan Dharmahusada Regency,Surabaya Timur",4800000000,240.0,263.0,5,4,2.0,2.0,Unfurnished,1,0,"Mojoarum, Surabaya",-7.28917,112.734,https://www.rumah123.com/properti/surabaya-mojoarum/dijual-rumah-daerah-perumahan-dharmahusada-regencysurabaya-timur-hos41824483/,rumah123
Rumah Siap Huni 20Meter Jalan Utama Dekat Rsud Dr Soetomo Unair C,3000000000,290.0,200.0,3,3,1.0,2.0,,0,0,"Mojoarum, Surabaya",-7.266516,112.776588,https://www.rumah123.com/properti/surabaya-mojoarum/rumah-siap-huni-20meter-jalan-utama-dekat-rsud-dr-soetomo-unair-c-hos41176235/,rumah123
RUMAH STRATEGIS 1.5 LT DI JL KUPANG INDAH SURABAYA BARAT,10500000000,660.0,625.0,6,4,1.0,,Unfurnished,0,0,"Dukuh Pakis, Surabaya",-7.29503,-7.29503,https://www.rumah123.com/properti/surabaya-dukuh-pakis/rumah-strategis-15-lt-di-jl-kupang-indah-surabaya-barat-hos39232965/,rumah123
Rumah Luas Nyaman Strategis di Juanda,1200000000,120.0,70.0,3,2,1.0,2.0,Furnished,1,1,"Sidoarjo, Surabaya",-7.450998,112.715439,https://www.rumah123.com/properti/surabaya-sidoarjo/rumah-luas-nyaman-strategis-hos41744266/,rumah123
RUMAH SURABAYA ANGREK RESIDENCE PRAPEN,1500000000,50.0,61.0,2,2,2.0,1.0,Unfurnished,1,1,"Jemursari, Surabaya",-7.32428,112.74173,https://www.rumah123.com/properti/surabaya-jemursari/rumah-surabaya-angrek-residence-prapen-hos11733565/,rumah123
Rumah Ready Unit 15 Menit Dari Ketintang. Otw Sold Out. Segera Cek Unitnya,498000000,60.0,30.0,2,1,1.0,1.0,Unfurnished,0,0,"Ketintang, Surabaya",-7.31682,112.727997,https://www.rumah123.com/properti/surabaya-ketintang/hanya-5-unit-satusatunya-rumah-400-jutaan-yang-paling-mepet-ketintang-survey-sekarang-atau-menyesal-kemudian-hos40521330/,rumah123
Cluster Taman Jivva Berlokasi di Kebraon Dekat Ketintang. Sold 50% Unit Terbatas. Dapatkan Promo Besar-Besaran Hanya Bulan Ini,700000000,50.0,33.0,2,1,1.0,1.0,Unfurnished,0,1,"Ketintang, Surabaya",-7.31682,112.727997,https://www.rumah123.com/properti/surabaya-ketintang/cluster-taman-jivva-berlokasi-di-kebraon-surabaya-sold-50-unit-terbatas-dapatkan-promo-besarbesaran-hanya-bulan-ini-hos42087760/,rumah123
Satu-Satunya Rumah Murah 400 Jutaan yang Mepet Jambangan. Ready Unit. Info Perumahan Lainnya Wa Saja,498000000,60.0,30.0,2,1,1.0,1.0,Unfurnished,0,0,"Jambangan, Surabaya",-7.28917,112.734,https://www.rumah123.com/properti/surabaya-jambangan/hanya-5-unit-satusatunya-rumah-400-jutaan-yang-paling-mepet-ketintangjambangan-survey-sekarang-atau-menyesal-kemudian-hos40522944/,rumah123
Cluster Taman Jivva Berlokasi di Kebraon Dekat Jambangan Surabaya. Sold 50% Unit Terbatas. Dapatkan Promo Besar-Besaran Hanya Bulan Ini,700000000,50.0,33.0,2,1,1.0,1.0,Unfurnished,0,1,"Jambangan, Surabaya",-7.31747,112.716637,https://www.rumah123.com/properti/surabaya-jambangan/cluster-taman-jivva-berlokasi-di-kebraon-surabaya-sold-50-unit-terbatas-dapatkan-promo-besarbesaran-hanya-bulan-ini-hos42087792/,rumah123
Rumah Murah Royal Ketintang Dekat Gayungsari Polda Jatim Surabaya,3000000000,204.0,200.0,4,4,,,,0,0,"Ketintang, Surabaya",,,https://www.rumah123.com/properti/surabaya-ketintang/rumah-murah-royal-ketintang-dekat-gayungsari-polda-jatim-surabaya-hos17192405/,rumah123
Rumah Baru Ketintang Karah Tama Dekat Gayungsari Surabaya,1375000000,64.0,110.0,3,3,,,,0,0,"Ketintang, Surabaya",,,https://www.rumah123.com/properti/surabaya-ketintang/rumah-baru-ketintang-karah-tama-dekat-gayungsari-surabaya-hos18354326/,rumah123
RUMAH CENTRAL PARK A. YANI REGENCY KETINTANG GAYUNGSARI SURABAYA,3150000000,144.0,240.0,3,3,2.0,,,1,1,"Gayungan, Surabaya",-7.33,112.72602,https://www.rumah123.com/properti/surabaya-gayungan/rumah-central-park-a-yani-regency-ketintang-gayungsari-surabaya-hos14749752/,rumah123
Rumah Ketintang Residence Dekat Gayungsari Polda Surabaya,2700000000,84.0,124.0,4,2,1.0,,,1,0,"Ketintang, Surabaya",-7.31682,-7.31682,https://www.rumah123.com/properti/surabaya-ketintang/rumah-ketintang-residence-dekat-gayungsari-polda-surabaya-hos18860892/,rumah123
"Rumah Wisma Permai Barat, Minimalis Sangat Terawat dan Mewah",3500000000,135.0,102.0,3,3,2.0,1.0,Unfurnished,0,0,"Mulyorejo, Surabaya",-7.27049,112.780548,https://www.rumah123.com/properti/surabaya-mulyorejo/rumah-wisma-permai-barat-minimalis-sangat-terawat-dan-mewah-hos42282583/,rumah123
"Rumah Baru Minimalis Dharmahusada, Row Jalan Lebar, Strategis Surabaya Timur",3200000000,120.0,200.0,4,3,2.0,2.0,Unfurnished,0,0,"Dharma Husada, Surabaya",-7.26661,112.768181,https://www.rumah123.com/properti/surabaya-dharma-husada/rumah-baru-minimalis-dharmahusada-row-jalan-lebar-strategis-surabaya-timur-hos42291053/,rumah123
"American House Project di Manyar Tirto Surabaya Timur, Dekat Sekolah Petra Manyar",3380000000,150.0,190.0,5,5,2.0,,Unfurnished,0,0,"Manyar, Surabaya",-7.28724,112.739052,https://www.rumah123.com/properti/surabaya-manyar/american-house-project-di-manyar-tirto-surabaya-timur-dekat-sekolah-petra-manyar-hos42303469/,rumah123
Dijual Rumah Daerah Manukan Semi Furnished,1500000000,132.0,132.0,3,2,2.0,,Unfurnished,0,0,"Manukan, Surabaya",-7.259611,112.666054,https://www.rumah123.com/properti/surabaya-manukan/dijual-rumah-daerah-manukan-semi-furnished-hos42085081/,rumah123
Dijual Rumah 2 LT Nginden Intan Barat Semi Furnished,3500000000,270.0,350.0,7,3,2,,Unfurnished,0,0,"Nginden, Surabaya",-7.29974,112.767357,https://www.rumah123.com/properti/surabaya-nginden/dijual-rumah-2-lt-nginden-intan-barat-semi-furnished-hos42084950/,rumah123
Dijual Rumah Regency One Ast Point Full Furnished,1500000000,45.0,65.0,2,2,2,,Furnished,0,0,"Keputih, Surabaya",-7.28818,112.81651,https://www.rumah123.com/properti/surabaya-keputih/dijual-rumah-regency-oneeast-point-tinggal-bawa-koper-hos42388000/,rumah123
Rumah Kapas Gading Madya Siap Huni,525000000,50.0,100.0,3,2,2,1.0,Semi Furnished,1,0,"Tambaksari, Surabaya",-7.2370717,112.7721633,https://www.rumah123.com/properti/surabaya-tambaksari/rumah-kapas-gading-madya-siap-huni-hos41808194/,rumah123
Dijual Rumah Sutorejo Indah Harus Segera Laku,1290000000,120.0,100.0,2,2,2,1.0,Unfurnished,1,1,"Sutorejo, Surabaya",-7.261753856805797,112.78797283535977,https://www.rumah123.com/properti/surabaya-sutorejo/dijual-rumah-sutorejo-indah-harus-segera-laku-hos41689228/,rumah123
Rumah Sutorejo Bangunan Baru Sudah Ada Tandon Atas dan Bawah,2250000000,112.0,130.0,5,4,2,,Unfurnished,1,1,"Mulyorejo, Surabaya",-7.27049,112.780548,https://www.rumah123.com/properti/surabaya-mulyorejo/rumah-sutorejo-new-minimalis-carport-2-row-25-mobil-hos42236908/,rumah123
Rumah Peneleh Tengah Kota SHM IMB Lengkap,425000000,115.0,120.0,4,2,2,,Unfurnished,0,1,"Genteng, Surabaya",-7.26125,112.742767,https://www.rumah123.com/properti/surabaya-genteng/rumah-peneleh-tengah-kota-shm-imb-lengkap-hos42261213/,rumah123
Rumah Sukomanunggal Jaya Harga Hitung Tanah,2750000000,234.0,170.0,2,3,1,2.0,Unfurnished,1,1,"Sukomanunggal, Surabaya",-7.26548,112.698799,https://www.rumah123.com/properti/surabaya-sukomanunggal/rumah-sukomanunggal-jaya-harga-hitung-tanah-hos42355628/,rumah123
Rumah Nirwana Eksekutif Baru Gress Row Jalan Lebar,1550000000,87.0,120.0,3,3,2,1.0,Unfurnished,1,1,"Rungkut, Surabaya",-7.31434,112.800232,https://www.rumah123.com/properti/surabaya-rungkut/rumah-nirwana-eksekutif-baru-gress-row-jalan-lebar-hos42357669/,rumah123
Rumah Mulyosari Prima Utara Minimalis Row Jalan 3 Mobil,1300000000,60.0,100.0,3,2,2,,Unfurnished,1,1,"Mulyosari, Surabaya",-7.26556,112.796494,https://www.rumah123.com/properti/surabaya-mulyosari/rumah-mulyosari-prima-utara-minimalis-row-jalan-3-mobil-hos41239855/,rumah123
Rumah Subsidi Surabaya Angsuran 1Jt-An,400000000,72.0,36.0,2,1,1,1.0,,0,0,"Wonorejo, Surabaya",-7.271274,112.731598,https://www.rumah123.com/properti/surabaya-wonorejo/rumah-subsidi-surabaya-angsuran-1jtan-hos42388065/,rumah123
Rumah Hook Dharmahusada Strategis Siap Huni,6000000000,495.0,670.0,5,3,2,1.0,Unfurnished,0,0,"Dharma Husada, Surabaya",-7.26661,112.768181,https://www.rumah123.com/properti/surabaya-dharma-husada/rumah-hook-dharmahusada-strategis-siap-huni-hos41148938/,rumah123
Dijual Murah Rumah di Medayu Utara Rungkut Surabaya,850000000,100.0,75.0,2,1,1,1.0,Unfurnished,0,0,"Rungkut Industri, Surabaya",-7.32676,112.754173,https://www.rumah123.com/properti/surabaya-rungkut-industri/dijual-murah-rumah-di-medayu-utara-rungkut-surabaya-hos41016431/,rumah123
Rumah Strategis di Raya Penjaringan Sari Rungkut - Cocok Usaha & Investasi,5000000000,390.0,90.0,3,1,1,1.0,Unfurnished,0,0,"Rungkut, Surabaya",-7.31434,112.800232,https://www.rumah123.com/properti/surabaya-rungkut/rumah-strategis-di-raya-penjaringan-sari-rungkut-cocok-usaha-investasi-hos42369650/,rumah123
Rumah Mewah New Gress Golf View Cluster Bukit Golf Citraland,70000000000,1950.0,1000.0,4,4,1,,Semi Furnished,1,1,"Citraland, Surabaya",-7.309354,112.656548,https://www.rumah123.com/properti/surabaya-citraland/rumah-mewah-new-gress-golf-view-cluster-bukit-golf-citraland-hos41846038/,rumah123
"Murah SHM Rumah Bukit Golf International, Citraland, Surabaya",9250000000,300.0,500.0,5,6,3,2.0,Semi Furnished,1,1,"Citraland, Surabaya",-7.309354,112.656548,https://www.rumah123.com/properti/surabaya-citraland/murah-shm-rumah-bukit-golf-international-citraland-surabaya-hos41855217/,rumah123
Murah Rumah Mewah 10M-An Bukit Golf Internasional Citraland,10500000000,300.0,500.0,6,5,3,2.0,Semi Furnished,1,1,"Citraland, Surabaya",-7.309354,112.656548,https://www.rumah123.com/properti/surabaya-citraland/murah-rumah-mewah-10man-bukit-golf-internasional-citraland-hos40928481/,rumah123
"Dijual Rumah Mewah Bukit Golf Mediterania, Citraland, Surabaya",9950000000,300.0,600.0,5,5,3,2.0,Unfurnished,1,1,"Citraland, Surabaya",-7.309354,112.656548,https://www.rumah123.com/properti/surabaya-citraland/dijual-rumah-mewah-bukit-golf-mediterania-citraland-surabaya-hos42170496/,rumah123
Rumah Mewah New Gress Bukit Golf Internasional Citraland,10500000000,300.0,500.0,6,5,3,2.0,Furnished,1,1,"Citraland, Surabaya",-7.28917,112.734,https://www.rumah123.com/properti/surabaya-citraland/rumah-mewah-new-gress-bukit-golf-internasional-citraland-hos17803363/,rumah123
"Dijual Rumah Minimalis Citraland Cluster Cristal Golf, Surabaya",8650000000,280.0,475.0,3,5,2,2.0,Furnished,1,1,"Citraland, Surabaya",-7.309354,112.656548,https://www.rumah123.com/properti/surabaya-citraland/dijual-rumah-minimalis-citraland-cluster-cristal-golf-surabaya-hos42221147/,rumah123
Murah Rumah Mewah 10M-An Bukit Golf Internasional Citraland,10500000000,300.0,500.0,6,5,3,2.0,Semi Furnished,1,1,"Citraland, Surabaya",-7.309354,112.656548,https://www.rumah123.com/properti/surabaya-citraland/murah-rumah-mewah-10man-bukit-golf-internasional-citraland-hos40971597/,rumah123
Murah Rumah Usaha Siap Huni Jalan Raya Ketintang Madya,6500000000,300.0,600.0,10,5,2.0,2.0,Semi Furnished,0,1,"Ketintang, Surabaya",-7.31682,112.727997,https://www.rumah123.com/properti/surabaya-ketintang/murah-rumah-usaha-siap-huni-jalan-raya-ketintang-madya-hos40934844/,rumah123
"Dijual Rumah Usaha Jalan Raya Ketintang Madya, Surabaya",8000000000,300.0,250.0,5,3,1.0,,Unfurnished,0,1,"Ketintang, Surabaya",-7.31682,112.727997,https://www.rumah123.com/properti/surabaya-ketintang/dijual-rumah-usaha-jalan-raya-ketintang-madya-surabaya-hos40934786/,rumah123
"Murah Dijual Rumah Hook di Ketintang Tengah, Dkt Gayungsari Karah",13900000000,1260.0,500.0,9,8,1.0,1.0,Unfurnished,1,1,"Ketintang, Surabaya",-7.31682,112.727997,https://www.rumah123.com/properti/surabaya-ketintang/murah-dijual-rumah-hook-di-ketintang-tengah-dkt-gayungsari-karah-hos41012725/,rumah123
Murah Dijual Rumah Ketintang Selatan Dekat Masjid Baitul Haq,3500000000,190.0,140.0,3,1,1.0,2.0,Semi Furnished,1,1,"Ketintang, Surabaya",-7.31682,112.727997,https://www.rumah123.com/properti/surabaya-ketintang/murah-dijual-rumah-ketintang-selatan-dekat-masjid-baitul-haq-hos42265196/,rumah123
"Dijual Rumah Jalan Jemursari, Surabaya Selatan",5990000000,480.0,330.0,6,3,1.0,3.0,Furnished,1,1,"Jemursari, Surabaya",-7.32428,112.74173,https://www.rumah123.com/properti/surabaya-jemursari/dijual-rumah-jalan-jemursari-surabaya-selatan-hos19162934/,rumah123
"Murah Dijual Rumah di Jemursari, Surabaya Selatan",7500000000,540.0,400.0,5,4,1.0,2.0,Semi Furnished,1,1,"Jemursari, Surabaya",-7.32428,112.74173,https://www.rumah123.com/properti/surabaya-jemursari/murah-dijual-rumah-di-jemursari-surabaya-selatan-hos41228783/,rumah123
Dijual Rumah Jalan Raya Tenggilis Mejoyo Jalan Kembar ke Ubaya,12000000000,600.0,700.0,3,3,2.0,2.0,Unfurnished,1,1,"Tenggilis Mejoyo, Surabaya",-7.31943,112.755386,https://www.rumah123.com/properti/surabaya-tenggilis-mejoyo/dijual-rumah-jalan-raya-tenggilis-mejoyo-jalan-kembar-ke-ubaya-hos41674740/,rumah123
Dijual Rumah Usaha Jalan Raya Tenggilis. Jemursari Prapen Rungkut,14990000000,675.0,500.0,4,2,,,Unfurnished,0,1,"Tenggilis Mejoyo, Surabaya",-7.31943,112.75539,https://www.rumah123.com/properti/surabaya-tenggilis-mejoyo/dijual-rumah-usaha-jalan-raya-tenggilis-jemursari-prapen-rungkut-hos17400446/,rumah123
Banting Harga Jual Rumah Citraland Fullerton,3500000000,210.0,300.0,5,5,2.0,2.0,Unfurnished,0,0,"Citraland, Surabaya",-7.28917,112.734,https://www.rumah123.com/properti/surabaya-citraland/banting-harga-jual-rumah-citraland-fullerton-hos41171574/,rumah123
Di Jual Rumah Citraland Alam Hijau,3300000000,210.0,240.0,4,4,2.0,2.0,Unfurnished,0,1,"Citraland, Surabaya",-7.3093542,112.6565456,https://www.rumah123.com/properti/surabaya-citraland/di-jual-rumah-citraland-alam-hijau-hos39716786/,rumah123
Citraland Stamford Place Cluster Depan Citraland Utama,3500000000,171.0,219.0,4,2,2.0,1.0,,0,0,"Citraland, Surabaya",-7.309354,-7.309354,https://www.rumah123.com/properti/surabaya-citraland/citraland-stamford-place-cluster-depan-citraland-utama-hos40973744/,rumah123
Citraland Taman Gapura Dekat Gwalk,3700000000,210.0,135.0,4,3,2.0,1.0,Semi Furnished,0,1,"Citraland, Surabaya",-7.309354,112.656548,https://www.rumah123.com/properti/surabaya-citraland/citraland-taman-gapura-dekat-gwalk-hos39028028/,rumah123
Rumah Usaha Raya Kalijudan Depan Sekolah dan Kampus.,1150000000,119.0,96.0,1,1,1.0,,Unfurnished,0,0,"Mulyorejo, Surabaya",-7.28917,112.734,https://www.rumah123.com/properti/surabaya-mulyorejo/rumah-usaha-raya-kalijudan-depan-sekolah-dan-kampus-hos40148207/,rumah123
Di Jual Rumah Permata Safira Regency,1100000000,112.0,112.0,3,2,1.0,1.0,Unfurnished,0,1,"Menganti, Surabaya",-7.2940226,112.5879679,https://www.rumah123.com/properti/surabaya-menganti/di-jual-rumah-permata-safira-regency-hos39173179/,rumah123
Manyar Kertoadi,3800000000,320.0,200.0,3,2,1.0,1.0,,0,0,"Mulyorejo, Surabaya",-7.27049,112.780548,https://www.rumah123.com/properti/surabaya-mulyorejo/manyar-kertoadi-hos41486377/,rumah123
"Rumah dengan Kolam Renang, Mewah , di Pantai Mentari, Surabaya Timur",17500000000,1100.0,1200.0,9,6,3.0,,,0,0,"Kenjeran, Surabaya",-7.23563,-7.23563,https://www.rumah123.com/properti/surabaya-kenjeran/rumah-sultan-mewah-di-pantai-mentari-surabaya-timur-hos40798888/,rumah123
"Murah Dijual Cepat Rumah Sutorejo Utara, Row Jalan Paling Lebar",3500000000,300.0,250.0,3,2,1.0,1.0,Unfurnished,1,1,"Sutorejo, Surabaya",-7.26097,112.789757,https://www.rumah123.com/properti/surabaya-sutorejo/murah-dijual-cepat-rumah-sutorejo-utara-row-jalan-paling-lebar-hos42330483/,rumah123
Turun Harga Dijual Rumah New Gress Kertajaya Indah Timur Blok O,6500000000,240.0,300.0,4,4,2.0,,Semi Furnished,1,1,"kertajaya, Surabaya",-7.282603,112.755432,https://www.rumah123.com/properti/surabaya-kertajaya/turun-harga-dijual-rumah-new-gress-kertajaya-indah-timur-blok-o-hos41229982/,rumah123
Dijual Rumah Mulyosari Prima,1750000000,108.0,160.0,4,3,2.0,,Unfurnished,0,0,"Mulyosari, Surabaya",-7.26556,-7.26556,https://www.rumah123.com/properti/surabaya-mulyosari/dijual-rumah-mulyosari-prima-hos42353398/,rumah123
Jual Rumah Baru Split Level 2.5 Lantai Citraland Bukit Golf Internasional,9150000000,300.0,500.0,6,7,3,2,Unfurnished,0,0,"Citraland, Surabaya",-7.309354,112.656548,https://www.rumah123.com/properti/surabaya-citraland/jual-rumah-baru-split-level-25-lantai-citraland-bukit-golf-internasional-hos42387696/,rumah123
Jual Rumah Permata Syafira Wiyung Deket Pakuwon,900000000,98.0,98.0,2,2,1,1,Unfurnished,0,0,"Wiyung, Surabaya",-7.28917,112.734,https://www.rumah123.com/properti/surabaya-wiyung/jual-rumah-permata-syafira-wiyung-deket-pakuwon-hos42387711/,rumah123
Rumah 2Lt Murah Surabaya Strategis 0Jln MERR-OERR hny 600Jt-an 2 Lantai SHM Baru Selatan,600000000,60.0,100.0,3,2,2,1,Unfurnished,1,1,"Rungkut, Surabaya",-7.31434,112.800232,https://www.rumah123.com/properti/surabaya-rungkut/rumah-2lt-murah-surabaya-strategis-0jln-merroerr-hny-600jtan-2-lantai-shm-baru-selatan-hos15286029/,rumah123
"Dijual Rumah Baru Minimalis Modern 2 Lantai di Rungkut Harga 1,675 M Nego - Layout Lega",1670000000,93.0,120.0,3,3,2,2,,0,0,"Rungkut, Surabaya",-7.31434,112.800232,https://www.rumah123.com/properti/surabaya-rungkut/dijual-rumah-baru-minimalis-modern-2-lantai-di-rungkut-harga-17-m-nego-layout-lega-hos40878206/,rumah123
Rumah Dijual Baru di Medokan Rungkut Dekat Wiguna Luas 5X20 Harga 797 Juta Nego,797000000,100.0,55.0,2,1,1,1,Unfurnished,0,1,"Medokan Ayu, Surabaya",-7.3266999,112.8004756,https://www.rumah123.com/properti/surabaya-medokan-ayu/rumah-dijual-baru-di-medokan-rungkut-dekat-wiguna-luas-5x20-harga-797-juta-nego-hos42173036/,rumah123
"Rumah Baru Modern Minimalis Jemursari 3,45M Nego",3450000000,187.0,225.0,4,4,2,2,Unfurnished,1,0,"Jemursari, Surabaya",-7.32428,112.74173,https://www.rumah123.com/properti/surabaya-jemursari/rumah-baru-modern-minimalis-jemursari-345m-nego-hos42184094/,rumah123
Rumah Minimalis Baru 2 Lantai di Nirwana Wonorejo Rungkut 900Jutaan Free Biaya & bisa KPR Tanpa DP,924000000,50.0,63.0,3,2,2,1,Unfurnished,1,1,"Rungkut, Surabaya",-7.31434,112.800232,https://www.rumah123.com/properti/surabaya-rungkut/rumah-minimalis-baru-2-lantai-di-nirwana-wonorejo-rungkut-900jutaan-free-biaya-bisa-kpr-tanpa-dp-hos42188523/,rumah123
"Mansion Nine : Hunian Baru di Barat Surabaya, Peluang Investasi Menarik!",600000000,60.0,48.0,2,1,1,1,Furnished,1,0,"Lakarsantri, Surabaya",-7.30073,-7.30073,https://www.rumah123.com/properti/surabaya-lakarsantri/mansion-nine-hunian-baru-di-barat-surabaya-peluang-investasi-menarik-hos19559307/,rumah123
Rumah Baru Minimalis 2 Lantai LT 125 Kamar 3 - Selangkah Dari Raya Kenjeran,1800000000,125.0,145.0,3,3,2,2,Unfurnished,0,1,"Kenjeran, Surabaya",-7.23563,112.786163,https://www.rumah123.com/properti/surabaya-kenjeran/rumah-baru-minimalis-2-lantai-lt-125-kamar-3-selangkah-dari-raya-kenjeran-hos40059977/,rumah123
"Dijual Murah Rumah Baru Bagus 2 Lantai di Lebak Kenjeran Hanya 1,1M",1100000000,61.0,70.0,3,2,2,1,,0,1,"Mulyorejo, Surabaya",-7.27049,112.780548,https://www.rumah123.com/properti/surabaya-mulyorejo/dijual-murah-rumah-baru-bagus-2-lantai-di-lebak-kenjeran-hanya-11m-hos40067434/,rumah123
Hook Murah bisa KPR Darmo Indah Surabaya,1500000000,198.0,200.0,1,1,2,1,,0,0,"Darmo permai, Surabaya",-7.285674,112.70134,https://www.rumah123.com/properti/surabaya-darmo-permai/hook-murah-bisa-kpr-darmo-indah-surabaya-hos42343464/,rumah123
"Rumah Baru 2 Lantai Modern Minimalis di Wiyung Surabaya Barat - Hanya 1,5 M-An!",1550000000,82.0,130.0,4,3,2,2,,1,1,"Wiyung, Surabaya",-7.31097,-7.31097,https://www.rumah123.com/properti/surabaya-wiyung/rumah-baru-2-lantai-modern-minimalis-di-wiyung-surabaya-barat-hanya-15-man-hos39257121/,rumah123
"Turun Harga! Rumah Siap Huni 1 Lantai LT 11,5 X 32 di Panjang Jiwo Dekat Ubaya Tenggilis 3,7 M Nego - Cocok untuk Kos-Kosan, Kantor, Mess, Dll",3700000000,368.0,260.0,4,3,1,2,Unfurnished,1,1,"Panjang Jiwo, Surabaya",,,https://www.rumah123.com/properti/surabaya-panjang-jiwo/turun-harga-rumah-siap-huni-1-lantai-lt-115-x-32-di-panjang-jiwo-dekat-ubaya-tenggilis-37-m-nego-cocok-untuk-koskosan-hos17899131/,rumah123
"Dijual Murah Rumah Baru 2 Lantai Bagus Full Furnish Siap Huni di Medokan Rungkut Dekat Upn Harga 1,35 M - Lingkungan Ramai & Nyaman",1350000000,108.0,90.0,3,2,2,1,Furnished,0,1,"Medokan Ayu, Surabaya",-7.326097,112.81353,https://www.rumah123.com/properti/surabaya-medokan-ayu/dijual-murah-rumah-baru-2-lantai-bagus-full-furnish-siap-huni-di-medokan-rungkut-dekat-upn-harga-135-m-lingkungan-hos41048514/,rumah123
"Free Biaya KPR, Rumah, 2 Lantai",400000000,27.0,21.0,1,1,2,1,Unfurnished,1,1,"Wonorejo, Surabaya",-7.271274,112.731598,https://www.rumah123.com/properti/surabaya-wonorejo/free-biaya-kpr-rumah-2-lantai-hos42364735/,rumah123
"Dijual Rumah Baru Modern Bagus 5X18 di Sutorejo Harga 1,99 M Nego - Row Jalan 12 Meter",1990000000,90.0,160.0,4,3,2,2,Unfurnished,1,1,"Sutorejo, Surabaya",-7.26097,112.789757,https://www.rumah123.com/properti/surabaya-sutorejo/dijual-rumah-baru-modern-kontemporer-bagus-5x18-di-sutorejo-harga-199-m-nego-row-jalan-12-meter-hos41979636/,rumah123
"Dijual Rumah Baru Modern Tropis Mewah SHM 12X20 di Pakuwon City 7,3 M Nego",7300000000,240.0,400.0,4,5,2,2,Unfurnished,1,1,"Pakuwon City, Surabaya",-7.28917,112.67556,https://www.rumah123.com/properti/surabaya-pakuwon-city/dijual-rumah-baru-modern-tropis-mewah-shm-12x20-di-pakuwon-city-73-m-nego-hos42238345/,rumah123
"Rumah Baru Gress 2 Lantai Hook/Pojok Lt.9x12,5 Kamar 4+1 Lokasi Sutorejo Dekat Mulyosari & Pakuwon City",2250000000,112.0,130.0,4,3,2,2,Unfurnished,0,1,"Sutorejo, Surabaya",-7.26097,112.789757,https://www.rumah123.com/properti/surabaya-sutorejo/rumah-baru-gress-2-lantai-lt6x125-kamar-41-lokasi-sutorejo-dekat-mulyosari-pakuwon-city-hos41890820/,rumah123
"Dijual Rumah Baru Gress 3 Kamar Siap Huni 5,5X15 SHM di Mulyosari Dekat Sutorejo & Pakuwon City - Hanya 1,6 M Nego",1600000000,82.0,120.0,3,3,2,2,Unfurnished,1,1,"Mulyosari, Surabaya",-7.26556,112.796494,https://www.rumah123.com/properti/surabaya-mulyosari/dijual-rumah-baru-gress-3-kamar-siap-huni-55x15-shm-di-mulyosari-dekat-sutorejo-pakuwon-city-hanya-16-m-nego-hos41860584/,rumah123
20Jt/M2 Graha Family Free Bangunan Blok Terdepan Semi Furnish,6000000000,286.0,300.0,4,3,1,1,Semi Furnished,1,0,"Graha, Surabaya",-7.257472,112.75209,https://www.rumah123.com/properti/surabaya-graha/20jtm2-graha-family-free-bangunan-blok-terdepan-semi-furnish-hos42387668/,rumah123
"Rumah Dijual Nirwana Eksekutif Baru Gress SHM 8X20 Kamar 3 Row Jalan 3 Mobil - Harga 2,3 M Nego",2300000000,160.0,120.0,3,2,1,2.0,Unfurnished,1,1,"Rungkut, Surabaya",-7.31434,112.800232,https://www.rumah123.com/properti/surabaya-rungkut/rumah-dijual-nirwana-eksekutif-baru-gress-shm-8x20-kamar-3-row-jalan-3-mobil-harga-23-m-nego-hos42043741/,rumah123
Dijual Rumah Wonorejo Rungkut Lt.72 Kamar 3 Baru Gress SHM - 675 Juta Nego,675000000,72.0,52.0,3,1,1,1.0,Unfurnished,1,1,"Rungkut, Surabaya",-7.31434,112.800232,https://www.rumah123.com/properti/surabaya-rungkut/dijual-rumah-wonorejo-rungkut-lt72-kamar-3-baru-gress-shm-675-juta-nego-hos42068868/,rumah123
"Rumah Modern Baru 2 Lantai SHM di Karang Asem Luas 5X16 Kamar 3 - Harga 1,3 M Nego",1300000000,80.0,110.0,3,3,2,1.0,Unfurnished,0,1,"Tambaksari, Surabaya",-7.248719069246036,112.76925063886875,https://www.rumah123.com/properti/surabaya-tambaksari/rumah-modern-baru-2-lantai-shm-di-karang-asem-luas-5x16-kamar-3-harga-13-m-nego-hos41756086/,rumah123
"Dijual Rumah Baru 2 Lantai di Lebak Kenjeran Harga 1,4 M Luas 5X22 Kamar 3+1",1400000000,112.0,150.0,3,3,2,1.0,Unfurnished,0,1,"Tambaksari, Surabaya",-7.25371,112.753212,https://www.rumah123.com/properti/surabaya-tambaksari/dijual-rumah-baru-2-lantai-di-lebak-kenjeran-harga-14-m-luas-5x22-kamar-31-hos41756711/,rumah123
"Dijual Rumah SHM Siap Huni di Darmo Permai Dekat Papaya Surabaya Barat Lt.12x15 - Harga 2,2 M Nego",2200000000,180.0,150.0,3,3,1,1.0,Unfurnished,0,0,"Darmo permai, Surabaya",-7.285674,112.70134,https://www.rumah123.com/properti/surabaya-darmo-permai/dijual-rumah-shm-siap-huni-di-darmo-permai-dekat-papaya-surabaya-barat-lt12x15-harga-22-m-nego-hos41858191/,rumah123
"Rumah Dijual Baru Gress 2 Lantai Lt.5,5X25 dengan 4+2Kamar Tidur di Gayungsari Ketintang Harga 3,099 M, Nego",3090000000,137.0,225.0,4,3,2,3.0,Unfurnished,0,1,"Gayungan, Surabaya",-7.33,112.726021,https://www.rumah123.com/properti/surabaya-gayungan/rumah-dijual-baru-gress-2-lantai-lt55x25-dengan-42kamar-tidur-di-gayungsari-ketintang-harga-3099-m-nego-hos41925159/,rumah123
Termewah di Citraland Rumah Baru bisa KPR,13900000000,330.0,650.0,5,6,3,2.0,Furnished,1,1,"Citraland, Surabaya",-7.309354,112.656548,https://www.rumah123.com/properti/surabaya-citraland/termewah-di-citraland-rumah-baru-bisa-kpr-hos42357837/,rumah123
Rumah Siap Huni Manyar Surabaya 1.5 Lantai,2900000000,252.0,225.0,6,4,1,1.0,Unfurnished,1,0,"Manyar, Surabaya",-7.28724,112.739052,https://www.rumah123.com/properti/surabaya-manyar/rumah-siap-huni-manyar-surabaya-15-lantai-hos42357916/,rumah123
"Rumah Murah LT. 9X12 Siap Huni Bagus Baru Renov di Bukit Palma Citraland 1,1 M Nego",1100000000,100.0,65.0,2,2,1,1.0,Unfurnished,1,1,"Citraland, Surabaya",-7.309354,112.656548,https://www.rumah123.com/properti/surabaya-citraland/rumah-murah-lt-9x12-siap-huni-bagus-baru-renov-di-bukit-palma-citraland-11-m-nego-hos41821313/,rumah123
Rumah Termurah di Pakuwon City Grand Island 2 Lantai SHM,1490000000,60.0,70.0,2,2,2,1.0,Unfurnished,1,0,"Pakuwon City, Surabaya",-7.28917,112.67556,https://www.rumah123.com/properti/surabaya-pakuwon-city/rumah-termurah-di-pakuwon-city-grand-island-2-lantai-shm-hos41418600/,rumah123
Graha Family Hitung Tanah Termurah 2 Lantai,6700000000,322.0,475.0,5,3,2,,Unfurnished,1,0,"Graha, Surabaya",-7.257472,112.75209,https://www.rumah123.com/properti/surabaya-graha/graha-family-hitung-tanah-termurah-2-lantai-hos42364387/,rumah123
Modern Pakuwon Indah Kolam Renang SHM bisa KPR High Spec,15500000000,330.0,600.0,5,5,3,2.0,Furnished,1,0,"Pakuwon Indah, Surabaya",-7.28921,112.674469,https://www.rumah123.com/properti/surabaya-pakuwon-indah/modern-pakuwon-indah-kolam-renang-shm-bisa-kpr-high-spec-hos42378283/,rumah123
Rumah Modern Tropical Graha Family Surabaya SHM,6300000000,224.0,273.0,3,3,1,1.0,Unfurnished,1,0,"Graha, Surabaya",-7.257472,112.75209,https://www.rumah123.com/properti/surabaya-graha/rumah-modern-tropical-graha-family-surabaya-shm-hos42378532/,rumah123
"Rumah Dijual Manyar Surabaya Timur American Modern Baru Mewah 2 Lantai Hanya 2,45 M Nego",2450000000,109.0,173.0,4,3,2,2.0,Semi Furnished,1,1,"Manyar, Surabaya",-7.293899357993382,112.76011931045707,https://www.rumah123.com/properti/surabaya-manyar/rumah-dijual-manyar-surabaya-timur-american-modern-baru-mewah-2-lantai-hanya-245-m-nego-hos42245263/,rumah123
Rumah Dijual Manyar Surabaya Tengah Kota Baru Mewah Siap Huni 9X14 3 Lantai,4300000000,126.0,315.0,4,3,3,2.0,Semi Furnished,1,1,"Manyar, Surabaya",-7.28724,112.739052,https://www.rumah123.com/properti/surabaya-manyar/rumah-dijual-manyar-surabaya-tengah-kota-baru-mewah-siap-huni-9x14-3-lantai-hos42245223/,rumah123
"Rumah Baru 2 Lantai di Araya, Galaxi Bumi Permai Luas 8X23 - Kualitas Premium & Lokasi Strategis",5100000000,186.0,350.0,4,4,2,1.0,Unfurnished,1,1,"Semolowaru, Surabaya",-7.290337033155097,112.78615768976653,https://www.rumah123.com/properti/surabaya-semolowaru/rumah-baru-2-lantai-di-araya-galaxi-bumi-permai-luas-8x23-kualitas-premium-lokasi-strategis-hos42241129/,rumah123
"Rumah Dijual di Rungkut Surabaya Timur Modern Minimalis Baru 2 Lantai Kamar 4 SHM Hanya 1,5 Man",1580000000,67.0,110.0,4,3,2,1.0,Unfurnished,1,1,"Rungkut, Surabaya",-7.316954,112.801975,https://www.rumah123.com/properti/surabaya-rungkut/rumah-dijual-di-rungkut-surabaya-timur-modern-minimalis-baru-2-lantai-kamar-4-shm-hanya-15-man-hos42241560/,rumah123
"Dijual Rumah Mewah SHM Siap Huni di Manyar Tengah Kota Luas 675 dengan Kolam Renang Pribadi Harga 10,5 M Nego -Lokasi Strategis Cocok Juga untuk Bisnis & Komersial Area",10500000000,675.0,800.0,6,5,2,1.0,,1,1,"Manyar, Surabaya",-7.28724,112.739052,https://www.rumah123.com/properti/surabaya-manyar/dijual-rumah-mewah-shm-siap-huni-di-manyar-tengah-kota-luas-675-dengan-kolam-renang-pribadi-harga-105-m-nego-lokasi-hos41117688/,rumah123
"Rumah Dijual Rungkut Dekat Raya Merr Modern Minimalis Baru 6X20 SHM - 2,6 M Nego",2600000000,120.0,150.0,4,3,2,2.0,Unfurnished,1,1,"Rungkut, Surabaya",-7.31260990002,112.7897349,https://www.rumah123.com/properti/surabaya-rungkut/rumah-dijual-rungkut-dekat-raya-merr-modern-minimalis-baru-6x20-shm-26-m-nego-hos42243395/,rumah123
Rumah Dijual Manyar Surabaya Tengah Kota 6X25 American Style Elegan Mewah,3380000000,150.0,190.0,4,5,2,2.0,Semi Furnished,1,1,"Manyar, Surabaya",-7.2879359634427345,112.77138725799915,https://www.rumah123.com/properti/surabaya-manyar/rumah-dijual-manyar-surabaya-tengah-kota-6x25-american-style-elegan-mewah-hos42297816/,rumah123
Dijual Rumah Baru Wonorejo Rungkut Dekat Kampus Upn Its,875000000,100.0,65.0,3,2,1,1.0,Unfurnished,0,0,"Rungkut, Surabaya",-7.31434,112.800232,https://www.rumah123.com/properti/surabaya-rungkut/rumah-baru-siap-huni-wonorejo-rungkut-dekat-kampus-its-hos42090879/,rumah123
Termurah Northwest Citraland Surabaya 2 Lantai,750000000,55.0,50.0,1,2,2,1.0,Unfurnished,1,0,"Citraland, Surabaya",-7.309354,112.656548,https://www.rumah123.com/properti/surabaya-citraland/termurah-northwest-citraland-surabaya-2-lantai-hos42387598/,rumah123
"Rumah Amesta Living Gununganyar 3 Kamar 1,0 Man - Free Biaya-Biaya & bisa KPR Tanpa DP",1010000000,60.0,75.0,3,2,2,1.0,Unfurnished,1,1,"Rungkut, Surabaya",-7.31434,112.800232,https://www.rumah123.com/properti/surabaya-rungkut/rumah-amesta-living-gununganyar-3-kamar-12-man-free-biayabiaya-bisa-kpr-tanpa-dp-hos40017256/,rumah123
Rumah Minimalis Baru SHM di Wonorejo Rungkut Lt.5x19 3 Kamar Harga 800 Jutaan Nego,885000000,95.0,60.0,3,2,1,2.0,Unfurnished,1,1,"Rungkut, Surabaya",-7.31165475,112.7925671,https://www.rumah123.com/properti/surabaya-rungkut/rumah-minimalis-baru-shm-di-wonorejo-rungkut-lt5x19-3-kamar-harga-800-jutaan-nego-hos42338677/,rumah123
Rumah Modern Minimalis Baru di Wonorejo Rungkut Murah 5X20 Shmkamar 3 Hanya 875 Juta Nego,875000000,100.0,60.0,3,2,1,2.0,Unfurnished,1,1,"Rungkut, Surabaya",-7.310772057753479,112.79758943389197,https://www.rumah123.com/properti/surabaya-rungkut/rumah-modern-minimalis-baru-di-wonorejo-rungkut-murah-5x20-shmkamar-3-hanya-875-juta-nego-hos42340274/,rumah123
Rumah Murah di Wonorejo Rungkut Modern Minimalis Baru 6X12 2 Kamar SHM 695 Juta Nego,695000000,72.0,45.0,2,1,1,2.0,Unfurnished,1,1,"Rungkut, Surabaya",-7.314893585,112.7999747,https://www.rumah123.com/properti/surabaya-rungkut/rumah-murah-di-wonorejo-rungkut-modern-minimalis-baru-6x12-2-kamar-shm-695-juta-nego-hos42340007/,rumah123
Rumah Baru Amesta Living Gununagnyar 6X15 SHM Siap Huni 3 Kamar Free Biaya & bisa KPR Tanpa DP,1300000000,90.0,84.0,3,2,2,2.0,Unfurnished,1,1,"Gununganyar, Surabaya",-7.340095226520887,112.80898104386563,https://www.rumah123.com/properti/surabaya-gununganyar/rumah-baru-amesta-living-gununagnyar-6x15-shm-siap-huni-3-kamar-free-biaya-bisa-kpr-tanpa-dp-hos42333322/,rumah123
Rumah Dijual Semanggi Wonorejo Rungkut 7X13 SHM Sudah Full Renov Seperti Baru Hanya 750 Juta Nego,750000000,91.0,85.0,2,1,1,1.0,,1,1,"Rungkut, Surabaya",-7.31434,112.800232,https://www.rumah123.com/properti/surabaya-rungkut/rumah-dijual-semanggi-wonorejo-rungkut-7x13-shm-sudah-full-renov-seperti-baru-hanya-780-juta-nego-hos42032603/,rumah123
"Termurah! Rumah Dijual Semanggi Wonorejo Rungkut 6X13 SHM Hanya 595 Juta Sudah Full Renov Siap Huni Ada Pagar, Kanopi & Kitchen Set",595000000,78.0,45.0,2,1,1,1.0,Semi Furnished,1,1,"Rungkut, Surabaya",-7.309274179831604,112.81397707264546,https://www.rumah123.com/properti/surabaya-rungkut/termurah-rumah-dijual-semanggi-wonorejo-rungkut-6x13-shm-hanya-595-juta-sudah-full-renov-siap-huni-ada-pagar-kanopi-hos42351788/,rumah123
Rumah Dijual Wonorejo Rungkut SHM Siap Huni Bagus 6X12 2 Kamar 650 Juta,650000000,72.0,72.0,2,1,1,1.0,Unfurnished,1,1,"Rungkut, Surabaya",-7.306668,112.809752,https://www.rumah123.com/properti/surabaya-rungkut/rumah-dijual-wonorejo-rungkut-shm-siap-huni-bagus-6x12-2-kamar-650-juta-hos42351936/,rumah123
Rumah Dijual Wonorejo Rungkut 6X10 2 Lantai 3 Kamar SHM 830 Juta Free Biaya & bisa KPR Tanpa DP,830000000,60.0,66.0,3,2,2,1.0,Semi Furnished,1,1,"Rungkut, Surabaya",-7.301025938152603,112.80987521074826,https://www.rumah123.com/properti/surabaya-rungkut/rumah-dijual-wonorejo-rungkut-6x10-2-lantai-3-kamar-shm-830-juta-free-biaya-bisa-kpr-tanpa-dp-hos42366764/,rumah123
Rumah Baru Wonorejo Rungkut American Style 2 Lantai Bagus 3 Kamar 700 Jutaan,770000000,53.0,80.0,3,2,2,1.0,Unfurnished,0,1,"Rungkut, Surabaya",-7.314866875,112.80005075833333,https://www.rumah123.com/properti/surabaya-rungkut/rumah-baru-wonorejo-rungkut-american-style-2-lantai-bagus-3-kamar-700-jutaan-hos42330612/,rumah123
"Dijual Rumah Baru 2 Lantai Mewah 10X16 4 Kamar di Surotejo Row Jalan 3 Mobil Hanya 4,1 M Nego - Dekat Mulyosari, Pakuwon City, Babatan Pantai, Kenjeran, Dharmahusada, Wisma Permai, Lebak, Sukolilo dan Sekitarnya",4100000000,160.0,250.0,4,3,2,2.0,Semi Furnished,1,1,"Sutorejo, Surabaya",-7.26097,112.789757,https://www.rumah123.com/properti/surabaya-sutorejo/dijual-rumah-baru-2-lantai-mewah-10x16-4-kamar-di-surotejo-row-jalan-3-mobil-hanya-41-m-nego-dekat-mulyosari-pakuwon-hos40522899/,rumah123
"DIJUAL RUMAH BARU 2 LANTAI BAGUS DI WONOREJO, RUNGKUT, SURABAYA TIMUR - ROW JALAN LEBAR",1350000000,115.0,150.0,4,4,2,2.0,Unfurnished,0,1,"Rungkut, Surabaya",-7.31434,112.800232,https://www.rumah123.com/properti/surabaya-rungkut/dijual-rumah-baru-2-lantai-bagus-di-wonorejo-rungkut-surabaya-timur-row-jalan-lebar-hos40546749/,rumah123
Rumah Siap Huni Sidoarjo Kota Dekat Exit Tol,561000000,90.0,39.0,2,1,1,1.0,,0,0,"Sidoarjo, Surabaya",-7.450998,112.715439,https://www.rumah123.com/properti/surabaya-sidoarjo/rumah-siap-huni-sidoarjo-kota-dekat-exit-tol-hos41088050/,rumah123
Rumah Siap Huni Disidoarjo Kota Cash/Kpr,575000000,90.0,40.0,2,1,1,1.0,Unfurnished,0,0,"Sidoarjo, Surabaya",-7.450998,112.715439,https://www.rumah123.com/properti/surabaya-sidoarjo/rumah-siap-huni-disidoarjo-kota-cashkpr-hos41116809/,rumah123
Rumah Dekat Surabaya Kamar Tidur 3 di Sukodono Sidoarjo,519000000,90.0,54.0,3,1,1,1.0,Unfurnished,0,0,"Sidoarjo, Surabaya",-7.450998,112.715439,https://www.rumah123.com/properti/surabaya-sidoarjo/rumah-dekat-surabaya-kamar-tidur-3-di-sukodono-sidoarjo-hos41148535/,rumah123
Rumah Dekat Juanda Siap Huni Cepat Cash Promo,375000000,78.0,36.0,2,1,1,1.0,Unfurnished,0,0,"Sidoarjo, Surabaya",-7.450998,112.715439,https://www.rumah123.com/properti/surabaya-sidoarjo/rumah-dekat-juanda-siap-huni-cepat-cash-promo-hos41260224/,rumah123
Rumah Tenggilis Utara Surabaya Murah.fer.a023,2100000000,200.0,150.0,4,2,1,,Unfurnished,0,0,"Surabaya Kota, Surabaya",-7.2771,112.71741,https://www.rumah123.com/properti/surabaya-surabaya-kota/rumah-tenggilis-utara-surabaya-murahfera023-hos39177007/,rumah123
Rumah Green Lake Merr Rungkut Surabaya Murah.ron.a480,1300000000,72.0,60.0,3,2,2,1.0,Semi Furnished,1,1,"Rungkut, Surabaya",-7.31434,112.800232,https://www.rumah123.com/properti/surabaya-rungkut/rumah-green-lake-merr-rungkut-surabaya-murahrona480-hos41172956/,rumah123
Rumah Gayungsari Barat Gayungan Surabaya Murah.ron.a391,11000000000,594.0,1100.0,7.0,6.0,3,2.0,Furnished,1,1,"Gayungan, Surabaya",-7.33,112.726021,https://www.rumah123.com/properti/surabaya-gayungan/rumah-gayungsari-barat-gayungan-surabaya-murahrona391-hos41173000/,rumah123
Dijual Rumah Lokasi Galaksi Bumi Permai Surabaya,7000000000,240.0,400.0,6.0,5.0,3,,,0,0,"Galaxy, Surabaya",-7.257472,112.75209,https://www.rumah123.com/properti/surabaya-galaxy/dijual-rumah-lokasi-galaksi-bumi-permai-surabaya-hos41393060/,rumah123
Dijual Via Lelang Rumah Lokasi Mulyorejo Sby,13200000000,680.0,500.0,,,1,,,0,0,"Mulyorejo, Surabaya",-7.27049,112.780548,https://www.rumah123.com/properti/surabaya-mulyorejo/dijual-via-lelang-rumah-lokasi-mulyorejo-sby-hos41393256/,rumah123
Dijual Rumah Via Lelang Lokasi Dukuh Paki Surabaya,1800000000,180.0,200.0,,,1,,,0,0,"Dukuh Pakis, Surabaya",-7.29503,112.710739,https://www.rumah123.com/properti/surabaya-dukuh-pakis/dijual-rumah-via-lelang-lokasi-dukuh-paki-surabaya-hos41393192/,rumah123
Di Jual Rumah Via Lelang Lokasi Graha Family Wiyung Surabaya,7880000000,375.0,275.0,,,1,,,0,0,"Wiyung, Surabaya",-7.31097,112.698067,https://www.rumah123.com/properti/surabaya-wiyung/di-jual-rumah-via-lelang-lokasi-graha-family-wiyung-surabaya-hos41626047/,rumah123
Dijual Rumah Lokasi Bukit Palma Citraland Surabaya,2150000000,120.0,170.0,4.0,4.0,2,1.0,,0,0,"Citraland, Surabaya",-7.309354,112.656548,https://www.rumah123.com/properti/surabaya-citraland/dijual-rumah-lokasi-bukit-palma-citraland-surabaya-hos40866647/,rumah123
Dijual Rumah 2 Lantai Lokasi Benowo,1350000000,72.0,144.0,2.0,2.0,1,1.0,,0,0,"Benowo, Surabaya",-7.23213,112.630142,https://www.rumah123.com/properti/surabaya-benowo/dijual-rumah-2-lantai-lokasi-benowo-hos40866729/,rumah123
Dijual Rumah Lokasi Manyar Surabaya,3000000000,120.0,190.0,4.0,3.0,2,1.0,,0,0,"Manyar, Surabaya",-7.28724,112.739052,https://www.rumah123.com/properti/surabaya-manyar/dijual-rumah-lokasi-manyar-surabaya-hos40850477/,rumah123
Sijual Rumah Pakuwon City Surabaya,2250000000,112.0,100.0,4.0,1.0,1,1.0,,0,1,"Pakuwon City, Surabaya",-7.28917,112.67556,https://www.rumah123.com/properti/surabaya-pakuwon-city/sijual-rumah-pakuwon-city-surabaya-hos40858625/,rumah123
Dijual Rumah Lokasi Wonorejo Rungkut Surabaya,835000000,100.0,75.0,3.0,1.0,1,1.0,,0,0,"Rungkut, Surabaya",-7.31434,112.800232,https://www.rumah123.com/properti/surabaya-rungkut/dijual-rumah-lokasi-wonorejo-rungkut-surabaya-hos40866797/,rumah123
Dijual Rumah Grand Pakuwon - Cluster Canberra,1500000000,90.0,100.0,3.0,2.0,2,1.0,,0,0,"Pakuwon, Surabaya",-7.289141,112.67572,https://www.rumah123.com/properti/surabaya-pakuwon/dijual-rumah-grand-pakuwon-cluster-canberra-hos40858569/,rumah123
Dijual Rumah Lokasi Mabyar Surabaya,3950000000,150.0,240.0,4.0,3.0,1,2.0,,0,0,"Manyar, Surabaya",-7.28724,112.739052,https://www.rumah123.com/properti/surabaya-manyar/dijual-rumah-lokasi-mabyar-surabaya-hos40850348/,rumah123
Dijual/ Disewakan Rumah Lokasi Dukuh Kupang Timur Surabaya,2700000000,180.0,255.0,3.0,4.0,2,2.0,,0,0,"Dukuh Kupang, Surabaya",-7.28244,112.710747,https://www.rumah123.com/properti/surabaya-dukuh-kupang/dijual-disewakan-rumah-lokasi-dukuh-kupang-timur-surabaya-hos40837995/,rumah123
Dijual Rumah Lokasi Gunung Anyar Surabaya,600000000,72.0,36.0,2.0,2.0,1,1.0,,0,0,"Medokan Ayu, Surabaya",-7.326097,112.81353,https://www.rumah123.com/properti/surabaya-medokan-ayu/dijual-rumah-lokasi-gunung-anyar-surabaya-hos40850404/,rumah123
Dijual Rumah Lokasi Galaxcy Bumi Permai Araya 2 Sirabaya,3200000000,126.0,180.0,4.0,3.0,2,2.0,,0,0,"kertajaya, Surabaya",-7.282603,112.755432,https://www.rumah123.com/properti/surabaya-kertajaya/dijual-rumah-lokasi-galaxcy-bumi-permai-araya-2-sirabaya-hos40791442/,rumah123
Dijual Rumah Diamond Hill Citraland Surabaya,8900000000,368.0,500.0,4.0,3.0,2,1.0,,1,0,"Citraland, Surabaya",-7.309354,112.656548,https://www.rumah123.com/properti/surabaya-citraland/dijual-rumah-diamond-hill-citraland-surabaya-hos40791406/,rumah123
Dijual Rumah Putroagung,2350000000,260.0,240.0,5.0,3.0,1,1.0,,0,0,"Waru, Surabaya",-7.350308,112.767464,https://www.rumah123.com/properti/surabaya-waru/dijual-rumah-putroagung-hos40781270/,rumah123
Dijual Rumah Golden Berry Regency Surabaya,950000000,84.0,90.0,3.0,3.0,2,1.0,Semi Furnished,1,0,"Surabaya Kota, Surabaya",-7.2771,112.717407,https://www.rumah123.com/properti/surabaya-surabaya-kota/dijual-rumah-golden-berry-regency-surabaya-hos40788789/,rumah123
Dijual Rumah /Disewakan Lokasi Graha Natura,7500000000,345.0,425.0,4.0,4.0,2,2.0,,1,0,"Pakuwon, Surabaya",-7.289141,112.67572,https://www.rumah123.com/properti/surabaya-pakuwon/dijual-rumah-disewakan-lokasi-graha-natura-hos40791466/,rumah123
Dijual Via Lelang Rumah Rafles Garden Citraland Surabaya,6200000000,430.0,500.0,5.0,3.0,2,1.0,,1,1,"Citraland, Surabaya",-7.309354,112.656548,https://www.rumah123.com/properti/surabaya-citraland/dijual-via-lelang-rumah-rafles-garden-citraland-surabaya-hos40695087/,rumah123
Dijual Rumah Ploso Timur - Siap Huni!,2500000000,120.0,80.0,5.0,3,3,1.0,,1,1,"Kenjeran, Surabaya",-7.23563,112.786163,https://www.rumah123.com/properti/surabaya-kenjeran/dijual-rumah-ploso-timur-siap-huni-hos40759939/,rumah123
Dijual Rumah Via Lelang Lokasi Manyar Surabaya,2240000000,284.0,170.0,3.0,3,2,1.0,,0,1,"Manyar, Surabaya",-7.28724,112.739052,https://www.rumah123.com/properti/surabaya-manyar/dijual-rumah-via-lelang-lokasi-manyar-surabaya-hos40781197/,rumah123
Dijual Rumah Via Lelang Grand Pakuwon Surabaya,2660000000,144.0,120.0,2.0,2,2,1.0,,1,1,"Tandes, Surabaya",-7.25834,112.678978,https://www.rumah123.com/properti/surabaya-tandes/dijual-rumah-via-lelang-grand-pakuwon-surabaya-hos40695121/,rumah123
Dijual Rumah Wisata Bukit Mas Wiyung Surabaya,3700000000,333.0,423.0,3.0,2,2,2.0,,0,0,"Wiyung, Surabaya",-7.31097,112.698067,https://www.rumah123.com/properti/surabaya-wiyung/dijual-rumah-wisata-bukit-mas-wiyung-surabaya-hos40657810/,rumah123
Dijual Rumah Hook Lokasi Purimas Surabaya,5300000000,288.0,50.0,4.0,3,1,2.0,Unfurnished,1,1,"Rungkut, Surabaya",-7.31434,112.800232,https://www.rumah123.com/properti/surabaya-rungkut/dijual-rumah-hook-lokasi-purimas-surabaya-hos40695169/,rumah123
Dijual Rumah Lokasi Graha Family Surabaya,43500000000,900.0,850.0,7.0,7,2,2.0,Semi Furnished,0,0,"Citraland, Surabaya",-7.309354,112.656548,https://www.rumah123.com/properti/surabaya-citraland/dijual-rumah-lokasi-graha-family-surabaya-hos40659785/,rumah123
Dijual Rumah Mewah Lokasi Rungkut Asri Surabaya,7000000000,500.0,300.0,6.0,4,3,1.0,,0,0,"Rungkut, Surabaya",-7.31434,112.800232,https://www.rumah123.com/properti/surabaya-rungkut/dijual-rumah-mewah-lokasi-rungkut-asri-surabaya-hos40657616/,rumah123
Dijual Via Lelang Rumah Jajar Tunggal Lokasi Wiyung Srlurabaya,2500000000,292.0,100.0,3.0,2,1,,,0,0,"Wiyung, Surabaya",-7.31097,112.698067,https://www.rumah123.com/properti/surabaya-wiyung/dijual-via-lelang-rumah-jajar-tunggal-lokasi-wiyung-srlurabaya-hos40657761/,rumah123
Dijual Via Lelang Rumah Lokasi Genteng Surabaya,7000000000,370.0,450.0,4.0,3,1,1.0,,0,0,"Genteng, Surabaya",-7.26125,112.742767,https://www.rumah123.com/properti/surabaya-genteng/dijual-via-lelang-rumah-lokasi-genteng-surabaya-hos40584171/,rumah123
Dijual Via Lelang Rumah Lokasi Puri Indah Suko Sidoarjo,1950000000,197.0,90.0,2.0,2,2,1.0,,0,0,"Sidoarjo, Surabaya",-7.450998,112.715439,https://www.rumah123.com/properti/surabaya-sidoarjo/dijual-via-lelang-rumah-lokasi-puri-indah-suko-sidoarjo-hos40583270/,rumah123
Di Jual /di Sewakan Rumah Lokasi Kertajaya Indah Timur Surabaya Shm,13000000000,600.0,350.0,,6,4,2.0,,0,0,"kertajaya, Surabaya",-7.282603,112.755432,https://www.rumah123.com/properti/surabaya-kertajaya/di-jual-di-sewakan-rumah-lokasi-kertajaya-indah-timur-surabaya-shm-hos40584122/,rumah123
Dijual Via Lelang Rumah Lokasi Wiyung Surabaya,651000000,121.0,117.0,3.0,2,2,1.0,,0,0,"Wiyung, Surabaya",-7.31097,112.698067,https://www.rumah123.com/properti/surabaya-wiyung/dijual-via-lelang-rumah-lokasi-wiyung-surabaya-hos40583368/,rumah123
Dijual Via Lelang Rumah Lokasi Taman Pinang Indah Sidoarjo,860000000,340.0,120.0,3.0,3,1,1.0,,0,1,"Sidoarjo, Surabaya",-7.450998,112.715439,https://www.rumah123.com/properti/surabaya-sidoarjo/dijual-via-lelang-rumah-lokasi-taman-pinang-indah-sidoarjo-hos40576547/,rumah123
Dijual Rumah Via Lelang Lokasi Royal Residence Wiyung Surabaya SHM,1410000000,144.0,90.0,3.0,3,2,2.0,,0,0,"Wiyung, Surabaya",-7.31097,112.698067,https://www.rumah123.com/properti/surabaya-wiyung/dijual-rumah-via-lelang-lokasi-royal-residence-wiyung-surabaya-shm-hos40560271/,rumah123
Dijual Via Lelang Rumah Mewah Lokasi Dukuh Pakis Surabaya,12400000000,495.0,250.0,4.0,3,2,1.0,,0,0,"Wiyung, Surabaya",-7.31097,112.698067,https://www.rumah123.com/properti/surabaya-wiyung/dijual-via-lelang-rumah-mewah-lokasi-dukuh-pakis-surabaya-hos40558927/,rumah123
Dijual Cepat Rumah Hook Lokasi Rungkut Surabaya,5300000000,288.0,50.0,3.0,2,1,2.0,,0,1,"Rungkut, Surabaya",-7.31434,112.800232,https://www.rumah123.com/properti/surabaya-rungkut/dijual-cepat-rumah-hook-lokasi-rungkut-surabaya-hos40560188/,rumah123
Di Jual Via Lelang Rumah Mewah Lokasi Pakuwon Indah,6450000000,330.0,400.0,3.0,2,2,1.0,,0,0,"Wiyung, Surabaya",-7.31097,112.698067,https://www.rumah123.com/properti/surabaya-wiyung/di-jual-via-lelang-rumah-mewah-lokasi-pakuwon-indah-hos40558999/,rumah123
Dijual Rumah Via Lelang Lokasi Dharmausada Indah Utara Mulyorejo Surabaya,1400000000,168.0,90.0,3.0,2,1,1.0,,0,0,"Mulyorejo, Surabaya",-7.27049,112.780548,https://www.rumah123.com/properti/surabaya-mulyorejo/dijual-rumah-via-lelang-lokasi-dharmausada-indah-utara-mulyorejo-surabaya-hos40559131/,rumah123
Dijual Rumah New Minimalis Lokasi Surabaya Barat,3250000000,105.0,160.0,3.0,3,2,2.0,,0,0,"Wiyung, Surabaya",-7.31097,112.698067,https://www.rumah123.com/properti/surabaya-wiyung/dijual-rumah-new-minimalis-lokasi-surabaya-barat-hos40551141/,rumah123
Dijual Rumah Mewah Lokasi Margoeejo Surabaya,14500000000,754.0,530.0,6.0,5,2,2.0,,1,0,"Margorejo, Surabaya",-7.3122,112.741096,https://www.rumah123.com/properti/surabaya-margorejo/dijual-rumah-mewah-lokasi-margoeejo-surabaya-hos40550906/,rumah123
Dijual Via Lelang Rumah Mewah Graha Family Surabaya,7570000000,312.0,500.0,4.0,2.0,2,2.0,,1,0,"Citraland, Surabaya",-7.309354,112.656548,https://www.rumah123.com/properti/surabaya-citraland/dijual-via-lelang-rumah-mewah-graha-family-surabaya-hos40534621/,rumah123
Rumah Kos Lokasi Deket Kampus Unair Surabaya,3500000000,201.0,300.0,16.0,3.0,2,,,0,0,"kertajaya, Surabaya",-7.282603,112.755432,https://www.rumah123.com/properti/surabaya-kertajaya/rumah-kos-lokasi-deket-kampus-unair-surabaya-hos41086615/,rumah123
Dijual Eumah Lokasi Gunung Anyar Surabaya,890000000,97.0,140.0,3.0,2.0,2,,,0,0,"Rungkut, Surabaya",-7.31434,112.800232,https://www.rumah123.com/properti/surabaya-rungkut/dijual-eumah-lokasi-gunung-anyar-surabaya-hos41005675/,rumah123
Rumah Cantik Lokasi Pakal Surabaya,733000000,78.0,80.0,5.0,2.0,2,1.0,,0,0,"Pakal, Surabaya",-7.24268,112.629807,https://www.rumah123.com/properti/surabaya-pakal/rumah-cantik-lokasi-pakal-surabaya-hos41086744/,rumah123
Rumah Super Mewah Jemursari Surabaya,28500000000,1410.0,722.0,4.0,4.0,2,4.0,Furnished,0,0,"Jemursari, Surabaya",-7.32428,112.74173,https://www.rumah123.com/properti/surabaya-jemursari/rumah-super-mewah-jemursari-surabaya-hos41086833/,rumah123
Rumah Mewah Lokasi Deket Merr Araya dan Kampus Its Surabaya,4850000000,212.0,330.0,5.0,5.0,1,2.0,,0,0,"kertajaya, Surabaya",-7.282603,112.755432,https://www.rumah123.com/properti/surabaya-kertajaya/rumah-mewah-lokasi-deket-merr-araya-dan-kampus-its-surabaya-hos41086665/,rumah123
Dijual Rumah Lokasi Rungkut Wonorejo,1000000000,72.0,80.0,3.0,2.0,2,1.0,,0,0,"Rungkut, Surabaya",-7.31434,112.800232,https://www.rumah123.com/properti/surabaya-rungkut/dijual-rumah-lokasi-rungkut-wonorejo-hos40991999/,rumah123
Dijual Rumah Via Lelang Lokasi Ketintang,7490000000,510.0,550.0,,,2,,,0,0,"Ketintang, Surabaya",-7.31682,112.727997,https://www.rumah123.com/properti/surabaya-ketintang/dijual-rumah-via-lelang-lokasi-ketintang-hos41005630/,rumah123
Dijual Rumah Lokasi Manyar Rejo Surabaya,4200000000,165.0,250.0,4.0,3.0,2,1.0,,0,0,"Manyar, Surabaya",-7.28724,112.739052,https://www.rumah123.com/properti/surabaya-manyar/dijual-rumah-lokasi-manyar-rejo-surabaya-hos41149048/,rumah123
Dijual Rumah Kos Lokasi Surabaya Kota,13000000000,675.0,300.0,5.0,4.0,2,1.0,,0,0,"Surabaya Kota, Surabaya",-7.2771,112.717407,https://www.rumah123.com/properti/surabaya-surabaya-kota/dijual-rumah-kos-lokasi-surabaya-kota-hos40992031/,rumah123
Dijual Eumah Lokasi Citraland Surabaya,7000000000,210.0,400.0,6.0,7.0,2,,,0,0,"Citraland, Surabaya",-7.309354,112.656548,https://www.rumah123.com/properti/surabaya-citraland/dijual-eumah-lokasi-citraland-surabaya-hos41091951/,rumah123
Dijual Rumah Luas Lokasi Wiguna Rungkut,1900000000,180.0,160.0,3.0,3.0,1,,Semi Furnished,1,0,"Rungkut, Surabaya",-7.31434,112.800232,https://www.rumah123.com/properti/surabaya-rungkut/dijual-rumah-luas-lokasi-wiguna-rungkut-hos40992080/,rumah123
Dijual Rumah Lokasi Wonocolo Surabaya,5000000000,324.0,300.0,5.0,4.0,2,2.0,,0,0,"Wonocolo, Surabaya",-7.3273,112.737198,https://www.rumah123.com/properti/surabaya-wonocolo/dijual-rumah-lokasi-wonocolo-surabaya-hos40990658/,rumah123
Dijual Rumah Merah 2 Lantai Lokasi Sukomanunggal Surabaya,7500000000,314.0,350.0,4.0,3.0,2,2.0,Furnished,0,1,"Wiyung, Surabaya",-7.31097,112.698067,https://www.rumah123.com/properti/surabaya-wiyung/dijual-rumah-merah-2-lantai-lokasi-sukomanunggal-surabaya-hos40990691/,rumah123
Di Jual Rumah Lokasi Manyar Surabaya,3700000000,160.0,210.0,4.0,3.0,2,2.0,,0,0,"Manyar, Surabaya",-7.28724,112.739052,https://www.rumah123.com/properti/surabaya-manyar/di-jual-rumah-lokasi-manyar-surabaya-hos41149106/,rumah123
Dijual Rumah Lokasi Wonorejo Surabaya,650000000,72.0,50.0,2.0,1.0,1,1.0,,0,0,"Wonorejo, Surabaya",-7.271274,112.731598,https://www.rumah123.com/properti/surabaya-wonorejo/dijual-rumah-lokasi-wonorejo-surabaya-hos41156732/,rumah123
Dijual Rumah Mewah Lokasi Surabaya Timur,3450000000,153.0,230.0,5.0,4.0,2,2.0,,0,0,"Pakuwon City, Surabaya",-7.28917,112.67556,https://www.rumah123.com/properti/surabaya-pakuwon-city/dijual-rumah-mewah-lokasi-surabaya-timur-hos41164643/,rumah123
Dijual Rumah Lokasi Dian Istana,6750000000,270.0,305.0,3.0,3.0,2,2.0,Furnished,0,0,"Pakuwon, Surabaya",-7.289141,112.67572,https://www.rumah123.com/properti/surabaya-pakuwon/dijual-rumah-lokasisian-istana-hos41164582/,rumah123
Dijual Eumah Lokasi Gunung Anyar Surabaya,1450000000,105.0,70.0,3.0,3.0,2,1.0,Furnished,0,0,"Rungkut, Surabaya",-7.31434,112.800232,https://www.rumah123.com/properti/surabaya-rungkut/dijual-eumah-lokasi-gunung-anyar-surabaya-hos41156673/,rumah123
Sijual Rumah Mewah Lokasi Galaxy Surabaya Timur,7500000000,375.0,500.0,6.0,4.0,1,2.0,,0,0,"Galaxy, Surabaya",-7.257472,112.75209,https://www.rumah123.com/properti/surabaya-galaxy/sijual-rumah-mewah-lokasi-galaxy-surabaya-timur-hos41171589/,rumah123
Rumah Siap Huni Lokasi Medokan Ayu Rungkut Surabaya,650000000,77.0,47.0,2,1,1,1.0,,0,0,"Medokan Ayu, Surabaya",-7.326097,112.81353,https://www.rumah123.com/properti/surabaya-medokan-ayu/rumah-siap-huni-lokasi-medokan-ayu-rungkut-surabaya-hos41171057/,rumah123
Dijual Rumah Ketintang Surabaya,2100000000,104.0,170.0,3,3,2,1.0,,0,0,"Ketintang, Surabaya",-7.31682,112.727997,https://www.rumah123.com/properti/surabaya-ketintang/dijual-rumah-ketintang-surabaya-hos40938699/,rumah123
Dijual Rumah Mewah Hook Lokasi Graha Family Surabaya,23500000000,731.0,1000.0,5,5,2,4.0,,0,0,"Wiyung, Surabaya",-7.31097,112.698067,https://www.rumah123.com/properti/surabaya-wiyung/dijual-rumah-mewah-hook-lokasi-graha-family-surabaya-hos41186807/,rumah123
Dijual Rumah Lokasi Mulyosari Surabaya,2500000000,160.0,120.0,4,3,1,1.0,,0,0,"Mulyosari, Surabaya",-7.26556,112.796494,https://www.rumah123.com/properti/surabaya-mulyosari/dijual-rumah-lokasi-mulyosari-surabaya-hos40935093/,rumah123
Dijual Rumah Dlokasi,8650000000,280.0,475.0,3,6,2,2.0,,1,0,"Citraland, Surabaya",-7.309354,112.656548,https://www.rumah123.com/properti/surabaya-citraland/dijual-rumah-dlokasi-hos42385818/,rumah123
Dijual Rumah Lokasi Rungkut Mejoyo,3500000000,200.0,180.0,5,3,1,2.0,,0,0,"Rungkut, Surabaya",-7.31434,112.800232,https://www.rumah123.com/properti/surabaya-rungkut/dijual-rumah-lokasi-rungkut-mejoyo-hos40935276/,rumah123
Dijual Rumah Lokasi Royal Residence Wiyung Surabaya,2750000000,120.0,125.0,4,3,2,2.0,Unfurnished,1,0,"Wiyung, Surabaya",-7.31097,112.698067,https://www.rumah123.com/properti/surabaya-wiyung/dijual-rumah-lokasi-royal-residence-wiyung-surabaya-hos42387280/,rumah123
Dijual Rumah Grand Harvest Surabaya,2200000000,147.0,135.0,3,2,2,2.0,Furnished,0,0,"Kebraon, Surabaya",-7.3305,112.704071,https://www.rumah123.com/properti/surabaya-kebraon/dijual-rumah-grand-harvest-surabaya-hos40935024/,rumah123
Dijual Rumah 2Nd Siap Huni di Dian Istana,3350000000,148.0,175.0,3,3,1,1.0,Semi Furnished,1,1,"Wiyung, Surabaya",-7.31097,112.69807,https://www.rumah123.com/properti/surabaya-wiyung/dijual-rumah-2nd-siap-huni-di-dian-istana-hos42038331/,rumah123
2 Lantai,4500000000,191.0,235.0,4,4,2,2.0,Unfurnished,1,0,"Wiyung, Surabaya",-7.31097,112.69807,https://www.rumah123.com/properti/surabaya-wiyung/2-lantai-hos42043413/,rumah123
Dijual Rumah Baru Gress di Royal Residence Cluster Greenwich,3950000000,162.0,200.0,4,4,2,2.0,Unfurnished,1,0,"Wiyung, Surabaya",-7.31097,112.69807,https://www.rumah123.com/properti/surabaya-wiyung/dijual-rumah-baru-gress-di-royal-residence-cluster-greenwich-hos42043501/,rumah123
Dijual Rumah Siap Huni di Taman Puspa Raya Citraland,3500000000,210.0,190.0,3,2,1,1.0,Semi Furnished,1,1,"Citraland, Surabaya",-7.309354,112.656548,https://www.rumah123.com/properti/surabaya-citraland/dijual-rumah-siap-huni-di-taman-puspa-raya-citraland-hos42143235/,rumah123
Dijual Rumah Terawat dan Siap Huni di Taman Puspa Raya Citraland,2300000000,105.0,107.0,4,3,2,2.0,Semi Furnished,0,1,"Citraland, Surabaya",-7.309354,112.656548,https://www.rumah123.com/properti/surabaya-citraland/dijual-rumah-terawat-dan-siap-huni-di-taman-puspa-raya-citraland-hos42164369/,rumah123
Dijual Rumah Minimalis Modern Fully Furnished di Cluster Northwest Park Citraland Utara,1950000000,90.0,130.0,3,2,2,1.0,Furnished,0,0,"Citraland, Surabaya",-7.309354,112.656548,https://www.rumah123.com/properti/surabaya-citraland/dijual-rumah-minimalis-modern-fully-furnished-di-cluster-northwest-park-citraland-utara-hos42230728/,rumah123
Dijual Rumah di Jl. Raya Ambengan Surabaya,6750000000,372.0,205.0,3,3,1,,Unfurnished,1,0,"Tambaksari, Surabaya",-7.25371,112.753212,https://www.rumah123.com/properti/surabaya-tambaksari/dijual-rumah-di-jl-raya-ambengan-surabaya-hos42263914/,rumah123
Dijual Rumah Bagus di Woodland Citraland Surabaya Barat,7250000000,210.0,410.0,5,5,3,1.0,Unfurnished,1,0,"Citraland, Surabaya",-7.309354,112.656548,https://www.rumah123.com/properti/surabaya-citraland/dijual-rumah-bagus-di-woodland-citraland-surabaya-barat-hos42263990/,rumah123
Dijual Rumah Classic Modern Area Komersial Villa Taman Telaga Citraland,13000000000,437.0,600.0,5,3,2,2.0,Unfurnished,1,1,"Citraland, Surabaya",-7.309354,112.656548,https://www.rumah123.com/properti/surabaya-citraland/dijual-rumah-classic-modern-area-komersial-villa-taman-telaga-citraland-hos42264153/,rumah123
Dijual Rumah Woodland Citraland American Modern 5Kt Semi Furnish,4900000000,162.0,251.0,5,4,3,1.0,Unfurnished,1,0,"Citraland, Surabaya",-7.309354,-7.309354,https://www.rumah123.com/properti/surabaya-citraland/dijual-rumah-woodland-citraland-american-modern-5kt-semi-furnish-hos41288433/,rumah123
Dijual Rumah 2 LT Baru Gress di Bukit Palma Citraland Surabaya Barat,2150000000,120.0,170.0,5,5,2,,Unfurnished,0,0,"Sambikerep, Surabaya",-7.27993,-7.27993,https://www.rumah123.com/properti/surabaya-sambikerep/dijual-rumah-2-lt-baru-gress-di-bukit-palma-citraland-surabaya-barat-hos41344001/,rumah123
Dijual Rumah di Citraland North West Lake Blok Ng Tipe Turkana Deluxe,1050000000,55.0,56.0,2,2,2,,Unfurnished,0,0,"Sambikerep, Surabaya",-7.27993,-7.27993,https://www.rumah123.com/properti/surabaya-sambikerep/dijual-rumah-di-citraland-north-west-lake-blok-ng-tipe-turkana-deluxe-hos40097970/,rumah123
"Rumah Araya 1 Siap Huni Dkt Kertajaya, Dharmahusada, Manyar",9000000000,288.0,354.0,4,4,2,,Unfurnished,0,0,"Sukolilo, Surabaya",-7.28813,-7.28813,https://www.rumah123.com/properti/surabaya-sukolilo/rumah-araya-1-siap-huni-dkt-kertajaya-dharmahusada-manyar-hos40999864/,rumah123
Rumah Hook Mulyosari Utara,2650000000,177.0,250.0,4,3,2,,Unfurnished,0,0,"Mulyosari, Surabaya",-7.26556,-7.26556,https://www.rumah123.com/properti/surabaya-mulyosari/rumah-hook-mulyosari-utara-hos41042994/,rumah123
Mulyosari Tengah,2200000000,153.0,198.0,4,3,1,,Unfurnished,0,0,"Mulyorejo, Surabaya",-7.27049,-7.27049,https://www.rumah123.com/properti/surabaya-mulyorejo/mulyosari-tengah-hos40886649/,rumah123
"Rumah 2 Lantai Puncak Darmo , Dukuhpakis .",8000000000,535.0,950.0,5,3,2,2.0,Unfurnished,0,0,"Sukomanunggal, Surabaya",-7.26548,112.698799,https://www.rumah123.com/properti/surabaya-sukomanunggal/dijual-rumah-puncak-permai-sukomanunggal-surabaya-barat-hos41733910/,rumah123
Rumah Sangat Murah 2Lantai Full Furnish di Citraland Palma,775000000,60.0,90.0,2,2,2,1.0,Furnished,1,0,"Citraland, Surabaya",-7.28917,112.734,https://www.rumah123.com/properti/surabaya-citraland/rumah-sangat-murah-2lantai-full-furnish-di-citraland-palma-hos42371823/,rumah123
"1 Lantai, SHM,",489000000,60.0,36.0,2,1,1,1.0,,0,0,"Menganti, Surabaya",-7.294023,112.587967,https://www.rumah123.com/properti/surabaya-menganti/1-lantai-shm-hos42378974/,rumah123
Rumah Asli Surabaya Termurah Terjangkau,750000000,55.0,33.0,2,1,1,1.0,,0,0,"Kebraon, Surabaya",-7.3305,112.704071,https://www.rumah123.com/properti/surabaya-kebraon/rumah-asli-surabaya-termurah-terjangkau-hos42314639/,rumah123
Dijual Rumah Mewah Graha Family,10500000000,420.0,500.0,4,3,2,4.0,Unfurnished,1,1,"Wiyung, Surabaya",-7.31097,112.698067,https://www.rumah123.com/properti/surabaya-wiyung/dijual-rumah-mewah-graha-family-hos40837705/,rumah123
Dijual Rumah Baru Gress Graha Family,13000000000,288.0,410.0,4,4,2,2.0,Furnished,1,1,"Dukuh Pakis, Surabaya",-7.29503,112.710739,https://www.rumah123.com/properti/surabaya-dukuh-pakis/dijual-rumah-baru-gress-hos41026985/,rumah123
Dijual Rumah Mewah Araya Lokasi Premium,7500000000,375.0,500.0,5,3,2,2.0,Semi Furnished,0,1,"Sukolilo, Surabaya",-7.28813,112.802902,https://www.rumah123.com/properti/surabaya-sukolilo/dijual-rumah-mewah-araya-lokasi-premium-hos40948992/,rumah123
Rumah Lebak Arum Segera,2900000000,208.0,300.0,5,2,2,2.0,Unfurnished,0,0,"Kenjeran, Surabaya",-7.23563,112.786163,https://www.rumah123.com/properti/surabaya-kenjeran/rumah-lebak-arum-segera-hos42190756/,rumah123
Dijual Rumah Central Park Juanda 1.5M Nego,1500000000,94.0,90.0,3,2,2,,Unfurnished,1,0,"Surabaya Kota, Surabaya",-7.2771,112.717407,https://www.rumah123.com/properti/surabaya-surabaya-kota/dijual-rumah-central-park-juanda-15m-nego-hos41394824/,rumah123
Dijual Rumah Puri Safira Juanda Fasilitas Lengkap Harga Murah,1000000000,96.0,74.0,3,2,2,,Unfurnished,1,0,"Surabaya Kota, Surabaya",-7.2771,112.717407,https://www.rumah123.com/properti/surabaya-surabaya-kota/dijual-rumah-puri-safira-juanda-fasilitas-lengkap-harga-murah-hos41636245/,rumah123
Dijual Rumah & Kost Dekat Kampus Petra Harga Terjangkau Cocok Untuk Usaha Kost,4000000000,480.0,695.0,4,3,2,,Semi Furnished,0,0,"Surabaya Kota, Surabaya",-7.2771,112.717407,https://www.rumah123.com/properti/surabaya-surabaya-kota/dijual-rumah-kost-dekat-kampus-petra-harga-terjangkau-cocok-untuk-usaha-kost-hos40224760/,rumah123
Dijual Perumahan Exclusive di Grand Pakuwon Tandes Surabaya,1700000000,90.0,100.0,3,2,1,,Semi Furnished,1,0,"Surabaya Kota, Surabaya",-7.2771,112.717407,https://www.rumah123.com/properti/surabaya-surabaya-kota/dijual-perumahan-exclusive-di-grand-pakuwon-tandes-surabaya-hos19569234/,rumah123
Jual Rumah Siap Huni Dekat Superindo Merr,1650000000,75.0,100.0,3,3,2,,Unfurnished,0,0,"Surabaya Kota, Surabaya",-7.28917,112.734,https://www.rumah123.com/properti/surabaya-surabaya-kota/jual-rumah-siap-huni-dekat-superindo-merr-hos40254623/,rumah123
Rumah Manukan Baru Gress 2 Jejer Jual Hanya Sisa 1 Unit Saja,995000000,76.0,78.0,3,2,2,,Unfurnished,1,0,"Surabaya Kota, Surabaya",-7.28917,112.734,https://www.rumah123.com/properti/surabaya-surabaya-kota/rumah-manukan-baru-gress-2-jejer-jual-hanya-sisa-1-unit-saja-hos40254633/,rumah123
Dijual Rumah Graha Family Siap Huni (Jual Beli Murni),8500000000,351.0,400.0,4,3,2,,Semi Furnished,0,1,"Surabaya Kota, Surabaya",-7.28917,112.734,https://www.rumah123.com/properti/surabaya-surabaya-kota/dijual-rumah-graha-family-siap-huni-jual-beli-murni-hos40254601/,rumah123
Dijual Rumah Tambak Medokan Ayu,950000000,98.0,98.0,2,1,1,,Unfurnished,0,0,"Surabaya Kota, Surabaya",-7.2771,112.717407,https://www.rumah123.com/properti/surabaya-surabaya-kota/dijual-rumah-tambak-medokan-ayu-hos39436395/,rumah123
Jual Rumah Mewah Baru Gress Woodland Citraland,5800000000,210.0,335.0,5,5,2,,Unfurnished,1,0,"Surabaya Kota, Surabaya",-7.28917,112.734,https://www.rumah123.com/properti/surabaya-surabaya-kota/jual-rumah-mewah-baru-gress-woodland-citraland-hos39803414/,rumah123
Dijual Rumah Baru Graha Green Garden Surabaya,2350000000,100.0,120.0,4,3,2,,Unfurnished,1,1,"Surabaya Kota, Surabaya",-7.2771,112.717407,https://www.rumah123.com/properti/surabaya-surabaya-kota/dijual-rumah-baru-graha-green-garden-surabaya-hos39436361/,rumah123
Dijual Rumah Puri Safira Menganti Siap Huni,800000000,90.0,120.0,2,1,1,,Furnished,0,0,"Surabaya Kota, Surabaya",-7.2771,112.717407,https://www.rumah123.com/properti/surabaya-surabaya-kota/dijual-rumah-puri-safira-menganti-siap-huni-hos38849044/,rumah123
Dijual Cepat Rumah Lux 2 Lantai Dharmahusada Mas,3900000000,200.0,310.0,3,3,2,,Unfurnished,0,0,"Surabaya Kota, Surabaya",-7.28917,112.734,https://www.rumah123.com/properti/surabaya-surabaya-kota/dijual-cepat-rumah-lux-2-lantai-dharmahusada-mas-hos40255298/,rumah123
Dijual Rumah Siap Huni Purimas Nol Jalan Merr Semi Furnished,1400000000,72.0,140.0,3,2,1,,,0,0,"Surabaya Kota, Surabaya",-7.2771,112.71741,https://www.rumah123.com/properti/surabaya-surabaya-kota/dijual-rumah-siap-huni-purimas-nol-jalan-merr-semi-furnished-hos19030823/,rumah123
Dijual Rumah Citra Harmoni Cluster Cambrige Full Furnished Bisa Take Over Kredit,250000000,72.0,56.0,2,1,1,,Semi Furnished,0,0,"Surabaya Kota, Surabaya",-7.2771,112.717407,https://www.rumah123.com/properti/surabaya-surabaya-kota/dijual-rumah-citra-harmoni-cluster-cambrige-full-furnished-bisa-take-over-kredit-hos19567995/,rumah123
Dijual Rumah Ready Unit Mulyosari Utara Gress New Minimalisfree Kanopi Untuk Klien,1650000000,82.0,115.0,3,3,2,,Unfurnished,1,0,"Surabaya Kota, Surabaya",-7.28917,112.734,https://www.rumah123.com/properti/surabaya-surabaya-kota/dijual-rumah-ready-unit-mulyosari-utara-gress-new-minimalisfree-kanopi-untuk-klien-hos39803384/,rumah123
Rumah Royal Residence Shm Cluster Depan Siap Huni & Investasi,3750000000,175.0,250.0,4,3,1,,,0,0,"Wiyung, Surabaya",-7.31097,112.69807,https://www.rumah123.com/properti/surabaya-wiyung/rumah-royal-residence-shm-cluster-depan-siap-huni-investasi-hos19030492/,rumah123
Dijual Rumah Daerah Jelidro Kondisi Bagus,750000000,54.0,75.0,3,1,2,2.0,Semi Furnished,1,0,"Sambikerep, Surabaya",-7.27993,112.654648,https://www.rumah123.com/properti/surabaya-sambikerep/dijual-rumah-daerah-jelidro-kondisi-bagus-hos42113139/,rumah123
Rumah 2 Lantai Pantai Mentari Cluster The Hampton,1650000000,102.0,120.0,2,1,2,1.0,Semi Furnished,1,1,"Kenjeran, Surabaya",-7.23563,112.786163,https://www.rumah123.com/properti/surabaya-kenjeran/rumah-2-lantai-pantai-mentari-cluster-the-hampton-hos42102113/,rumah123
Dijual Rumah 2 Lantai Royal Residence (Hook) Lake View,2600000000,98.0,125.0,3,2,1,1.0,Semi Furnished,1,1,"Wiyung, Surabaya",-7.31097,112.698067,https://www.rumah123.com/properti/surabaya-wiyung/dijual-rumah-2-lantai-royal-residence-hook-lake-view-hos42102666/,rumah123
Dijual Rumah 2 Lantai Siap Huni Tenggilis Mejoyo Selatan,1570000000,90.0,125.0,4,4,2,1.0,Semi Furnished,1,0,"Tenggilis Mejoyo, Surabaya",-7.31943,112.755386,https://www.rumah123.com/properti/surabaya-tenggilis-mejoyo/dijual-rumah-2-lantai-siap-huni-tenggilis-mejoyo-selatan-hos42111751/,rumah123
"Dijual Rumah 2 Lantai Mansion Nine, Surabaya Barat",980000000,55.0,50.0,2,2,2,1.0,Semi Furnished,1,1,"Lakarsantri, Surabaya",-7.30073,112.635658,https://www.rumah123.com/properti/surabaya-lakarsantri/dijual-rumah-2-lantai-mansion-nine-surabaya-barat-hos42111489/,rumah123
"Dijual Rumah 1 Lantai Bukit Palma Citraland, bisa KPR",1000000000,100.0,108.0,2,2,1,1.0,Unfurnished,1,0,"Citraland, Surabaya",-7.309354,112.656548,https://www.rumah123.com/properti/surabaya-citraland/dijual-rumah-1-lantai-bukit-palma-citraland-bisa-kpr-hos42111544/,rumah123
Dijual Rumah Murah 2 Lantai Daerah Jelidro,600000000,42.0,58.0,2,2,2,1.0,Semi Furnished,1,0,"Sambikerep, Surabaya",-7.27993,112.654648,https://www.rumah123.com/properti/surabaya-sambikerep/dijual-rumah-murah-2-lantai-daerah-jelidro-hos42113330/,rumah123
Dijual Rumah 2 Lantai Perumahan Pantai Mentari,1450000000,143.0,200.0,5,3,2,1.0,Semi Furnished,1,1,"Kenjeran, Surabaya",-7.23563,112.786163,https://www.rumah123.com/properti/surabaya-kenjeran/dijual-rumah-2-lantai-perumahan-pantai-mentari-hos42102959/,rumah123
Dijual Rumah 1 Lantai Daerah Sememi Kondisi Bagus,550000000,62.0,40.0,2,1,1,1.0,Unfurnished,1,0,"Benowo, Surabaya",-7.23213,112.630142,https://www.rumah123.com/properti/surabaya-benowo/dijual-rumah-1-lantai-daerah-sememi-kondisi-bagus-hos42113405/,rumah123
Jual Rumah Mewah 2 Lantai Semi Furnished Dian Istana,3000000000,105.0,160.0,4,4,2,2.0,Semi Furnished,1,0,"Wiyung, Surabaya",-7.31097,112.698067,https://www.rumah123.com/properti/surabaya-wiyung/jual-rumah-mewah-2-lantai-semi-furnished-dian-istana-hos42113446/,rumah123
"Dijual Rumah 2,5 Lantai Daerah Lontar, Surabaya Barat",1250000000,80.0,100.0,4,2,2,2.0,Unfurnished,1,0,"Sambikerep, Surabaya",-7.27993,112.654648,https://www.rumah123.com/properti/surabaya-sambikerep/dijual-rumah-25-lantai-daerah-lontar-surabaya-barat-hos42113368/,rumah123
Rumah Siap Huni Gunung Anyar Emas Selangkah Menuju Merr,1850000000,200.0,136.0,3,2,1,,,0,0,"Surabaya Kota, Surabaya",-7.2771,112.71741,https://www.rumah123.com/properti/surabaya-surabaya-kota/rumah-siap-huni-gunung-anyar-emas-selangkah-menuju-merr-hos19030552/,rumah123
Dijual Rumah Mewah 3 Lantai di Bukit Golf Medeterania,9950000000,300.0,600.0,6,6,3,2.0,Semi Furnished,1,1,"Citraland, Surabaya",-7.309354,112.656548,https://www.rumah123.com/properti/surabaya-citraland/dijual-rumah-mewah-3-lantai-di-bukit-golf-medeterania-hos42149638/,rumah123
Dijual Rumah Mewah Raya Golf Citraland Surabaya,27500000000,1117.0,900.0,6,4,3,,Unfurnished,1,0,"Citraland, Surabaya",-7.309354,112.656548,https://www.rumah123.com/properti/surabaya-citraland/dijual-rumah-mewah-raya-golf-citraland-surabaya-hos19568060/,rumah123
Harga Promo Hanya Januari Saja Rumah 2 Lantai Baru Gress Di Raya Boulevard Northwest Lake Citraland,2700000000,126.0,190.0,3,3,1,2.0,,0,1,"Citraland, Surabaya",-7.2889105,112.64498,https://www.rumah123.com/properti/surabaya-citraland/harga-promo-hanya-januari-saja-rumah-2-lantai-baru-gress-di-raya-boulevard-northwest-lake-citraland-hos19105111/,rumah123
Dijual Rumah Alam Hijau Citraland Harga Terjangkau,3300000000,120.0,195.0,4,4,2,,Unfurnished,1,0,"Citraland, Surabaya",-7.309354,112.656548,https://www.rumah123.com/properti/surabaya-citraland/dijual-rumah-alam-hijau-f116-citraland-harga-terjangkau-hos41603299/,rumah123
Rumah Surabaya Pusat Selangkah Raya Jemursari Siap Huni Grees,1300000000,50.0,91.0,3,2,2,1.0,Unfurnished,0,0,"Jemursari, Surabaya",-7.32428,112.74173,https://www.rumah123.com/properti/surabaya-jemursari/rumah-surabaya-pusat-selangkah-raya-jemursari-siap-huni-grees-hos41694876/,rumah123
Rumah Hunian Exclusive Springville Rungkut Surabaya,3000000000,112.0,184.0,3,3,1,,Semi Furnished,1,0,"Rungkut, Surabaya",-7.31434,112.80023,https://www.rumah123.com/properti/surabaya-rungkut/rumah-hunian-exclusive-springville-rungkut-surabaya-hos19004110/,rumah123
Dijual Rumah Mewah Citraland Kualitas Terbaik,9250000000,300.0,475.0,5,6,2,,Furnished,1,1,"Citraland, Surabaya",-7.2889105,112.64498,https://www.rumah123.com/properti/surabaya-citraland/dijual-rumah-mewah-citraland-kualitas-terbaik-hos19267142/,rumah123
Dijual Rumah Pakuwon Indah Full Furnsihed Kolam Renang Hook,60000000000,812.0,1200.0,4,5,2,,Furnished,1,1,"Pakuwon Indah, Surabaya",-7.28921,112.674469,https://www.rumah123.com/properti/surabaya-pakuwon-indah/dijual-rumah-pakuwon-indah-full-furnsihed-kolam-renang-hook-hos42163143/,rumah123
Rumah Surabaya Dekat Kampus Its + Funist Redy Unit + Free Iphone 17,967000000,60.0,38.0,2,1,1,1.0,Semi Furnished,0,0,"Keputih, Surabaya",-7.28818,112.816513,https://www.rumah123.com/properti/surabaya-keputih/rumah-surabaya-dekat-pakuwon-city-readi-unit-funist-hos41617223/,rumah123
Rumah Surabaya Timur Rungkut Wonorejo .Termurah Sesurabya,560000000,50.0,30.0,2,1,1,1.0,Unfurnished,0,0,"Rungkut, Surabaya",-7.31434,112.800232,https://www.rumah123.com/properti/surabaya-rungkut/rumah-surabaya-timur-rungkut-wonorejo-termurah-sesurabya-hos41155123/,rumah123
Rumah Rungkut Surabaya Dekat Mer,630000000,50.0,48.0,2,2,2,1.0,Unfurnished,0,0,"Rungkut, Surabaya",-7.31434,112.800232,https://www.rumah123.com/properti/surabaya-rungkut/rumah-surabaya-rungkut-wonorejo-furnised-hos41205070/,rumah123
Hanya 1 Unit .. Rumah Baru Gress Dijual Manyar Tirtoyoso,1950000000,82.0,125.0,3,3,2,1.0,,0,0,"Surabaya Kota, Surabaya",-7.2771,112.717407,https://www.rumah123.com/properti/surabaya-surabaya-kota/hanya-1-unit-rumah-baru-gress-dijual-manyar-tirtoyoso-hos42252673/,rumah123
Dijual Rumah New Minimalis di Baruk Utara Merr,1600000000,75.0,100.0,3,3,2,1.0,Unfurnished,0,0,"Rungkut, Surabaya",-7.31434,112.80023,https://www.rumah123.com/properti/surabaya-rungkut/dijual-rumah-new-minimalis-di-baruk-utara-merr-hos39720514/,rumah123
Disewakan Cepat ! Rumah Kertajaya Indah Timur Dekat Galaxy Mall,13000000000,600.0,500.0,6,4,2,1.0,Unfurnished,1,1,"kertajaya, Surabaya",-7.28917,112.734,https://www.rumah123.com/properti/surabaya-kertajaya/dijual-cepat-rumah-kertajaya-indah-timur-dekat-galaxy-mall-hos40360182/,rumah123
"Dijual Rumah 2 Lantai - Perumahan Manyar Jaya, Surabaya Timur",3700000000,160.0,210.0,4,3,1,2.0,Unfurnished,1,0,"Sukolilo, Surabaya",-7.28813,112.802902,https://www.rumah123.com/properti/surabaya-sukolilo/dijual-rumah-2-lantai-perumahan-manyar-jaya-surabaya-timur-hos42386386/,rumah123
Dijual Rumah Siap Huni di Bangkingan Surabaya Barat,800000000,96.0,65.0,2,1,1,1.0,Unfurnished,1,1,"Lakarsantri, Surabaya",-7.28917,112.734,https://www.rumah123.com/properti/surabaya-lakarsantri/dijual-rumah-siap-huni-di-bangkingan-surabaya-barat-hos41154536/,rumah123
Termurah ! Rumah Dijual Jl. Darmo Sentosa Raya,4500000000,450.0,450.0,2,1,1,1.0,Semi Furnished,0,0,"Mayjen Sungkono, Surabaya",-7.28917,112.734,https://www.rumah123.com/properti/surabaya-mayjen-sungkono/termurah-rumah-dijual-jl-darmo-sentosa-raya-hos42278173/,rumah123
Murah ! Rumah di Rungkut Mejoyo Selatan Hitung Tanah,1900000000,229.0,229.0,3,3,1,,,0,0,"Rungkut, Surabaya",-7.31434,112.800232,https://www.rumah123.com/properti/surabaya-rungkut/murah-rumah-di-rungkut-mejoyo-selatan-hitung-tanah-hos41162432/,rumah123
Dijual Rumah Siap Huni di Villa Valensia Dekat Ptc,2500000000,112.0,112.0,2,2,1,1.0,Semi Furnished,1,1,"Sambikerep, Surabaya",-7.28917,112.734,https://www.rumah123.com/properti/surabaya-sambikerep/dijual-rumah-siap-huni-di-villa-valensia-dekat-ptc-hos42292438/,rumah123
Rumah Dijual di Dukuh Kupang Surabaya 8 KT Cocok Kost/Usaha,2300000000,360.0,285.0,8,3,2,1.0,Unfurnished,0,0,"Dukuh Kupang, Surabaya",-7.2842775,112.7133655,https://www.rumah123.com/properti/surabaya-dukuh-kupang/rumah-dijual-di-dukuh-kupang-surabaya-8-kt-cocok-kostusaha-hos42300221/,rumah123
Rumah Dijual di Lebak Surabaya Timur 3 KT,1300000000,57.0,114.0,3,2,2,1.0,Furnished,0,0,"Tambaksari, Surabaya",-7.244980333334264,112.77517766667056,https://www.rumah123.com/properti/surabaya-tambaksari/rumah-dijual-di-lebak-surabaya-timur-3-kt-hos42369489/,rumah123
Rumah Kos Gayungsari 12 Kamar,3500000000,300.0,220.0,12,12,1,1.0,Unfurnished,0,0,"Gayungan, Surabaya",-7.337300364797116,112.72456453354732,https://www.rumah123.com/properti/surabaya-gayungan/rumah-kos-gayungsari-12-kamar-hos42379124/,rumah123
Dijual Rumah Grand Pakuwon Adelaide Harga Butuh Uang,800000000,72.0,72.0,2,2,2,,Semi Furnished,1,1,"Surabaya Kota, Surabaya",-7.2771,112.717407,https://www.rumah123.com/properti/surabaya-surabaya-kota/dijual-rumah-grand-pakuwon-adelaide-harga-butuh-uang-hos41495417/,rumah123
Dijual Rumah 2 Lantai Semifurnished Daerah Kutisari Utara,6200000000,496.0,750.0,6,6,2,4.0,Semi Furnished,0,0,"Kutisari, Surabaya",-7.277097,112.717407,https://www.rumah123.com/properti/surabaya-kutisari/dijual-rumah-2-lantai-semifurnished-daerah-kutisari-utara-hos41329473/,rumah123
Dijual Rumah 2 Lantai Nol Jalan Raya Kupang Jaya Surabaya Barat,1650000000,120.0,120.0,5,3,2,1.0,Unfurnished,0,0,"Sukomanunggal, Surabaya",-7.26548,112.698799,https://www.rumah123.com/properti/surabaya-sukomanunggal/dijual-rumah-2-lantai-nol-jalan-raya-kupang-jaya-surabaya-barat-hos41782938/,rumah123
"Dijual Rumah Baru Renov Pakuwon City Puri Asri, Surabaya Timur",1900000000,84.0,160.0,4,3,1,1.0,Unfurnished,1,0,"Pakuwon City, Surabaya",-7.28917,112.67556,https://www.rumah123.com/properti/surabaya-pakuwon-city/dijual-rumah-baru-renov-pakuwon-city-puri-asri-surabaya-timur-hos41851557/,rumah123
"Dijual Rumah Daerah Gunung Anyar, Surabaya Timur",2000000000,182.0,182.0,3,2,1,1.0,Unfurnished,1,0,"Gununganyar, Surabaya",-7.33182,112.80822,https://www.rumah123.com/properti/surabaya-gununganyar/dijual-rumah-daerah-gunung-anyar-surabaya-timur-hos41972953/,rumah123
"Dijual Rumah Kos 6 Lantai Daerah Siwalankerto Dekat Universitas Kristen Petra, Surabaya",15000000000,450.0,2730.0,89,89,6,15.0,Furnished,1,0,"Wonocolo, Surabaya",-7.28917,112.734,https://www.rumah123.com/properti/surabaya-wonocolo/dijual-rumah-kos-6-lantai-daerah-siwalankerto-dekat-universitas-kristen-petra-surabaya-hos41814836/,rumah123
"Rumah Siap Huni di Simpang Darmo Permai Selatan, Surabaya Barat",2500000000,144.0,200.0,4,3,2,1.0,Unfurnished,1,1,"Darmo permai, Surabaya",-7.28567420000002,112.70133904550778,https://www.rumah123.com/properti/surabaya-darmo-permai/rumah-siap-huni-di-simpang-darmo-permai-selatan-surabaya-barat-hos41291581/,rumah123
"Rumah Siap Huni di Bendul Merisi, Surabaya Selatan",4900000000,379.0,400.0,4,2,2,2.0,Unfurnished,1,1,"Wonocolo, Surabaya",-7.3273,112.7372,https://www.rumah123.com/properti/surabaya-wonocolo/rumah-siap-huni-di-be-merisi-surabaya-selatan-hos41289365/,rumah123
"Rumah Baru Gress di Griya Babatan Mukti, Surabaya Barat",3150000000,175.0,235.0,4,3,2,1.0,Unfurnished,1,1,"Wiyung, Surabaya",-7.31097,112.69807,https://www.rumah123.com/properti/surabaya-wiyung/rumah-baru-gress-di-griya-babatan-mukti-surabaya-barat-hos41488892/,rumah123
"Rumah Siap Huni di Simpang Darmo Permai, Surabaya Barat",2500000000,144.0,200.0,4,3,2,1.0,Semi Furnished,1,1,"Darmo permai, Surabaya",-7.28567420000002,112.70133904550778,https://www.rumah123.com/properti/surabaya-darmo-permai/rumah-siap-huni-di-simpang-darmo-permai-surabaya-barat-hos41505119/,rumah123
"Rumah Siap Huni di Pakuwon City, Surabaya Timur",3500000000,144.0,179.0,3,3,2,1.0,Semi Furnished,1,1,"Pakuwon City, Surabaya",-7.28917,112.67556,https://www.rumah123.com/properti/surabaya-pakuwon-city/rumah-siap-huni-di-pakuwon-city-surabaya-timur-hos41676266/,rumah123
"Rumah Siap Huni di Rungkut Mapan Tengah, Surabaya Selatan",2200000000,189.0,250.0,3,2,1,2.0,Unfurnished,1,1,"Rungkut, Surabaya",-7.31434,112.80023,https://www.rumah123.com/properti/surabaya-rungkut/rumah-siap-huni-di-rungkut-mapan-tengah-surabaya-selatan-hos41824921/,rumah123
"Rumah Baru Gress, Semi Furnish di Manyar, Surabaya Timur",5250000000,264.0,336.0,4,4,2,2.0,Semi Furnished,1,1,"Manyar, Surabaya",-7.28724,112.73905,https://www.rumah123.com/properti/surabaya-manyar/rumah-baru-gress-semi-furnish-di-manyar-surabaya-timur-hos41848280/,rumah123
"Rumah 2 Lantai Siap Huni di Perumahan Alam Galaxy, Surabaya Barat",5500000000,200.0,207.0,4,3,2,2.0,Unfurnished,1,1,"Sambikerep, Surabaya",-7.273289124612538,112.65958526458743,https://www.rumah123.com/properti/surabaya-sambikerep/rumah-2-lantai-siap-huni-di-perumahan-alam-galaxy-surabaya-barat-hos13453817/,rumah123
"Dijual Rumah 2 Lantai Kertajaya Indah, Surabaya Timur",5750000000,240.0,290.0,4,4,2,1.0,Unfurnished,1,0,"kertajaya, Surabaya",-7.282603,112.755432,https://www.rumah123.com/properti/surabaya-kertajaya/dijual-rumah-2-lantai-kertajaya-indah-surabaya-timur-hos42093850/,rumah123
"Rumah siap huni di Medokan Ayu Utara, Surabaya Timur",900000000,100.0,75.0,2,1,1,1.0,Unfurnished,1,1,"Medokan Ayu, Surabaya",-7.326097099999999,112.8135304,https://www.rumah123.com/properti/surabaya-medokan-ayu/rumah-siap-huni-di-medokan-ayu-utara-surabaya-timur-hos39493726/,rumah123
"Rumah Siap Huni di Pantai Mentari, Surabaya Timur",2200000000,107.0,125.0,3,3,2,1.0,Unfurnished,1,1,"Kenjeran, Surabaya",-7.23563,112.78616,https://www.rumah123.com/properti/surabaya-kenjeran/rumah-siap-huni-di-pantai-mentari-surabaya-timur-hos41290757/,rumah123
"Rumah di Cluster White House, Dian Istana, Surabaya Barat",3100000000,126.0,158.0,3,3,2,1.0,Unfurnished,1,1,"Wiyung, Surabaya",-7.31097,112.69807,https://www.rumah123.com/properti/surabaya-wiyung/rumah-di-cluster-white-house-dian-istana-surabaya-barat-hos41856181/,rumah123
Jual Rumah Citraland Utama Full Furnished Surabaya Barat,9000000000,350.0,550.0,4,5,2,2.0,Furnished,0,0,"Citraland, Surabaya",-7.28917,112.734,https://www.rumah123.com/properti/surabaya-citraland/jual-rumah-citraland-utama-full-furnished-surabaya-barat-hos42382817/,rumah123
"Rumah Baru Gress di Dian Istana, Surabaya Barat",3500000000,129.0,205.0,3,4,2,1.0,Unfurnished,1,1,"Wiyung, Surabaya",-7.31097,112.69807,https://www.rumah123.com/properti/surabaya-wiyung/rumah-baru-gress-di-dian-istana-surabaya-barat-hos42054982/,rumah123
"Rumah Proses Bangun di Pakuwon City, Surabaya Timur",3700000000,126.0,210.0,3,4,2,1.0,Unfurnished,1,1,"Pakuwon City, Surabaya",-7.28917,112.67556,https://www.rumah123.com/properti/surabaya-pakuwon-city/rumah-proses-bangun-di-pakuwon-city-surabaya-timur-hos42051120/,rumah123
"Rumah BARU GRESS di Perumahan Elite Dian Istana, Surabaya Barat",3250000000,105.0,160.0,3,3,2,2.0,Unfurnished,1,1,"Wiyung, Surabaya",-7.31097,-7.31097,https://www.rumah123.com/properti/surabaya-wiyung/rumah-baru-gress-di-perumahan-elite-dian-istana-surabaya-barat-hos38870085/,rumah123
"Rumah Proses Bangun di Villa Sentra Raya, Citraland, Surabaya Barat",6900000000,276.0,396.0,4,3,2,2.0,Unfurnished,1,1,"Citraland, Surabaya",-7.2877971630807,112.65114119911,https://www.rumah123.com/properti/surabaya-citraland/rumah-proses-bangun-di-villa-sentra-raya-citraland-surabaya-barat-hos9801457/,rumah123
"Rumah proses bangun di Villa Sentra Raya, Citraland, Surabaya Barat",6600000000,264.0,382.0,4,3,2,2.0,Unfurnished,1,1,"Citraland, Surabaya",-7.288999725882,112.64417818451,https://www.rumah123.com/properti/surabaya-citraland/rumah-proses-bangun-di-villa-sentra-raya-citraland-surabaya-barat-hos9801543/,rumah123
"Rumah Siap Huni di Bukit Palma, Citraland, Surabaya Barat",1150000000,120.0,100.0,3,2,1,1.0,Unfurnished,1,1,"Citraland, Surabaya",-7.28917,112.734,https://www.rumah123.com/properti/surabaya-citraland/rumah-siap-huni-di-bukit-palma-citraland-surabaya-barat-hos11223452/,rumah123
Rumah Wisata Bukit Mas Wiyung Bagus dan Terawat,3500000000,240.0,280.0,4,3,2,2.0,,1,0,"Wisata Bukit Mas, Surabaya",-7.28917,112.734,https://www.rumah123.com/properti/surabaya-wisata-bukit-mas/rumah-wisata-bukit-mas-wiyung-bagus-dan-terawat-hos17808244/,rumah123
Dijual Rumah Furnish Royal Residence Surabaya,2800000000,144.0,152.0,3,3,2,2.0,Furnished,1,1,"Wiyung, Surabaya",-7.31097,112.698067,https://www.rumah123.com/properti/surabaya-wiyung/dijual-rumah-furnish-royal-residence-surabaya-hos41843222/,rumah123
Dijual Rumah Wisata Bukit Mas Surabaya Barat Wiyung Mewah Classic,3900000000,240.0,250.0,4,3,2,1.0,Unfurnished,1,1,"Wisata Bukit Mas, Surabaya",-7.308962,112.667053,https://www.rumah123.com/properti/surabaya-wisata-bukit-mas/dijual-rumah-wisata-bukit-mas-surabaya-barat-wiyung-mewah-classic-hos41210881/,rumah123
Rumah Citraland Cluster Eastwood Modern Minimalis Hook,5500000000,298.0,450.0,4,4,2,1.0,Semi Furnished,0,0,"Citraland, Surabaya",-7.2888808,112.644871,https://www.rumah123.com/properti/surabaya-citraland/rumah-citraland-cluster-eastwood-modern-minimalis-hook-hos14276757/,rumah123
Dijual Rumah Full Furnish Manyar Garden Surabaya Timur,5250000000,264.0,326.0,5,4,2,2.0,Furnished,1,1,"kertajaya, Surabaya",-7.282603,112.755432,https://www.rumah123.com/properti/surabaya-kertajaya/dijual-rumah-full-furnish-manyar-garden-surabaya-timur-hos41772821/,rumah123
Dijual Rumah Murah Wisma Lidah Kulon Surabaya Barat Dekat Wiyung,1100000000,165.0,182.0,5,2,2,1.0,Unfurnished,1,0,"Wiyung, Surabaya",-7.31097,112.698067,https://www.rumah123.com/properti/surabaya-wiyung/dijual-rumah-murah-wisma-lidah-kulon-surabaya-barat-dekat-wiyung-hos41485421/,rumah123
"Rumah Baru Gress di Nirwana Executive, Surabaya Selatan",2300000000,160.0,100.0,3,2,2,,Unfurnished,1,1,"Rungkut, Surabaya",-7.31434,112.80023,https://www.rumah123.com/properti/surabaya-rungkut/rumah-baru-gress-di-nirwana-executive-surabaya-selatan-hos42087596/,rumah123
"Rumah Baru Gress di Manyar Jaya, Surabaya Timur",2870000000,160.0,220.0,3,4,2,2.0,Unfurnished,1,1,"Manyar, Surabaya",-7.28724,112.73905,https://www.rumah123.com/properti/surabaya-manyar/rumah-baru-gress-di-manyar-jaya-surabaya-timur-hos42094035/,rumah123
"2 Rumah jadi 1 di Manyar Jaya, Surabaya Timur",26000000000,1400.0,1100.0,7,5,2,2.0,Unfurnished,1,1,"Manyar, Surabaya",-7.28724,112.73905,https://www.rumah123.com/properti/surabaya-manyar/2-rumah-jadi-1-di-manyar-jaya-surabaya-timur-hos40384598/,rumah123
"Rumah Siap Huni di Cluster San Diego, Pakuwon City, Surabaya Timur",5000000000,200.0,200.0,3,2,2,1.0,Unfurnished,1,1,"Pakuwon City, Surabaya",-7.28917,112.67556,https://www.rumah123.com/properti/surabaya-pakuwon-city/rumah-siap-huni-di-cluster-san-diego-pakuwon-city-surabaya-timur-hos42093938/,rumah123
"Rumah Baru Gress di Cluster Bukit Palma, Citraland, Surabaya Barat",2000000000,120.0,170.0,4,4,2,2.0,Unfurnished,1,1,"Citraland, Surabaya",-7.3093542,112.6565456,https://www.rumah123.com/properti/surabaya-citraland/rumah-baru-gress-di-cluster-bukit-palma-citraland-surabaya-barat-hos40765111/,rumah123
"Rumah Siap Huni di Cluster White House, Dian Istana, Surabaya Barat",2600000000,105.0,140.0,3,3,2,1.0,Unfurnished,1,1,"Wiyung, Surabaya",-7.31097,112.69807,https://www.rumah123.com/properti/surabaya-wiyung/rumah-siap-huni-di-cluster-white-house-dian-istana-surabaya-barat-hos41856165/,rumah123
"Rumah di Cluster Bukit Golf, Citraland, Surabaya Barat",14500000000,630.0,450.0,4,4,2,,Unfurnished,1,0,"Citraland, Surabaya",-7.3093542,112.6565456,https://www.rumah123.com/properti/surabaya-citraland/rumah-di-cluster-bukit-golf-citraland-surabaya-barat-hos42253337/,rumah123
"Rumah siap huni di Lebak Indah, Surabaya Timur",2800000000,297.0,250.0,4,3,1,1.0,Unfurnished,1,1,"Kenjeran, Surabaya",-7.23563,112.78616,https://www.rumah123.com/properti/surabaya-kenjeran/rumah-siap-huni-di-lebak-indah-surabaya-timur-hos39677644/,rumah123
"Rumah di Manyar Rejo, Surabaya Timur",2000000000,133.0,156.0,3,2,2,1.0,Unfurnished,1,1,"Manyar, Surabaya",-7.28724,112.73905,https://www.rumah123.com/properti/surabaya-manyar/rumah-di-manyar-rejo-surabaya-timur-hos40551546/,rumah123
Rumah di Lingkungan Exclusive dan Resort di Surabaya Timur,18000000000,480.0,650.0,4,4,3,2.0,Unfurnished,1,1,"Dharma Husada, Surabaya",-7.2666095,112.7681843,https://www.rumah123.com/properti/surabaya-dharma-husada/rumah-di-lingkungan-exclusive-dan-resort-di-surabaya-timur-hos42348720/,rumah123
"Rumah Baru Gress... di Pakuwon City, Surabaya Timur",2600000000,104.0,140.0,4,3,2,,Unfurnished,1,1,"Pakuwon City, Surabaya",-7.28917,112.67556,https://www.rumah123.com/properti/surabaya-pakuwon-city/rumah-proses-bangun-di-cluster-florence-pakuwon-city-surabaya-timur-hos41172124/,rumah123
"Rumah Baru Gress 2 lantai, Depan Danau di North West Park, Citraland, Surabaya Barat",2750000000,135.0,140.0,4,3,2,2.0,Unfurnished,1,1,"Citraland, Surabaya",-7.289003200000001,112.6449161,https://www.rumah123.com/properti/surabaya-citraland/rumah-baru-gress-2-lantai-depan-danau-di-north-west-park-citraland-surabaya-barat-hos6761778/,rumah123
"Rumah siap huni di Bukit Permai, Surabaya Barat",3800000000,300.0,220.0,3,2,1,,Unfurnished,1,1,"Sambikerep, Surabaya",-7.27993,112.65465,https://www.rumah123.com/properti/surabaya-sambikerep/rumah-siap-huni-di-bukit-permai-surabaya-barat-hos39310778/,rumah123
"Rumah Baru Gress di Taman Gunung Anyar, Surbaya Timur",850000000,100.0,70.0,3,2,1,2.0,Unfurnished,1,1,"Gununganyar, Surabaya",-7.33182,112.80822,https://www.rumah123.com/properti/surabaya-gununganyar/rumah-baru-gress-di-taman-gunung-anyar-surbaya-timur-hos41244066/,rumah123
"Rumah baru renovasi di Ngagel Jaya Utara, Surabaya Timur",4600000000,377.0,300.0,3,2,1,1.0,Unfurnished,0,1,"Ngagel, Surabaya",-7.287440099999999,112.7472413,https://www.rumah123.com/properti/surabaya-ngagel/rumah-baru-renovasi-di-ngagel-jaya-utara-surabaya-timur-hos39317265/,rumah123
"Rumah di cluster Ocean Park, Pantai Mentari, Surabaya Timur",2100000000,153.0,85.0,3,2,1,,Unfurnished,1,1,"Kenjeran, Surabaya",-7.23563,112.78616,https://www.rumah123.com/properti/surabaya-kenjeran/rumah-di-cluster-ocean-park-pantai-mentari-surabaya-timur-hos39963607/,rumah123
"Rumah Proses Bangun di Sutorejo Prima, Surabaya Timur",2000000000,90.0,160.0,4,3,2,1.0,Unfurnished,1,1,"Mulyosari, Surabaya",-7.26556,112.79649,https://www.rumah123.com/properti/surabaya-mulyosari/rumah-proses-bangun-di-sutorejo-prima-surabaya-timur-hos41244215/,rumah123
"2 Unit Rumah Baru Gress di Jl Modern Tengah, Surbaya Timur",795000000,100.0,70.0,3,2,1,2.0,Unfurnished,1,1,"Gununganyar, Surabaya",-7.33182,112.80822,https://www.rumah123.com/properti/surabaya-gununganyar/2-unit-rumah-baru-gress-di-jl-modern-tengah-surbaya-timur-hos41244192/,rumah123
Dijual Rumah Termurah di Royal Residence Wiyung Surabaya Barat,2000000000,128.0,125.0,4,4,2,2.0,Unfurnished,1,1,"Wiyung, Surabaya",-7.31097,112.698067,https://www.rumah123.com/properti/surabaya-wiyung/dijual-rumah-termurah-di-royal-residence-wiyung-surabaya-barat-hos41444740/,rumah123
Dijual Rumah di Graha Sampurna Wiyung Surabaya Barat,2000000000,135.0,92.0,4,2,1,1.0,Unfurnished,1,0,"Wiyung, Surabaya",-7.31097,112.698067,https://www.rumah123.com/properti/surabaya-wiyung/dijual-rumah-di-graha-sampurna-wiyung-surabaya-barat-hos41702551/,rumah123
Dijual Rumah New Gress Progres Araya Galaxy Bumi Permai 2 Surabaya,2650000000,75.0,160.0,4,3,2,2.0,Unfurnished,1,0,"Semampir, Surabaya",-7.2149,112.748787,https://www.rumah123.com/properti/surabaya-semampir/dijual-rumah-new-gress-progres-araya-galaxy-bumi-permai-2-surabaya-hos41498870/,rumah123
Dijual Rumah New Gress di Araya Surabaya Timur,2600000000,102.0,145.0,5,4,2,1.0,Unfurnished,1,0,"Semolowaru, Surabaya",-7.30105,112.778557,https://www.rumah123.com/properti/surabaya-semolowaru/dijual-rumah-new-gress-di-araya-surabaya-timur-hos41444712/,rumah123
Dijual Rumah Minimalis Siap Huni di Perumahan Babatan Pilang Wiyung Surabaya,800000000,75.0,60.0,2,2,1,1.0,Unfurnished,1,0,"Wiyung, Surabaya",-7.31097,112.698067,https://www.rumah123.com/properti/surabaya-wiyung/dijual-rumah-minimalis-siap-huni-di-perumahan-babatan-pilang-wiyung-surabaya-hos41774060/,rumah123
Dijual Rumah Strategis Nol Jalan Utama Gayungsari Surabaya,4300000000,293.0,232.0,7,3,1,1.0,Unfurnished,1,0,"Gayungan, Surabaya",-7.33,112.726021,https://www.rumah123.com/properti/surabaya-gayungan/dijual-rumah-strategis-nol-jalan-utama-gayungsari-surabaya-hos41740752/,rumah123
Jual Rumah Baru Lokasi Strategis Di Perumahan Villa Kalijudan Surabaya,1800000000,100.0,160.0,4,4,2,,Unfurnished,1,0,"Mulyorejo, Surabaya",-7.27049,112.780548,https://www.rumah123.com/properti/surabaya-mulyorejo/jual-rumah-baru-lokasi-strategis-di-perumahan-villa-kalijudan-surabaya-hos40026051/,rumah123
Dijual Rumah Murah di Babatan Mukti Wiyung Surabaya Barat,1700000000,153.0,130.0,4,2,1,,Unfurnished,1,0,"Wiyung, Surabaya",-7.31097,112.698067,https://www.rumah123.com/properti/surabaya-wiyung/dijual-rumah-murah-di-babatan-mukti-wiyung-surabaya-barat-hos41861196/,rumah123
Dijual Rumah Double Facade Jalan Raya Karangmenjangan Surabaya,1900000000,161.0,256.0,1,1,1,,Unfurnished,1,0,"Gubeng, Surabaya",-7.27396,112.748192,https://www.rumah123.com/properti/surabaya-gubeng/dijual-rumah-double-facade-jalan-raya-karangmenjangan-surabaya-hos39848002/,rumah123
Dijual Rumah Baru Siap Huni Lokasi Tenggilis Mejoyo,1500000000,90.0,145.0,4,4,1,1.0,Unfurnished,1,0,"Tenggilis Mejoyo, Surabaya",-7.31943,112.755386,https://www.rumah123.com/properti/surabaya-tenggilis-mejoyo/dijual-rumah-baru-siap-huni-lokasi-tenggilis-mejoyo-hos40026091/,rumah123
Dijual Rumah 1 Lantai Lebar Minimalis di Gayungsari Raya Surabaya Selatan,6000000000,400.0,350.0,5,3,1,1.0,Unfurnished,1,0,"Jambangan, Surabaya",-7.31747,112.716637,https://www.rumah123.com/properti/surabaya-jambangan/dijual-rumah-1-lantai-lebar-minimalis-di-gayungsari-raya-surabaya-selatan-hos41839302/,rumah123
Dijual Rumah Jalan Kutisari Indah Surabaya,1500000000,228.0,169.0,3,2,1,2.0,Unfurnished,1,0,"Kutisari, Surabaya",-7.277097,112.717407,https://www.rumah123.com/properti/surabaya-kutisari/dijual-rumah-jalan-kutisari-indah-surabaya-hos39847774/,rumah123
Dijual Rumah Baru Gress di Manyar Kertoadin Surabaya Timur,4300000000,216.0,315.0,5,4,2,2.0,Unfurnished,1,0,"Manyar, Surabaya",-7.28724,112.739052,https://www.rumah123.com/properti/surabaya-manyar/dijual-rumah-baru-gress-di-manyar-kertoadin-surabaya-timur-hos41849356/,rumah123
Dijual Rumah Murah di Babatan Mukti Wiyung Surabaya Barat,1800000000,165.0,100.0,4,2,1,1.0,Unfurnished,1,0,"Wiyung, Surabaya",-7.31097,112.698067,https://www.rumah123.com/properti/surabaya-wiyung/dijual-rumah-murah-di-babatan-mukti-wiyung-surabaya-barat-hos41861277/,rumah123
Dijual Rumah Baru Siap Huni Lokasi Strategis di Manyar Kertoadi Surabaya,4800000000,200.0,300.0,5,5,2,1.0,Unfurnished,1,0,"Manyar, Surabaya",-7.28724,112.739052,https://www.rumah123.com/properti/surabaya-manyar/dijual-rumah-baru-siap-huni-lokasi-strategis-di-manyar-kertoadi-surabaya-hos41849439/,rumah123
Dijual Rumah Terawat Pusat Kota di Jalan Gadung Surabaya Selatan Dekat Rsal,950000000,177.0,177.0,5,2,1,,Unfurnished,1,0,"Wonokromo, Surabaya",-7.304,112.731598,https://www.rumah123.com/properti/surabaya-wonokromo/dijual-rumah-terawat-pusat-kota-di-jalan-gadung-surabaya-selatan-dekat-rsal-hos40792748/,rumah123
Dijual Rumah Minimalis Siap Huni Furnished Termurah di Prapen Jemursari,2300000000,165.0,175.0,3,3,1,2.0,Semi Furnished,1,1,"Jemursari, Surabaya",-7.32428,112.74173,https://www.rumah123.com/properti/surabaya-jemursari/dijual-rumah-minimalis-siap-huni-furnished-termurah-di-prapen-jemursari-hos42043494/,rumah123
Dijual Rumah Baru Gress Sisa 1 Unit di Klampis Semolo Barat Surabaya,1390000000,67.0,110.0,4,3,2,1.0,Unfurnished,1,0,"Semolowaru, Surabaya",-7.30105,112.778557,https://www.rumah123.com/properti/surabaya-semolowaru/dijual-rumah-baru-gress-sisa-1-unit-di-klampis-semolo-barat-surabaya-hos40769944/,rumah123
Dijual Rumah 2 Lantai Siap Hunidi Babatan Pratama Surabaya,1700000000,90.0,180.0,3,2,2,1.0,Unfurnished,1,1,"Wiyung, Surabaya",-7.31097,112.698067,https://www.rumah123.com/properti/surabaya-wiyung/dijual-rumah-2-lantai-siap-hunidi-babatan-pratama-surabaya-hos42044309/,rumah123
Dijual Cepat Rumah 2 Lantai Siap Huni di Pondok Maritim Wiyung Surabaya,950000000,105.0,210.0,5,4,2,1.0,Unfurnished,1,1,"Wiyung, Surabaya",-7.31097,112.698067,https://www.rumah123.com/properti/surabaya-wiyung/dijual-cepat-rumah-2-lantai-siap-huni-di-pondok-maritim-wiyung-surabaya-hos42044312/,rumah123
Dijual Rumah Minimalis Siap Huni Dalam Cluster One Gate Perumahan Jambangan,2500000000,126.0,191.0,4,3,2,2.0,Semi Furnished,1,1,"Jambangan, Surabaya",-7.31747,112.716637,https://www.rumah123.com/properti/surabaya-jambangan/dijual-rumah-minimalis-siap-huni-dalam-cluster-one-gate-perumahan-jambangan-hos42075600/,rumah123
"Dijual Rumah 2 Lantai, Kalijudan Barat , Strategis , Surabaya Timur",1250000000,75.0,85.0,3,3,2,1.0,Unfurnished,1,1,"Mulyorejo, Surabaya",-7.27049,112.780548,https://www.rumah123.com/properti/surabaya-mulyorejo/dijual-rumah-2-lantai-kalijudan-barat-strategis-surabaya-timur-hos42075752/,rumah123
Dijual Rumah Baru 2 Lantai Pondok Maritim Indah Kebraon,1080000000,100.0,100.0,3,2,2,1.0,Unfurnished,1,1,"Wiyung, Surabaya",-7.31097,112.698067,https://www.rumah123.com/properti/surabaya-wiyung/dijual-rumah-baru-2-lantai-pondok-maritim-indah-kebraon-hos42047235/,rumah123
Dijual Rumah Murah di Medokan Ayu Surabaya Timur,790000000,105.0,90.0,3,2,1,1.0,Semi Furnished,1,0,"Rungkut, Surabaya",-7.31434,112.800232,https://www.rumah123.com/properti/surabaya-rungkut/dijual-rumah-murah-di-medokan-ayu-surabaya-timur-hos40950931/,rumah123
Dijual Rumah 1 Lantai Siap Huni Dalam Cluster Perumahan Jambangan Surabaya Selatan,1100000000,96.0,70.0,3,1,1,1.0,Unfurnished,1,1,"Jambangan, Surabaya",-7.31747,112.716637,https://www.rumah123.com/properti/surabaya-jambangan/dijual-rumah-1-lantai-siap-huni-dalam-cluster-perumahan-jambangan-surabaya-selatan-hos42101453/,rumah123
Dijual Rumah 2 Lantai Baru Gress Modern Minimalis di Bukit Palma Citraland Surabaya Barat,2000000000,120.0,170.0,5,5,2,2.0,Unfurnished,1,0,"Citraland, Surabaya",-7.309354,112.656548,https://www.rumah123.com/properti/surabaya-citraland/dijual-rumah-2-lantai-baru-gress-modern-minimalis-di-bukit-palma-citraland-surabaya-barat-hos40355592/,rumah123
Dijual Rumah Musah Di Wonorejo Rungkut Surabaya Timur,895000000,100.0,60.0,3,2,1,,Unfurnished,1,0,"Wonorejo, Surabaya",-7.271274,112.731598,https://www.rumah123.com/properti/surabaya-wonorejo/dijual-rumah-musah-di-wonorejo-rungkut-surabaya-timur-hos40355608/,rumah123
Rumah Pusat Kota Nol Jalan Besar Mayjen Sungkono Surabaya,3750000000,182.0,150.0,3,2,1,2.0,Unfurnished,1,1,"Mayjen Sungkono, Surabaya",-7.2920002937316895,112.7295150756836,https://www.rumah123.com/properti/surabaya-mayjen-sungkono/rumah-pusat-kota-nol-jalan-besar-mayjen-sungkono-surabaya-hos15921220/,rumah123
Royal Residence Luar Cluster Siap Huni Semi Furnished,8500000000,450.0,450.0,4,3,2,2.0,Semi Furnished,1,1,"Wiyung, Surabaya",-7.31097,112.69807,https://www.rumah123.com/properti/surabaya-wiyung/royal-residence-luar-cluster-siap-huni-semi-furnished-hos16534096/,rumah123
Dijual Rumah Tingkat Baru Paling Murah Medokan Ayu Surabaya,457000000,34.0,68.0,2,2,2,1.0,Unfurnished,1,0,"Medokan Ayu, Surabaya",-7.326097,112.81353,https://www.rumah123.com/properti/surabaya-medokan-ayu/dijual-rumah-tingkat-baru-paling-murah-medokan-ayu-surabaya-hos39634710/,rumah123
Rumah di Komplek Mojoarum Dharmahusada Furnished,3500000000,297.0,540.0,7,5,2,3.0,Furnished,1,0,"Dharma Husada, Surabaya",-7.2666095,112.7681843,https://www.rumah123.com/properti/surabaya-dharma-husada/rumah-di-komplek-mojoarum-dharmahusada-furnished-hos18990033/,rumah123
Dijual Rumah Vintage Hitung Tanah Tegalsari Surabaya Pusat,42000000000,1870.0,939.0,1,1,2,,Unfurnished,1,1,"Tegalsari, Surabaya",-7.27355,112.737457,https://www.rumah123.com/properti/surabaya-tegalsari/dijual-rumah-vintage-hitung-tanah-tegalsari-surabaya-pusat-hos39752890/,rumah123
Dijual Rumah New Gress Wisma Mukti Surabaya,2200000000,112.0,183.0,5,4,2,,Unfurnished,1,0,"Sukolilo, Surabaya",-7.28813,112.802902,https://www.rumah123.com/properti/surabaya-sukolilo/dijual-rumah-new-gress-wisma-mukti-surabaya-hos40234651/,rumah123
Rumah Baru Scandinavian Minimalis Darmo Satelit Utara Surabaya,1800000000,108.0,92.0,3,2,2,1.0,Unfurnished,1,1,"Darmo permai, Surabaya",-7.28917,112.734,https://www.rumah123.com/properti/surabaya-darmo-permai/rumah-baru-scandinavian-minimalis-darmo-satelit-utara-surabaya-hos15939115/,rumah123
Dijual Rumah Baru Siap Huni Wiyung Brantas Permai,1400000000,60.0,90.0,3,2,1,1.0,Unfurnished,1,0,"Wiyung, Surabaya",-7.31097,112.698067,https://www.rumah123.com/properti/surabaya-wiyung/dijual-rumah-baru-siap-huni-wiyung-brantas-permai-hos40396216/,rumah123
Rumah Hitung Tanah Nol Jalan Raya Arjuno Deretan Hotel n Kuliner,23000000000,1602.0,258.0,3,3,1,11.0,Unfurnished,1,1,"Tegalsari, Surabaya",-7.27355,112.73746,https://www.rumah123.com/properti/surabaya-tegalsari/rumah-hitung-tanah-nol-jalan-raya-arjuno-deretan-hotel-n-kuliner-hos16070454/,rumah123
Dijual Rumah Klasik Di Jalan Trunojoyo Surabaya,7500000000,260.0,160.0,2,1,1,,Unfurnished,1,0,"Tegalsari, Surabaya",-7.27355,112.737457,https://www.rumah123.com/properti/surabaya-tegalsari/dijual-rumah-klasik-di-jalan-trunojoyo-surabaya-hos39700562/,rumah123
Dijual Rumah New Gress Minimalis Siap Huni Dikomplek Rungkut Menanggal,999000000,50.0,84.0,3,2,1,1.0,Unfurnished,1,0,"Rungkut, Surabaya",-7.31434,112.800232,https://www.rumah123.com/properti/surabaya-rungkut/dijual-rumah-new-gress-minimalis-siap-huni-dikomplek-rungkut-menanggal-hos40396203/,rumah123
Dijual Rumah Baru Gress di Manyar Kertoarjo Surabaya,4900000000,164.0,260.0,5,4,2,2.0,Unfurnished,1,0,"Manyar, Surabaya",-7.28724,112.739052,https://www.rumah123.com/properti/surabaya-manyar/dijual-rumah-baru-gress-di-manyar-kertoarjo-surabaya-hos41224134/,rumah123
Dijual Rumah Minimalis Siap Huni di Rifera Town House Sidoarjo Kota,875000000,72.0,72.0,3,2,2,2.0,Unfurnished,1,1,"Sidoarjo, Surabaya",-7.450998,112.715439,https://www.rumah123.com/properti/surabaya-sidoarjo/dijual-rumah-minimalis-siap-huni-di-rifera-town-house-sidoarjo-kota-hos40570556/,rumah123
Dijual Rumah Minimalis Siap Huni di Pondok Candra Cluster Opal,1300000000,72.0,75.0,3,2,2,1.0,Unfurnished,1,0,"Waru, Surabaya",-7.350308,112.767464,https://www.rumah123.com/properti/surabaya-waru/dijual-rumah-minimalis-siap-huni-di-pondok-candra-cluster-opal-hos40570628/,rumah123
Dijual Rumah New Gress Siap Huni Di Ketintang Baru Surabaya,1350000000,55.0,85.0,3,2,2,1.0,Unfurnished,1,0,"Ketintang, Surabaya",-7.31682,112.727997,https://www.rumah123.com/properti/surabaya-ketintang/dijual-rumah-new-gress-siap-huni-di-ketintang-baru-surabaya-hos40670006/,rumah123
Dijual Rumah Terawat Taman Pondok Indah Wiyung Surabaya,1350000000,104.0,54.0,2,1,1,1.0,Unfurnished,1,1,"Wiyung, Surabaya",-7.31097,112.698067,https://www.rumah123.com/properti/surabaya-wiyung/dijual-rumah-terawat-taman-pondok-indah-wiyung-surabaya-hos40659098/,rumah123
Dijual Rumah Hook Klasik Bendul Merisi Permai Dekat Plaza Marina,3000000000,262.0,281.0,4,2,2,2.0,Unfurnished,1,0,"Wonocolo, Surabaya",-7.3273,112.737198,https://www.rumah123.com/properti/surabaya-wonocolo/dijual-rumah-hook-klasik-bendul-merisi-permai-dekat-plaza-marina-hos39236911/,rumah123
Dijual Rumah Baru Gress - Bukit Palma,2000000000,120.0,170.0,4,4,2,2.0,Unfurnished,1,0,"Pakal, Surabaya",-7.28917,112.734,https://www.rumah123.com/properti/surabaya-pakal/dijual-rumah-baru-gress-bukit-palma-hos42322598/,rumah123
Dekat Surabaya Pusat Manyar Jaya Praja Komplek Perumahan Dekat Petra,3700000000,160.0,210.0,4,3,2,2.0,Unfurnished,1,1,"Manyar, Surabaya",-7.28917,112.734,https://www.rumah123.com/properti/surabaya-manyar/dekay-durabaya-pusat-manyar-jaya-praja-komplek-perumahan-dekat-petra-hos41246721/,rumah123
"Murah Dekat Merr , Gm Hitung Tanah Dharmahusada Indah Lokasi Bgs",4900000000,312.0,200.0,3,2,1,1.0,Unfurnished,1,1,"Sukolilo, Surabaya",-7.28917,112.734,https://www.rumah123.com/properti/surabaya-sukolilo/murah-dekat-merr-gm-hitung-tanah-dharmahusada-indah-lokasi-bgs-hos42380794/,rumah123
Dijual Cepat Rumah 1Â½ Lantai Prapen Indah - Surabaya Timur,4500000000,592.0,350.0,5,3,1,2.0,Unfurnished,1,1,"Tenggilis Mejoyo, Surabaya",-7.31943,112.755386,https://www.rumah123.com/properti/surabaya-tenggilis-mejoyo/dijual-cepat-rumah-1-lantai-prapen-indah-surabaya-timur-hos42385452/,rumah123
Rumah 2 Lantai di Area Grand Pakuwon Adelaide Surabaya Barat.,1750000000,72.0,70.0,2,2,2,1.0,Unfurnished,1,1,"Pakuwon, Surabaya",-7.28917,112.734,https://www.rumah123.com/properti/surabaya-pakuwon/rumah-2-lantai-di-area-grand-pakuwon-adelaide-surabaya-barat-hos41486722/,rumah123
Rumah 2 Lantai Bagus Siap Huni Dekat Perkotaan.,2500000000,181.0,355.0,5,3,2,1.0,Unfurnished,1,0,"Mulyosari, Surabaya",-7.26556,112.79649,https://www.rumah123.com/properti/surabaya-mulyosari/rumah-2-lantai-bagus-siap-huni-dekat-perkotaan-hos19395882/,rumah123
"Rumah Minimalis 2 Lantai Di Nginden Intan, Surabaya.",3500000000,270.0,350.0,4,3,2,1.0,Unfurnished,1,1,"Nginden, Surabaya",-7.29974,112.76736,https://www.rumah123.com/properti/surabaya-nginden/rumah-minimalis-2-lantai-di-nginden-intan-surabaya-hos18697149/,rumah123
"Rumah 1 Lantai di Area Medayu Utara, Surabaya Timur.",850000000,100.0,60.0,2,2,1,1.0,Unfurnished,0,0,"Medokan Ayu, Surabaya",-7.28917,112.734,https://www.rumah123.com/properti/surabaya-medokan-ayu/rumah-1-lantai-di-area-medayu-utara-surabaya-timur-hos42130827/,rumah123
"Rumah Hook 2 Lantai di Wiguna Timur, Surabaya.",1200000000,180.0,250.0,3,3,2,1.0,Unfurnished,1,1,"Gununganyar, Surabaya",-7.28917,112.734,https://www.rumah123.com/properti/surabaya-gununganyar/rumah-hook-2-lantai-di-wiguna-timur-surabaya-hos40058698/,rumah123
"Rumah 1 Lantai di Lebak Timur Indah, Kenjeran Surabaya.",2750000000,213.0,200.0,2,1,1,1.0,Unfurnished,1,0,"Tambaksari, Surabaya",-7.28917,112.734,https://www.rumah123.com/properti/surabaya-tambaksari/rumah-1-lantai-di-lebak-timur-indah-kenjeran-surabaya-hos40113422/,rumah123
Rumah 1 Lantai di Area Lebak Timur Indah Gading Kenjeran.,2950000000,200.0,200.0,2,2,1,,Unfurnished,1,0,"Kenjeran, Surabaya",-7.28917,112.734,https://www.rumah123.com/properti/surabaya-kenjeran/rumah-1-lantai-di-area-lebak-timur-indah-gading-kenjeran-hos41606813/,rumah123
"Rumah 2 Lantai Di Jalan Ngaglik, Surabaya.",7000000000,200.0,400.0,6,5,2,2.0,Unfurnished,0,0,"Tambaksari, Surabaya",-7.25371,112.75321,https://www.rumah123.com/properti/surabaya-tambaksari/rumah-2-lantai-di-jalan-ngaglik-surabaya-hos19537576/,rumah123
"Rumah Bagus 2 Lantai Di Daerah Dharmahusada Utara, Surabaya.",9000000000,495.0,520.0,5,4,2,1.0,Furnished,1,1,"Dharma Husada, Surabaya",-7.2666095,112.7681843,https://www.rumah123.com/properti/surabaya-dharma-husada/rumah-bagus-2-lantai-di-daerah-dharmahusada-utara-surabaya-hos39702232/,rumah123
"Rumah Bagus 2 Lantai Di Wilayah Dharma Husada Utara, Surabaya.",9000000000,623.0,250.0,3,5,2,1.0,Furnished,1,1,"Dharma Husada, Surabaya",-7.26661,112.768181,https://www.rumah123.com/properti/surabaya-dharma-husada/rumah-bagus-2-lantai-di-wilayah-dharma-husada-utara-surabaya-hos39689871/,rumah123
Rumah 1 Lantai Di Gubeng Kertajaya Surabaya Timur.,750000000,114.0,130.0,3,1,1,,Unfurnished,0,0,"Gubeng, Surabaya",-7.27396,112.74819,https://www.rumah123.com/properti/surabaya-gubeng/rumah-1-lantai-di-gubeng-kertajaya-surabaya-timur-hos18945658/,rumah123
"Rumah 2 Lantai Di Kalikepiting, Surabaya.",1500000000,90.0,70.0,3,2,2,1.0,Unfurnished,1,0,"Tambaksari, Surabaya",-7.25371,112.75321,https://www.rumah123.com/properti/surabaya-tambaksari/rumah-2-lantai-di-kalikepiting-surabaya-hos39644421/,rumah123
"Rumah 1 Lantai Sederhana Diarea Peneleh, Surabaya.",590000000,148.0,140.0,3,2,1,,Unfurnished,1,0,"Genteng, Surabaya",-7.28917,112.734,https://www.rumah123.com/properti/surabaya-genteng/rumah-1-lantai-sederhana-diarea-peneleh-surabaya-hos42268334/,rumah123
Rumah Baru Bagus 2 Lantai di Area Mulyosari Bpd.,1800000000,120.0,200.0,5,4,2,1.0,Unfurnished,1,0,"Mulyosari, Surabaya",-7.26556,112.796494,https://www.rumah123.com/properti/surabaya-mulyosari/rumah-baru-bagus-2-lantai-di-area-mulyosari-bpd-hos42307812/,rumah123
Babatan Pantai Utara 5,3000000000,300.0,350.0,5,2,2,1.0,Unfurnished,0,0,"Kenjeran, Surabaya",-7.23563,-7.23563,https://www.rumah123.com/properti/surabaya-kenjeran/babatan-pantai-utara-5-hos42358254/,rumah123
"Rumah Dharmahusada Minimalis Dkt Kertajaya, Manyar",4000000000,200.0,330.0,5,2,2,,Unfurnished,0,0,"Dharma Husada, Surabaya",-7.26661,-7.26661,https://www.rumah123.com/properti/surabaya-dharma-husada/rumah-dharmahusada-minimalis-dkt-kertajaya-manyar-hos42372905/,rumah123
Dijual Rumah Minimalis Modern Daerah Dharmahusada Indah,1550000000,91.0,140.0,3,3,2,1.0,Unfurnished,1,1,"Surabaya Kota, Surabaya",-7.2771,112.717407,https://www.rumah123.com/properti/surabaya-surabaya-kota/dijual-rumah-minimalis-modern-daerah-dharmahusada-indah-hos40060539/,rumah123
Dijual Rumah Siap Huni Di Araya- Surabaya Timur,4850000000,189.0,300.0,4,3,2,2.0,Furnished,1,1,"Surabaya Kota, Surabaya",-7.2771,112.717407,https://www.rumah123.com/properti/surabaya-surabaya-kota/dijual-rumah-siap-huni-di-araya-surabaya-timur-hos40058929/,rumah123
Dijual Cepat Rumah Sidosermo Pusat Kota Surabaya,3900000000,200.0,340.0,4,2,2,2.0,Unfurnished,1,1,"Surabaya Kota, Surabaya",-7.2771,112.717407,https://www.rumah123.com/properti/surabaya-surabaya-kota/dijual-cepat-rumah-sidosermo-pusat-kota-surabaya-hos40069106/,rumah123
Dijual Cepat Rumah Siap Huni Bebas Banjir Tambaksari,550000000,50.0,60.0,3,1,1,1.0,Unfurnished,1,0,"Surabaya Kota, Surabaya",-7.2771,112.717407,https://www.rumah123.com/properti/surabaya-surabaya-kota/dijual-cepat-rumah-siap-huni-bebas-banjir-tambaksari-hos19521107/,rumah123
"Dijual Rumah di Araya Tahap 2, Dekat Semolowaru",3900000000,160.0,210.0,3,3,2,1.0,Unfurnished,1,1,"Surabaya Kota, Surabaya",-7.2771,112.717407,https://www.rumah123.com/properti/surabaya-surabaya-kota/dijual-rumah-di-araya-tahap-2-dekat-semolowaru-hos40717611/,rumah123
Dijual Cepat Rumah 2 Lantai Darmo Harapan Posisi Hook Surabaya,8000000000,352.0,264.0,6,4,2,2.0,Unfurnished,1,1,"Surabaya Kota, Surabaya",-7.2771,112.717407,https://www.rumah123.com/properti/surabaya-surabaya-kota/dijual-cepat-rumah-2-lantai-darmo-harapan-posisi-hook-surabaya-hos41697813/,rumah123
Dijual Rumah Darmo Sentosa Raya Surabaya,4000000000,200.0,230.0,3,2,2,1,Unfurnished,1,0,"Surabaya Kota, Surabaya",-7.2771,112.717407,https://www.rumah123.com/properti/surabaya-surabaya-kota/dijual-rumah-darmo-sentosa-raya-surabaya-hos40150935/,rumah123
Dijual Rumah Daerah Villa Bukit Mas Akses Tol,4600000000,250.0,200.0,3,2,2,1,Unfurnished,1,1,"Surabaya Kota, Surabaya",-7.2771,112.717407,https://www.rumah123.com/properti/surabaya-surabaya-kota/dijual-rumah-daerah-villa-bukit-mas-akses-tol-hos41403659/,rumah123
Dijual Rumah Mewah Semi Furnish Villa Bukit Mas,6500000000,400.0,312.0,4,3,2,2,Semi Furnished,1,1,"Surabaya Kota, Surabaya",-7.2771,112.717407,https://www.rumah123.com/properti/surabaya-surabaya-kota/dijual-rumah-mewah-semi-furnish-villa-bukit-mas-hos41497333/,rumah123
Dijual Cepat Rumah Pantai Mentari Cluster The Havens,1500000000,108.0,150.0,3,2,2,2,Unfurnished,1,0,"Surabaya Kota, Surabaya",-7.2771,112.717407,https://www.rumah123.com/properti/surabaya-surabaya-kota/jual-cepat-rumah-pantai-mentari-cluster-the-havens-hos41328559/,rumah123
Dijual Rumah Modern Babatan Pilang Wiyung,1700000000,153.0,250.0,4,2,2,3,Unfurnished,1,1,"Wiyung, Surabaya",-7.31097,112.698067,https://www.rumah123.com/properti/surabaya-wiyung/dijual-rumah-modern-babatan-pilang-wiyung-hos41288959/,rumah123
Dijual Rumah 2 Lantai Disiwalankerto Surabaya,1500000000,102.0,120.0,3,3,2,1,Unfurnished,1,0,"Surabaya Kota, Surabaya",-7.2771,112.717407,https://www.rumah123.com/properti/surabaya-surabaya-kota/dijual-rumah-2-lantai-disiwalankerto-surabaya-hos40161629/,rumah123
"Dijual Rumah Minimalis Modern Manyar Jaya. Dekat Its, Unair",4600000000,176.0,250.0,4,4,2,1,Unfurnished,1,0,"Surabaya Kota, Surabaya",-7.2771,112.717407,https://www.rumah123.com/properti/surabaya-surabaya-kota/dijual-rumah-minimalis-modern-manyar-jaya-dekat-its-unair-hos40144839/,rumah123
Dijual Cepat Rumah Minimalis Grand Harvest Belvoir Surabaya,2000000000,126.0,115.0,3,2,2,2,Unfurnished,1,1,"Wiyung, Surabaya",-7.31097,112.69807,https://www.rumah123.com/properti/surabaya-wiyung/dijual-cepat-rumah-minimalis-grand-harvest-belvoir-surabaya-hos18880704/,rumah123
Dijual Rumah 2 Lantai Minimalis Modern  Grand Harvest,1150000000,60.0,80.0,2,2,2,2,Unfurnished,1,1,"Wiyung, Surabaya",-7.31097,112.69807,https://www.rumah123.com/properti/surabaya-wiyung/dijual-rumah-2-lantai-minimalis-modern-grand-harvest-hos18879930/,rumah123
Dijual Rumah Pusat Kota Tumapel Lokasi Strategis Untuk Kos kosan,12000000000,365.0,534.0,22,8,2,2,Unfurnished,0,0,"Surabaya Kota, Surabaya",-7.2771,112.71741,https://www.rumah123.com/properti/surabaya-surabaya-kota/dijual-rumah-pusat-kota-tumapel-lokasi-strategis-untuk-kos-kosan-hos18217761/,rumah123
Turun Harga Dijual Rumah Bukit Palma Citraland,2150000000,120.0,170.0,4,4,2,1,Unfurnished,1,0,"Citraland, Surabaya",-7.309354,112.656548,https://www.rumah123.com/properti/surabaya-citraland/turun-harga-dijual-rumah-bukit-palma-citraland-hos41340968/,rumah123
Dijual Rumah Siap Huni Bukit Palma Citraland,1700000000,120.0,100.0,3,2,2,1,Unfurnished,1,1,"Citraland, Surabaya",-7.309354,112.656548,https://www.rumah123.com/properti/surabaya-citraland/dijual-rumah-siap-huni-bukit-palma-citraland-hos39376650/,rumah123
Dijual Rumah Rungkut Mananggal Dekat Upn,2690000000,444.0,200.0,5,3,1,2,Unfurnished,1,0,"Rungkut, Surabaya",-7.31434,112.800232,https://www.rumah123.com/properti/surabaya-rungkut/dijual-rumah-rungkut-mananggal-dekat-upn-hos40697036/,rumah123
Dijual Murah Rumah 1 Lantai Green Semanggi Mangrove Rungkut,750000000,84.0,50.0,2,1,1,1,Furnished,1,1,"Rungkut, Surabaya",-7.31434,112.80023,https://www.rumah123.com/properti/surabaya-rungkut/dijual-murah-rumah-1-lantai-green-semanggi-mangrove-rungkut-hos18882549/,rumah123
Dijual Via Lelang Rumah Pakuwon Indah Cluster Imperial,6440000000,330.0,450.0,4,4,2,1,Unfurnished,1,1,"Pakuwon Indah, Surabaya",-7.28921,112.674469,https://www.rumah123.com/properti/surabaya-pakuwon-indah/dijual-via-lelang-rumah-pakuwon-indah-cluster-imperial-hos40717825/,rumah123
Dijual Murah Rumah 2 Lt Palm Residence Sememi Barat,1350000000,105.0,170.0,3,3,2,1,Unfurnished,1,1,"Benowo, Surabaya",-7.23213,112.63014,https://www.rumah123.com/properti/surabaya-benowo/dijual-murah-rumah-2-lt-palm-residence-sememi-barat-hos18893734/,rumah123
Turun Harga Dijual Murah Rumah Medokan Ayu Utara,375000000,35.0,35.0,2,1,1,1,Unfurnished,1,0,"Rungkut, Surabaya",-7.31434,112.80023,https://www.rumah123.com/properti/surabaya-rungkut/turun-harga-dijual-murah-rumah-medokan-ayu-utara-hos18854528/,rumah123
"Dijual Rumah Full Furnished, Terawat Siap Huni di Grand Harvest",2200000000,147.0,135.0,3,2,2,2,Furnished,1,1,"Surabaya Kota, Surabaya",-7.2771,112.717407,https://www.rumah123.com/properti/surabaya-surabaya-kota/dijual-rumah-full-furnished-terawat-siap-huni-di-grand-harvest-hos40931824/,rumah123
Dijual Cepat Rumah Minimalis Modern Siap Huni,2950000000,191.0,170.0,3,3,2,1,Furnished,1,1,"Wiyung, Surabaya",-7.31097,112.698067,https://www.rumah123.com/properti/surabaya-wiyung/dijual-cepat-rumah-minimalis-modern-siap-huni-hos40608316/,rumah123
"Dijual Cepat Rumah Mewah 3,5 Lantai Galaxi Bumi Permai Surabaya",10500000000,527.0,527.0,7,8,3,4,Unfurnished,1,1,"Surabaya Kota, Surabaya",-7.2771,112.717407,https://www.rumah123.com/properti/surabaya-surabaya-kota/dijual-cepat-rumah-mewah-35-lantai-galaxi-bumi-permai-surabaya-hos39656814/,rumah123
Dijual Rumah Mewahi Citraland Utama Dekat Gwalk,4050000000,150.0,230.0,4,4,2,1,Unfurnished,1,1,"Citraland, Surabaya",-7.309354,112.656548,https://www.rumah123.com/properti/surabaya-citraland/dijual-rumah-mewahi-citraland-utama-dekat-gwalk-hos40658913/,rumah123
Dijual Cepat Rumah Minimalis Wiyung Regency,2700000000,162.0,200.0,4,2,2,1,Unfurnished,1,0,"Wiyung, Surabaya",-7.31097,112.698067,https://www.rumah123.com/properti/surabaya-wiyung/dijual-cepat-rumah-minimalis-wiyung-regency-hos40780490/,rumah123
Dijual Rumah Dua Lantai Minimalis Modern Wonorejo,835000000,100.0,75.0,3,1,2,1,Unfurnished,1,1,"Rungkut, Surabaya",-7.31434,112.800232,https://www.rumah123.com/properti/surabaya-rungkut/dijual-rumah-dua-lantai-minimalis-modern-wonorejo-hos38849162/,rumah123
Dijual Rumah Minimalis Pondok Indah Benowo,790000000,90.0,160.0,4,2,2,1,Unfurnished,1,1,"Wiyung, Surabaya",-7.31097,112.698067,https://www.rumah123.com/properti/surabaya-wiyung/dijual-rumah-minimalis-pondok-indah-benowo-hos38896791/,rumah123
Dijual Cepat Rumah Darmo Harapan Harga Nego,2600000000,220.0,200.0,3,3,2,1,Semi Furnished,1,0,"Darmo permai, Surabaya",-7.285674,112.70134,https://www.rumah123.com/properti/surabaya-darmo-permai/dijual-cepat-rumah-darmo-harapan-harga-nego-hos38834083/,rumah123
Dijual Cepat Rumah Lokasi Tambak Medokan Ayu Rungkut,600000000,100.0,40.0,2,1,1,1,Unfurnished,0,0,"Rungkut, Surabaya",-7.31434,112.80023,https://www.rumah123.com/properti/surabaya-rungkut/dijual-cepat-rumah-lokasi-tambak-medokan-ayu-rungkut-hos18882561/,rumah123
Dijual Rumah Minimalis Modern Mocca Dian Istana,3250000000,105.0,160.0,3,3,2,1,Unfurnished,1,1,"Wiyung, Surabaya",-7.31097,112.698067,https://www.rumah123.com/properti/surabaya-wiyung/dijual-rumah-minimalis-modern-mocca-dian-istana-hos38896767/,rumah123
Dijual Rumah Purimas Pecatu Selangkah Ke Kampus Upn,2700000000,112.0,260.0,4,2,2,1,Semi Furnished,1,1,"Rungkut, Surabaya",-7.31434,112.80023,https://www.rumah123.com/properti/surabaya-rungkut/dijual-rumah-purimas-pecatu-selangkah-ke-kampus-upn-hos17537667/,rumah123
Dijual Rumah 1 Lantai Perum Manyar 5 Menit Ke Kampus Untag,6500000000,462.0,312.0,4,2,1,2,Unfurnished,1,1,"Sukolilo, Surabaya",-7.28813,112.8029,https://www.rumah123.com/properti/surabaya-sukolilo/dijual-rumah-1-lantai-perum-manyar-5-menit-ke-kampus-untag-hos18882527/,rumah123
Dijual Rumah Gress Baruk Utara Letak Strategis,1750000000,75.0,100.0,3,3,2,1,Unfurnished,1,1,"Rungkut, Surabaya",-7.31434,112.80023,https://www.rumah123.com/properti/surabaya-rungkut/dijual-rumah-gress-baruk-utara-letak-strategis-hos18589205/,rumah123
Dijual Rumah Medayu Utara Area Rungkut Letak Sangat Strategis,1500000000,160.0,112.0,2,1,1,1,Unfurnished,0,0,"Rungkut, Surabaya",-7.31434,112.80023,https://www.rumah123.com/properti/surabaya-rungkut/dijual-rumah-medayu-utara-area-rungkut-letak-sangat-strategis-hos17538042/,rumah123
Dijual Rumah Baruk Utara Strategis Selangkah Menuju Merr,1700000000,180.0,116.0,2,1,1,1,Unfurnished,1,0,"Rungkut, Surabaya",-7.31434,112.80023,https://www.rumah123.com/properti/surabaya-rungkut/dijual-rumah-baruk-utara-strategis-selangkah-menuju-merr-hos17448209/,rumah123
Dijual Rumah Grand Pakuwon Minimalis Modern,1650000000,100.0,90.0,3,2,2,1,Unfurnished,1,1,"Pakuwon City, Surabaya",-7.28917,112.67556,https://www.rumah123.com/properti/surabaya-pakuwon-city/dijual-rumah-grand-pakuwon-minimalis-modern-hos18664688/,rumah123
Dijual Rumah Siap Huni Gunung Anyar Emas Selangkah Menuju Merr,1800000000,200.0,136.0,3,2,1,1,Unfurnished,1,1,"Gununganyar, Surabaya",-7.33182,112.80822,https://www.rumah123.com/properti/surabaya-gununganyar/dijual-rumah-siap-huni-gunung-anyar-emas-selangkah-menuju-merr-hos18388039/,rumah123
Dijual Rumah Mewah Graha Family Ada Pool,43500000000,900.0,850.0,5,5,2,2,Semi Furnished,1,1,"Graha, Surabaya",-7.257472,112.75209,https://www.rumah123.com/properti/surabaya-graha/dijual-rumah-mewah-graha-family-ada-pool-hos40045135/,rumah123
Dijual Via Lelang Rumah 2 Lantai Prambanan Residence,2560000000,240.0,300.0,3,2,2,1,Unfurnished,1,0,"Wiyung, Surabaya",-7.31097,112.698067,https://www.rumah123.com/properti/surabaya-wiyung/dijual-via-lelang-rumah-2-lantai-prambanan-residence-hos40930692/,rumah123
Rumah Butuh Cepat Jual Murah Besuki Perak Timur Surabaya Utara,2890000000,320.0,290.0,4,3,2,2,Unfurnished,0,0,"Perak, Surabaya",-7.21642,112.731667,https://www.rumah123.com/properti/surabaya-perak/rumah-butuh-cepat-jual-murah-besuki-perak-timur-surabaya-utara-hos39433165/,rumah123
Rumah Furnished Jual Graha Family Surabaya Barat,6400000000,322.0,200.0,4,3,2,2,Furnished,1,1,"Graha, Surabaya",-7.257472,112.75209,https://www.rumah123.com/properti/surabaya-graha/rumah-furnished-jual-graha-family-surabaya-barat-hos40934360/,rumah123
Rumah Jual Pakis Argosari Mayjen Sungkono Dekat Ciputra World,12000000000,576.0,400.0,4,3,1,2,Unfurnished,0,0,"Mayjen Sungkono, Surabaya",-8.07589,112.634583,https://www.rumah123.com/properti/surabaya-mayjen-sungkono/rumah-jual-pakis-argosari-mayjen-sungkono-dekat-ciputra-world-hos39681066/,rumah123
"Rumah Siap Huni di Raya Dharmahusada Indah, Surabaya Cocok untuk Usaha",21000000000,600.0,500.0,5.0,5.0,2.0,3.0,Semi Furnished,0,0,"Gubeng, Surabaya",-7.27396,112.748192,https://www.rumah123.com/properti/surabaya-gubeng/rumah-siap-huni-di-raya-dharmahusada-indah-surabaya-cocok-untuk-usaha-hos42384625/,rumah123
Rumah Baru Gress Siap Huni Woodland Citraland Utama Surabaya Barat,8500000000,252.0,430.0,6.0,7.0,3.0,2.0,Semi Furnished,0,0,"Citraland, Surabaya",-7.309354,112.656548,https://www.rumah123.com/properti/surabaya-citraland/rumah-baru-gress-siap-huni-woodland-citraland-utama-surabaya-barat-hos42348054/,rumah123
Rumah Baru Gress Minimalis Woodland Citraland Surabaha Barat,4500000000,162.0,255.0,5.0,4.0,2.0,2.0,Unfurnished,0,0,"Citraland, Surabaya",-7.309354,112.656548,https://www.rumah123.com/properti/surabaya-citraland/rumah-baru-gress-minimalis-woodland-citraland-surabaha-barat-hos39415811/,rumah123
"Rumah Full Renov Wonorejo Rungkut Surabaya Dekat Merr dan U P N, Unair",590000000,78.0,65.0,2.0,1.0,1.0,1.0,Unfurnished,1,0,"Wonorejo, Surabaya",-7.271274,112.731598,https://www.rumah123.com/properti/surabaya-wonorejo/rumah-full-renov-wonorejo-rungkut-surabaya-dekat-merr-dan-u-p-n-unair-hos42375395/,rumah123
Lelang Rumah | Graha Gunung Anyar Tambak Tengah Ii/10,743000000,100.0,100.0,,,1.0,,,0,0,"Gunung Anyar, Surabaya",,,https://www.rumah123.com/properti/surabaya-gunung-anyar/lelang-rumah-graha-gunung-anyar-tambak-tengah-ii10-hos42357944/,rumah123
Lelang Rumah | North West Park,744400000,72.0,72.0,,,1.0,,,0,0,"Pakal, Surabaya",-7.24268,112.629807,https://www.rumah123.com/properti/surabaya-pakal/lelang-rumah-north-west-park-hos42364237/,rumah123
Lelang Rumah | Daerah Kutisari,1990000000,300.0,300.0,,,1.0,,,0,0,"Kutisari, Surabaya",-7.277097,112.717407,https://www.rumah123.com/properti/surabaya-kutisari/lelang-rumah-daerah-kutisari-hos42364198/,rumah123
"Lelang Rumah | Northwest Park, Blok Nb2/98",744700000,72.0,72.0,,,1.0,,,0,0,"Pakal, Surabaya",-7.24268,112.629807,https://www.rumah123.com/properti/surabaya-pakal/lelang-rumah-northwest-park-blok-nb298-hos42364273/,rumah123
Lelang Rumah 2 Lantai | Perumahan Pakuwon Indah,6300000000,264.0,264.0,,,1.0,,,0,0,"Lidah Kulon, Surabaya",-7.304073,112.6586,https://www.rumah123.com/properti/surabaya-lidah-kulon/lelang-rumah-2-lantai-perumahan-pakuwon-indah-hos42378359/,rumah123
Lelang Rumah | Perumahan Wisata Bukit Mas,3600000000,350.0,350.0,,,1.0,,,0,0,"Lidah Wetan, Surabaya",-7.303446,112.670517,https://www.rumah123.com/properti/surabaya-lidah-wetan/lelang-rumah-perumahan-wisata-bukit-mas-hos42378407/,rumah123
"Dijual Rumah Usaha Strategis Nol Jalan Raya Kalijudan Dekat Kampus Unair & Univ Widya Mandala Uwm Cocok Dibangun Ruko, Kos, Kantor, Investasi Traffic Ramai Pusat Bisnis, Kuliner,Pendidikan. Harga Nego",5800000000,323.0,300.0,9.0,3.0,2.0,4.0,Unfurnished,1,1,"Mulyorejo, Surabaya",-7.27049,112.780548,https://www.rumah123.com/properti/surabaya-mulyorejo/dijual-rumah-usaha-strategis-nol-jalan-raya-kalijudan-dekat-kampus-unair-univ-widya-mandala-uwm-cocok-dibangun-ruko-hos41440611/,rumah123
"Dijual Rumah 2 Lantai Besar Hook Dekat Merr,Iph & Superindo B U",5500000000,451.0,518.0,6.0,4.0,2.0,2.0,Unfurnished,1,1,"Kedung Baruk, Surabaya",-7.317924,112.777779,https://www.rumah123.com/properti/surabaya-kedung-baruk/dijual-rumah-2-lantai-besar-hook-dekat-merriph-superindo-b-u-hos39416087/,rumah123
Lelang Rumah | Jalan Ketintang Iv/17-B | Shgb,1500000000,188.0,188.0,,,1.0,,,0,0,"Wonokromo, Surabaya",-7.304,112.731598,https://www.rumah123.com/properti/surabaya-wonokromo/lelang-rumah-jalan-ketintang-iv17b-shgb-hos42383437/,rumah123
Dijual Murah Rumah Usaha Nol Jalan Raya Kalibutuh Bubutan Pusat Kota Surabaya Dekat Tunjungan Plaza Mall Bg Junction Blauran Stasiun Pasar Turi Demak Tugu Pahlawan Gerbang Tol Dupak Sby- Gresik Cocok Usaha Kuliner Bengkel Expedisi Toko Bank Kantor Harga N,3500000000,143.0,180.0,3.0,2.0,2.0,2.0,Unfurnished,1,1,"Bubutan, Surabaya",-7.25331,112.732857,https://www.rumah123.com/properti/surabaya-bubutan/dijual-murah-rumah-usaha-nol-jalan-raya-kalibutuh-bubutan-pusat-kota-surabaya-dekat-tunjungan-plaza-mall-bg-junction-hos41893238/,rumah123
"Dijual Rumah Minimalis 1.5lt Manyar Dekat Merr,untag Bebas Banjir",3800000000,176.0,180.0,2.0,1.0,2.0,2.0,Furnished,1,1,"Manyar, Surabaya",-7.28724,112.739052,https://www.rumah123.com/properti/surabaya-manyar/dijual-rumah-minimalis-15lt-manyar-dekat-merruntag-bebas-banjir-hos38903367/,rumah123
Dijual Rumah Murah Bagus Minimalis 2Lt Graha Santoso Wonorejo Rungkut Luas 190 Dekat Iph School Stikom 5 Menit ke Raya Merr Galaxy Mall Kampus Its Semi Furnished Bangunan Bagus Sekali Terawat Plafon Tinggi Sejuk Galvalum Jual Cepat Harga Nego,3300000000,190.0,200.0,3.0,3.0,2.0,1.0,Semi Furnished,1,1,"Wonorejo, Surabaya",-7.271274,112.731598,https://www.rumah123.com/properti/surabaya-wonorejo/dijual-rumah-murah-bagus-minimalis-2lt-graha-santoso-wonorejo-rungkut-luas-190-dekat-iph-school-stikom-5-menit-ke-raya-hos41775192/,rumah123
Dijual Cepat Rumah Luas 500 Dukuh Kupang Daerah Strategis Mayjend Sungkono Selangkah ke Ciputra World Mall Surabaya Barat Sekolah Gloria Akses Cepat Tol 6 Kamar Tidur Cocok untuk Hunian Kos Home Industri. Harga Nego Keras,8000000000,508.0,450.0,6.0,4.0,1.0,5.0,Unfurnished,1,1,"Dukuh Kupang, Surabaya",-7.28244,112.710747,https://www.rumah123.com/properti/surabaya-dukuh-kupang/dijual-cepat-rumah-luas-500-dukuh-kupang-daerah-strategis-mayjend-sungkono-selangkah-ke-ciputra-world-mall-surabaya-hos42071285/,rumah123
Dijual Rumah 2Lt Luas 200 Lebak Kenjeran Surabaya Timur Akses Merr Dekat Raya Kenjeran Galaxy Mall Kampus Unair& Its Rs Mitra Keluarga Harga Murah Nego Row Jalan 3 Mobil,2950000000,213.0,200.0,2.0,1.0,2.0,1.0,Unfurnished,1,1,"Kenjeran, Surabaya",-7.23563,112.786163,https://www.rumah123.com/properti/surabaya-kenjeran/dijual-rumah-2lt-luas-200-lebak-kenjeran-surabaya-timur-akses-merr-dekat-raya-kenjeran-galaxy-mall-kampus-unair-its-rs-hos41604750/,rumah123
"Dijual Rumah Bagus Terawat Darmo Permai Surabaya Barat Nego Keras SHM Dekat Papaya, Bon Ami, Ciputra World Mall, Mayjend Sungkono, Hr Moh,Sekolah Petra Bebas Banjir",3000000000,203.0,160.0,3.0,2.0,1.0,1.0,Unfurnished,1,1,"Darmo permai, Surabaya",-7.285674,112.70134,https://www.rumah123.com/properti/surabaya-darmo-permai/dijual-rumah-bagus-terawat-darmo-permai-surabaya-barat-nego-keras-shm-dekat-papaya-bon-ami-ciputra-world-mall-mayjend-hos41250895/,rumah123
"Dijual Rumah Luas Hitung Tanah Harga Nego Dekat Untag, & Narotama",4400000000,440.0,240.0,3.0,2.0,,1.0,Unfurnished,1,1,"Manyar, Surabaya",-7.28724,112.73905,https://www.rumah123.com/properti/surabaya-manyar/dijual-rumah-luas-hitung-tanah-harga-nego-dekat-untag-narotama-hos17211567/,rumah123
Rumah Klasik Full Furnished Siap Huni Raffles Garden Citraland Surabaya Barat,5700000000,288.0,260.0,6,6,2,1.0,Furnished,0,1,"Citraland, Surabaya",-7.309354,112.656548,https://www.rumah123.com/properti/surabaya-citraland/rumah-klasik-full-furnished-siap-huni-raffles-garden-citraland-surabaya-barat-hos40962758/,rumah123
Runah Sultan New Bukit Telaga Golf Citraland Surabaya Barat,18000000000,450.0,950.0,6,7,3,3.0,Unfurnished,0,0,"Citraland, Surabaya",-7.309354,112.656548,https://www.rumah123.com/properti/surabaya-citraland/runah-sultan-new-bukit-telaga-golf-citraland-surabaya-barat-hos39453564/,rumah123
The Grand Signature Of An American Modern Design Raffles Garden Surabaya Barat,13900000000,330.0,650.0,6,7,3,2.0,Semi Furnished,0,1,"Citraland, Surabaya",-7.309354,112.656548,https://www.rumah123.com/properti/surabaya-citraland/the-grand-signature-of-an-american-modern-design-raffles-garden-surabaya-barat-hos41705479/,rumah123
Runah Baru Gress Minimalis Cantik Alam Hijau Citraland Utama Surabaya Barat,6850000000,210.0,405.0,5,5,3,2.0,Unfurnished,0,0,"Citraland, Surabaya",-7.309354,112.656548,https://www.rumah123.com/properti/surabaya-citraland/runah-baru-gress-minimalis-cantik-alam-hijau-citraland-utama-surabaya-barat-hos39473957/,rumah123
Rumah Super Murah Siap Huni Raya Telaga Bukit Telaga Golf Surabaya Barat,11000000000,480.0,300.0,5,5,2,2.0,,0,0,"Citraland, Surabaya",-7.309354,112.656548,https://www.rumah123.com/properti/surabaya-citraland/rumah-super-murah-siap-huni-raya-telaga-bukit-telaga-golf-surabaya-barat-hos41695785/,rumah123
Rumah Brand New Modern Minimalist Design Siap Huni Semi Furnish North Emerald Mansion Citraland Utama Surabaya Barat,7000000000,210.0,350.0,5,7,2,2.0,Semi Furnished,0,0,"Citraland, Surabaya",-7.309354,112.656548,https://www.rumah123.com/properti/surabaya-citraland/rumah-brand-new-modern-minimalist-design-siap-huni-semi-furnish-north-emerald-mansion-citraland-utama-surabaya-barat-hos41481204/,rumah123
Dijual Rumah Baru di Citraland International Village SHM,4300000000,179.0,303.0,4,3,2,2.0,Unfurnished,1,1,"Citraland, Surabaya",-7.309354,112.656548,https://www.rumah123.com/properti/surabaya-citraland/dijual-rumah-baru-di-citraland-international-village-shm-hos41007048/,rumah123
Rumah Baru Gress Minimalis Darmo Baru Surabaya Barat,2690000000,120.0,150.0,4,3,2,2.0,Unfurnished,1,1,"Darmo permai, Surabaya",-7.2801658,112.6986289,https://www.rumah123.com/properti/surabaya-darmo-permai/rumah-baru-gress-minimalis-darmo-baru-surabaya-barat-hos42383169/,rumah123
Rumah Baru Gress American Clasicc Babatan Pantai Surabaya Timur,2550000000,115.0,150.0,4,3,2,2.0,Unfurnished,1,1,"Kenjeran, Surabaya",-7.254986317766139,112.79286270654944,https://www.rumah123.com/properti/surabaya-kenjeran/rumah-baru-gress-american-clasicc-babatan-pantai-surabaya-timur-hos42383442/,rumah123
Rumah Siap Huni Gress di Notredame Wisata Bukit Mas 2 Surabaya,1490000000,66.0,198.0,4,4,3,,Unfurnished,0,0,"Lakarsantri, Surabaya",-7.30073,112.635658,https://www.rumah123.com/properti/surabaya-lakarsantri/rumah-siap-huni-gress-di-notredame-wisata-bukit-mas-2-surabaya-hos42370137/,rumah123
Dijual Rumah Sidosermo Pdk,4100000000,295.0,392.0,4,4,2,,Unfurnished,0,0,"Wonocolo, Surabaya",-7.3273,112.7372,https://www.rumah123.com/properti/surabaya-wonocolo/dijual-rumah-sidosermo-pdk-hos16520926/,rumah123
Dijual Rumah Galaxy Bumi Permai Tahap,7900000000,375.0,500.0,6,5,2,,Furnished,0,0,"Sukolilo, Surabaya",-7.28813,112.8029,https://www.rumah123.com/properti/surabaya-sukolilo/dijual-rumah-galaxy-bumi-permai-tahap-hos13477947/,rumah123
Dijual Rumah Di Margorejo Indah,8000000000,558.0,450.0,4,4,1,,Unfurnished,0,0,"Wonocolo, Surabaya",-7.3273,112.7372,https://www.rumah123.com/properti/surabaya-wonocolo/dijual-rumah-di-margorejo-indah-hos16047572/,rumah123
Dijual Rumah Baru Gunung Anyar Emas,940000000,85.0,60.0,2,2,1,,Unfurnished,0,0,"Rungkut, Surabaya",-7.31434,112.80023,https://www.rumah123.com/properti/surabaya-rungkut/dijual-rumah-baru-gunung-anyar-emas-hos40154630/,rumah123
Dijual Rumah Rungkut Barata,2000000000,201.0,150.0,4,3,1,,Furnished,0,0,"Wonokromo, Surabaya",-7.304,112.7316,https://www.rumah123.com/properti/surabaya-wonokromo/dijual-rumah-rungkut-barata-hos19132199/,rumah123
"Rumah di Raya Pandegiling, Tegalsari",13000000000,482.0,600.0,13,5,2,,Unfurnished,0,0,"Tegalsari, Surabaya",-7.27355,112.73746,https://www.rumah123.com/properti/surabaya-tegalsari/rumah-di-raya-pandegiling-tegalsari-hos18582943/,rumah123
"Rumah Baruk Utara, Pondok Nirwana",2100000000,150.0,300.0,12,4,2,,Unfurnished,0,0,"Rungkut, Surabaya",-7.31434,112.80023,https://www.rumah123.com/properti/surabaya-rungkut/rumah-baruk-utara-pondok-nirwana-hos18323711/,rumah123
Dijual Rumah Tenggilis Mejoyo Selatan,2150000000,200.0,120.0,2,3,2,,Unfurnished,0,0,"Tenggilis Mejoyo, Surabaya",-7.31943,112.75539,https://www.rumah123.com/properti/surabaya-tenggilis-mejoyo/dijual-rumah-tenggilis-mejoyo-selatan-hos16910584/,rumah123
"Rumah Baru Minimalis Mulyosari Utara Ada 2 Unit, Selangkah Pakuwon City Mall",1700000000,82.0,120.0,3,3,2,,Unfurnished,0,0,"Mulyosari, Surabaya",-7.26556,112.796494,https://www.rumah123.com/properti/surabaya-mulyosari/rumah-baru-minimalis-mulyosari-utara-ada-2-unit-selangkah-pakuwon-city-mall-hos42250136/,rumah123
"Baru Minimalis Grand Island Pakuwon City, One Gate System, Bebas Banjir",6950000000,200.0,350.0,5,6,2,,Unfurnished,1,0,"Pakuwon City, Surabaya",-7.28917,112.67556,https://www.rumah123.com/properti/surabaya-pakuwon-city/baru-minimalis-grand-island-pakuwon-city-one-gate-system-bebas-banjir-hos41748227/,rumah123
"Rumah Second Pusat Kota Jalan Karangmenjangan Area Niaga, Cocok untuk Kantor, Klinik",10000000000,494.0,285.0,8,2,1,,Unfurnished,0,0,"Gubeng, Surabaya",-7.27396,112.748192,https://www.rumah123.com/properti/surabaya-gubeng/rumah-second-pusat-kota-jalan-karangmenjangan-area-niaga-cocok-untuk-kantor-klinik-hos42290979/,rumah123
Dijual Rumah Nirwana Eksekutif Surabaya,1550000000,87.0,120.0,4,4,2,,Unfurnished,0,0,"Rungkut, Surabaya",-7.31434,112.80023,https://www.rumah123.com/properti/surabaya-rungkut/dijual-rumah-nirwana-eksekutif-surabaya-hos16035916/,rumah123
"Rumah Baruk Utara, Pondok Nirwana.",1600000000,75.0,100.0,3,3,2,,Unfurnished,0,0,"Rungkut, Surabaya",-7.31434,112.80023,https://www.rumah123.com/properti/surabaya-rungkut/rumah-baruk-utara-pondok-nirwana-hos18868944/,rumah123
Dijual Rumah Dharmahusada Megah Permai,5700000000,300.0,400.0,6,4,2,,Unfurnished,0,0,"Dharma Husada, Surabaya",-7.2666095,112.7681843,https://www.rumah123.com/properti/surabaya-dharma-husada/dijual-rumah-dharmahusada-megah-permai-hos38901071/,rumah123
"Dijual Rumah Kinibalu, Dekat Raya Arjuna/Tidar",5500000000,375.0,250.0,5,2,1,,Unfurnished,0,0,"Bubutan, Surabaya",-7.25331,112.73286,https://www.rumah123.com/properti/surabaya-bubutan/dijual-rumah-kinibalu-dekat-raya-arjunatidar-hos39261742/,rumah123
"Dijual Rumah hitung tanah, Raya Kedungsari.",7000000000,543.0,543.0,4,3,1,,Unfurnished,0,0,"Tegalsari, Surabaya",-7.27355,112.73746,https://www.rumah123.com/properti/surabaya-tegalsari/dijual-rumah-hitung-tanah-raya-kedungsari-hos19315136/,rumah123
Rumah Hitung Tanah Paling Murah,1000000000,120.0,120.0,2,1,1,,Unfurnished,0,0,"Kedung Baruk, Surabaya",-7.3179247,112.7777795,https://www.rumah123.com/properti/surabaya-kedung-baruk/rumah-hitung-tanah-paling-murah-hos39640226/,rumah123
"Dijual Cepat Rumah Murah 2Lt Perumahan Wiguna Sby Timur Dekat Kampus Upn Akses Cepat Merr, Exit Tol Juanda Pondok Tjandra. Harga Nego Keras",1200000000,180.0,250.0,3,3,2,1.0,Unfurnished,1,1,"Rungkut, Surabaya",-7.31434,112.800232,https://www.rumah123.com/properti/surabaya-rungkut/dijual-cepat-rumah-murah-2lt-perumahan-wiguna-sby-timur-dekat-kampus-upn-akses-cepat-merr-exit-tol-juanda-pondok-hos42145730/,rumah123
Dijual Rumah Minimalis Kutisari Indah 3 Kmr Tidur Hrg Terjangkau,1900000000,162.0,140.0,3,2,1,1.0,Unfurnished,0,0,"Kutisari, Surabaya",-7.277097,112.717407,https://www.rumah123.com/properti/surabaya-kutisari/dijual-rumah-minimalis-kutisari-indah-3-kmr-tidur-hrg-terjangkau-hos42092165/,rumah123
Jual Rumah 1 Lantai Murah Rungkut Mapan Barat Siap Huni Dekatmerr,1500000000,162.0,110.0,3,2,1,1.0,Unfurnished,1,1,"Rungkut, Surabaya",-7.31434,112.80023,https://www.rumah123.com/properti/surabaya-rungkut/jual-rumah-1-lantai-murah-rungkut-mapan-barat-siap-huni-dekatmerr-hos13254289/,rumah123
"Dijual Cepat Rumah Murah 2Lt Luas 222 Daerah Ploso Lebak Tambaksari 4 Kamar Ada Garasi bisa untuk Tempat Usaha Dekat Bebek Ht, Karang Empat B U Nego Keras",1500000000,222.0,200.0,4,2,2,1.0,Unfurnished,1,1,"Surabaya Kota, Surabaya",-7.2771,112.717407,https://www.rumah123.com/properti/surabaya-surabaya-kota/dijual-cepat-rumah-murah-2lt-luas-222-daerah-ploso-lebak-tambaksari-4-kamar-ada-garasi-bisa-untuk-tempat-usaha-dekat-hos41237237/,rumah123
Jual Rumah Minimalis Tropis Terbaru Babatan Pantai Dekat Kenjeran,2500000000,101.0,202.0,3,4,2,1.0,Unfurnished,1,1,"Kenjeran, Surabaya",-7.23563,112.786163,https://www.rumah123.com/properti/surabaya-kenjeran/jual-rumah-minimalis-tropis-terbaru-babatan-pantai-dekat-kenjeran-hos39929059/,rumah123
Palm Beach Pakuwon City Minimalis Modern Full Furnished,7750000000,300.0,500.0,5,4,2,2.0,Furnished,0,0,"Pakuwon City, Surabaya",-7.28917,112.67556,https://www.rumah123.com/properti/surabaya-pakuwon-city/palm-beach-pakuwon-city-minimalis-modern-full-furnished-hos18893317/,rumah123
New Gres Murah Pakuwon City Minimalis Siap Huni Unfurnished Bagus,5000000000,180.0,375.0,5,5,3,2.0,Unfurnished,0,0,"Pakuwon City, Surabaya",-7.28917,112.67556,https://www.rumah123.com/properti/surabaya-pakuwon-city/new-gres-murah-pakuwon-city-minimalis-siap-huni-unfurnished-bagus-hos18899687/,rumah123
Minimalis Modern Konsep Industrial Pakuwon City San Antonio,6000000000,333.0,450.0,5,5,2,3.0,Semi Furnished,0,0,"Pakuwon City, Surabaya",-7.28917,112.67556,https://www.rumah123.com/properti/surabaya-pakuwon-city/minimalis-modern-konsep-industrial-pakuwon-city-san-antonio-hos18894384/,rumah123
"Villa Royal, Rumah Premium 2 Lt Full Furnished Duco & Fully Equiped",9000000000,375.0,500.0,5,5,2,1.0,,0,0,"Pakuwon City, Surabaya",-7.28917,112.67556,https://www.rumah123.com/properti/surabaya-pakuwon-city/villa-royal-rumah-premium-2-lt-full-furnished-duco-fully-equiped-hos40720951/,rumah123
Pakuwon City Hook Siap Huni Dgn Lebar Jalan Luas,4500000000,220.0,370.0,6,6,1,1.0,Semi Furnished,0,0,"Pakuwon City, Surabaya",-7.28917,112.67556,https://www.rumah123.com/properti/surabaya-pakuwon-city/pakuwon-city-hook-siap-huni-dgn-lebar-jalan-luas-hos18369586/,rumah123
Rumah 2 lt Siap Huni Minimalis 2m an di Pakuwon City,2150000000,91.0,140.0,3,2,2,,Unfurnished,0,1,"Pakuwon City, Surabaya",-7.28917,112.67556,https://www.rumah123.com/properti/surabaya-pakuwon-city/rumah-2-lt-siap-huni-minimalis-2m-an-di-pakuwon-city-hos14608633/,rumah123
Eastcoast Park Pakuwon City Minimalis 2 LT Siap Huni Eascoast Park_,2800000000,114.0,165.0,4,3,2,1.0,Unfurnished,0,0,"Pakuwon City, Surabaya",-7.28917,112.67556,https://www.rumah123.com/properti/surabaya-pakuwon-city/eastcoast-park-pakuwon-city-minimalis-2-lt-siap-huni-eascoast-park-hos39740283/,rumah123
Eastcoast Park Pakuwon City 2 LT Full Furnished,4200000000,144.0,204.0,4,3,2,2.0,,0,0,"Pakuwon City, Surabaya",-7.28917,112.67556,https://www.rumah123.com/properti/surabaya-pakuwon-city/eastcoast-park-pakuwon-city-2-lt-full-furnished-hos41913851/,rumah123
Laguna Regency Pakuwon City Modern Clasic 2 Lt,7750000000,312.0,470.0,4,4,1,1.0,Semi Furnished,0,0,"Pakuwon City, Surabaya",-7.28917,112.67556,https://www.rumah123.com/properti/surabaya-pakuwon-city/laguna-regency-pakuwon-city-modern-clasic-2-lt-hos19243852/,rumah123
Eascoast Park Pakuwon City 2 LT Siap Huni,4200000000,144.0,205.0,4,3,2,2.0,,0,0,"Pakuwon City, Surabaya",-7.28917,112.67556,https://www.rumah123.com/properti/surabaya-pakuwon-city/eascoast-park-pakuwon-city-2-lt-siap-huni-hos41998556/,rumah123
New Gres Pakuwon City 2 Lt,1800000000,91.0,180.0,4,3,2,1.0,Unfurnished,0,0,"Pakuwon City, Surabaya",-7.28917,112.67556,https://www.rumah123.com/properti/surabaya-pakuwon-city/new-gres-pakuwon-city-2-lt-hos38906123/,rumah123
Pakuwon City Cluster Terdepan Siap Huni 1 Lt,1650000000,90.0,65.0,2,1,1,1.0,Unfurnished,0,0,"Pakuwon City, Surabaya",-7.28917,112.67556,https://www.rumah123.com/properti/surabaya-pakuwon-city/pakuwon-city-cluster-terdepan-siap-huni-1-lt-hos19492791/,rumah123
Dijual New Listing Rumah Pakuwon City 2 Lantai Baru Renovasi,3900000000,144.0,230.0,3,3,2,,Unfurnished,0,1,"Pakuwon City, Surabaya",-7.28917,112.67556,https://www.rumah123.com/properti/surabaya-pakuwon-city/dijual-new-listing-rumah-pakuwon-city-2-lantai-baru-renovasi-hos16070763/,rumah123
Sandiego Pakuwon City 2 Lt Siap Huni,4500000000,229.0,200.0,4,3,2,2.0,Unfurnished,0,0,"Pakuwon City, Surabaya",-7.28917,112.67556,https://www.rumah123.com/properti/surabaya-pakuwon-city/sandiego-pakuwon-city-2-lt-siap-huni-hos39647183/,rumah123
Minimalis di Pakuwon City,7650000000,375.0,480.0,4,4,1,,Unfurnished,1,1,"Pakuwon City, Surabaya",-7.28917,112.67556,https://www.rumah123.com/properti/surabaya-pakuwon-city/minimalis-di-pakuwon-city-hos16641253/,rumah123
*Minimalis Modern Siap Huni Pakuwon City*,4450000000,180.0,240.0,3,3,2,2.0,,0,0,"Pakuwon City, Surabaya",-7.28917,112.67556,https://www.rumah123.com/properti/surabaya-pakuwon-city/minimalis-modern-siap-huni-pakuwon-city-hos40959155/,rumah123
San Antonio Pakuwon City Minimalis Bagus,5500000000,240.0,292.0,5,4,2,2.0,Semi Furnished,0,0,"Pakuwon City, Surabaya",-7.28917,112.734,https://www.rumah123.com/properti/surabaya-pakuwon-city/san-antonio-pakuwon-city-minimalis-bagus-hos40349819/,rumah123
Pakuwon City Minimalis 2 Lt Semi Furnished Siap Huni,5000000000,198.0,350.0,5,4,2,1.0,Semi Furnished,0,0,"Pakuwon City, Surabaya",-7.28917,112.734,https://www.rumah123.com/properti/surabaya-pakuwon-city/pakuwon-city-minimalis-2-lt-semi-furnished-siap-huni-hos40467823/,rumah123
New Gres Minimalis 2 Lt Palmbeach Imperial,4250000000,160.0,279.0,4,3,2,2.0,Unfurnished,0,0,"Pakuwon City, Surabaya",-7.28917,112.67556,https://www.rumah123.com/properti/surabaya-pakuwon-city/new-gres-minimalis-2-lt-palmbeach-imperial-hos19243403/,rumah123
"Rumah bagus siap huni di Laguna Regency, Pakuwon City",7650000000,480.0,375.0,4,4,2,2.0,Unfurnished,1,1,"Pakuwon City, Surabaya",-7.28917,112.67556,https://www.rumah123.com/properti/surabaya-pakuwon-city/rumah-bagus-siap-huni-di-laguna-regency-pakuwon-city-hos17016062/,rumah123
Dijual Rumah New Gress Bangunan Sendiri Siap Huni di Pakuwon City,5000000000,200.0,400.0,3,2,2,1.0,Semi Furnished,0,1,"Pakuwon City, Surabaya",-7.28917,112.67556,https://www.rumah123.com/properti/surabaya-pakuwon-city/dijual-rumah-new-gress-bangunan-sendiri-siap-huni-di-pakuwon-city-hos15374114/,rumah123
"Dijual Rumah Hook Siap Huni 2,5 Lantai di Pakuwon City",7200000000,324.0,500.0,3,3,2,1.0,Unfurnished,1,1,"Pakuwon City, Surabaya",-7.28917,112.67556,https://www.rumah123.com/properti/surabaya-pakuwon-city/dijual-rumah-hook-siap-huni-25-lantai-di-pakuwon-city-hos14455906/,rumah123
Nginden Intan Timur 2 Lt Dekat Bethany Nginden (blkg Herritage Hotel),1950000000,136.0,200.0,4,2,2,1.0,Unfurnished,0,0,"Pakuwon City, Surabaya",-7.28917,112.67556,https://www.rumah123.com/properti/surabaya-pakuwon-city/nginden-intan-timur-2-lt-dekat-bethany-nginden-blkg-herritage-hotel-hos17972816/,rumah123
Dijual Rumah Citraland Utama 3Lt 6Kt Modern Minimalis Baru Gress Dekat Pasar Modern,7250000000,210.0,410.0,6,5,3,2.0,Unfurnished,1,1,"Citraland, Surabaya",-7.309354,-7.309354,https://www.rumah123.com/properti/surabaya-citraland/dijual-rumah-citraland-utama-3lt-6kt-modern-baru-dekat-pasar-modern-hos42268462/,rumah123
Dijual Rumah Taman Puspa Raya Citraland 4Kt 2Lt Semi Furnish,3700000000,210.0,360.0,4,5,2,2.0,Semi Furnished,1,1,"Citraland, Surabaya",-7.309354,-7.309354,https://www.rumah123.com/properti/surabaya-citraland/dijual-rumah-taman-puspa-raya-citraland-4kt-2lt-semi-furnish-hos42255443/,rumah123
Dijual Rumah Woodland Citraland Minimalis 3Lt Hook Dekat Pasar Modern,6400000000,230.0,360.0,5,6,3,1.0,Unfurnished,1,0,"Citraland, Surabaya",-7.309354,-7.309354,https://www.rumah123.com/properti/surabaya-citraland/dijual-rumah-citraland-baru-minimalis-3lt-hook-dekat-pasar-modern-hos41669940/,rumah123
Dijual Rumah Graha Famili Semi Furnish 3Kt Siap Huni Dekat Tol Pakuwon,7000000000,322.0,300.0,3,3,2,1.0,Unfurnished,1,0,"Graha, Surabaya",-7.257472,-7.257472,https://www.rumah123.com/properti/surabaya-graha/dijual-rumah-graha-famili-semi-furnish-3kt-siap-huni-dekat-tol-pakuwon-hos41178531/,rumah123
Dijual Rumah Waterfront Citraland 2Lt 5Kt Modern Minimalis,6500000000,240.0,384.0,5,3,2,2.0,Unfurnished,1,1,"Citraland, Surabaya",-7.309354,-7.309354,https://www.rumah123.com/properti/surabaya-citraland/dijual-rumah-waterfront-citraland-2lt-5kt-modern-minimalis-dekat-uc-hos42339454/,rumah123
Dijual Rumah Baru The Mansion Pakuwon Indah 3.5Lt 4Kt American Modern,7500000000,180.0,450.0,4,5,3,1.0,Unfurnished,1,0,"Pakuwon Indah, Surabaya",-7.28921,-7.28921,https://www.rumah123.com/properti/surabaya-pakuwon-indah/dijual-rumah-baru-the-mansion-pakuwon-indah-35lt-4kt-american-modern-hos41519558/,rumah123
Dijual Rumah Darmo Permai Selatan 1 Lantai Dekat Pakuwon Mall,2300000000,200.0,140.0,2,1,1,1.0,Unfurnished,1,0,"Darmo permai, Surabaya",-7.285674,-7.285674,https://www.rumah123.com/properti/surabaya-darmo-permai/dijual-rumah-darmo-permai-selatan-1-lantai-dekat-pakuwon-mall-hos40664141/,rumah123
Dijual Rumah Royal Residence Addington Furnish 3Kt 2 Lantai Wiyung,2800000000,144.0,144.0,3,3,2,1.0,Unfurnished,1,0,"Wiyung, Surabaya",-7.31097,-7.31097,https://www.rumah123.com/properti/surabaya-wiyung/dijual-rumah-royal-residence-addington-furnish-3kt-2-lantai-wiyung-hos40019629/,rumah123
Dijual Rumah Woodland Citraland 4Kt Dekat Pasar Modern Sekolah Ciputra,4200000000,153.0,268.0,4,5,2,1.0,Unfurnished,1,0,"Citraland, Surabaya",-7.309354,-7.309354,https://www.rumah123.com/properti/surabaya-citraland/dijual-rumah-woodland-citraland-4kt-dekat-pasar-modern-sekolah-ciputra-hos40036176/,rumah123
Rumah Gress Tahap 2 Taman Jivva Kebraon Surabaya Dekat Tol Gunungsari,700000000,50.0,36.0,2,1,1,1.0,Unfurnished,0,1,"Kebraon, Surabaya",-7.3305,112.704071,https://www.rumah123.com/properti/surabaya-kebraon/rumah-gress-tahap-2-taman-jivva-kebraon-surabaya-dekat-tol-gunungsari-hos42375839/,rumah123
Gading Mutiara Permai. Mepet Benowo Sby Siap Huni Ekonomis,550000000,84.0,63.0,2,2,1,1.0,Unfurnished,0,0,"Benowo, Surabaya",-7.23213,112.63014,https://www.rumah123.com/properti/surabaya-benowo/gading-mutiara-permai-mepet-benowo-sby-siap-huni-ekonomis-hos19267049/,rumah123
Termurah Premium Rumah Minimalis 2 Lt Pool Golf View Graha Family,42000000000,900.0,850.0,4,7,2,2.0,Semi Furnished,1,1,"Graha, Surabaya",-7.28917,112.734,https://www.rumah123.com/properti/surabaya-graha/termurah-premium-rumah-minimalis-2-lt-pool-golf-view-graha-family-hos18084171/,rumah123
Rumah Gress American Minimalis 3 LT Pool Marmer Graha Family Pakuwon,13500000000,375.0,530.0,5,5,2,2.0,Unfurnished,0,0,"Graha, Surabaya",-7.303161691419589,112.68216949605642,https://www.rumah123.com/properti/surabaya-graha/rumah-gress-american-minimalis-3-lt-pool-marmer-graha-family-pakuwon-hos39683948/,rumah123
Bangunan Komersial Surabaya Pusat Dekat Raya Gubeng Sumatera,47000000000,830.0,1500.0,6,6,2,,Unfurnished,0,0,"Gubeng, Surabaya",-7.271972,112.7503179,https://www.rumah123.com/properti/surabaya-gubeng/bangunan-komersial-surabaya-pusat-dekat-raya-gubeng-sumatera-hos42166037/,rumah123
Termurah Rumah Mewah Classic 2 LT Marmer Pakuwon Indah Vbr,14500000000,450.0,750.0,4,5,2,2.0,Unfurnished,1,0,"Pakuwon Indah, Surabaya",-7.28921,112.67447,https://www.rumah123.com/properti/surabaya-pakuwon-indah/termurah-rumah-mewah-classic-2-lt-marmer-pakuwon-indah-vbr-hos18538548/,rumah123
Premium Rumah Minimalis 2 LT Graha Family Favorit,28500000000,450.0,650.0,3,4,2,2.0,Semi Furnished,0,1,"Graha, Surabaya",-7.303161691419589,112.68216949605642,https://www.rumah123.com/properti/surabaya-graha/premium-rumah-minimalis-2-lt-graha-family-favorit-hos40340133/,rumah123
Rumah Hitung Tanah Murah Cocok Kost Siwalankerto Permai,1700000000,200.0,100.0,3,2,1,,Unfurnished,0,0,"Tenggilis Mejoyo, Surabaya",-7.31943,112.755386,https://www.rumah123.com/properti/surabaya-tenggilis-mejoyo/rumah-hitung-tanah-murah-cocok-kost-siwalankerto-permai-hos19462060/,rumah123
Murah Rumah American Attic Dian Istana Raya Dekat Citraland,3500000000,137.0,140.0,3,3,2,1.0,Semi Furnished,0,1,"Wiyung, Surabaya",-7.304401987265948,112.6942053812486,https://www.rumah123.com/properti/surabaya-wiyung/murah-rumah-american-attic-dian-istana-raya-dekat-citraland-hos41049995/,rumah123
Mewah Rumah American Minimalis 2.5 Full Marmer Vbr Pakuwon Indah Dkt Graha Family,45000000000,800.0,1200.0,6,5,3,5.0,,0,0,"Pakuwon Indah, Surabaya",-7.28921,112.674469,https://www.rumah123.com/properti/surabaya-pakuwon-indah/mewah-rumah-american-minimalis-25-full-marmer-vbr-pakuwon-indah-dkt-graha-family-hos41070075/,rumah123
Premium Rumah Gress Marmer Pool Graha Family Golf,18000000000,487.0,500.0,4,4,2,2.0,Unfurnished,0,1,"Graha, Surabaya",-7.303161691419589,112.68216949605642,https://www.rumah123.com/properti/surabaya-graha/premium-rumah-gress-marmer-pool-graha-family-golf-hos42263815/,rumah123
Rumah Gress Mewah Minimalis Pool Pakuwon Indah Vbr Golf Dkt Citraland,15500000000,330.0,600.0,6,6,2,2.0,Unfurnished,0,1,"Pakuwon Indah, Surabaya",-7.28921,112.674469,https://www.rumah123.com/properti/surabaya-pakuwon-indah/rumah-gress-mewah-minimalis-pool-pakuwon-indah-vbr-golf-dkt-citraland-hos39263670/,rumah123
Rumah Mewah Minimalis 2 LT Graha Family Golf,9400000000,276.0,350.0,4,4,2,,Unfurnished,0,1,"Graha, Surabaya",-7.303161691419589,112.68216949605642,https://www.rumah123.com/properti/surabaya-graha/rumah-mewah-minimalis-2-lt-graha-family-golf-hos42263888/,rumah123
Rumah Mewah Minimalis Graha Family Golf Dekat Pakuwon,15000000000,450.0,500.0,4,3,2,,,0,1,"Graha, Surabaya",-7.303161691419589,112.68216949605642,https://www.rumah123.com/properti/surabaya-graha/rumah-mewah-minimalis-graha-family-golf-dekat-pakuwon-hos42263944/,rumah123
Super Mewah Minimalis 2 LT Pool Golf View Pakuwon Indah,110000000000,2475.0,2500.0,5,6,2,,Unfurnished,0,1,"Pakuwon Indah, Surabaya",-7.293644,112.665365,https://www.rumah123.com/properti/surabaya-pakuwon-indah/super-mewah-minimalis-2-lt-pool-golf-view-pakuwon-indah-hos41448457/,rumah123
Termurah Rumah Minimalis Citraland Gwalk Dekat Pakuwon,6500000000,293.0,350.0,4,4,2,,Unfurnished,0,1,"Citraland, Surabaya",-7.284093,112.656721,https://www.rumah123.com/properti/surabaya-citraland/termurah-rumah-minimalis-citraland-gwalk-dekat-pakuwon-hos42264144/,rumah123
Premium Rumah Gress Minimalis 2 LT Marmer Furnish Regency 21 Pakuwon,12000000000,425.0,420.0,4,4,2,2.0,Semi Furnished,0,1,"Sukolilo, Surabaya",-7.290093576407443,112.78370206994214,https://www.rumah123.com/properti/surabaya-sukolilo/premium-rumah-gress-minimalis-2-lt-marmer-furnish-regency-21-pakuwon-hos40970853/,rumah123
Premium Rumah Minimalis 3 Lt Marmer Lift Jemursari Sidosermo Mewah,20000000000,600.0,1100.0,7,8,3,,Unfurnished,0,1,"Jemursari, Surabaya",-7.32428,112.74173,https://www.rumah123.com/properti/surabaya-jemursari/premium-rumah-minimalis-3-lt-marmer-lift-jemursari-sidosermo-mewah-hos40646954/,rumah123
Dijual Via Lelang Rumah Lokasi Jalan Karang Asem Ploso Surabaya,2180000000,269.0,150.0,3,2,1,2.0,Unfurnished,0,0,"Surabaya Kota, Surabaya",-7.2771,112.717407,https://www.rumah123.com/properti/surabaya-surabaya-kota/dijual-via-lelang-rumah-lokasi-jalan-karang-asem-ploso-surabaya-hos40181766/,rumah123
Dijual Rumah 1 Lantai Lokasi Mulyosari Prima,1750000000,135.0,126.0,4,3,1,2.0,Unfurnished,0,0,"Mulyosari, Surabaya",-7.26556,112.79649,https://www.rumah123.com/properti/surabaya-mulyosari/dijual-rumah-1-lantai-lokasi-mulyosari-prima-hos19218654/,rumah123
Dijual Rumah Minimalis Siap Huni Sudah Renovasi di Daerah Bangkingan Surabaya,800000000,96.0,65.0,2,1,1,1.0,Unfurnished,1,0,"Lakarsantri, Surabaya",-7.30073,112.635658,https://www.rumah123.com/properti/surabaya-lakarsantri/dijual-rumah-minimalis-siap-huni-sudah-renovasi-di-daerah-bangkingan-surabaya-hos41161000/,rumah123
Rumah 2 Lantai Lokasi Lakarsantri Surabaya,1270000000,60.0,82.0,3,2,2,1.0,Unfurnished,1,0,"Lakarsantri, Surabaya",-7.30073,112.63566,https://www.rumah123.com/properti/surabaya-lakarsantri/rumah-2-lantai-lokasi-lakarsantri-surabaya-hos18546630/,rumah123
Prime Location Menteng Ideal untuk Komersial & Residence,50000000000,760.0,650.0,5,4,2,2.0,Semi Furnished,0,0,"Surabaya Kota, Surabaya",-7.2771,112.717407,https://www.rumah123.com/properti/surabaya-surabaya-kota/rumah-bisa-buat-komersil-jl-surabaya-hos41945559/,rumah123
Dijual cepat rumah hitung tanah 1 Lantai di Kertajaya indah,4000000000,200.0,200.0,3,1,1,1.0,Unfurnished,0,1,"kertajaya, Surabaya",-7.28917,112.734,https://www.rumah123.com/properti/surabaya-kertajaya/dijual-cepat-rumah-hitung-tanah-1-lantai-di-kertajaya-indah-hos15399781/,rumah123
Harga Spesial Dan Langka Dharmahusada Indah Timur Semi Furnished,12000000000,500.0,715.0,3,4,2,2.0,Semi Furnished,0,0,"Gubeng, Surabaya",-7.27396,112.74819,https://www.rumah123.com/properti/surabaya-gubeng/harga-spesial-dan-langka-dharmahusada-indah-timur-semi-furnished-hos19012352/,rumah123
"Dijual Rumah Graha Sampurna Indah Wiyung Surabaya Barat - Samping Royal Residence Dekat Pakuwon Mall, Akses Tol Gunungsari",1600000000,135.0,92.0,4,2,1,1.0,Unfurnished,1,1,"Wiyung, Surabaya",-7.31097,112.698067,https://www.rumah123.com/properti/surabaya-wiyung/dijual-rumah-graha-sampurna-indah-wiyung-surabaya-barat-samping-royal-residence-dekat-pakuwon-mall-akses-tol-gunungsari-hos42382741/,rumah123
Dijual Rumah di Citraland Taman Puspa Raya,1750000000,120.0,150.0,3,2,1,1.0,Unfurnished,1,1,"Citraland, Surabaya",-7.309354,112.656548,https://www.rumah123.com/properti/surabaya-citraland/dijual-rumah-di-citraland-taman-puspa-raya-hos42368863/,rumah123
Dijual Cepat Rumah di Wisma Mukti Klampis Surabaya,1700000000,135.0,120.0,2,1,1,1.0,Unfurnished,1,0,"Sukolilo, Surabaya",-7.28813,112.802902,https://www.rumah123.com/properti/surabaya-sukolilo/dijualcepat-rumah-di-wisma-mukti-klampis-surabaya-hos42375540/,rumah123
Dijual Rumah Baru Gress di Panjang Jiwo Permai Selatan Surabaya,1750000000,96.0,140.0,5,4,2,2.0,Unfurnished,1,0,"Tenggilis Mejoyo, Surabaya",-7.31943,112.755386,https://www.rumah123.com/properti/surabaya-tenggilis-mejoyo/dijual-rumah-baru-gress-di-panjang-jiwo-permai-selatan-surabaya-hos41470142/,rumah123
Rumah Shm Terlaris Di Gununganyar Surabaya Timur 400m Ke Merr,2090000000,105.0,150.0,3,3,2,2.0,Unfurnished,1,1,"Gununganyar, Surabaya",-7.33182,112.80822,https://www.rumah123.com/properti/surabaya-gununganyar/rumah-shm-terlaris-di-gununganyar-surabaya-timur-400m-ke-merr-hos19437739/,rumah123
Dijual Rumah Siap Huni Sukolilo Dian Regency 2,1100000000,60.0,69.0,2,2,1,,,0,0,"Sukolilo, Surabaya",-7.28813,112.8029,https://www.rumah123.com/properti/surabaya-sukolilo/dijual-rumah-siap-huni-sukolilo-dian-regency-2-hos16707436/,rumah123
Dijual Rumah Jl Kutisari Indah Surabaya Harga Nego,2650000000,209.0,300.0,8,3,2,2.0,Unfurnished,0,0,"Kutisari, Surabaya",-7.277097,112.717407,https://www.rumah123.com/properti/surabaya-kutisari/dijual-rumah-jl-kutisari-indah-surabaya-harga-nego-hos19590236/,rumah123
Rumah Gunung Anyar Harapan Dekat Merr Upn,1700000000,200.0,200.0,4,3,1,,Unfurnished,0,0,"Gununganyar, Surabaya",-7.33182,112.80822,https://www.rumah123.com/properti/surabaya-gununganyar/rumah-gunung-anyar-harapan-dekat-merr-upn-hos40993948/,rumah123
Dijual Rumah Gress Unit A Wisma Mukti Klampis Anom Surabaya,2350000000,112.0,183.0,5,4,2,2.0,Unfurnished,0,0,"Sukolilo, Surabaya",-7.28813,112.802902,https://www.rumah123.com/properti/surabaya-sukolilo/dijual-rumah-gress-unit-a-wisma-mukti-klampis-anom-surabaya-hos40359044/,rumah123
Dijual Rumah Wisma Permai Tengah Kota Surabaya dekat Merr,3500000000,190.0,200.0,5,3,1,1.0,Semi Furnished,0,0,"Mulyorejo, Surabaya",-7.27049,112.780548,https://www.rumah123.com/properti/surabaya-mulyorejo/dijual-rumah-wisma-permai-tengah-kota-surabaya-dekat-merr-hos40292698/,rumah123
Dijual Rumah Graha Green Garden Surabaya dekat Dian Istana,2350000000,100.0,120.0,5,4,2,,Unfurnished,0,1,"Wiyung, Surabaya",-7.31097,112.698067,https://www.rumah123.com/properti/surabaya-wiyung/dijual-rumah-graha-green-garden-surabaya-dekat-dian-istana-hos39383276/,rumah123
Dijual Rumah Hitung Tanah Rungkut Mapan Barat Surabaya,1450000000,153.0,153.0,2,1,1,,Unfurnished,0,0,"Rungkut, Surabaya",-7.31434,112.800232,https://www.rumah123.com/properti/surabaya-rungkut/dijual-rumah-hitung-tanah-rungkut-mapan-barat-surabaya-hos19590350/,rumah123
Rumah Jual 1 LT Medokan Sawah Timur Baru Minimalis,700000000,70.0,70.0,3,2,1,1.0,Unfurnished,1,1,"Medokan Ayu, Surabaya",-7.326097,112.81353,https://www.rumah123.com/properti/surabaya-medokan-ayu/rumah-jual-1-lt-medokan-sawah-timur-baru-minimalis-hos42231178/,rumah123
Rumah Raya Tenggilis Mejoyo Dekat Ubaya Surabaya,9500000000,525.0,450.0,6,5,1,,Unfurnished,0,0,"Tenggilis Mejoyo, Surabaya",-7.31943,112.755386,https://www.rumah123.com/properti/surabaya-tenggilis-mejoyo/rumah-nol-jalan-raya-cocok-untuk-usaha-hos41107876/,rumah123
Rumah Dijual Kutisari Indah Uk Petra New Minimalis,1650000000,110.0,110.0,3,3,2,1.0,Unfurnished,1,1,"Kutisari, Surabaya",-7.277097,112.717407,https://www.rumah123.com/properti/surabaya-kutisari/rumah-dijual-2lt-kutisari-indah-ald-dekat-uk-petra-hos42038083/,rumah123
Rumah Dijual Cepat Lebak Timur Surabaya Timur,625000000,100.0,100.0,3,3,1,1.0,Unfurnished,0,0,"Surabaya Kota, Surabaya",-7.2771,112.717407,https://www.rumah123.com/properti/surabaya-surabaya-kota/rumah-dijual-cepat-lebak-timur-surabaya-timur-hos42014746/,rumah123
Dijual Rumah Unit A Araya Minimalis di Boulevard Surabaya,2600000000,91.0,120.0,4,4,2,,Unfurnished,0,0,"Wonocolo, Surabaya",-7.3273,112.737198,https://www.rumah123.com/properti/surabaya-wonocolo/dijual-rumah-unit-a-araya-minimalis-di-boulevard-surabaya-hos40228144/,rumah123
Rumah Mewah Citraland Utama Selat Golf Ada Private Pool,35000000000,1230.0,1000.0,10,9,2,4.0,Furnished,1,1,"Pakuwon Indah, Surabaya",-7.28921,112.674469,https://www.rumah123.com/properti/surabaya-pakuwon-indah/rumah-mewah-citraland-utama-selat-golf-ada-private-pool-hos41652216/,rumah123
"Rumah Araya 1 Galaxy Bumi Permai, Full Furnished",4650000000,189.0,300.0,4,3,2,,Furnished,1,1,"Sukolilo, Surabaya",-7.28813,-7.28813,https://www.rumah123.com/properti/surabaya-sukolilo/rumah-araya-1-galaxy-bumi-permai-hos40035645/,rumah123
Rumah 2 Lantai Dian Istana Surabaya Barat Lt105 SHM Semi Furnish Siap Huni,3000000000,105.0,160.0,3,3,2,2.0,Semi Furnished,1,1,"Graha, Surabaya",-7.308091617358087,112.69872546869095,https://www.rumah123.com/properti/surabaya-graha/rumah-2-lantai-dian-istana-surabaya-barat-lt105-shm-semi-furnish-siap-huni-hos42173188/,rumah123
Rumah Usaha Surabaya Timur. Jalan Kembar. Rungkut Asri. Merr. Nol Jalan,5250000000,300.0,270.0,4,2,1,1.0,Unfurnished,0,0,"Rungkut, Surabaya",-7.3311533026120115,112.77553221939088,https://www.rumah123.com/properti/surabaya-rungkut/rumah-usaha-surabaya-timur-jalan-kembar-rungkut-asri-merr-nol-jalan-hos15786752/,rumah123
Rumah New di Pondok Benowo Indah Jalan Lebar,975000000,99.0,150.0,3,3,2,,Unfurnished,1,0,"Benowo, Surabaya",-7.23213,112.63014,https://www.rumah123.com/properti/surabaya-benowo/rumah-new-di-pondok-benowo-indah-jalan-lebar-hos42369342/,rumah123
Kutisari Indah Barat Rumah 1 Lantai Siap Huni Dekat Kampus,1850000000,162.0,120.0,4,2,1,1.0,Unfurnished,1,0,"Kutisari, Surabaya",-7.277097,112.717407,https://www.rumah123.com/properti/surabaya-kutisari/kutisari-indah-barat-rumah-1-lantai-siap-huni-dekat-kampus-hos39642101/,rumah123
"Rumah Baru, Lokasi Strategis dan One Gate di Klampis, Surabaya",1650000000,102.0,125.0,3,3,2,,Unfurnished,1,0,"Sukolilo, Surabaya",-7.28813,112.802902,https://www.rumah123.com/properti/surabaya-sukolilo/rumah-baru-lokasi-strategis-dan-one-gate-di-klampis-surabaya-hos40675859/,rumah123
Rumah 2 Lantai Graha Family Perumahan Elit Surabaya Barat,5000000000,165.0,235.0,4,3,3,1.0,Unfurnished,1,1,"Dukuh Pakis, Surabaya",-7.29503,112.71074,https://www.rumah123.com/properti/surabaya-dukuh-pakis/rumah-2-lantai-graha-family-perumahan-elit-surabaya-barat-hos38850144/,rumah123
"Rumah Semi Furnished, Bagus, Strategis di Pakuwon Indah, Surabaya",10000000000,250.0,380.0,5,4,2,1.0,Semi Furnished,0,0,"Pakuwon Indah, Surabaya",-7.28921,112.674469,https://www.rumah123.com/properti/surabaya-pakuwon-indah/rumah-semi-furnished-bagus-strategis-di-pakuwon-indah-surabaya-hos40676252/,rumah123
Rumah Mewah 2 Lantai Semi Furnish Jalan Utama Klampis Anom,12500000000,808.0,1100.0,9,4,2,6.0,Semi Furnished,1,1,"Sukolilo, Surabaya",-7.28813,112.802902,https://www.rumah123.com/properti/surabaya-sukolilo/rumah-mewah-2-lantai-semi-furnish-jalan-utama-klampis-anom-hos38860123/,rumah123
"Rumah Baru Gress, Cluster Ciamiiiiiik di Pakuwon Indah, Surabaya",18000000000,375.0,590.0,5,5,2,2.0,Unfurnished,0,0,"Pakuwon Indah, Surabaya",-7.28921,112.674469,https://www.rumah123.com/properti/surabaya-pakuwon-indah/rumah-baru-gress-cluster-ciamiiiiiik-di-pakuwon-indah-surabaya-hos40679091/,rumah123
Rumah Harga Murah Rungkut Dekat Toll dan Univ Upn,1000000000,96.0,70.0,2,1,1,2.0,Unfurnished,1,0,"Rungkut, Surabaya",,,https://www.rumah123.com/properti/surabaya-rungkut/rumah-harga-murah-rungkut-dekat-toll-dan-univ-upn-hos41431839/,rumah123
Rumah Mewah Golf View Graha Family Surabaya,70000000000,1250.0,1600.0,7,5,1,3.0,Semi Furnished,1,1,"Wiyung, Surabaya",-7.31097,112.698067,https://www.rumah123.com/properti/surabaya-wiyung/rumah-mewah-golf-view-graha-family-surabaya-hos41647017/,rumah123
"Siap Huni, Rumah, 2 Lantai, Dekat Universitas,Upn Dekat Bandara",1750000000,94.0,160.0,4,3,2,1.0,Unfurnished,1,1,"Rungkut, Surabaya",-7.31434,112.800232,https://www.rumah123.com/properti/surabaya-rungkut/siap-huni-rumah-2-lantai-dekat-universitasupn-dekat-bandara-hos41431674/,rumah123
"Rumah Unit A Baru Siap Huni di Taman Pondok Indah, Wiyung",1600000000,72.0,120.0,4,3,2,,Unfurnished,1,1,"Wiyung, Surabaya",-7.314,112.69973,https://www.rumah123.com/properti/surabaya-wiyung/rumah-unit-a-baru-siap-huni-di-taman-pondok-indah-wiyung-hos42204338/,rumah123
Dian Istana Surabaya Barat Rumah Elegan dengan Lingkungan Elite,2900000000,90.0,160.0,3,4,2,,Unfurnished,1,1,"Wiyung, Surabaya",-7.304401987265948,112.6942053812486,https://www.rumah123.com/properti/surabaya-wiyung/dian-istana-surabaya-barat-rumah-elegan-dengan-lingkungan-elite-hos41864738/,rumah123
Cipta Menanggal Rumah 1 Lantai Lokasi Strategis Dekan Cito,2500000000,240.0,200.0,4,2,1,2.0,Unfurnished,1,1,"Gayungan, Surabaya",-7.33,112.726021,https://www.rumah123.com/properti/surabaya-gayungan/cipta-menanggal-rumah-1-lantai-lokasi-strategis-dekan-cito-hos39826853/,rumah123
"Rumah Bagus & Strategis, Ciamiiiiiik di Pakuwon Indah, Surabaya",7250000000,275.0,400.0,4,4,3,,Furnished,0,0,"Pakuwon Indah, Surabaya",-7.28921,112.674469,https://www.rumah123.com/properti/surabaya-pakuwon-indah/rumah-bagus-strategis-ciamiiiiiik-di-pakuwon-indah-surabaya-hos40679188/,rumah123
"Rumah Minimalis Baru Gress, Siap Huni",2750000000,147.0,190.0,4,3,2,2.0,Unfurnished,1,1,"Darmo permai, Surabaya",-7.285674,112.70134,https://www.rumah123.com/properti/surabaya-darmo-permai/rumah-minimalis-baru-gress-siap-huni-hos41879706/,rumah123
Dijual Rumah Citra Permata Regency Manukan Surabaya,850000000,91.0,90.0,2,1,1,,Unfurnished,1,0,"Manukan, Surabaya",,,https://www.rumah123.com/properti/surabaya-manukan/dijual-rumah-citra-permata-regency-manukan-surabaya-hos16894366/,rumah123
Dijual Rumah Siap Huni di Northwest Lake Citraland 2 Lantai,905000000,55.0,45.0,2,2,2,1.0,Unfurnished,1,1,"Pakal, Surabaya",-7.24268,112.629807,https://www.rumah123.com/properti/surabaya-pakal/dijual-rumah-siap-huni-di-northwest-lake-citraland-2-lantai-hos42336335/,rumah123
New Rumah Manyar Kertoadi Dkt Klampis Mulyosari Dutorejo Oaulk,4200000000,126.0,315.0,5,4,2,2.0,Unfurnished,1,1,"Manyar, Surabaya",-7.28724,112.739052,https://www.rumah123.com/properti/surabaya-manyar/new-rumah-manyar-kertoadi-dkt-klampis-mulyosari-dutorejo-oaulk-hos41541917/,rumah123
"Rumah Gayungsari Barat, Premium Quality | Finishing Halus | Modern",3090000000,137.0,225.0,4,3,2,,Unfurnished,1,0,"Gayungan, Surabaya",-7.33,112.726021,https://www.rumah123.com/properti/surabaya-gayungan/rumah-gayungsari-barat-premium-quality-finishing-halus-modern-hos42357320/,rumah123
Dijual Rumah Daerah Tambaksari Surabaya Harga Terjangkau,600000000,91.0,91.0,2,1,1,,Unfurnished,0,0,"Tambaksari, Surabaya",-7.25371,112.753212,https://www.rumah123.com/properti/surabaya-tambaksari/dijual-rumah-daerah-tambaksari-surabaya-harga-terjangkau-hos42077152/,rumah123
"Jual Rumah 2 Kamar Tidur KT Br - Perumahan Nirwana Eksekutif, Wonorejo, Rungkut, Surabaya Timur Sewa Rumah 3 Kamar Tidur KT Br - Perumahan Nirwana Eksekutif, Wonorejo, Rungkut, Surabaya Timur",1200000000,105.0,72.0,3,2,1,1.0,Unfurnished,0,0,"Rungkut, Surabaya",-7.31434,112.800232,https://www.rumah123.com/properti/surabaya-rungkut/jual-rumah-3-kamar-tidur-kt-br-perumahan-nirwana-eksekutif-wonorejo-rungkut-surabaya-timur-sewa-rumah-3-kamar-tidur-kt-hos41103841/,rumah123
Dijua Rumah 3 Kamar Tidur.ketegan Sepanjang Sidoarjo,2000000000,112.0,112.0,3,3,1,1.0,,0,0,"Sidoarjo, Surabaya",-7.450998,112.715439,https://www.rumah123.com/properti/surabaya-sidoarjo/dijua-rumah-ketegan-sidoarjo-hos42309861/,rumah123
"Jual Rumah 2 Kamar Tidur - Perumahan Northwest Lake, Citraland Utara, Surabaya Barat",975000000,50.0,50.0,2,2,2,1.0,Furnished,0,0,"Citraland, Surabaya",-7.309354,112.656548,https://www.rumah123.com/properti/surabaya-citraland/northwest-lake-citraland-utara-hos42295398/,rumah123
Hitung Tanah Saja Rumah Rungkut Harapan Murah Njedok,1800000000,200.0,300.0,5,2,2,1.0,,0,0,"Rungkut, Surabaya",-7.31434,112.800232,https://www.rumah123.com/properti/surabaya-rungkut/hitung-tanah-saja-rumah-rungkut-harapan-murah-njedok-hos41219139/,rumah123
Rumah Minimalis Ketintang One Gate Siap Huni Murah,3200000000,206.0,200.0,4,4,2,2.0,Unfurnished,1,0,"Ketintang, Surabaya",-7.31615796,112.7226586,https://www.rumah123.com/properti/surabaya-ketintang/rumah-minimalis-ketintang-one-gate-siap-huni-murah-hos42359786/,rumah123
Rumah Minimalis 2 Lantai Second Gayungsari Siap Huni,3600000000,360.0,429.0,5,5,2,2.0,Unfurnished,0,0,"Gayungan, Surabaya",-7.3339984,112.7247774,https://www.rumah123.com/properti/surabaya-gayungan/rumah-minimalis-2-lantai-second-gayungsari-siap-huni-hos42360136/,rumah123
Jual Rumah Hitung Tanah Kavling Gayungsari,2700000000,324.0,100.0,1,1,1,,Unfurnished,0,0,"Gayungan, Surabaya",-7.3339984,112.7247774,https://www.rumah123.com/properti/surabaya-gayungan/jual-rumah-hitung-tanah-kavling-gayungsari-hos42360320/,rumah123
Rumah Siap Huni Lebak Indah Town House 2lt,1100000000,84.0,120.0,3,3,2,1.0,Unfurnished,1,0,"Tambaksari, Surabaya",-7.25371,112.753212,https://www.rumah123.com/properti/surabaya-tambaksari/rumah-siap-huni-lebak-indah-town-house-2lt-hos39897907/,rumah123
Jual cepat rumah minimalis siap huni Griya Kebraon Utama,1150000000,105.0,80.0,3,1,1,1.0,Unfurnished,0,0,"Karangpilang, Surabaya",-7.34304,112.69739,https://www.rumah123.com/properti/surabaya-karangpilang/jual-cepat-rumah-minimalis-siap-huni-griya-kebraon-utama-hos8994504/,rumah123
Rumah baru modern scandinavian 2lt Kutisari Indah,1250000000,80.0,106.0,3,2,2,2.0,Unfurnished,0,0,"Kutisari, Surabaya",,,https://www.rumah123.com/properti/surabaya-kutisari/rumah-baru-modern-scandinavian-2lt-kutisari-indah-hos8449508/,rumah123
Rumah 2 lantai minimalis Kapas Gading Madya,1250000000,85.0,120.0,3,3,2,1.0,Unfurnished,0,0,"Tambaksari, Surabaya",-7.253838,112.75289199999997,https://www.rumah123.com/properti/surabaya-tambaksari/rumah-2-lantai-minimalis-kapas-gading-madya-hos5482668/,rumah123
Rumah baru modern scandinavian 2lt Kutisari Indah,1150000000,67.0,82.0,3,2,2,2.0,Unfurnished,0,0,"Kutisari, Surabaya",,,https://www.rumah123.com/properti/surabaya-kutisari/rumah-baru-modern-scandinavian-2lt-kutisari-indah-hos8449497/,rumah123
New Gress Hook 2lt Galaxy Bumi Permai 2,8500000000,310.0,425.0,4,3,2,3.0,Semi Furnished,0,0,"Semolowaru, Surabaya",-7.300987,112.778495,https://www.rumah123.com/properti/surabaya-semolowaru/new-gress-hook-2lt-galaxy-bumi-permai-2-hos6894942/,rumah123
Rumah lokasi strategis Lebak Jaya Tengah Utara SHM,1200000000,125.0,130.0,3,1,1,1.0,Unfurnished,0,0,"Tambaksari, Surabaya",,,https://www.rumah123.com/properti/surabaya-tambaksari/rumah-lokasi-strategis-lebak-jaya-tengah-utara-shm-hos3171636/,rumah123
"Rumah usaha (gudang,kantor,rumah,produksi) jd 1 Raya Wonorejo Selatan",10000000000,800.0,800.0,5,5,2,2.0,Unfurnished,0,0,"Wonorejo, Surabaya",-7.27129,112.73168099999998,https://www.rumah123.com/properti/surabaya-wonorejo/rumah-usaha-gudangkantorrumahproduksi-jd-1-raya-wonorejo-selatan-hos5429082/,rumah123
"Rumah Siap Huni SHM 1,5Lt Taman Gunung Anyar",775000000,60.0,60.0,3,2,2,1.0,Semi Furnished,1,1,"Gununganyar, Surabaya",,,https://www.rumah123.com/properti/surabaya-gununganyar/rumah-siap-huni-shm-15lt-taman-gunung-anyar-hos3062819/,rumah123
Cocok buat investor rumah bangunan lama itung tanah Lebak Jaya,700000000,112.0,90.0,3,1,1,,Unfurnished,0,0,"Tambaksari, Surabaya",,,https://www.rumah123.com/properti/surabaya-tambaksari/cocok-buat-investor-rumah-bangunan-lama-itung-tanah-lebak-jaya-hos2529778/,rumah123
Jual Rumah Jelek Hitung Tanah Perum Wisma Mukti,1500000000,120.0,80.0,3,2,1,1.0,Unfurnished,1,0,"Sukolilo, Surabaya",-7.28813,112.802902,https://www.rumah123.com/properti/surabaya-sukolilo/jual-rumah-jelek-hitung-tanah-perum-wisma-mukti-hos40831559/,rumah123
"Rumah Baru Gress 2 Lantai, Lokasi Strategis di Lebak Arum",2700000000,187.0,250.0,3,4,2,2.0,Unfurnished,1,1,"Tambaksari, Surabaya",-7.25371,112.753212,https://www.rumah123.com/properti/surabaya-tambaksari/rumah-baru-gress-2-lantai-lokasi-strategis-di-lebak-arum-hos19373073/,rumah123
Rumah Siap Huni Perum Galaxy Bumi Permai 2Lt Full Furnish,6950000000,375.0,500.0,6,4,2,2.0,Furnished,0,1,"Sukolilo, Surabaya",-7.28813,112.802902,https://www.rumah123.com/properti/surabaya-sukolilo/rumah-siap-huni-perum-galaxy-bumi-permai-2lt-full-furnish-hos40778533/,rumah123
Jual Rumah Cocok Buat Usaha Mulyosari Mas 2Lt,3000000000,264.0,400.0,4,2,2,2.0,Semi Furnished,1,0,"Mulyorejo, Surabaya",-7.27049,112.78055,https://www.rumah123.com/properti/surabaya-mulyorejo/jual-rumah-cocok-buat-usaha-mulyosari-mas-2lt-hos13544405/,rumah123
Rumah Mewah Modern Classic Raya Dharmahusada Indah 2Lt,27500000000,680.0,1000.0,5,4,2,5.0,Furnished,0,1,"Gubeng, Surabaya",,,https://www.rumah123.com/properti/surabaya-gubeng/rumah-mewah-modern-classic-raya-dharmahusada-indah-2lt-hos8290405/,rumah123
Hunian Asri & Nyaman Diamond Hill Citraland 2Lt Hook,8900000000,368.0,500.0,4,3,2,2.0,Unfurnished,1,1,"Sambikerep, Surabaya",-7.27993,112.65465,https://www.rumah123.com/properti/surabaya-sambikerep/hunian-asri-nyaman-diamond-hill-citraland-2lt-hook-hos13750844/,rumah123
Rumah Cocok Buat Usaha Raya Manyar Tirtoasri 2Lt Hook,6250000000,460.0,380.0,6,3,2,2.0,Unfurnished,1,1,"Sukolilo, Surabaya",-7.28813,112.8029,https://www.rumah123.com/properti/surabaya-sukolilo/rumah-cocok-buat-usaha-raya-manyar-tirtoasri-2lt-hook-hos13825231/,rumah123
Jual Rumah Siap Huni Cocok Buat Usaha Mulyosari Mas 2Lt,3000000000,264.0,400.0,3,4,2,1.0,Semi Furnished,1,1,"Mulyorejo, Surabaya",-7.27049,112.78055,https://www.rumah123.com/properti/surabaya-mulyorejo/jual-rumah-siap-huni-cocok-buat-usaha-mulyosari-mas-2lt-hos13434526/,rumah123
"Rumah Siap Huni Cocok Buat Usaha atau Kost2an Gersikan 1,5Lt",2800000000,281.0,274.0,4,3,2,2.0,Unfurnished,1,0,"Tambaksari, Surabaya",-7.25371,112.75321,https://www.rumah123.com/properti/surabaya-tambaksari/rumah-siap-huni-cocok-buat-usaha-atau-kost2an-gersikan-15lt-hos16031951/,rumah123
Rumah Mewah Classic Prime Location Raya Kertajaya Indah 2lt,70000000000,1736.0,1348.0,5,5,2,8.0,Unfurnished,1,1,"Sukolilo, Surabaya",-7.28813,112.8029,https://www.rumah123.com/properti/surabaya-sukolilo/rumah-mewah-classic-prime-location-raya-kertajaya-indah-2lt-hos16109634/,rumah123
Jual Cepat Rumah Siap Huni Setro Baru 1.5Lt,600000000,60.0,36.0,2,1,2,,,0,0,"Tambaksari, Surabaya",-7.25371,112.753212,https://www.rumah123.com/properti/surabaya-tambaksari/jual-cepat-rumah-siap-huni-setro-baru-15lt-hos42065351/,rumah123
Rumah Lama Hitung Tanah Area Komersial Sam Ratulangi,11000000000,556.0,480.0,4,2,1,2.0,Unfurnished,0,0,"Tegalsari, Surabaya",-7.2735500335693,112.73745727539,https://www.rumah123.com/properti/surabaya-tegalsari/rumah-lama-hitung-tanah-area-komersial-sam-ratulangi-hos19282907/,rumah123
Rumah Baru Gress Ciamik Semi Klasik Minimalis Babatan Pantai 2Lt,3450000000,153.0,230.0,5,4,2,2.0,,0,0,"Mulyorejo, Surabaya",-7.27049,112.780548,https://www.rumah123.com/properti/surabaya-mulyorejo/rumah-baru-gress-ciamik-semi-klasik-minimalis-babatan-pantai-2lt-hos41130755/,rumah123
Rumah Lama Hitung Tanah Area Komersil Raya Kalikepiting,7500000000,531.0,375.0,,,1,,,0,0,"Tambaksari, Surabaya",-7.25371,112.753212,https://www.rumah123.com/properti/surabaya-tambaksari/rumah-lama-hitung-tanah-area-komersil-raya-kalikepiting-hos41130809/,rumah123
Rumah Lux Modern Siap Huni Strategis di Komplek Ketintang Permai Surabaya SHM,5750000000,375.0,300.0,4.0,4.0,2,1.0,Semi Furnished,0,0,"Jambangan, Surabaya",-7.28917,112.734,https://www.rumah123.com/properti/surabaya-jambangan/rumah-lux-modern-siap-huni-strategis-di-komplek-ketintang-permai-surabaya-shm-hos40509716/,rumah123
Dijual Rumah di Regency 21 Sukolilo Dekat Galaxy Mall,4500000000,300.0,350.0,3.0,3.0,2,1.0,Semi Furnished,0,0,"Sukolilo, Surabaya",-7.28813,112.802902,https://www.rumah123.com/properti/surabaya-sukolilo/dijual-rumah-di-regency-21-sukolilo-dekat-galaxy-mall-hos41673149/,rumah123
Dijual Rumah di Galaxy Bumi Permai Araya 1 Semolowaru,4850000000,189.0,300.0,4.0,3.0,2,2.0,Furnished,0,0,"Sukolilo, Surabaya",-7.28813,112.802902,https://www.rumah123.com/properti/surabaya-sukolilo/dijual-rumah-di-galaxy-bumi-permai-araya-1-semolowaru-hos41134379/,rumah123
"Rumah Baru di Satelit Indah, Mewah Minimalis, Langsung Siap Huni",6500000000,300.0,420.0,4.0,5.0,2,2.0,,1,0,"Sukomanunggal, Surabaya",-7.2651651,112.6938222,https://www.rumah123.com/properti/surabaya-sukomanunggal/rumah-baru-di-satelit-indah-mewah-minimalis-langsung-siap-huni-hos16722651/,rumah123
Dijual Rumah di Surabaya Timur Ploso Kalijudan Kenjeran,2000000000,120.0,120.0,5.0,3.0,2,2.0,Unfurnished,0,0,"Kenjeran, Surabaya",-7.23563,112.786163,https://www.rumah123.com/properti/surabaya-kenjeran/dijual-rumah-di-surabaya-timur-ploso-kalijudan-kenjeran-hos42381011/,rumah123
MURAH CEPAT DAPAT Rumah Jemur Andayani Wonocolo Surabaya  12x23 SHM Bangunan lama 1 Lantai One Gate Row Jalan Lebar,2600000000,281.0,250.0,4.0,3.0,1,,Furnished,1,0,"Jemursari, Surabaya",-7.32428,112.74173,https://www.rumah123.com/properti/surabaya-jemursari/murah-cepat-dapat-rumah-jemur-andayani-wonocolo-surabaya-12x23-shm-bangunan-lama-1-lantai-one-gate-row-jalan-lebar-hos40428563/,rumah123
"Rumah Super Mewah Jemursari - Layout Ciamik, Material Top, Tinggal Bawa Koper",9500000000,390.0,550.0,5.0,5.0,2,2.0,Furnished,1,1,"Jemursari, Surabaya",-7.32428,112.74173,https://www.rumah123.com/properti/surabaya-jemursari/rumah-super-mewah-jemursari-layout-ciamik-material-top-tinggal-bawa-koper-hos41021112/,rumah123
"Interior Modern Siap Huni! Rumah 3 KT Belakang Galaxy Mall, Akses Dekat Merr & Pusat Kota",3500000000,135.0,102.0,3.0,3.0,2,1.0,Unfurnished,1,0,"Mulyorejo, Surabaya",-7.27049,112.780548,https://www.rumah123.com/properti/surabaya-mulyorejo/interior-modern-siap-huni-rumah-3-kt-belakang-galaxy-mall-akses-dekat-merr-pusat-kota-hos42161180/,rumah123
Drop 400Jt !! Rumah Wisma Pagesangan Surabaya 11X15 1.5Lt SHM Kamar Banyak Dkt Masjid Agung Jual Cepat Nego,2200000000,165.0,132.0,6.0,2.0,1,1.0,Unfurnished,1,0,"Gayungan, Surabaya",-7.33,112.726021,https://www.rumah123.com/properti/surabaya-gayungan/jalan-lebar-bebas-banjir-rumah-wisma-pagesangan-surabaya-11x15-15lt-shm-jual-cepat-mau-pindah-hos40296869/,rumah123
Lokasi Emas Kertajaya Indah - Hook Komersial untuk CafÃ©/Resto/Klinik,18000000000,390.0,250.0,3.0,2.0,1,2.0,Unfurnished,1,0,"kertajaya, Surabaya",-7.282603,112.755432,https://www.rumah123.com/properti/surabaya-kertajaya/lokasi-emas-kertajaya-indah-hook-komersial-untuk-cafrestoklinik-hos40611758/,rumah123
"Rumah Hook Full Marmer Bangunan 2022! LT 306MÂ², Carport 5 Mobil di Nginden Intan",5500000000,306.0,320.0,5.0,3.0,2,5.0,Unfurnished,1,0,"Nginden, Surabaya",-7.29974,112.767357,https://www.rumah123.com/properti/surabaya-nginden/rumah-hook-full-marmer-bangunan-2022-lt-306m-carport-5-mobil-di-nginden-intan-hos42335190/,rumah123
Dkt Its Oerr Sukolilo Park Regency Row 4 Mbl Jln Paving Utk Kost,1300000000,135.0,90.0,3.0,2.0,1,2.0,Semi Furnished,1,1,"Sukolilo, Surabaya",-7.28813,-7.28813,https://www.rumah123.com/properti/surabaya-sukolilo/dkt-its-oerr-sukolilo-park-regency-row-4-mbl-jln-paving-utk-kost-hos39539516/,rumah123
Rumah Tenggilis Mejoyo Surabaya 10x20 Siap Huni Dkt Kampus Ubaya Murah,1950000000,200.0,180.0,3.0,2.0,1,1.0,Unfurnished,1,1,"Tenggilis Mejoyo, Surabaya",-7.31943,112.75539,https://www.rumah123.com/properti/surabaya-tenggilis-mejoyo/rumah-tenggilis-mejoyo-surabaya-10x20-siap-huni-dkt-kampus-ubaya-murah-hos18304660/,rumah123
"LT 300MÂ² Lebar Jalan Row 3 Mobil, Muat Dibangun 5 Unit Rumah Kost 2 Lantai di Kutisari Surabaya",2300000000,300.0,200.0,5.0,2.0,1,,Unfurnished,1,1,"Kutisari, Surabaya",-7.277097,112.717407,https://www.rumah123.com/properti/surabaya-kutisari/lt-300m-lebar-jalan-row-3-mobil-muat-dibangun-5-unit-rumah-kost-2-lantai-di-kutisari-surabaya-hos41212116/,rumah123
"Rumah Mewah 600MÂ² di Gayungsari, Harga Turun Gila-Gilaan Gayungan - Surabaya",5500000000,300.0,600.0,8.0,4.0,2,2.0,Furnished,1,1,"Gayungan, Surabaya",-7.33,112.72602,https://www.rumah123.com/properti/surabaya-gayungan/rumah-mewah-600m-di-gayungsari-harga-turun-gilagilaan-gayungan-surabaya-hos18426314/,rumah123
"Akses Cepat Kemana Aja! Rumah Jemursari Regency Surabaya Timur 3,2M Nego",3200000000,160.0,206.0,3.0,2.0,2,1.0,Unfurnished,1,0,"Tenggilis Mejoyo, Surabaya",-7.31943,112.755386,https://www.rumah123.com/properti/surabaya-tenggilis-mejoyo/akses-cepat-kemana-aja-rumah-jemursari-regency-surabaya-timur-32m-nego-hos41212379/,rumah123
Rumah Bagus Dekat Pakuwon Mal,3250000000,188.0,188.0,3.0,2.0,1,2.0,Unfurnished,0,0,"Pakuwon Indah, Surabaya",-7.28921,112.674469,https://www.rumah123.com/properti/surabaya-pakuwon-indah/rumah-bagus-dekat-pakuwon-mal-hos40103967/,rumah123
Best Buy untuk Pekerja Tanjung Perak & Margomulyo! Rumah 3 KT LT 84 MÂ² - Asemrowo 625 Juta,625000000,84.0,60.0,3.0,1.0,1,1.0,Unfurnished,1,0,"Asemrowo, Surabaya",-7.24736,112.707764,https://www.rumah123.com/properti/surabaya-asemrowo/best-buy-untuk-pekerja-tanjung-perak-margomulyo-rumah-3-kt-lt-84-m-asemrowo-625-juta-hos42353121/,rumah123
Flash Sale Rumah Puri Galaxy Surabaya Minimalis 2 Lantai Semi Furnish Cluster Depan 5M An,5300000000,252.0,300.0,4.0,3.0,2,2.0,Semi Furnished,1,1,"Sukolilo, Surabaya",-7.28813,112.8029,https://www.rumah123.com/properti/surabaya-sukolilo/flash-sale-rumah-puri-galaxy-surabaya-minimalis-2-lantai-semi-furnish-cluster-depan-5m-an-hos17716956/,rumah123
Rumah Dijual Citraland District 9 Surabaya Full Furnish Renovasi SHM,4500000000,126.0,176.0,3,3,2,1.0,Furnished,1,1,"Lakarsantri, Surabaya",-7.30132,112.65201,https://www.rumah123.com/properti/surabaya-lakarsantri/umah-dijual-citraland-district-9-surabaya-full-furnish-renovasi-shm-hos42248227/,rumah123
Fire Sale Drop 100Jt - Rumah Baru 2 Lantai Modern Minimalis Bukit Palma Citraland Surabaya Barat,2150000000,120.0,170.0,4,4,2,2.0,Unfurnished,1,1,"Citraland, Surabaya",-7.309354,112.656548,https://www.rumah123.com/properti/surabaya-citraland/fire-sale-drop-100jt-rumah-baru-2-lantai-modern-minimalis-bukit-palma-citraland-surabaya-barat-hos40667239/,rumah123
"Aset SHM 325MÂ² Dekat Jemursari, Cocok Rumah Tinggal, Kantor atau Kos Eksklusif - Kendangsari Surabaya",2900000000,325.0,325.0,4,2,1,1.0,Unfurnished,1,0,"Kendangsari, Surabaya",-7.32409,112.750252,https://www.rumah123.com/properti/surabaya-kendangsari/aset-shm-325m-dekat-jemursari-cocok-rumah-tinggal-kantor-atau-kos-eksklusif-kendangsari-surabaya-hos41249704/,rumah123
Rumah Baru 2 Lantai Satelit Utara Surabaya Barat SHM LT 96MÂ² Carport 2 Mobil Dekat Tol,1900000000,96.0,135.0,3,2,2,2.0,Unfurnished,1,1,"Darmo permai, Surabaya",-7.263712353,112.6932395,https://www.rumah123.com/properti/surabaya-darmo-permai/rumah-baru-2-lantai-satelit-utara-surabaya-barat-shm-lt-96m-carport-2-mobil-dekat-tol-hos41170231/,rumah123
Dijual Rumah Siap Huni di Babatan Pantai Dekat Annyeong Market,2550000000,146.0,280.0,4,4,2,2.0,Unfurnished,0,0,"Mulyorejo, Surabaya",-7.27049,112.780548,https://www.rumah123.com/properti/surabaya-mulyorejo/dijual-rumah-siap-huni-di-babatan-pantai-dekat-annyeong-market-hos42374530/,rumah123
Rumah Terawat Dekat Kampus Daerah Semolowaru,1350000000,108.0,90.0,3,2,2,1.0,Unfurnished,1,1,"Manyar, Surabaya",-7.28724,112.73905,https://www.rumah123.com/properti/surabaya-manyar/rumah-terawat-dekat-kampus-daerah-semolowaru-hos39065840/,rumah123
Rumah hitung tanah,4000000000,300.0,250.0,3,2,1,2.0,Unfurnished,0,0,"Tenggilis Mejoyo, Surabaya",,,https://www.rumah123.com/properti/surabaya-tenggilis-mejoyo/rumah-hitung-tanah-hos3950511/,rumah123
Rumah Mewah Dharmahusada Surabaya Baru Renovasi Dekat Galaxy Mall 5 KT,5800000000,240.0,400.0,5,3,2,1.0,Semi Furnished,1,1,"Galaxy, Surabaya",-7.2706183,112.785535,https://www.rumah123.com/properti/surabaya-galaxy/rumah-mewah-dharmahusada-surabaya-baru-renovasi-dekat-galaxy-mall-5-kt-deskripsi-seo-hos42228757/,rumah123
Rumah Premium Cluster Golf Citraland Surabaya 4 KT Hadap Utara,5500000000,240.0,390.0,4,3,2,2.0,Unfurnished,1,1,"Citraland, Surabaya",-7.296371582831893,112.62957550042601,https://www.rumah123.com/properti/surabaya-citraland/rumah-premium-cluster-golf-citraland-surabaya-4-kt-hadap-utara-hos42140336/,rumah123
Dijual Rumah Hitung Tanah di Sidotopo Wetan Pogot Sidoyoso,6300000000,900.0,900.0,2,2,1,2.0,Unfurnished,0,0,"Kenjeran, Surabaya",-7.23563,112.786163,https://www.rumah123.com/properti/surabaya-kenjeran/dijual-rumah-hitung-tanah-di-sidotopo-wetan-pogot-sidoyoso-hos42374819/,rumah123
Termurah ! Rumah 2 Lantai di Gununganyar Tambak Under 1 M,820000000,97.0,140.0,3,2,2,1.0,Unfurnished,1,1,"Gununganyar, Surabaya",-7.28917,112.734,https://www.rumah123.com/properti/surabaya-gununganyar/termurah-rumah-2-lantai-di-gununganyar-tambak-under-1-m-hos41222418/,rumah123
Rumah Under 1 M di Greenlake Wonorejo,650000000,72.0,72.0,2,1,1,1.0,,0,0,"Semampir, Surabaya",-7.2149,112.748787,https://www.rumah123.com/properti/surabaya-semampir/rumah-under-1-m-di-greenlake-wonorejo-hos42143599/,rumah123
Dijual Rumah New Minimalis Dekat Sekolah Citra Berkat Bukit Palma,2000000000,120.0,170.0,4,4,2,2.0,Unfurnished,1,1,"Pakal, Surabaya",-7.24268,112.629807,https://www.rumah123.com/properti/surabaya-pakal/dijual-rumah-new-minimalis-dekat-sekolah-citahati-bukit-palma-hos41126236/,rumah123
"Rumah Lega & Plong di Medayu Rungkut - Full Renov, Dekat Merr & Upn",1180000000,94.0,180.0,2,3,2,1.0,Unfurnished,1,0,"Rungkut, Surabaya",-7.31434,112.800232,https://www.rumah123.com/properti/surabaya-rungkut/rumah-lega-plong-di-medayu-rungkut-full-renov-dekat-merr-upn-hos41399467/,rumah123
"Jarang Ada! Rumah SHM Lt/Lb 135MÂ², 2+1 KT, Harga 1,3 M-An - Wiguna Tengah Gunung Anyar Surabaya Timur",1300000000,135.0,135.0,2,2,1,,Unfurnished,1,0,"Gununganyar, Surabaya",-7.33182,112.80822,https://www.rumah123.com/properti/surabaya-gununganyar/jarang-ada-rumah-shm-ltlb-135m-21-kt-harga-13-man-wiguna-tengah-gunung-anyar-surabaya-timur-hos41242180/,rumah123
Lihat Pasti Suka Rumah Rungkut Asri Surabaya Timur Baru Gress 2 Lantai Sisa 1 Unit,2100000000,120.0,164.0,3,3,2,1.0,Unfurnished,1,1,"Rungkut, Surabaya",-7.31434,112.80023,https://www.rumah123.com/properti/surabaya-rungkut/lihat-pasti-suka-rumah-rungkut-asri-surabaya-timur-baru-gress-2-lantai-sisa-1-unit-hos18398987/,rumah123
Jual Murah | Rumah 2 Lantai Rungkut Asri - Dekat Mc Donald / Superindo,2500000000,200.0,350.0,3,2,1,1.0,Unfurnished,1,0,"Rungkut, Surabaya",-7.31434,112.800232,https://www.rumah123.com/properti/surabaya-rungkut/jual-murah-rumah-2-lantai-rungkut-asri-dekat-mc-donald-superindo-hos40966469/,rumah123
"SHM, Full Bangunan Â±120MÂ², 3 KT, One Gate System - Wiguna Tengah Gunung Anyar Hanya 1,3 M-An",1300000000,120.0,120.0,3,1,1,,Unfurnished,1,0,"Gununganyar, Surabaya",-7.33182,112.80822,https://www.rumah123.com/properti/surabaya-gununganyar/shm-full-bangunan-120m-3-kt-one-gate-system-wiguna-tengah-gunung-anyar-hanya-13-man-hos41046095/,rumah123
"Lokasi Strategis, Fasilitas Lengkap, Harga Nego Lokasi Strategis, Dkt Kampus & Merr, Harga Nego Rumah Medokan Asri Surabaya Timur 450M2 2Lantai Siap Huni",3000000000,325.0,450.0,4,3,2,1.0,Semi Furnished,1,1,"Rungkut, Surabaya",-7.31434,112.800232,https://www.rumah123.com/properti/surabaya-rungkut/lokasi-strategis-fasilitas-lengkap-harga-nego-lokasi-strategis-dkt-kampus-merr-harga-nego-rumah-medokan-asri-surabaya-hos39306149/,rumah123
Cuman 2 Menit Ke Raya Merr Rumah Minimalis 2 Lantai Rungkut Harapan Surabaya Timur 1M An Baru Gress shm sdh split,1250000000,55.0,82.0,3,3,2,1.0,Unfurnished,1,1,"Rungkut, Surabaya",-7.31434,112.80023,https://www.rumah123.com/properti/surabaya-rungkut/cuman-2-menit-ke-raya-merr-rumah-minimalis-2-lantai-rungkut-harapan-surabaya-timur-1m-an-baru-gress-shm-sdh-split-hos17575624/,rumah123
RENTAL DEMAND TINGGI Calliodra Co-Living Rumah Kost 12 Kamar Samping Kampus UPN Rungkut Surabaya Duduk Manis Dpt Income 280Jt-an/tahun,1800000000,65.0,180.0,12.0,12,2,2.0,Furnished,1,1,"Rungkut, Surabaya",-7.31434,112.800232,https://www.rumah123.com/properti/surabaya-rungkut/rental-demand-tinggi-calliodra-coliving-rumah-kost-12-kamar-samping-kampus-upn-rungkut-surabaya-duduk-manis-dpt-income-hos40173865/,rumah123
Rumah + Potensi Kost di Kawasan Mahasiswa Rungkut Surabaya Timur,3500000000,270.0,150.0,5.0,4,2,,Unfurnished,1,0,"Rungkut, Surabaya",-7.31434,112.800232,https://www.rumah123.com/properti/surabaya-rungkut/rumah-potensi-kost-di-kawasan-mahasiswa-rungkut-surabaya-timur-hos41232692/,rumah123
Rumah Rungkut Asri Surabaya Timur 13x30 2lantai Hadap Jalan Raya Drop 350jtan Dekat Mcd Yakaya,5250000000,390.0,450.0,,4,3,1.0,Semi Furnished,1,1,"Rungkut, Surabaya",-7.31434,112.800232,https://www.rumah123.com/properti/surabaya-rungkut/rumah-rungkut-asri-surabaya-timur-13x30-2lantai-hadap-jalan-raya-drop-350jtan-dekat-mcd-yakaya-hos39448228/,rumah123
"Cocok Kantor, Klinik, Gudang Online Ataupun Kost Eksklusif - Rumah Besar di Medokan Ayu Rungkut, Tepat di Depan Upn!",6000000000,370.0,400.0,6.0,3,2,,Unfurnished,1,0,"Rungkut, Surabaya",-7.31434,112.800232,https://www.rumah123.com/properti/surabaya-rungkut/cocok-kantor-klinik-gudang-online-ataupun-kost-eksklusif-rumah-besar-di-medokan-ayu-rungkut-tepat-di-depan-upn-hos41615290/,rumah123
Rumah 4 Kamar Tidur Dekat dengan Cito Mall,1830000000,130.0,112.0,4.0,3,2,2.0,,0,0,"Gayungan, Surabaya",-7.33,112.72602,https://www.rumah123.com/properti/surabaya-gayungan/rumah-2-lantai-mewah-cocok-untuk-keluarga-besar-hos42060870/,rumah123
"Bagus Terawat, Lihat Pasti Suka | Rumah Siap Huni Taman Riviera Regency Ykp - Medokan Rungkut",850000000,84.0,48.0,2.0,1,1,,Unfurnished,1,1,"Rungkut, Surabaya",-7.31434,112.800232,https://www.rumah123.com/properti/surabaya-rungkut/bagus-terawat-lihat-pasti-suka-rumah-siap-huni-taman-riviera-regency-ykp-medokan-rungkut-hos40949424/,rumah123
Flash Sale Turun 200Jt !! Rumah Green Semanggi Mangrove Wonorejo Surabaya Siap Huni 6X15 2Lantai,1100000000,90.0,90.0,3.0,2,2,1.0,Unfurnished,1,1,"Wonorejo, Surabaya",-7.271274,112.731598,https://www.rumah123.com/properti/surabaya-wonorejo/flash-sale-turun-200jt-rumah-green-semanggi-mangrove-wonorejo-surabaya-siap-huni-6x15-2lantai-hos38917922/,rumah123
Drop 400Jt !! Rumah Modern Scandinavian Rungkut Asri Surabaya Timur 2 Lantai Baru Gress Layout Ciamik Dkt Merr,2300000000,120.0,225.0,4.0,3,2,2.0,Unfurnished,1,1,"Rungkut, Surabaya",-7.31434,112.80023,https://www.rumah123.com/properti/surabaya-rungkut/drop-400jt-rumah-modern-scandinavian-rungkut-asri-surabaya-timur-2-lantai-baru-gress-layout-ciamik-dkt-merr-hos17995227/,rumah123
DEKAT MCD SUPERINDO & MERR Rumah Baru Gress Rungkut Asri Surabaya Timur Mininalis 2 Lantai 7x20 SHM Top Material Harga 2M an,2600000000,140.0,182.0,3.0,4,2,2.0,Unfurnished,1,1,"Rungkut, Surabaya",-7.31434,112.800232,https://www.rumah123.com/properti/surabaya-rungkut/dekat-mcd-superindo-merr-rumah-baru-gress-rungkut-asri-surabaya-timur-mininalis-2-lantai-7x20-shm-top-material-harga-hos39853648/,rumah123
Bebas Banjir Rumah 1.5 Lantai Siap Huni Pandugo Surabaya Timur Bangunan Terawat Dpn Fasum Murah 1m An,1300000000,118.0,110.0,3.0,2,1,1.0,Unfurnished,1,1,"Rungkut, Surabaya",-7.31434,112.80023,https://www.rumah123.com/properti/surabaya-rungkut/bebas-banjir-rumah-15-lantai-siap-huni-pandugo-surabaya-timur-bangunan-terawat-dpn-fasum-murah-1m-an-hos18372564/,rumah123
Dekat Dari Merr Hitung Tanah Rumah Rusak Wisma Kedung Asem Indah,1150000000,135.0,1.0,1.0,1,1,,Unfurnished,1,0,"Rungkut, Surabaya",-7.31434,112.80023,https://www.rumah123.com/properti/surabaya-rungkut/dekat-dari-merr-hitung-tanah-rumah-rusak-wisma-kedung-asem-indah-hos11053567/,rumah123
Rumah Gunung Anyar Emas Surabaya Timur Minimalis 2 Lantai SHM Akses Mudah 700Jtan Nego,795000000,60.0,60.0,2.0,2,2,,Unfurnished,1,1,"Gununganyar, Surabaya",-7.33182,112.80822,https://www.rumah123.com/properti/surabaya-gununganyar/rumah-gunung-anyar-emas-surabaya-timur-minimalis-2-lantai-shm-akses-mudah-700jtan-nego-hos39734372/,rumah123
Turun 1.2 Milyar Rumah 2 Lantai Rungkut Asri Surabaya Timur Ada Kolam Renang Dkt Merr Upn,4300000000,300.0,325.0,5.0,4,2,2.0,Unfurnished,1,0,"Rungkut, Surabaya",-7.31434,112.80023,https://www.rumah123.com/properti/surabaya-rungkut/turun-12-milyar-rumah-2-lantai-rungkut-asri-surabaya-timur-ada-kolam-renang-dkt-merr-upn-hos13326572/,rumah123
Rumah Kost Siwalankerto Surabaya Baru Gress 7kt 3 Menit Dari Kampus Petra Harga 1m An,1200000000,60.0,110.0,7.0,7,2,1.0,Unfurnished,1,0,"Wonocolo, Surabaya",-7.3273,112.7372,https://www.rumah123.com/properti/surabaya-wonocolo/rumah-kost-siwalankerto-surabaya-baru-gress-7kt-3-menit-dari-kampus-petra-harga-1m-an-hos18999059/,rumah123
Jarang Ada Rumah 10x20 Bangunan Baru Renov Harga 1M An Klampis Semolo Surabaya ready siap huni,1750000000,200.0,145.0,4.0,2,1,1.0,Unfurnished,1,1,"Semolowaru, Surabaya",-7.30105,112.77856,https://www.rumah123.com/properti/surabaya-semolowaru/jarang-ada-rumah-10x20-bangunan-baru-renov-harga-1m-an-klampis-semolo-surabaya-ready-siap-huni-hos18657802/,rumah123
"DEKAT GALAXI MALL, RS UNAIR, MERR  Rumah Dharmahusada Regency Surabaya 12x20 SHM 2Lantai Under Price 4M an",4750000000,240.0,262.0,5.0,3,2,1.0,Unfurnished,1,1,"Mulyorejo, Surabaya",-7.27049,112.780548,https://www.rumah123.com/properti/surabaya-mulyorejo/dekat-galaxi-mall-rs-unair-merr-rumah-dharmahusada-regency-surabaya-12x20-shm-2lantai-under-price-4m-an-hos39733829/,rumah123
"FLASH SALE Rumah Kantor 2.5 Lantai & Gudang Barata Jaya Surabaya Cocok Utk Kantor Farmasi, Ekspedisi, Distributor Dll",2500000000,389.0,470.0,2.0,2,2,6.0,Unfurnished,1,1,"Gubeng, Surabaya",-7.27396,112.748192,https://www.rumah123.com/properti/surabaya-gubeng/flash-sale-rumah-kantor-25-lantai-gudang-barata-jaya-surabaya-cocok-utk-kantor-farmasi-ekspedisi-distributor-dll-hos39007560/,rumah123
"Rumah Gayung Kebonsari Surabaya Scandinavian Baru Gress Hook 2 Lantai Dkt Polda, Masjid Agung & Sekolah Al Hikmah",4600000000,185.0,250.0,4.0,3,2,3.0,Unfurnished,1,1,"Gayungan, Surabaya",-7.33,112.726021,https://www.rumah123.com/properti/surabaya-gayungan/rumah-gayung-kebonsari-surabaya-scandinavian-baru-gress-hook-2-lantai-dkt-polda-masjid-agung-sekolah-al-hikmah-hos39620990/,rumah123
Jarang Ada. Rumah Dijual di Area Prestisius di Tengah Kota Surabaya.,54500000000,1599.0,884.0,5.0,6,1,8.0,Unfurnished,0,1,"Surabaya Kota, Surabaya",-7.2771,112.71741,https://www.rumah123.com/properti/surabaya-surabaya-kota/jarang-ada-rumah-dijual-di-area-prestisius-di-tengah-kota-surabaya-hos14361939/,rumah123
Dijual Rumah Puri Galaxy Bamboo Lake,8000000000,450.0,370.0,6.0,4,2,1.0,Unfurnished,0,0,"Sukolilo, Surabaya",-7.28813,112.802902,https://www.rumah123.com/properti/surabaya-sukolilo/dijual-rumah-puri-galaxy-bamboo-lake-hos42252990/,rumah123
Dijual Rumah Babatan Mukti,1300000000,120.0,110.0,4,2,1.0,1.0,Unfurnished,0,0,"Wiyung, Surabaya",-7.31097,112.698067,https://www.rumah123.com/properti/surabaya-wiyung/dijual-rumah-babatan-mukti-hos42216443/,rumah123
Dijual Rumah Araya Tahap 1 - Furnished - Boulevard,6950000000,375.0,500.0,6,4,2.0,2.0,Furnished,0,0,"Sukolilo, Surabaya",-7.28813,112.802902,https://www.rumah123.com/properti/surabaya-sukolilo/dijual-rumah-araya-tahap-1-furnished-boulevard-hos42378069/,rumah123
Dijual Rumah Gununganyar Jaya,3500000000,154.0,370.0,4,2,2.0,1.0,Unfurnished,0,0,"Gununganyar, Surabaya",-7.33182,112.80822,https://www.rumah123.com/properti/surabaya-gununganyar/dijual-rumah-gununganyar-jaya-hos42378133/,rumah123
RUMAH BARU GRESS DESIGN TERBARU CITRALAND 2 LANTAI DIJUAL,2450000000,84.0,135.0,4,3,2.0,,Unfurnished,1,0,"Citraland, Surabaya",-7.309354,112.656548,https://www.rumah123.com/properti/surabaya-citraland/rumah-baru-gress-design-terbaru-citraland-2-lantai-dijual-hos40374656/,rumah123
Dijual Rumah Gunungsari Indah,2700000000,120.0,120.0,4,3,3.0,1.0,Unfurnished,0,0,"Karangpilang, Surabaya",-7.34304,112.697388,https://www.rumah123.com/properti/surabaya-karangpilang/dijual-rumah-gunungsari-indah-hos42252954/,rumah123
Dijual Rumah Dukuh Kupang Barat,950000000,90.0,80.0,3,2,1.0,1.0,Unfurnished,0,0,"Dukuh Kupang, Surabaya",-7.28244,112.710747,https://www.rumah123.com/properti/surabaya-dukuh-kupang/dijual-rumah-dukuh-kupang-barat-hos42216447/,rumah123
Sutorejo Selatan Masuk Dr Superindo,1600000000,78.0,130.0,3,3,2.0,1.0,,0,0,"Sutorejo, Surabaya",-7.26097,112.789757,https://www.rumah123.com/properti/surabaya-sutorejo/sutorejo-selatan-masuk-dr-superindo-hos41270431/,rumah123
Baruk Utara Hit Tanah 1lt,2050000000,222.0,200.0,3,2,,1.0,Unfurnished,0,0,"Kedung Baruk, Surabaya",-7.28917,112.734,https://www.rumah123.com/properti/surabaya-kedung-baruk/baruk-utara-hit-tanah-1lt-hos17324814/,rumah123
Kendangsari hit tanah,2700000000,323.0,250.0,3,2,1.0,1.0,Unfurnished,0,0,"Kendangsari, Surabaya",-7.32409,112.75025,https://www.rumah123.com/properti/surabaya-kendangsari/kendangsari-hit-tanah-hos14894640/,rumah123
Rumah Kos Siap Nginden Intan 2Lt Siap Operasional,4500000000,240.0,400.0,14,3,2.0,1.0,Furnished,0,0,"Nginden, Surabaya",-7.29974,112.76736,https://www.rumah123.com/properti/surabaya-nginden/rumah-kos-siap-nginden-intan-2lt-siap-operasional-hos17992180/,rumah123
Darmo Harapan Hok 2Lt Baru Gress,2250000000,116.0,115.0,3,3,2.0,2.0,Unfurnished,0,0,"Tandes, Surabaya",-7.25834,112.678978,https://www.rumah123.com/properti/surabaya-tandes/darmo-harapan-hok-2lt-baru-gress-hos40162203/,rumah123
Raya Nginden Komersial Area,25000000000,888.0,600.0,6,4,1.0,2.0,Unfurnished,0,0,"Nginden, Surabaya",-7.29974,112.767357,https://www.rumah123.com/properti/surabaya-nginden/raya-nginden-komersial-area-hos39505219/,rumah123
Rumah Kos Dukuh Kupang 42Kt,7000000000,1046.0,1400.0,42,42,3.0,10.0,Furnished,0,0,"Dukuh Kupang, Surabaya",-6.26899,106.806,https://www.rumah123.com/properti/surabaya-dukuh-kupang/rumah-kos-dukuh-kupang-42kt-hos10450892/,rumah123
Kertajaya indah siap huni,9000000000,517.0,517.0,5,5,,2.0,Unfurnished,1,0,"kertajaya, Surabaya",-7.28917,112.734,https://www.rumah123.com/properti/surabaya-kertajaya/kertajaya-indah-siap-huni-hos16758608/,rumah123
Raya dukuh kupang barat 3lt,3450000000,300.0,589.0,4,4,1.0,2.0,Unfurnished,0,0,"Dukuh Kupang, Surabaya",-7.28917,112.734,https://www.rumah123.com/properti/surabaya-dukuh-kupang/raya-dukuh-kupang-barat-3lt-hos15096745/,rumah123
Wiguna Utara 1lt Siap Huni,1500000000,135.0,72.0,3,1,,1.0,Unfurnished,0,0,"Rungkut, Surabaya",-7.31434,112.80023,https://www.rumah123.com/properti/surabaya-rungkut/wiguna-utara-1lt-siap-huni-hos18395565/,rumah123
Rumah Baru 2 Lantai Minimalis Gayungsari,5000000000,320.0,300.0,5,6,2.0,2.0,Unfurnished,0,0,"Gayungan, Surabaya",-7.3339984,112.7247774,https://www.rumah123.com/properti/surabaya-gayungan/rumah-baru-2-lantai-minimalis-gayungsari-hos42360195/,rumah123
Manyar Tirtoyoso Baru Gress 2Lt,2170000000,84.0,135.0,4,3,2.0,2.0,,0,0,"Manyar, Surabaya",-7.28724,112.739052,https://www.rumah123.com/properti/surabaya-manyar/manyar-tirtoyoso-baru-gress-2lt-hos40846849/,rumah123
Penjaringan Asri Rungkut Baru 2Lt,1800000000,100.0,150.0,4,3,2.0,2.0,Unfurnished,0,0,"Rungkut, Surabaya",-7.31434,112.800232,https://www.rumah123.com/properti/surabaya-rungkut/penjaringan-asri-rungkut-baru-2lt-hos40886360/,rumah123
Dian Istana Mocca Verbana 2lt,2900000000,90.0,160.0,3,4,2.0,1.0,Unfurnished,0,0,"Wiyung, Surabaya",-7.31097,112.698067,https://www.rumah123.com/properti/surabaya-wiyung/dian-istana-mocca-verbana-2lt-hos39633103/,rumah123
Kutisari Siap Huni 2Lt,1400000000,78.0,120.0,4,3,2,1.0,Furnished,0,0,"Kutisari, Surabaya",-7.277097,112.717407,https://www.rumah123.com/properti/surabaya-kutisari/kutisari-siap-huni-2lt-hos40910163/,rumah123
Wonorejo Selatan Baru 1Lt Siap Huni,865000000,87.0,65.0,3,2,1,1.0,,0,0,"Wonorejo, Surabaya",-7.271274,112.731598,https://www.rumah123.com/properti/surabaya-wonorejo/wonorejo-selatan-baru-1lt-siap-huni-hos40913491/,rumah123
Raya Tenggilis Cck untuk Usaha,11000000000,600.0,500.0,3,3,1,1.0,Semi Furnished,0,0,"Tenggilis Mejoyo, Surabaya",-7.31943,112.755386,https://www.rumah123.com/properti/surabaya-tenggilis-mejoyo/raya-tenggilis-cck-untuk-usaha-hos39008253/,rumah123
Manyar Kertoadi Siap Huni 2lt,9500000000,420.0,400.0,4,3,2,2.0,Semi Furnished,0,0,"Manyar, Surabaya",-7.28724,112.73905,https://www.rumah123.com/properti/surabaya-manyar/manyar-kertoadi-siap-huni-2lt-hos39014200/,rumah123
Araya thp 1 jalan utama,25000000000,1000.0,600.0,6,5,2,4.0,Unfurnished,0,0,"Semolowaru, Surabaya",-7.30105,112.77856,https://www.rumah123.com/properti/surabaya-semolowaru/araya-thp-1-jalan-utama-hos12644866/,rumah123
Pajajaran Pusat Kota Surabaya,18000000000,540.0,223.0,3,1,1,2.0,Unfurnished,0,0,"Keputran, Surabaya",-7.283231,112.743515,https://www.rumah123.com/properti/surabaya-keputran/pajajaran-pusat-kota-surabaya-hos39743077/,rumah123
Darmo Permai Timur 1Lt,2800000000,252.0,200.0,3,1,1,,Unfurnished,0,0,"Darmo permai, Surabaya",-7.28917,112.734,https://www.rumah123.com/properti/surabaya-darmo-permai/darmo-permai-timur-1lt-hos13623115/,rumah123
Rumah Klasik Minimalis Siap Huni di Komplek Jambangan Surabaya,1290000000,135.0,190.0,3,3,2,1.0,Unfurnished,0,0,"Jambangan, Surabaya",-7.316172174345596,112.712271751454,https://www.rumah123.com/properti/surabaya-jambangan/rumah-klasik-minimalis-siap-huni-di-komplek-jambangan-surabaya-hos42359918/,rumah123
Jual Rumah Sutorejo Utara SHM New Renov. Istimewa Surabaya Utara,2800000000,156.0,256.0,4,3,2,2.0,Semi Furnished,1,1,"Surabaya Kota, Surabaya",-7.266372315605689,112.79583779159547,https://www.rumah123.com/properti/surabaya-surabaya-kota/jual-sutorejo-utara-shm-new-renov-istimewa-hos17669973/,rumah123
Kris Kencana Timur Siap Hun 1lt,2900000000,240.0,200.0,3,3,1,2.0,Unfurnished,0,0,"Dukuh Pakis, Surabaya",-7.29503,112.710739,https://www.rumah123.com/properti/surabaya-dukuh-pakis/kris-kencana-timur-siap-hun-1lt-hos39748821/,rumah123
Rungkut asri tengah 2lt bangunan 90 persen,2500000000,200.0,350.0,4,3,2,2.0,Unfurnished,0,0,"Rungkut, Surabaya",-7.31434,112.80023,https://www.rumah123.com/properti/surabaya-rungkut/rungkut-asri-tengah-2lt-bangunan-90-persen-hos17787735/,rumah123
Dharmahusada indah jl kembar,40000000000,1000.0,1500.0,6,6,2,2.0,Semi Furnished,0,0,"Dharma Husada, Surabaya",-7.28917,112.734,https://www.rumah123.com/properti/surabaya-dharma-husada/dharmahusada-indah-jl-kembar-hos12716717/,rumah123
Jalan Pandan . Ketabang Pusat Kota Surabaya,7000000000,393.0,300.0,3,2,1,1.0,Unfurnished,0,0,"Surabaya Kota, Surabaya",-7.2771,112.717407,https://www.rumah123.com/properti/surabaya-surabaya-kota/jalan-pandan-ketabang-pusat-kota-surabaya-hos39766171/,rumah123
Dian istana mocca verbana,3500000000,129.0,205.0,3,4,2,2.0,Unfurnished,0,0,"Wiyung, Surabaya",-7.31097,112.69807,https://www.rumah123.com/properti/surabaya-wiyung/dian-istana-mocca-verbana-hos14489357/,rumah123
Manyar Kertoadi Baru 2Lt,3850000000,140.0,200.0,4,3,2,2.0,,0,0,"Manyar, Surabaya",-7.28724,112.739052,https://www.rumah123.com/properti/surabaya-manyar/manyar-kertoadi-baru-2lt-hos42182172/,rumah123
Sam ratulangi pusat kota surabaya,11500000000,556.0,480.0,4,2,1,1.0,Unfurnished,0,0,"Tegalsari, Surabaya",-7.27355,112.73746,https://www.rumah123.com/properti/surabaya-tegalsari/sam-ratulangi-pusat-kota-surabaya-hos15505140/,rumah123
Dian Istana Mocca Verbana Baru Gress 2Lt,3000000000,105.0,130.0,3,3,2,2.0,Furnished,0,0,"Wiyung, Surabaya",-7.31097,112.698067,https://www.rumah123.com/properti/surabaya-wiyung/dian-istana-mocca-verbana-baru-gress-2lt-hos19287010/,rumah123
Deltasari Indah Jalan Kembar Dalam Komplek Perumahan,14000000000,900.0,600.0,10,8,2,4.0,Unfurnished,0,0,"Waru, Surabaya",-7.28917,112.734,https://www.rumah123.com/properti/surabaya-waru/deltasari-indah-jalan-kembar-dalam-komplek-perumahan-hos15576745/,rumah123
Kantor dan Gudang Medokan Sawah Timur,1350000000,191.0,160.0,1,1,1,1.0,Unfurnished,0,0,"Medokan Ayu, Surabaya",-7.28917,112.734,https://www.rumah123.com/properti/surabaya-medokan-ayu/kantor-dan-gudang-medokan-sawah-timur-hos10912576/,rumah123
Satelit Utara Baru Gress 2Lt,1900000000,96.0,135.0,3,3,2,2.0,Unfurnished,0,0,"Sukomanunggal, Surabaya",-7.26548,112.6988,https://www.rumah123.com/properti/surabaya-sukomanunggal/satelit-utara-baru-gress-2lt-hos19342307/,rumah123
Araya 1 Siap Huni 2lt Surabaya Timur,4650000000,189.0,300.0,4,3,2,2.0,Furnished,0,0,"Sukolilo, Surabaya",-7.28813,112.802902,https://www.rumah123.com/properti/surabaya-sukolilo/araya-1-siap-huni-2lt-surabaya-timur-hos39864333/,rumah123
Royal Residence Hok 2Lt Baru Gress Inden Monticello,3900000000,167.0,230.0,4,3,2,2.0,Unfurnished,1,0,"Wiyung, Surabaya",-7.31097,112.698067,https://www.rumah123.com/properti/surabaya-wiyung/royal-residence-hok-2lt-baru-gress-inden-monticello-hos40570964/,rumah123
Sutorejo Prima Utara Dekat Raya Mulyosari,2100000000,90.0,150.0,4,3,2,2.0,Unfurnished,0,0,"Sutorejo, Surabaya",-7.26097,112.789757,https://www.rumah123.com/properti/surabaya-sutorejo/sutorejoprima-utara-dekat-raya-mulyosari-hos41157692/,rumah123
Manyar Jaya Praja Baru 2Lt,3700000000,160.0,210.0,4,3,2,2.0,Unfurnished,0,0,"Manyar, Surabaya",-7.28724,112.739052,https://www.rumah123.com/properti/surabaya-manyar/manyar-jaya-praja-baru-2lt-hos41179609/,rumah123
Telasih 1Lt Hitung Tanah Pusat Kota,4500000000,291.0,222.0,3,3,1,2.0,,0,0,"Undaan, Surabaya",-7.23231,112.780899,https://www.rumah123.com/properti/surabaya-undaan/kupang-indah-1lt-hitung-tanah-hos41178836/,rumah123
Kutisari Indah Baru Gress 2lt Inden 10bln,2200000000,120.0,180.0,4,3,2,2.0,Unfurnished,0,0,"Kutisari, Surabaya",-7.277097,112.717408,https://www.rumah123.com/properti/surabaya-kutisari/kutisari-indah-baru-gress-2lt-inden-10bln-hos18792213/,rumah123
Raya Diponegoro Hok Hit Tanah,59500000000,1240.0,700.0,9,5,1,2.0,Unfurnished,0,0,"Diponegoro, Surabaya",-7.285495,112.733757,https://www.rumah123.com/properti/surabaya-diponegoro/raya-diponegoro-hok-hit-tanah-hos40623868/,rumah123
Raya Tenggilis Hit Tanah,15000000000,675.0,350.0,3,2,1,2.0,,0,0,"Tenggilis Mejoyo, Surabaya",-7.31943,112.755386,https://www.rumah123.com/properti/surabaya-tenggilis-mejoyo/raya-tenggilis-hit-tanah-hos41234429/,rumah123
Crystal Golf Citraland 2Lt Baru Gress,2550000000,84.0,135.0,4,3,2,2.0,Semi Furnished,1,0,"Citraland, Surabaya",-7.3093542,112.6565456,https://www.rumah123.com/properti/surabaya-citraland/crystal-golf-citraland-2lt-baru-gress-hos19452769/,rumah123
Rungkut Menanggal Selatan 2lt,1450000000,75.0,100.0,3,2,2,1.0,Unfurnished,0,0,"Rungkut, Surabaya",-7.31434,112.800232,https://www.rumah123.com/properti/surabaya-rungkut/rungkut-menanggal-selatan-2lt-hos40650847/,rumah123
Babatan Mukti Baru Gress 2lt,3150000000,175.0,235.0,4,3,2,2.0,Unfurnished,0,0,"Wiyung, Surabaya",-7.31097,112.69807,https://www.rumah123.com/properti/surabaya-wiyung/babatan-mukti-baru-gress-2lt-hos11022155/,rumah123
Rungkut Mejoyo Selatan Komplek Depan,2300000000,200.0,150.0,3,2,1,,,0,0,"Tenggilis Mejoyo, Surabaya",-7.31943,112.755386,https://www.rumah123.com/properti/surabaya-tenggilis-mejoyo/rungkut-mejoyo-selatan-komplek-depan-hos41234556/,rumah123
Raya Ir Sorkarno Samping Galaxy Mall2 Sogo,70000000000,1100.0,600.0,4,4,2,2.0,Unfurnished,0,0,"Mulyorejo, Surabaya",-7.27049,112.780548,https://www.rumah123.com/properti/surabaya-mulyorejo/raya-ir-sorkarno-samping-galaxy-mall2-sogo-hos40663472/,rumah123
Rungkut Mejoyo Utara Hit Tanah,2300000000,200.0,150.0,3,2,1,1.0,,0,0,"Tenggilis Mejoyo, Surabaya",-7.31943,112.755386,https://www.rumah123.com/properti/surabaya-tenggilis-mejoyo/rungkut-mejoyo-utara-hit-tanah-hos41255339/,rumah123
"Jarang Ada!! Rumah Mewah di Gayung Kebonsari Cocok untuk Usaha Salon, Kantor, Kafe, Praktek Dokter Dll",4800000000,200.0,270.0,5,3,2,2.0,Semi Furnished,1,1,"Gayungan, Surabaya",-7.33,112.726021,https://www.rumah123.com/properti/surabaya-gayungan/jarang-ada-rumah-mewah-di-gayung-kebonsari-cocok-untuk-usaha-salon-kantor-kafe-praktek-dokter-dll-hos40828567/,rumah123
Rumah Mewah 2 Lantai di Taman Gayungsari Barat Surabaya,2950000000,125.0,190.0,4,3,2,2.0,Unfurnished,1,1,"Gayungan, Surabaya",-7.33,112.726021,https://www.rumah123.com/properti/surabaya-gayungan/rumah-mewah-2-lantai-di-taman-gayungsari-barat-surabaya-hos40764538/,rumah123
Rumah 2 Lantai Full Furnished di Karangan Jaya Wiyung,1200000000,98.0,180.0,3,2,2,1.0,Furnished,1,0,"Wiyung, Surabaya",-7.31097,112.698067,https://www.rumah123.com/properti/surabaya-wiyung/rumah-2-lantai-full-furnished-di-karangan-jaya-wiyung-hos40762181/,rumah123
Rumah Dijual SHM Baru Siap Huni di Wiguna Gununganyar Lt.6x15 3Kt Hanya 975 Juta Nego,975000000,90.0,60.0,3,2,1,2.0,Unfurnished,1,1,"Gununganyar, Surabaya",-7.33182,112.80822,https://www.rumah123.com/properti/surabaya-gununganyar/rumah-dijual-shm-baru-siap-huni-di-wiguna-gununganyar-lt6x15-3kt-hanya-975-juta-nego-hos41925474/,rumah123
Rumah Kontrakan/Hunian di Nginden Surabaya Rumah,585000000,23.0,40.0,2,2,2,,Semi Furnished,0,1,"Nginden, Surabaya",-7.29974,112.767357,https://www.rumah123.com/properti/surabaya-nginden/rumah-kontrakanhunian-di-nginden-surabaya-rumah-hos40301430/,rumah123
Rumah Mewah di Saronojiwo Panjang Jiwo Tenggilis Surabaya Rumah,2250000000,126.0,232.0,4,4,2,1.0,Unfurnished,1,1,"Jemursari, Surabaya",-7.32428,112.74173,https://www.rumah123.com/properti/surabaya-jemursari/rumah-mewah-di-saronojiwo-panjang-jiwo-tenggilis-surabaya-rumah-hos40295966/,rumah123
"Sisa 1 Unit Saja Rumah Kontrakan di Nginden Surabaya, Siap Jadi Juragan Kontrakan..",440000000,20.0,30.0,2.0,1.0,2,,Unfurnished,1,1,"Nginden, Surabaya",-7.29974,112.767357,https://www.rumah123.com/properti/surabaya-nginden/sisa-2-unit-saja-rumah-kontrakan-di-nginden-surabaya-siap-jadi-juragan-kontrakaan-hos40329215/,rumah123
Rumah Mewah 2 Lantai di Araya Galaxy Bumi Permai Surabaya,2650000000,85.0,169.0,4.0,3.0,2,2.0,Unfurnished,1,1,"Sukolilo, Surabaya",-7.28917,112.734,https://www.rumah123.com/properti/surabaya-sukolilo/rumah-mewah-2-lantai-di-araya-galaxy-bumi-permai-surabaya-hos42162520/,rumah123
Rumah Mewah 2 Lantai Siap Huni di Wiyung Brantas Permai Surabaya,1400000000,66.0,95.0,4.0,2.0,2,1.0,Unfurnished,1,1,"Wiyung, Surabaya",-7.31097,112.698067,https://www.rumah123.com/properti/surabaya-wiyung/rumah-mewah-2-lantai-siap-huni-di-wiyung-brantas-permai-surabaya-hos40302178/,rumah123
Lelang Rumah | Daerah Kebraon | Cuma 150 Juta,150000000,60.0,60.0,,,1,,,0,0,"Kebraon, Surabaya",-7.3305,112.704071,https://www.rumah123.com/properti/surabaya-kebraon/lelang-rumah-daerah-kebraon-cuma-150-juta-hos42378565/,rumah123
"Rumah Ngagel Jaya Cocok untuk Klinik, Cafe, Kantor & Kos",2800000000,238.0,300.0,,3.0,1,,Semi Furnished,1,1,"Gubeng, Surabaya",-7.292659637005286,112.755213052194,https://www.rumah123.com/properti/surabaya-gubeng/rumah-ngagel-jaya-cocok-untuk-klinik-cafe-kantor-kos-hos42280313/,rumah123
"Rumah Baru di Wisma Mukti Fresh Bangunan, Siap Jadi Hunian Impian",2200000000,87.0,130.0,3.0,3.0,2,,Unfurnished,1,1,"Sukolilo, Surabaya",-7.290036841441349,112.77525353419554,https://www.rumah123.com/properti/surabaya-sukolilo/rumah-baru-di-wisma-mukti-fresh-bangunan-siap-jadi-hunian-impian-hos42264575/,rumah123
Rumah di Forest Mansion Wiyung Dekat Citraland Dna Pakuwon Mall,1900000000,135.0,160.0,3.0,2.0,2,1.0,Unfurnished,1,1,"Wiyung, Surabaya",-7.31097,112.698067,https://www.rumah123.com/properti/surabaya-wiyung/rumah-di-forest-mansion-wiyung-dekat-citraland-dna-pakuwon-mall-hos41046798/,rumah123
Rumah Komersial Dinoyo Surabaya Lokasi Strategis & Potensial,62500000000,2500.0,800.0,8.0,4.0,1,,Unfurnished,1,1,"Tegalsari, Surabaya",-7.28029,112.74421,https://www.rumah123.com/properti/surabaya-tegalsari/rumah-area-komersial-dinoyo-cocok-untu-office-resto-hos42298309/,rumah123
"Rumah Lebak Arum Lokasi Strategis, Akses Mudah",2850000000,208.0,300.0,4.0,2.0,2,,Unfurnished,1,1,"Tambaksari, Surabaya",-7.250167040966247,112.779335767585,https://www.rumah123.com/properti/surabaya-tambaksari/rumah-lebak-arum-lokasi-strategis-akses-mudah-hos42304008/,rumah123
Hunian Nyaman di Mulyosari Surabaya-Cocok untuk Keluarga,1200000000,120.0,70.0,4.0,3.0,2,,Semi Furnished,1,0,"Mulyosari, Surabaya",-7.260518,112.7970188,https://www.rumah123.com/properti/surabaya-mulyosari/hunian-nyaman-di-mulyosari-surabayacocok-untuk-keluarga-hos41095877/,rumah123
"Rumah, 2 Lantai Rungkut Mapan Siap Huni Dekat Universitas",1700000000,93.0,120.0,4.0,4.0,2,2.0,Furnished,1,1,"Rungkut, Surabaya",-7.323654812277639,112.77860612955325,https://www.rumah123.com/properti/surabaya-rungkut/rumah-2-lantai-rungkut-mapan-siap-huni-dekat-universitas-hos40820755/,rumah123
Rumah Forest Mansion Siap Huni Dekat Pakuwon Mall,1990000000,135.0,160.0,3.0,2.0,2,1.0,Unfurnished,1,1,"Wiyung, Surabaya",-7.31097,112.698067,https://www.rumah123.com/properti/surabaya-wiyung/rumah-forest-mansion-siap-huni-dekat-pakuwon-mall-hos41041187/,rumah123
Rumah Siap Huni Baruk Barat,1300000000,126.0,130.0,4.0,2.0,1,,Unfurnished,1,1,"Rungkut, Surabaya",-7.31818,112.77838,https://www.rumah123.com/properti/surabaya-rungkut/rumah-siap-huni-baruk-barat-hos40645653/,rumah123
Di Jual Rumah Modern Minimalis Pantai Mentari,1400000000,119.0,125.0,3.0,2.0,1,1.0,Semi Furnished,1,0,"Kenjeran, Surabaya",-7.23816451666667,112.794598333333,https://www.rumah123.com/properti/surabaya-kenjeran/di-jual-rumah-modern-minimalis-pantai-mentari-hos41110229/,rumah123
Rumah Hitung Tanah Mulyosari - Dekat Kampus & Mall,1000000000,84.0,55.0,2.0,1.0,1,1.0,Unfurnished,1,1,"Mulyosari, Surabaya",-7.26427,112.79586,https://www.rumah123.com/properti/surabaya-mulyosari/rumah-hitung-tanah-mulyosari-dekat-kampus-mall-hos41256086/,rumah123
Murah Rp.14 Jt-An /M2 Luas Dijual Rumah Villa Sentra Raya Citraland Hook Area Balerina Road Dekat Gwalk Citraland,4900000000,333.0,350.0,5.0,3.0,2,1.0,Semi Furnished,1,1,"Citraland, Surabaya",-7.309354,112.656548,https://www.rumah123.com/properti/surabaya-citraland/murah-rp15-jtan-m2-luas-dijual-rumah-villa-sentra-raya-citraland-hook-area-balerina-road-dekat-gwalk-citraland-hos39104649/,rumah123
"Murah 300 M2 Rumah Bukit Golf Internasional Citraland Surabaya Barat - Private Pool Kolam Renang - New Full Furnished Modern - Garasi Carporr 3 Mobil Dekat Universitas Ciputra, Hokky Buah , Ciputra Hospital, Showroom Mercedes Benz Kedaung Citraland",7950000000,300.0,400.0,4.0,3.0,2,2.0,Furnished,1,1,"Citraland, Surabaya",-7.309354,112.656548,https://www.rumah123.com/properti/surabaya-citraland/murah-300-m2-rumah-bukit-golf-internasional-citraland-surabaya-barat-private-pool-kolam-renang-new-full-furnished-hos42348550/,rumah123
"Dijual 2 Rumah Baru Gress Tengah Kota Sisa 1 Unit 2 LT Manyar Sambongan Luas Tanah = (4X8) =32 MÂ²Luas Bangunan = 64MÂ² Kamar Tidur = 2Kamar Mandi 2,Dapur, Row Jalan = 2 Mobil PDAM + Listrik 2200Sertifikat = Shmhadap = Selatanharga @500 Jt",500000000,32.0,64.0,3.0,2.0,2,1.0,Unfurnished,0,0,"Surabaya Kota, Surabaya",-7.2771,112.717407,https://www.rumah123.com/properti/surabaya-surabaya-kota/dijual-2-rumah-baru-gress-tengah-kota-sisa-1-unit-2-lt-manyar-sambongan-luas-tanah-4x8-32-mluas-bangunan-64m-kamar-hos40533048/,rumah123
Dijual Rumah Baru Gress Pelican Hill Citraland 2Lt 4Kt Lt105m Dekat Universitas Ciputra Surabaya Barat,2650000000,105.0,108.0,4.0,3.0,2,2.0,Unfurnished,1,0,"Citraland, Surabaya",-7.309354,-7.309354,https://www.rumah123.com/properti/surabaya-citraland/dijual-rumah-baru-gress-pelican-hill-citraland-2lt-4kt-lt105m-hos41049609/,rumah123
Rumah Surabaya Timur Siap Huni Full Furnish di Kertajaya Indah,7000000000,300.0,400.0,7.0,6.0,2,2.0,Furnished,0,0,"kertajaya, Surabaya",-7.282603,112.755432,https://www.rumah123.com/properti/surabaya-kertajaya/rumah-mewah-siap-huni-full-furnish-di-kertajaya-indah-hos41513535/,rumah123
Rumah Siap Huni di Citra Garden Sidoarjo,2000000000,144.0,275.0,4,3,2.0,1.0,Unfurnished,0,1,"Sidoarjo, Surabaya",-7.450998,112.715439,https://www.rumah123.com/properti/surabaya-sidoarjo/rumah-siap-huni-di-citra-garden-sidoarjo-hos42364588/,rumah123
Dijual Rumah Strategis di Jemursari Harga Bagus 1.8M Negoo (133M2) 2 Lantai,1800000000,133.0,124.0,5,3,2.0,1.0,Unfurnished,0,0,"Tenggilis Mejoyo, Surabaya",-7.28917,112.734,https://www.rumah123.com/properti/surabaya-tenggilis-mejoyo/dijual-rumah-strategis-di-jemursari-harga-bagus-18m-negoo-133m2-2-lantai-hos41258004/,rumah123
"Rumah Bagus Semi Furnished SHM Wiyung, Surabaya, Surabaya",2500000000,220.0,162.0,4,2,1.0,1.0,Semi Furnished,1,1,"Wiyung, Surabaya",-7.31097,112.69807,https://www.rumah123.com/properti/surabaya-wiyung/rumah-bagus-semi-furnished-shm-wiyung-surabaya-surabaya-hos17133727/,rumah123
"Bagus SHM di Kertajaya Indah Regency, Surabaya",7900000000,350.0,389.0,4,5,2.0,,Unfurnished,0,1,"Pakuwon City, Surabaya",-7.28917,112.67556,https://www.rumah123.com/properti/surabaya-pakuwon-city/bagus-shm-di-kertajaya-indah-regency-surabaya-hos18983373/,rumah123
Dijual Rumah Graha Family. Sudah Renovasi Siap Huni.,9000000000,336.0,420.0,4,4,1.0,1.0,Unfurnished,1,1,"Wiyung, Surabaya",-7.31097,112.69807,https://www.rumah123.com/properti/surabaya-wiyung/rumah-graha-family-sudah-renovasi-siap-huni-hos41566535/,rumah123
"Dijual Rugi Rumah 2 Lantai Daerah Kali Kepiting, Surabaya Utara",1900000000,120.0,120.0,4,3,2.0,2.0,Unfurnished,1,0,"Tambaksari, Surabaya",-7.25371,112.753212,https://www.rumah123.com/properti/surabaya-tambaksari/dijual-rugi-rumah-2-lantai-daerah-kali-kepiting-surabaya-utara-hos41950180/,rumah123
"Dijual Rumah Usaha Daerah Simokerto, Surabaya Utara",3200000000,171.0,190.0,2,3,1.0,1.0,Unfurnished,0,0,"Simokerto, Surabaya",-7.23983,112.755432,https://www.rumah123.com/properti/surabaya-simokerto/dijual-rumah-usaha-daerah-simokerto-surabaya-utara-hos41832048/,rumah123
Rumah Mewah Gress 2 LT Siap Huni Kertajaya Surabaya Dekat Galaxy,7300000000,352.0,490.0,6,7,2.0,2.0,Unfurnished,0,0,"kertajaya, Surabaya",-7.282603,112.755432,https://www.rumah123.com/properti/surabaya-kertajaya/rumah-mewah-gress-2-lt-siap-huni-kertajaya-surabaya-dekat-galaxy-hos42379589/,rumah123
"Dijual Rumah 2 Lantai Daerah Sutorejo, Surabaya Timur",4900000000,253.0,322.0,5,4,2.0,1.0,Unfurnished,1,0,"Sutorejo, Surabaya",-7.26097,112.789757,https://www.rumah123.com/properti/surabaya-sutorejo/dijual-rumah-2-lantai-daerah-sutorejo-surabaya-timur-hos41954491/,rumah123
"Dijual Rumah 2 Lantai Daerah Wisma Permai, Surabaya Timur",4800000000,300.0,440.0,6,4,2.0,2.0,Semi Furnished,1,0,"Mulyosari, Surabaya",-7.26556,112.796494,https://www.rumah123.com/properti/surabaya-mulyosari/dijual-rumah-2-lantai-daerah-wisma-permai-surabaya-timur-hos41812956/,rumah123
Rumah Surabaya Barat Fully Furnished Bawah 1 M,750000000,90.0,72.0,2,1,1.0,1.0,Furnished,1,1,"Citraland, Surabaya",-7.309354,112.656548,https://www.rumah123.com/properti/surabaya-citraland/rumah-surabaya-barat-fully-furnished-bawah-1-m-hos19513989/,rumah123
Rumah Citraland Utara Jual Murah dan Cepat,775000000,72.0,36.0,1,1,1.0,1.0,Unfurnished,1,1,"Benowo, Surabaya",-7.23213,112.630142,https://www.rumah123.com/properti/surabaya-benowo/rumah-citraland-utara-jual-murah-dan-cepat-hos39970855/,rumah123
"Jual Rumah Surabaya Barat 2,5 Lt Lokasi Super Strategis Shm 1m-an",1250000000,78.0,120.0,4,3,2.0,1.0,Semi Furnished,0,0,"Darmo permai, Surabaya",-7.285674,112.70134,https://www.rumah123.com/properti/surabaya-darmo-permai/jual-rumah-surabaya-barat-25-lt-lokasi-super-strategis-shm-1man-hos19261844/,rumah123
Rumah Baru Siap Huni Modern Minimalis Surabaya Barat,2000000000,120.0,170.0,4,4,2.0,2.0,Unfurnished,1,1,"Citraland, Surabaya",-7.309354,112.656548,https://www.rumah123.com/properti/surabaya-citraland/rumah-baru-siap-huni-modern-minimalis-surabaya-barat-hos42362694/,rumah123
Rumah Panjang Jiwo Permai One Gate Sistem Dekat Ubaya,1850000000,96.0,130.0,4,3,2.0,2.0,Unfurnished,1,0,"Panjang Jiwo, Surabaya",-7.309823,112.764374,https://www.rumah123.com/properti/surabaya-panjang-jiwo/rumah-panjang-jiwo-permai-one-gate-sistem-dekat-ubaya-hos42308286/,rumah123
Rumah Baru 1 Ato 2 LT Free DP Dekat Mastrip Karangpilang Surabaya,700000000,50.0,36.0,2,1,1.0,1.0,Unfurnished,0,1,"Kebraon, Surabaya",-7.3305,112.704071,https://www.rumah123.com/properti/surabaya-kebraon/rumah-baru-1-ato-2-lt-free-dp-dekat-mastrip-karangpilang-surabaya-hos42308717/,rumah123
Dijual Rumah Citraland Dekat.pasar,2900000000,144.0,140.0,3,4,1.0,1.0,Semi Furnished,0,0,"Citraland, Surabaya",-7.309354,112.656548,https://www.rumah123.com/properti/surabaya-citraland/dijual-rumah-citraland-dekatpasar-hos39279415/,rumah123
Rumah 2 Lantai .Di Citraland dengan Kolam Renang,7000000000,315.0,250.0,2,2,2.0,2.0,,0,0,"Citraland, Surabaya",-7.309354,112.656548,https://www.rumah123.com/properti/surabaya-citraland/rumah-2-lantai-di-citraland-dengan-kolam-renang-hos41494018/,rumah123
Dijual Rumah Mewah Puri Galaxy Surabaya Timur,7900000000,450.0,520.0,5,3,2.0,2.0,Unfurnished,1,0,"Sukolilo, Surabaya",-7.28813,112.8029,https://www.rumah123.com/properti/surabaya-sukolilo/dijual-rumah-mewah-puri-galaxy-surabaya-timur-hos40660733/,rumah123
PROPERTY STRATEGIS 0 JLN RAYA KARANG MENJANGAN,12500000000,494.0,280.0,8,5,,2.0,,0,0,"Gubeng, Surabaya",-7.27396,-7.27396,https://www.rumah123.com/properti/surabaya-gubeng/property-strategis-0-jln-raya-karang-menjangan-hos19092457/,rumah123
Rumah Bagus Tanah Luas Dalam Komplek Strategis di Tambaksari Waru,1850000000,157.0,151.0,5.0,3,2.0,1.0,Semi Furnished,1,1,"Tambaksari, Surabaya",-7.25371,112.753212,https://www.rumah123.com/properti/surabaya-tambaksari/rumah-bagus-tanah-luas-dalam-komplek-strategis-di-tambaksari-waru-hos18751390/,rumah123
Dijual Rumah Citraland Utama 4Kt 2Lt Modern Minimalis Dekat Pasar Modern,4700000000,162.0,250.0,4.0,5,2.0,2.0,Unfurnished,1,1,"Citraland, Surabaya",-7.309354,-7.309354,https://www.rumah123.com/properti/surabaya-citraland/dijual-rumah-citraland-utama-4kt-2lt-modern-minimalis-split-level-hos42275183/,rumah123
Dijual Rumah Simpang Darmo Permai Selatan 2Lt 4Kt Furnish Dekat Tol Pakuwon Indah,2400000000,144.0,200.0,4.0,3,2.0,1.0,Semi Furnished,1,1,"Darmo permai, Surabaya",-7.285674,-7.285674,https://www.rumah123.com/properti/surabaya-darmo-permai/dijual-rumah-simpang-darmo-permai-selatan-2lt-4kt-semi-furnish-hos42149124/,rumah123
Dijual Rumah Citraland Utama 4Kt 2Lt Baru Gress Modern Minimalis,3000000000,105.0,163.0,4.0,3,2.0,2.0,Unfurnished,1,1,"Citraland, Surabaya",-7.309354,-7.309354,https://www.rumah123.com/properti/surabaya-citraland/dijual-rumah-citraland-utama-4kt-2lt-baru-gress-modern-minimalis-hos42348349/,rumah123
Rumah Baru Minimalis Griya Asri Pakuwon City Surabaya,2400000000,91.0,135.0,,3,,2.0,,0,0,"Pakuwon City, Surabaya",-7.28917,-7.28917,https://www.rumah123.com/properti/surabaya-pakuwon-city/rumah-baru-minimalis-griya-asri-pakuwon-city-surabaya-hos42359247/,rumah123
Rumah Hitung Tanah Dukuh Setro,1100000000,210.0,210.0,4.0,2,1.0,1.0,Semi Furnished,0,0,"Kenjeran, Surabaya",,,https://www.rumah123.com/properti/surabaya-kenjeran/rumah-hitung-tanah-dukuh-setro-hos8006939/,rumah123
Baru.gress.. Selangkah Dr Pasar.modern,6000000000,210.0,325.0,5.0,5,2.0,1.0,Unfurnished,1,1,"Citraland, Surabaya",-7.309354,112.656548,https://www.rumah123.com/properti/surabaya-citraland/barugress-selangkah-dr-pasarmodern-hos41448794/,rumah123
Dijual Rumah di Citraland Utama Siap Huni. Baru Mewah,10800000000,210.0,400.0,4.0,4,3.0,2.0,Unfurnished,1,1,"Citraland, Surabaya",-7.309354,112.656548,https://www.rumah123.com/properti/surabaya-citraland/dijual-rumah-di-citraland-utama-siap-huni-baru-mewah-hos42041244/,rumah123
Dijual Rumah di Pakuwon.indah Siap Huni Lokasi Nyaman Strategis,6500000000,210.0,250.0,4.0,3,2.0,1.0,Semi Furnished,1,1,"Pakuwon Indah, Surabaya",-7.28921,112.674469,https://www.rumah123.com/properti/surabaya-pakuwon-indah/dijual-rumah-di-pakuwonindah-siap-huni-lokasi-nyaman-strategis-hos42067331/,rumah123
Dijual Rumah di Citraland Utara Kawasan Asri Siap Huni,1750000000,75.0,75.0,3.0,2,2.0,1.0,Unfurnished,1,1,"Citraland, Surabaya",-7.309354,112.656548,https://www.rumah123.com/properti/surabaya-citraland/dijual-rumah-di-citraland-utara-kawasan-asri-siap-huni-hos41726837/,rumah123
"Rumah Dijual, Citraland Utama, Cluster Golf",5500000000,240.0,390.0,4.0,3,2.0,1.0,Unfurnished,1,1,"Citraland, Surabaya",-7.309354,112.656548,https://www.rumah123.com/properti/surabaya-citraland/rumah-dijual-citraland-utama-cluster-golf-hos42148469/,rumah123
Dijual.rumah di Darmo.permai Rapi Siap.huni,3750000000,240.0,309.0,6.0,3,2.0,1.0,Unfurnished,0,1,"Darmo permai, Surabaya",-7.285674,112.70134,https://www.rumah123.com/properti/surabaya-darmo-permai/dijualrumah-di-darmopermai-rapi-siaphuni-hos42148897/,rumah123
Dijual.rumah Buagus dan Murah De Casa Residence Dekat Citraland,1100000000,92.0,150.0,3.0,2,2.0,1.0,Unfurnished,1,0,"Lakarsantri, Surabaya",-7.30073,112.635658,https://www.rumah123.com/properti/surabaya-lakarsantri/dijualrumah-buagus-dan-murah-de-casa-residence-dekat-citraland-hos42298428/,rumah123
Citraland Utama Dijual.rumah Siap.huni Jalan Kaki ke Pasar Modern Dan.studio.yoga Dekat Superindo Dekat Ciputra Hospital Dekat Sekolah Ciputra dan Universitas Ciputra,6500000000,288.0,360.0,4.0,3,1.0,2.0,Unfurnished,1,1,"Citraland, Surabaya",-7.309354,112.656548,https://www.rumah123.com/properti/surabaya-citraland/citraland-utama-dijualrumah-siaphuni-jalan-kaki-ke-pasar-modern-danstudioyoga-dekat-superindo-dekat-ciputra-hospital-hos41925477/,rumah123
"Wow, Rumah MURAH Dekat Plaza Marina Surabaya",2000000000,106.0,62.0,,1,1.0,,Furnished,1,0,"Wonocolo, Surabaya",-7.327112899999999,112.7370565,https://www.rumah123.com/properti/surabaya-wonocolo/wow-rumah-murah-dekat-plaza-marina-surabaya-hos7414538/,rumah123
140926 Dijual Via Lelang Rumah Jl Manukan Dadi 1 No 06 Blok 15 B,554000000,94.0,188.0,3.0,2,2.0,1.0,Unfurnished,1,1,"Tandes, Surabaya",-7.25834,112.678978,https://www.rumah123.com/properti/surabaya-tandes/140926-dijual-via-lelang-rumah-jl-manukan-dadi-1-no-06-blok-15-b-hos42267376/,rumah123
170926 Dijual Via Lelang Rumah Jl Asem Mulya 5 No 47,500000000,225.0,160.0,3.0,2,1.0,1.0,Unfurnished,1,1,"Asemrowo, Surabaya",-7.24736,112.707764,https://www.rumah123.com/properti/surabaya-asemrowo/170926-dijual-via-lelang-rumah-jl-asem-mulya-5-no-47-hos42280598/,rumah123
240926 Dijual Via Lelang Rumah Pakal,140000000,105.0,80.0,2.0,1,1.0,1.0,Unfurnished,1,1,"Pakal, Surabaya",-7.24268,112.629807,https://www.rumah123.com/properti/surabaya-pakal/240926-dijual-via-lelang-rumah-pakal-hos42316696/,rumah123
240926 Dijual Via Lelang Perum Grand Semanggi Residence Blok A1-55,600000000,120.0,240.0,3.0,2,2.0,1.0,Unfurnished,1,1,"Rungkut, Surabaya",-7.31434,112.800232,https://www.rumah123.com/properti/surabaya-rungkut/240926-dijual-via-lelang-perum-grand-semanggi-residence-blok-a155-hos42316752/,rumah123
240926 Dijual Via Lelang Rumah Perum Bumi Marina Emas Blok F-62 Jl Marina Emas Utara 3 No 9,747360000,96.0,192.0,3.0,2,2.0,1.0,Unfurnished,1,1,"Sukolilo, Surabaya",-7.28813,112.802902,https://www.rumah123.com/properti/surabaya-sukolilo/240926-dijual-via-lelang-rumah-perum-bumi-marina-emas-blok-f62-jl-marina-emas-utara-3-no-9-hos42316869/,rumah123
Dijual Rumah Dipuri Taman Asri Taman Sepanjang Sidoarjo,1650000000,108.0,160.0,4,3,2,1.0,Semi Furnished,1,1,"Surabaya Kota, Surabaya",-7.2771,112.717407,https://www.rumah123.com/properti/surabaya-surabaya-kota/dijual-rumah-dipuri-taman-asri-taman-sepanjang-sidoarjo-hos41681320/,rumah123
Rumah pojok ( hook ) siap huni di Puri Citra Rungkut,1200000000,133.0,90.0,4,2,1,1.0,Unfurnished,0,0,"Rungkut, Surabaya",-7.31434,-7.31434,https://www.rumah123.com/properti/surabaya-rungkut/rumah-pojok-hook-siap-huni-di-puri-citra-rungkut-hos39353777/,rumah123
Dijual Rumah 2 Lantai Semi Furnished Dengan 4 Kamar Tidur Ac Terpasang Di Puri Taman.asri Pagesangan Taman.sidoarjo Sebelah Masjid Al Akbar Surabaya,1650000000,108.0,190.0,4,3,2,1.0,Semi Furnished,1,1,"Surabaya Kota, Surabaya",-7.2771,112.717407,https://www.rumah123.com/properti/surabaya-surabaya-kota/dijual-rumah-2-lantai-semi-furnished-dengan-4-kamar-tidur-ac-terpasang-di-puri-tamanasri-pagesangan-tamansidoarjo-hos40481533/,rumah123
Rumah Mezanine di Wonorejo Rungkut Surabaya Harga Terjangkau Asli Surabaya Timur Fasilitas Perumahan Mewah,395000000,27.0,28.0,1,1,1,1.0,Unfurnished,1,1,"Wonorejo, Surabaya",-7.271274,112.731598,https://www.rumah123.com/properti/surabaya-wonorejo/rumah-mezanine-di-wonorejo-rungkut-surabaya-harga-terjangkau-asli-surabaya-timur-fasilitas-perumahan-mewah-hos40102973/,rumah123
Wisata Buki Mas Alexandria Classic Siap Huni di Surabaya Barat,4150000000,240.0,266.0,4,3,2,1.0,Semi Furnished,1,1,"Wisata Bukit Mas, Surabaya",-7.308962,112.667053,https://www.rumah123.com/properti/surabaya-wisata-bukit-mas/wisata-buki-mas-alexandria-classic-siap-huni-di-surabaya-barat-hos42339655/,rumah123
Rumah Baru Gress 2 Lantai SHM One Gate Selangkag ke Citraland Sby,1300000000,89.0,128.0,3,3,2,1.0,Semi Furnished,1,0,"Pakal, Surabaya",-7.24268,112.629807,https://www.rumah123.com/properti/surabaya-pakal/rumah-baru-gress-2-lantai-shm-one-gate-selangkag-ke-citraland-sby-hos42350432/,rumah123
Rumah Northwest Park Asthea Siap Huni Citraland Utara Sby Barat,1350000000,55.0,78.0,3,2,2,1.0,Semi Furnished,1,1,"Pakal, Surabaya",-7.24268,112.629807,https://www.rumah123.com/properti/surabaya-pakal/rumah-northwest-park-asthea-siap-huni-citraland-utara-sby-barat-hos42365150/,rumah123
Rumah 2 Lantai SHM Bhaskara Selangkah ke Galaxy Mall Sby Timur,2000000000,91.0,105.0,4,3,2,2.0,Unfurnished,1,0,"Mulyosari, Surabaya",-7.26556,112.796494,https://www.rumah123.com/properti/surabaya-mulyosari/rumah-2-lantai-shm-bhaskara-selangkah-ke-galaxy-mall-sby-timur-hos42365088/,rumah123
"Rumah, SHM, di Wisata Bukit Mas,",3000000000,180.0,190.0,3,3,2,,,0,0,"Wisata Bukit Mas, Surabaya",-7.308962,112.667053,https://www.rumah123.com/properti/surabaya-wisata-bukit-mas/rumah-shm-di-wisata-bukit-mas-hos42250369/,rumah123
"Rumah Wonorejo,Tegalsari",2600000000,400.0,440.0,8,5,1,1.0,,0,0,"Tegalsari, Surabaya",-7.27355,112.737457,https://www.rumah123.com/properti/surabaya-tegalsari/rumah-tegalsari-hos41519230/,rumah123
Rumah Siap Huni di Kemlaten Wiyung Karangpilang Surabaya,850000000,65.0,60.0,2,1,1,1.0,Unfurnished,0,0,"Wiyung, Surabaya",-7.28917,112.734,https://www.rumah123.com/properti/surabaya-wiyung/rumah-siap-huni-di-kemlaten-wiyung-karangpilang-surabaya-hos42379337/,rumah123
Jual Murah Royal Residence Wiyung 2 Lantai,2100000000,128.0,250.0,4,4,2,1.0,Unfurnished,0,0,"Wiyung, Surabaya",-7.31097,112.698067,https://www.rumah123.com/properti/surabaya-wiyung/jual-murah-royal-residence-wiyung-2-lantai-hos42372864/,rumah123
"Rumah Bagus, Ada Kolam Renang di Graha Family, Surabaya",19000000000,490.0,700.0,4,4,2,,Unfurnished,0,0,"Wiyung, Surabaya",-7.31097,112.698067,https://www.rumah123.com/properti/surabaya-wiyung/rumah-bagus-ada-kolam-renang-di-graha-family-surabaya-hos40893707/,rumah123
"Rumah Siap Huni Modern Minimalis di Pakuwon Indah, Sby",15500000000,622.0,650.0,5,4,2,2.0,Semi Furnished,0,0,"Pakuwon Indah, Surabaya",-7.28921,112.674469,https://www.rumah123.com/properti/surabaya-pakuwon-indah/rumah-siap-huni-modern-minimalis-di-pakuwon-indah-sby-hos42163339/,rumah123
"Rumah No DP Utj 2,5 Jt Free Sepeda Montor Beath",515000000,60.0,36.0,2,1,1,1.0,,0,0,"Menganti, Surabaya",-7.294023,112.587967,https://www.rumah123.com/properti/surabaya-menganti/rumah-no-dp-utj-25-jt-free-sepeda-montor-beath-hos42328233/,rumah123
Rumah Dekat Juanda 2 Lantai di Sidoarjo Damarsi,775000000,90.0,70.0,3,2,2,1.0,Unfurnished,0,0,"Sidoarjo, Surabaya",-7.450998,112.715439,https://www.rumah123.com/properti/surabaya-sidoarjo/rumah-dekat-juanda-2-lantai-di-sidoarjo-damarsi-hos41178813/,rumah123
Rumah Murah 2 Lantai Dekat Surabaya di Buduran Sidoarjo,775000000,90.0,70.0,3,2,2,1.0,Unfurnished,0,0,"Sidoarjo, Surabaya",-7.450998,112.715439,https://www.rumah123.com/properti/surabaya-sidoarjo/rumah-murah-2-lantai-dekat-surabaya-di-buduran-sidoarjo-hos41179938/,rumah123
"Jual Rumah 2 Lantai Baru Gress ,Siap Huni, Dekat Margomulyo Manukan Darmo Indah",1850000000,102.0,136.0,4,3,2,2.0,Unfurnished,0,0,"Tandes, Surabaya",-7.25834,112.678978,https://www.rumah123.com/properti/surabaya-tandes/jual-rumah-2-lantai-baru-gress-siap-huni-dekat-margomulyo-manukan-darmo-indah-hos41766400/,rumah123
Rumah Baru Wonorejo Selatan Dekat Merr Rungkut Surabaya,885000000,95.0,60.0,3,2,1,1.0,Unfurnished,1,0,"Rungkut, Surabaya",-7.31434,112.80023,https://www.rumah123.com/properti/surabaya-rungkut/rumah-cantik-wonorejo-selatan-dekat-kebun-bibit-pondok-nirwana-rungkut-surabaya-hos15032432/,rumah123
Di Jual Rumah Baru Minimalis di Nirwana Eksekutif Surabaya,1920000000,105.0,153.0,3,3,2,,Semi Furnished,0,0,"Nginden, Surabaya",-7.29974,112.767357,https://www.rumah123.com/properti/surabaya-nginden/di-jual-rumah-baru-minimalis-di-nirwana-eksekutif-surabaya-hos42275073/,rumah123
Kertajaya! Nego! Baru Gress! 2 LT! Unit Terbatas,6500000000,240.0,300.0,4,4,2,2.0,Semi Furnished,1,1,"kertajaya, Surabaya",-7.282603,112.755432,https://www.rumah123.com/properti/surabaya-kertajaya/kertajaya-nego-baru-gress-2-lt-unit-terbatas-hos42255717/,rumah123
Dijual Rumah Baru Gress! Manyar Jaya Lokasi Strategis,3700000000,160.0,210.0,4,3,2,2.0,Unfurnished,1,1,"Manyar, Surabaya",-7.28724,112.739052,https://www.rumah123.com/properti/surabaya-manyar/dijual-rumah-baru-gress-manyar-jaya-lokasi-strategis-hos42321307/,rumah123
Dijual Rumah Baru Gress Manyar! Tipe American Style,2850000000,120.0,165.0,4,3,2,2.0,Semi Furnished,1,1,"Manyar, Surabaya",-7.28724,112.739052,https://www.rumah123.com/properti/surabaya-manyar/dijual-rumah-baru-gress-manyar-tipe-american-style-hos42322345/,rumah123
"Rumah Bagus & Strategis Dekat Pakuwon Mall, Pakuwon City, Sby",1500000000,91.0,91.0,3,2,1,1.0,Unfurnished,0,0,"Pakuwon City, Surabaya",-7.28917,112.67556,https://www.rumah123.com/properti/surabaya-pakuwon-city/rumah-bagus-strategis-dekat-pakuwon-mall-pakuwon-city-sby-hos41107182/,rumah123
Rumah Murah 1 Lantai Minimalis Terawat Siap Huni Dekat Gwalk Citraland Utama Surabaya Barat,1990000000,135.0,105.0,3,2,1,1.0,Unfurnished,0,0,"Citraland, Surabaya",-7.309354,112.656548,https://www.rumah123.com/properti/surabaya-citraland/rumah-murah-1-lantai-minimalis-terawat-siap-huni-dekat-gwalk-citraland-utama-surabaya-barat-hos41586168/,rumah123
Dijual Rumah LT 1683 M2 di Jalan Petemon 3 Sawahan Surabaya,9000000000,1683.0,1683.0,3,3,1,3.0,Unfurnished,1,0,"Sawahan, Surabaya",-7.26502,112.731,https://www.rumah123.com/properti/surabaya-sawahan/dijual-rumah-lt-1683-m2-di-jalan-petemon-3-sawahan-surabaya-hos42367235/,rumah123
"Dijual Rumah Bagus Hook LT 139 M2 di Perumahan Dian Istana, Cluster La Fleur Wiyung Surabaya",4100000000,139.0,139.0,2,2,2,1.0,Unfurnished,1,0,"Wiyung, Surabaya",-7.30709,112.69961,https://www.rumah123.com/properti/surabaya-wiyung/dijual-rumah-bagus-hook-lt-139-m2-di-perumahan-dian-istana-cluster-la-fleur-wiyung-surabaya-hos42367293/,rumah123
Rumah Tenggilis Mejoyo Surabaya Dekat Merr,1390000000,51.0,74.0,3,2,2,,Unfurnished,0,0,"Tenggilis Mejoyo, Surabaya",-7.31943,112.755386,https://www.rumah123.com/properti/surabaya-tenggilis-mejoyo/rumah-tenggilis-mejoyo-surabaya-dekat-merr-hos39117013/,rumah123
Dijual Rumah Rungkut Asri Surabaya Dekat Merr,1750000000,120.0,180.0,5,2,1,1.0,Unfurnished,1,1,"Gununganyar, Surabaya",-7.33182,112.80822,https://www.rumah123.com/properti/surabaya-gununganyar/dijual-rumah-rungkut-asri-surabaya-dekat-merr-hos39412662/,rumah123
Rumah Galaxy Bumi Permai Model American Surabaya,27000000000,1000.0,2000.0,7,8,2,2.0,Unfurnished,0,0,"Sukolilo, Surabaya",-7.28813,112.802902,https://www.rumah123.com/properti/surabaya-sukolilo/rumah-galaxy-bumi-permai-model-american-surabaya-hos41058522/,rumah123
Rumah Margorejo Indah Surabaya Dekat Bandara Juanda,13000000000,754.0,530.0,6,5,2,2.0,Unfurnished,0,0,"Wonocolo, Surabaya",-7.3273,112.737198,https://www.rumah123.com/properti/surabaya-wonocolo/rumah-margorejo-indah-surabaya-dekat-bandara-juanda-hos40180242/,rumah123
Rumah Tenggilis Mejoyo Full Furnish Dekat Kampus Ubaya,2690000000,137.0,165.0,4,4,1,2.0,Furnished,0,0,"Tenggilis Mejoyo, Surabaya",-7.31943,112.755386,https://www.rumah123.com/properti/surabaya-tenggilis-mejoyo/rumah-tenggilis-mejoyo-full-furnish-dekat-kampus-ubaya-hos42229400/,rumah123
Dijual Rumah Darmo Surabaya Selangkah Jl Raya Darmo,13500000000,460.0,350.0,5,3,2,2.0,Unfurnished,0,0,"Raya Darmo, Surabaya",-7.2879,112.739258,https://www.rumah123.com/properti/surabaya-raya-darmo/dijual-rumah-darmo-surabaya-selangkah-jl-raya-darmo-hos38857105/,rumah123
Rumah Wisata Bukit Mas Citraland Surabaya Barat,1900000000,119.0,119.0,4,3,1,,Unfurnished,0,0,"Citraland, Surabaya",-7.309354,112.656548,https://www.rumah123.com/properti/surabaya-citraland/rumah-wisata-bukit-mas-citraland-surabaya-barat-hos42316930/,rumah123
Rumah Kutisari Indah Surabaya Dekat Kampus Petra,1800000000,162.0,162.0,4,2,1,,Unfurnished,0,0,"Kutisari, Surabaya",-7.277097,112.717407,https://www.rumah123.com/properti/surabaya-kutisari/rumah-kutisari-indah-surabaya-dekat-kampus-petra-hos40698645/,rumah123
Dijual Rumah Kutisari Indah Surabaya Dekat Bandara Juanda,1250000000,162.0,100.0,1,1,1,,Unfurnished,0,0,"Kutisari, Surabaya",-7.277097,112.717407,https://www.rumah123.com/properti/surabaya-kutisari/dijual-rumah-kutisari-indah-surabaya-dekat-bandara-juanda-hos39616628/,rumah123
Rumah Baru Gress Termurah di Wonorejo Rungkut Surabaya,750000000,91.0,91.0,2,1,1,1.0,Semi Furnished,1,0,"Wonorejo, Surabaya",-7.28917,112.734,https://www.rumah123.com/properti/surabaya-wonorejo/rumah-baru-gress-termurah-di-wonorejo-rungkut-surabaya-hos42140685/,rumah123
Rumah Jl Dharmahusada Indah Utara Surabaya Dekat Galaxy Mall,4900000000,312.0,312.0,4,3,1,1.0,Unfurnished,0,0,"Mulyorejo, Surabaya",-7.27049,112.780548,https://www.rumah123.com/properti/surabaya-mulyorejo/rumah-jl-dharmahusada-indah-utara-surabaya-dekat-galaxy-mall-hos41197385/,rumah123
Dijual Rumah Murah Puri Galaxy Sby,5650000000,300.0,307.0,5,4,1,,Unfurnished,0,0,"Galaxy, Surabaya",-7.257472,112.75209,https://www.rumah123.com/properti/surabaya-galaxy/dijual-rumah-murah-puri-galaxy-sby-hos42029524/,rumah123
Pacar Keling Surabaya Dijual Rumah Klasik 2 Lantai Posisi Hook.,18000000000,643.0,400.0,8,6,2,,Semi Furnished,0,0,"Tambaksari, Surabaya",-7.25371,112.753212,https://www.rumah123.com/properti/surabaya-tambaksari/pacar-keling-surabaya-dijual-rumah-klasik-2-lantai-posisi-hook-hos42337287/,rumah123
Hitung Tanah Rumah Lebar 14 Lokasi Kutisari Indah,1700000000,238.0,156.0,3.0,1,1,1.0,Unfurnished,1,1,"Kutisari, Surabaya",-7.277097,112.717407,https://www.rumah123.com/properti/surabaya-kutisari/hitung-tanah-rumah-lebar-14-lokasi-kutisari-indah-hos40885260/,rumah123
Paling Murah Rumah 3 Lantai Royal Residence Luar Cluster Surabaya,4000000000,220.0,335.0,3.0,3,3,2.0,Unfurnished,1,1,"Wiyung, Surabaya",-7.31097,112.698067,https://www.rumah123.com/properti/surabaya-wiyung/paling-murah-rumah-3-lantai-royal-residence-luar-cluster-surabaya-hos42234021/,rumah123
Furnish Graha Family Design Interior Termurah SHM,9400000000,276.0,400.0,4.0,3,2,1.0,Furnished,1,0,"Graha, Surabaya",-7.257472,112.75209,https://www.rumah123.com/properti/surabaya-graha/furnish-graha-family-design-interior-termurah-shm-hos42378339/,rumah123
Rumah Bagus 2 Lantai Dekat Kampus Its dan Unair Plus Furnish Baru,2600000000,125.0,155.0,4.0,4,2,2.0,Furnished,1,1,"Sukolilo, Surabaya",-7.28917,112.734,https://www.rumah123.com/properti/surabaya-sukolilo/rumah-bagus-2-lantai-dekat-kampus-its-dan-unair-plus-furnish-baru-hos40651593/,rumah123
"Rumah Bagus & Strategis di Vila Bukit Mas, Surabaya",8000000000,450.0,600.0,2.0,1,2,,Unfurnished,0,0,"Dukuh Pakis, Surabaya",-7.29503,112.710739,https://www.rumah123.com/properti/surabaya-dukuh-pakis/rumah-bagus-strategis-di-vila-bukit-mas-surabaya-hos42361523/,rumah123
Dijual Rumah Mewah Semi Furnish Split Level Waterfront Citraland!,6900000000,240.0,430.0,6.0,7,2,2.0,,0,0,"Citraland, Surabaya",-7.309354,112.656548,https://www.rumah123.com/properti/surabaya-citraland/dijual-rumah-mewah-semi-furnish-split-level-waterfront-citraland-hos42165012/,rumah123
Dijual Rumah Super Luas Kupang Indah Surabaya Akses Tol Satelit!,13900000000,957.0,250.0,4.0,3,1,2.0,,0,0,"Dukuh Kupang, Surabaya",-7.28244,112.710747,https://www.rumah123.com/properti/surabaya-dukuh-kupang/dijual-rumah-super-luas-kupang-indah-surabaya-akses-tol-satelit-hos42201308/,rumah123
Dijual Rumah Mewah Villa Royal Pakuwon City Semi Furnish!,17000000000,450.0,760.0,6.0,6,2,3.0,,0,0,"Pakuwon City, Surabaya",-7.28917,112.67556,https://www.rumah123.com/properti/surabaya-pakuwon-city/dijual-rumah-mewah-villa-royal-pakuwon-city-semi-furnish-hos42165048/,rumah123
Dijual Rumah Siap Huni Semi Furnish Graha Family Super Ciamik!,6600000000,224.0,273.0,4.0,4,3,2.0,,0,0,"Wiyung, Surabaya",-7.31097,112.698067,https://www.rumah123.com/properti/surabaya-wiyung/dijual-rumah-siap-huni-semi-furnish-graha-family-super-ciamik-hos42165026/,rumah123
Dijual Rumah Semi Furnish Northwest Park Citraland Depan Danau!,2800000000,135.0,270.0,4.0,3,1,2.0,,0,0,"Citraland, Surabaya",-7.309354,112.656548,https://www.rumah123.com/properti/surabaya-citraland/dijual-rumah-semi-furnish-northwest-park-citraland-depan-danau-hos42182197/,rumah123
Dijual Rumah New Gress Minimalis Langka Sorento Pakuwon City!,3700000000,126.0,210.0,4.0,5,1,1.0,,0,0,"Pakuwon City, Surabaya",-7.28917,112.67556,https://www.rumah123.com/properti/surabaya-pakuwon-city/dijual-rumah-new-gress-minimalis-langka-sorento-pakuwon-city-hos42186157/,rumah123
Dijual Murah Rumah Panjang Jiwo Permai Super Ciamik!,2400000000,120.0,160.0,4.0,4,2,2.0,,0,0,"Tenggilis Mejoyo, Surabaya",-7.31943,112.755386,https://www.rumah123.com/properti/surabaya-tenggilis-mejoyo/dijual-murah-rumah-panjang-jiwo-permai-super-ciamik-hos42268824/,rumah123
Dijual Rumah Modern Minimalis Lariz Wood Pakuwon Indah!,7750000000,240.0,300.0,5.0,5,2,2.0,,0,0,"Pakuwon Indah, Surabaya",-7.28921,112.674469,https://www.rumah123.com/properti/surabaya-pakuwon-indah/dijual-rumah-modern-minimalis-lariz-wood-pakuwon-indah-hos42164700/,rumah123
Dijual Rumah Harga Miring Furnished Kertajaya Indah Regency!,5200000000,222.0,270.0,,5,5,1.0,Furnished,1,0,"kertajaya, Surabaya",-7.282603,112.755432,https://www.rumah123.com/properti/surabaya-kertajaya/dijual-rumah-harga-miring-furnished-kertajaya-indah-regency-hos42186129/,rumah123
Murah Dijual Rumah Hitung Tanah Manyar Kertoarjo,6500000000,420.0,300.0,3.0,3,1,,Unfurnished,1,1,"Manyar, Surabaya",-7.28724,112.739052,https://www.rumah123.com/properti/surabaya-manyar/murah-dijual-rumah-hitung-tanah-manyar-kertoarjo-hos41703098/,rumah123
170926 Dijual Via Lelang Rumah Perum Prima Kebraon 5 No 25,1060000000,120.0,240.0,3.0,2,2,1.0,Unfurnished,1,1,"Karangpilang, Surabaya",-7.34304,112.697388,https://www.rumah123.com/properti/surabaya-karangpilang/170926-dijual-via-lelang-rumah-perum-prima-kebraon-5-no-25-hos42378032/,rumah123
Rumah Baru Gress 1 LT di Medokan Ayu Surabaya 600 Juta SHM,620000000,86.0,63.0,2.0,1,1,1.0,Unfurnished,1,1,"Medokan Ayu, Surabaya",-7.324364225,112.8012784,https://www.rumah123.com/properti/surabaya-medokan-ayu/rumah-baru-gress-1-lt-di-medokan-ayu-surabaya-600-juta-shm-hos41279364/,rumah123
Rumah Baru Gress 2 LT di Gunung Anyar Tambak Surabaya,665000000,50.0,70.0,3.0,2,2,1.0,Unfurnished,0,1,"Gununganyar, Surabaya",-7.33182,112.80822,https://www.rumah123.com/properti/surabaya-gununganyar/rumah-baru-gress-2-lt-di-gunung-anyar-tambak-surabaya-hos41279322/,rumah123
Murah Dijual Rumah Graha Famili Blok A Siap Huni,10500000000,420.0,500.0,4.0,3,2,2.0,Semi Furnished,1,1,"Graha, Surabaya",-7.28917,112.734,https://www.rumah123.com/properti/surabaya-graha/murah-dijual-rumah-graha-famili-blok-a-siap-huni-hos16141641/,rumah123
Dijual Rumah 2 Lantai Siap Huni Jalan Raya Joyoboyo.,22000000000,744.0,500.0,5.0,3,2,,Unfurnished,0,0,"Wonokromo, Surabaya",-7.304,112.7316,https://www.rumah123.com/properti/surabaya-wonokromo/dijual-rumah-2-lantai-siap-huni-jalan-raya-joyoboyo-hos17315823/,rumah123
"Rumah Bagus, Ada Kolam Renang di Graha Family, Surabaya",19000000000,490.0,700.0,4,4,2,,Semi Furnished,0,0,"Wiyung, Surabaya",-7.31097,112.698067,https://www.rumah123.com/properti/surabaya-wiyung/rumah-bagus-ada-kolam-renang-di-graha-family-surabaya-hos40888125/,rumah123
"Rumah Siap Huni Modern Minimalis di Pakuwon Indah, Sby",15500000000,622.0,650.0,5,4,2,2.0,Semi Furnished,0,0,"Pakuwon Indah, Surabaya",-7.28921,112.674469,https://www.rumah123.com/properti/surabaya-pakuwon-indah/rumah-siap-huni-modern-minimalis-di-pakuwon-indah-sby-hos42163135/,rumah123
"Murah! Rumah Northwest Central Furnished Siap Huni, 3Kt.",1470000000,75.0,75.0,3,2,2,1.0,Furnished,1,1,"Citraland, Surabaya",-7.2526696397626,112.61765813927,https://www.rumah123.com/properti/surabaya-citraland/rumah-jual-murah-northwest-central-furnished-siap-huni-3kt-hos41270998/,rumah123
Rumah Baru Gress di Grand Island Pakuwon City Surabaya Timur,12500000000,324.0,411.0,4,4,2,1.0,Unfurnished,1,0,"Sukolilo, Surabaya",-7.28813,112.8029,https://www.rumah123.com/properti/surabaya-sukolilo/rumah-baru-gress-di-grand-island-pakuwon-city-surabaya-timur-hos40568440/,rumah123
Rumah Baru Gress Full Furnish di Graha Family Surabaya,13890000000,288.0,410.0,4,4,2,1.0,Unfurnished,1,0,"Wiyung, Surabaya",-7.31097,112.69807,https://www.rumah123.com/properti/surabaya-wiyung/rumah-baru-gress-full-furnish-di-graha-family-surabaya-hos40750775/,rumah123
"Rumah Baru Panjang Jiwo, One Gate Dekat Ubaya",2400000000,120.0,160.0,3,3,2,2.0,Unfurnished,1,0,"Tenggilis Mejoyo, Surabaya",-7.31943,112.755386,https://www.rumah123.com/properti/surabaya-tenggilis-mejoyo/rumah-baru-panjang-jiwo-one-gate-dekat-ubaya-hos41253308/,rumah123
Dijual Rumah di Dreaming Land Benowo Harga Kurang Dari 800M An,775000000,90.0,36.0,2,1,1,,Unfurnished,0,0,"Benowo, Surabaya",-7.2408627353052,112.62934108078935,https://www.rumah123.com/properti/surabaya-benowo/dijual-rumah-di-dreaming-land-benowo-harga-kurang-dari-800m-an-hos41643259/,rumah123
Jual Bu Rumah 1 Lantai Area Komersial Dekat St. Gubeng,12000000000,476.0,290.0,4,3,1,3.0,Semi Furnished,0,1,"Ngagel, Surabaya",-7.28744,112.747238,https://www.rumah123.com/properti/surabaya-ngagel/rumah-bagus-cocok-buat-usaha-di-sayap-jalan-sulawesi-dekat-st-gubeng-hos41094868/,rumah123
"Rumah Komersial Raya Gubeng Surabaya Pusat, Depan Rs Siloam",25000000000,463.0,400.0,3,3,2,2.0,Unfurnished,0,1,"Gubeng, Surabaya",-7.274,112.74764,https://www.rumah123.com/properti/surabaya-gubeng/rumah-komersial-raya-gubeng-surabaya-pusat-depan-rs-siloam-hos41789387/,rumah123
[Terbatas] - Rumah Baru Modern Minimalis Siap Huni di Ketintang,1350000000,49.0,83.0,3,2,2,1.0,Unfurnished,0,0,"Ketintang, Surabaya",-7.31525185104806,112.73025385358926,https://www.rumah123.com/properti/surabaya-ketintang/terbatas-rumah-baru-modern-minimalis-siap-huni-di-ketintang-hos40586339/,rumah123
[Under 1 M] Rumah Baru Minimalis Modern di Rungkut - 2 Lantai,999000000,50.0,82.0,3,2,2,1.0,Unfurnished,1,1,"Gununganyar, Surabaya",-7.33614,112.77587,https://www.rumah123.com/properti/surabaya-gununganyar/under-1-m-rumah-baru-minimalis-modern-di-rungkut-2-lantai-hos40604486/,rumah123
Rumah Strategis Wiyung Lakarsantri Surabaya Dekat ke Pakuwon Mall,1370000000,72.0,105.0,3,3,2,2.0,Semi Furnished,1,1,"Lakarsantri, Surabaya",-7.30073,112.635658,https://www.rumah123.com/properti/surabaya-lakarsantri/rumah-strategis-wiyung-lakarsantri-surabaya-dekat-ke-pakuwon-mall-hos40884984/,rumah123
Rumah Viral Strategis di Lakarsantri Wiyung Surabaya Dekat Binus,667000000,60.0,48.0,2,1,1,1.0,Semi Furnished,1,1,"Lakarsantri, Surabaya",-7.30073,112.635658,https://www.rumah123.com/properti/surabaya-lakarsantri/rumah-viral-strategis-di-lakarsantri-wiyung-surabaya-dekat-binus-hos40868290/,rumah123
Dijual Rumah Wiyung Babatan Pratama Surabaya Modern Baru Renovasi,1100000000,90.0,60.0,2,1,1,1.0,Unfurnished,1,1,"Wiyung, Surabaya",-7.31097,112.698067,https://www.rumah123.com/properti/surabaya-wiyung/dijual-rumah-wiyung-babatan-pratama-surabaya-modern-baru-renovasi-hos42271646/,rumah123
Rumah Dijual Grand Harvest Wiyung Surabaya Bangunan Tingkat,1600000000,117.0,100.0,3,2,1,2.0,Semi Furnished,1,0,"Wiyung, Surabaya",-7.31097,112.698067,https://www.rumah123.com/properti/surabaya-wiyung/rumah-dijual-grand-harvest-wiyung-surabaya-bangunan-tingkat-hos39120265/,rumah123
Dijual Rumah Bagus Area Wiyung Gunungsari Indah Gsi,1600000000,136.0,135.0,3,2,2,2.0,Unfurnished,1,0,"Wiyung, Surabaya",-7.31097,112.698067,https://www.rumah123.com/properti/surabaya-wiyung/dijual-rumah-bagus-area-wiyung-gunungsari-indah-gsi-hos38987288/,rumah123
Dijual Rumah 3 Lantai Royal Residence Surabaya Barat,1800000000,57.0,110.0,3,3,3,1.0,Unfurnished,1,1,"Wiyung, Surabaya",-7.31097,112.698067,https://www.rumah123.com/properti/surabaya-wiyung/dijual-rumah-3-lantai-royal-residence-surabaya-barat-hos41808320/,rumah123
Dijual Rumah Baru Gress Royal Residence Surabaya Barat,3950000000,180.0,255.0,4,3,2,2.0,Unfurnished,1,1,"Wiyung, Surabaya",-7.31097,112.698067,https://www.rumah123.com/properti/surabaya-wiyung/dijual-rumah-baru-gress-royal-residence-surabaya-barat-hos41808685/,rumah123
Dijual Rumah Mewah Furnish Royal Residence Surabaya,7500000000,375.0,375.0,4,3,2,2.0,Furnished,1,1,"Wiyung, Surabaya",-7.31097,112.698067,https://www.rumah123.com/properti/surabaya-wiyung/dijual-rumah-mewah-furnish-royal-residence-surabaya-hos41825014/,rumah123
Best Price Dijual Rumah Grand Harvest Wiyung Surabaya,1000000000,60.0,77.0,2,2,2,1.0,Unfurnished,1,1,"Wiyung, Surabaya",-7.31097,112.698067,https://www.rumah123.com/properti/surabaya-wiyung/best-price-dijual-rumah-grand-harvest-wiyung-surabaya-hos41931148/,rumah123
Dijual Rumah Furnish Dekat Pakuwon Mall Green Mansion Lontar,1350000000,78.0,120.0,3,2,2.0,2.0,Furnished,1,1,"Sambikerep, Surabaya",-7.27993,112.654648,https://www.rumah123.com/properti/surabaya-sambikerep/dijual-rumah-furnish-dekat-pakuwon-mall-green-mansion-lontar-hos41847842/,rumah123
Rumah Babatan Mukti Wiyung Bagus dan Terawat,1500000000,135.0,100.0,4,3,,2.0,,1,0,"Wiyung, Surabaya",-7.31097,112.69807,https://www.rumah123.com/properti/surabaya-wiyung/rumah-babatan-mukti-wiyung-bagus-dan-terawat-hos17289891/,rumah123
Dijual Rumah Modern Minimalis Area Simpang Darmo Permai Surabaya Barat,1700000000,104.0,132.0,4,3,2.0,,Unfurnished,1,0,"Darmo permai, Surabaya",-7.285674,112.70134,https://www.rumah123.com/properti/surabaya-darmo-permai/dijual-rumah-modern-minimalis-area-simpang-darmo-permai-surabaya-barat-hos40868687/,rumah123
Dijual Rumah Grand Harvest Wiyung Surabaya Dekat Kebraon,1100000000,102.0,49.0,2,1,1.0,2.0,Unfurnished,1,0,"Wiyung, Surabaya",-7.31097,112.698067,https://www.rumah123.com/properti/surabaya-wiyung/dijual-rumah-grand-harvest-wiyung-surabaya-dekat-kebraon-hos40897577/,rumah123
Rumah Siap Huni Mulyosari Surabaya Timur Dekat Kampus Its & Unair,3800000000,144.0,200.0,4,3,2.0,2.0,Unfurnished,1,1,"Mulyosari, Surabaya",-7.26556,112.796494,https://www.rumah123.com/properti/surabaya-mulyosari/rumah-siap-huni-mulyosari-surabaya-timur-dekat-kampus-its-unair-hos42342591/,rumah123
Rumah Terlaris Gununganyar Surabaya Timur Central Park Merr SHM,1390000000,67.0,90.0,3,2,2.0,1.0,Unfurnished,1,1,"Gununganyar, Surabaya",-7.33182,112.80822,https://www.rumah123.com/properti/surabaya-gununganyar/rumah-terlaris-gununganyar-surabaya-timur-central-park-merr-shm-hos42348427/,rumah123
Dijual Rumah Gununganyar Rungkut Dekat Kampus Upn Surabaya Timur,1300000000,67.0,90.0,3,2,2.0,1.0,Unfurnished,1,1,"Rungkut Industri, Surabaya",-7.32676,112.754173,https://www.rumah123.com/properti/surabaya-rungkut-industri/dijual-rumah-gununganyar-rungkut-dekat-kampus-upn-surabaya-timur-hos42348648/,rumah123
Jual Rumah SHM Mepet Poltek Pelayaran Surabaya & Tol Tambak Sumur,1880000000,90.0,120.0,3,3,2.0,2.0,Unfurnished,1,1,"Gununganyar, Surabaya",-7.33182,112.80822,https://www.rumah123.com/properti/surabaya-gununganyar/jual-rumah-shm-mepet-poltek-pelayaran-surabaya-tol-tambak-sumur-hos42348764/,rumah123
Rumah Surabaya Timur Dekat Akses Tol Tambak Sumur Pondok Tjandra,2150000000,105.0,135.0,3,2,2.0,2.0,Unfurnished,1,1,"Gununganyar, Surabaya",-7.33182,112.80822,https://www.rumah123.com/properti/surabaya-gununganyar/rumah-surabaya-timur-dekat-akses-tol-tambak-sumur-pondok-tjandra-hos42349326/,rumah123
Rumah SHM Ready Siap Huni Gununganyar Dekat Kampus Upn Surabaya,1670000000,81.0,115.0,3,2,2.0,1.0,Unfurnished,1,1,"Gununganyar, Surabaya",-7.33182,112.80822,https://www.rumah123.com/properti/surabaya-gununganyar/rumah-shm-ready-siap-huni-gununganyar-dekat-kampus-upn-surabaya-hos42349663/,rumah123
Rumah Premium American Modern Citraland Utama,4900000000,162.0,251.0,5,4,2.0,2.0,,0,0,"Citraland, Surabaya",-7.309354,112.656548,https://www.rumah123.com/properti/surabaya-citraland/rumah-premium-american-modern-citraland-utama-hos41129881/,rumah123
Rumah Usaha/Ruko di 0 Jalan Raya Wiyung,4980000000,519.0,519.0,2,2,1.0,,Unfurnished,1,0,"Wiyung, Surabaya",-7.31097,112.69807,https://www.rumah123.com/properti/surabaya-wiyung/rumah-usaharuko-di-0-jalan-raya-wiyung-hos40365510/,rumah123
Citraland Golf View Rumah Baru Gress,35000000000,950.0,1500.0,5,7,2.0,,,0,1,"Citraland, Surabaya",-7.2889105,112.64498,https://www.rumah123.com/properti/surabaya-citraland/citraland-golf-view-rumah-baru-gress-hos18231247/,rumah123
"Rumah Bagus & Strategis di Vila Bukit Mas, Surabaya",8000000000,450.0,600.0,2,1,2.0,,Unfurnished,0,0,"Dukuh Pakis, Surabaya",-7.29503,112.710739,https://www.rumah123.com/properti/surabaya-dukuh-pakis/rumah-bagus-strategis-di-vila-bukit-mas-surabaya-hos42361506/,rumah123
Nego Sampai Deal Rumah Suvadiva Pakuwon City,2250000000,72.0,97.0,3,2,2.0,2.0,,0,0,"Pakuwon City, Surabaya",-7.28917,112.67556,https://www.rumah123.com/properti/surabaya-pakuwon-city/nego-sampai-deal-rumah-suvadiva-pakuwon-city-hos42307157/,rumah123
Rumah Zimbali Costa Best Price Pakuwon City Grand Island,1400000000,60.0,70.0,2,2,2.0,1.0,,0,0,"Pakuwon City, Surabaya",-7.28917,112.67556,https://www.rumah123.com/properti/surabaya-pakuwon-city/rumah-zimbali-costa-best-price-pakuwon-city-grand-island-hos42307206/,rumah123
Dijual Cepat Rumah Citraland Utama American Style,4500000000,170.0,232.0,4,3,2.0,2.0,Furnished,1,0,"Citraland, Surabaya",-7.309354,112.656548,https://www.rumah123.com/properti/surabaya-citraland/dijual-cepat-rumah-citraland-utama-american-style-hos42338518/,rumah123
Rumah Minimalis 2 lantai Decasa Residence Lakarsantri,1100000000,99.0,144.0,3,3,2.0,,Unfurnished,0,0,"Lakarsantri, Surabaya",-7.30073,-7.30073,https://www.rumah123.com/properti/surabaya-lakarsantri/rumah-minimalis-2-lantai-decasa-residence-lakarsantri-hos15788203/,rumah123
Kepingin Rumah Golf View Di Citraland,38500000000,1068.0,1700.0,6,8,2.0,,,0,0,"Citraland, Surabaya",-7.2889105,112.64498,https://www.rumah123.com/properti/surabaya-citraland/kepingin-rumah-golf-view-di-citraland-hos18231506/,rumah123
Rumah Minimalis Modern Golf View Siap Huni Graha Famili,43500000000,900.0,850.0,5,7,2.0,,,0,0,"Dukuh Pakis, Surabaya",-7.29503,112.71074,https://www.rumah123.com/properti/surabaya-dukuh-pakis/rumah-minimalis-modern-golf-view-siap-huni-graha-famili-hos18231508/,rumah123
Rumah di Jalan Wr Supratman Surabaya,28000000000,994.0,1000.0,2.0,2.0,2,,,0,0,"Tegalsari, Surabaya",-7.27355,112.73746,https://www.rumah123.com/properti/surabaya-tegalsari/rumah-di-jalan-wr-supratman-surabaya-hos18231736/,rumah123
"Rumah bagus, luas, strategis di Mayjend Sungkono, Surabaya",16000000000,274.0,300.0,5.0,5.0,2,4.0,Unfurnished,0,0,"Mayjen Sungkono, Surabaya",-8.07589,112.634583,https://www.rumah123.com/properti/surabaya-mayjen-sungkono/rumah-bagus-luas-strategis-di-mayjend-sungkono-surabaya-hos38831512/,rumah123
Rumah Internasional Village 1 Citraland SHM,1400000000,96.0,60.0,2.0,1.0,1,,Unfurnished,0,0,"Citraland, Surabaya",-7.309354,-7.309354,https://www.rumah123.com/properti/surabaya-citraland/rumah-internasional-village-1-citraland-shm-hos40760640/,rumah123
Rumah Tengah Kota 0 Raya Arjuno Hitung Tanah,28000000000,992.0,501.0,4.0,3.0,1,,Unfurnished,0,0,"Sawahan, Surabaya",-7.26502,-7.26502,https://www.rumah123.com/properti/surabaya-sawahan/rumah-tengah-kota-0-raya-arjuno-hitung-tanah-hos40693489/,rumah123
Rumah Citraland Stonegate Park 2 Lantai Minimalis,4300000000,200.0,250.0,4.0,4.0,2,,Unfurnished,0,0,"Citraland, Surabaya",-7.309354,-7.309354,https://www.rumah123.com/properti/surabaya-citraland/rumah-citraland-stonegate-park-2-lantai-hos42355967/,rumah123
Rumah International Village Citraland Utama - bisa Nego Tipis,3700000000,210.0,160.0,4.0,3.0,2,,Unfurnished,0,1,"Citraland, Surabaya",-7.309354,-7.309354,https://www.rumah123.com/properti/surabaya-citraland/rumah-citraland-surabaya-luas-minimalis-4kt-3km-hos42356060/,rumah123
"Rumah Villa Sentra Raya Citraland Utama, Best Price",3200000000,200.0,300.0,3.0,3.0,2,,Unfurnished,0,0,"Citraland, Surabaya",-7.309354,-7.309354,https://www.rumah123.com/properti/surabaya-citraland/rumah-villa-sentra-raya-citraland-utama-best-price-hos42356104/,rumah123
Langka Rumah Citraland Utama Full Furnished - Nego Tipis,4300000000,200.0,250.0,4.0,4.0,2,1.0,Furnished,1,0,"Citraland, Surabaya",-7.3093542,112.6565456,https://www.rumah123.com/properti/surabaya-citraland/langka-rumah-citraland-utama-full-furnished-nego-tipis-hos42370621/,rumah123
"Negoo Rumah Grand Semanggi Residence, Wonorejo Rungkut",790000000,103.0,103.0,2.0,2.0,1,1.0,Unfurnished,1,0,"Rungkut, Surabaya",-7.31434,112.80023,https://www.rumah123.com/properti/surabaya-rungkut/negoo-rumah-grand-semanggi-residence-wonorejo-rungkut-hos42370726/,rumah123
âInvestasi Cerdas âKos Eksklusif Lebak Arum - The First Gen Z Concept,6250000000,200.0,450.0,30.0,30.0,2,,Unfurnished,1,0,"Tambaksari, Surabaya",-7.25371,112.75321,https://www.rumah123.com/properti/surabaya-tambaksari/investasi-cerdas-kos-eksklusif-lebak-arum-the-first-gen-z-concept-hos42370745/,rumah123
Rumah Darmo Indah Barat 2 Lantai Strategis,1750000000,105.0,135.0,3.0,3.0,2,,Unfurnished,1,0,"Darmo permai, Surabaya",-7.285674,-7.285674,https://www.rumah123.com/properti/surabaya-darmo-permai/rumah-darmo-indah-barat-2-lantai-strategis-hos42376604/,rumah123
Rumah Medayu Utara Rungkut Sudah Renov Posisi Pojok,1200000000,100.0,200.0,6.0,3.0,2,,Unfurnished,0,0,"Rungkut, Surabaya",-7.31434,-7.31434,https://www.rumah123.com/properti/surabaya-rungkut/rumah-medayu-utara-rungkut-sudah-renov-posisi-pojok-hos42376658/,rumah123
Rumah Graha Natura Dekat Pakuwon Citraland Wiyung,6800000000,375.0,400.0,4.0,4.0,2,,Unfurnished,0,0,"Citraland, Surabaya",-7.309354,-7.309354,https://www.rumah123.com/properti/surabaya-citraland/rumah-graha-natura-dekat-pakuwon-citraland-wiyung-hos42376693/,rumah123
Lelang Rumah | Jalan Karangan Jaya 2/46,602000000,121.0,121.0,,,1,,,0,0,"Babatan, Surabaya",-7.307856,112.682434,https://www.rumah123.com/properti/surabaya-babatan/lelang-rumah-jalan-karangan-jaya-246-hos42365697/,rumah123
Lelang Rumah | Bulak Rukem 6/51,282000000,147.0,147.0,,,1,,,0,0,"Semampir, Surabaya",-7.2149,112.748787,https://www.rumah123.com/properti/surabaya-semampir/lelang-rumah-bulak-rukem-651-hos42365643/,rumah123
210926 Dijual Via Lelang Rumah Jl. Jojoran Baru 2 No 41,500000000,162.0,300.0,3.0,2.0,2,1.0,Unfurnished,1,1,"Gubeng, Surabaya",-7.27396,112.748192,https://www.rumah123.com/properti/surabaya-gubeng/210926-dijual-via-lelang-rumah-jl-jojoran-baru-2-no-41-hos42377793/,rumah123
"Dijual Rumah di Jl. Araya 1 Sukolilo, Surabaya",5900000000,240.0,250.0,5.0,4.0,2,1.0,Semi Furnished,0,0,"Sukolilo, Surabaya",-7.301704,112.785887,https://www.rumah123.com/properti/surabaya-sukolilo/dijual-rumah-di-jl-araya-1-sukolilo-surabaya-hos41294989/,rumah123
Rumah Mewah 2 Lantai Di Karah Surabaya,2200000000,128.0,132.0,5.0,4.0,2,2.0,Unfurnished,1,1,"Ketintang, Surabaya",-7.31682,112.727997,https://www.rumah123.com/properti/surabaya-ketintang/rumah-mewah-2-lantai-di-karah-surabaya-hos40382703/,rumah123
Nego Cepat Rumah Babatan Mukti Wiyung 1M An,1800000000,175.0,225.0,4.0,3.0,2,,Unfurnished,1,0,"Wiyung, Surabaya",-7.31097,112.698067,https://www.rumah123.com/properti/surabaya-wiyung/nego-cepat-rumah-babatan-mukti-wiyung-1m-an-hos42377677/,rumah123
Rumah Bukit Palma Citraland Minimalis Turun Harga,2000000000,120.0,170.0,4.0,4.0,2,1.0,Unfurnished,0,0,"Citraland, Surabaya",-7.309354,112.656548,https://www.rumah123.com/properti/surabaya-citraland/rumah-bukit-palma-citraland-minimalis-turun-harga-hos42377569/,rumah123
Rumah Area Jelidro Surabaya Barat,1750000000,330.0,80.0,3,1,1,2.0,Unfurnished,0,0,"Sambikerep, Surabaya",-7.27993,112.654648,https://www.rumah123.com/properti/surabaya-sambikerep/rumah-1-lantai-area-jelidro-hos41542559/,rumah123
Rumah 1Â½ Lantai Terawat Purimas Cluster Legian Jalur Kembar,2000000000,128.0,100.0,2,2,2,2.0,Unfurnished,1,1,"Rungkut, Surabaya",-7.31434,112.800232,https://www.rumah123.com/properti/surabaya-rungkut/rumah-1-lantai-terawat-purimas-cluster-legian-jalur-kembar-hos41129195/,rumah123
Pakuwon Indah La Riz Wood Rumah 2 Lantai Unfurnish Terawat,7200000000,240.0,300.0,4,4,2,2.0,Unfurnished,1,1,"Pakuwon Indah, Surabaya",-7.28921,112.674469,https://www.rumah123.com/properti/surabaya-pakuwon-indah/pakuwon-indah-la-riz-wood-rumah-2-lantai-unfurnish-terawat-hos42145827/,rumah123
Murah Rumah 2Lantai Wisata Bukit Mas Lebar7 Harga 2M,2000000000,115.0,144.0,3,2,2,1.0,Unfurnished,1,0,"Wisata Bukit Mas, Surabaya",-7.308962,112.667053,https://www.rumah123.com/properti/surabaya-wisata-bukit-mas/murah-rumah-2lantai-wisata-bukit-mas-lebar7-harga-2m-hos42377501/,rumah123
Citraland Trosobo Rumah Hitung Tanah Cluster Premium,495000000,96.0,96.0,1,1,1,2.0,Unfurnished,0,0,"Sidoarjo, Surabaya",-7.450998,112.715439,https://www.rumah123.com/properti/surabaya-sidoarjo/citraland-trosobo-rumah-hitung-tanah-cluster-premium-hos42352809/,rumah123
Wiguna Modern Industrial Harga Termurah Dekat Merr Upn Rungkut,1200000000,120.0,75.0,3,2,1,2.0,Unfurnished,0,0,"Gununganyar, Surabaya",-7.33182,112.80822,https://www.rumah123.com/properti/surabaya-gununganyar/wiguna-modern-industrial-harga-termurah-dekat-merr-upn-rungkut-hos41251653/,rumah123
Rumah Bagus Terawat Royal Residence 7M Ada Gazebo,6900000000,375.0,450.0,5,4,2,2.0,Unfurnished,1,1,"Wiyung, Surabaya",-7.31097,112.698067,https://www.rumah123.com/properti/surabaya-wiyung/rumah-bagus-terawat-royal-residence-7m-ada-gazebo-hos42097296/,rumah123
New Gress Rumah Sutorejo Prima Minimalis 1M,1990000000,90.0,160.0,4,3,2,1.0,Unfurnished,1,1,"Sutorejo, Surabaya",-7.26097,112.789757,https://www.rumah123.com/properti/surabaya-sutorejo/new-gress-rumah-sutorejo-prima-minimalis-1m-hos42216485/,rumah123
Rumah Raya Wiguna 1Lantai Harga Murah 2M,2000000000,180.0,100.0,3,2,1,,Unfurnished,0,1,"Gununganyar, Surabaya",-7.33182,112.80822,https://www.rumah123.com/properti/surabaya-gununganyar/rumah-raya-wiguna-1lantai-harga-murah-2m-hos42216659/,rumah123
Jual Rumah 2Lantai Greenlake Wonorejo Sudah Galvalum,745000000,78.0,100.0,3,2,2,2.0,Semi Furnished,1,0,"Wonorejo, Surabaya",-7.271274,112.731598,https://www.rumah123.com/properti/surabaya-wonorejo/jual-rumah-2lantai-greenlake-wonorejo-sudah-galvalum-hos42268791/,rumah123
Jual Rumah Wisata Bukit Mas Lebar10 Semi Furnish,2900000000,200.0,250.0,5,3,2,2.0,Unfurnished,1,0,"Wisata Bukit Mas, Surabaya",-7.308962,112.667053,https://www.rumah123.com/properti/surabaya-wisata-bukit-mas/jual-rumah-wisata-bukit-mas-lebar10-semi-furnish-hos42268806/,rumah123
Dekat Hr Muhammad Komplek Oerum Bavarian Village Darmo Permai,3600000000,176.0,225.0,4,3,2,2.0,Semi Furnished,1,1,"Darmo permai, Surabaya",-7.28917,112.734,https://www.rumah123.com/properti/surabaya-darmo-permai/dekat-hr-muhammad-komplek-oerum-bavarian-village-darmo-permai-hos41696646/,rumah123
"Baru Dkt Pakuwoncity,Its Central Park Regency Mulyosari Doubleway",11000000000,400.0,500.0,5,3,2,2.0,Semi Furnished,1,1,"Mulyosari, Surabaya",-7.28917,112.734,https://www.rumah123.com/properti/surabaya-mulyosari/baru-dkt-pakuwoncityits-central-park-regency-mulyosari-doubleway-hos41679411/,rumah123
"Dekat Pakuwon City , Its ,Kertajaya Central Park Mulyosari",10000000000,400.0,385.0,6,4,1,2.0,Semi Furnished,0,0,"Mulyosari, Surabaya",-7.26556,112.796494,https://www.rumah123.com/properti/surabaya-mulyosari/dekat-pakuwon-city-its-kertajaya-central-park-mulyosari-hos41667264/,rumah123
"Terdpn Dkt Ry Row2,5 Mbl Rmh Baru Mulyosari Utara Dpn Kampus Uwk",1850000000,82.0,130.0,4,3,2,1.0,Unfurnished,1,1,"Mulyosari, Surabaya",-7.26556,112.79649,https://www.rumah123.com/properti/surabaya-mulyosari/terdpn-dkt-ry-row25-mbl-rmh-baru-mulyosari-utara-dpn-kampus-uwk-hos18373539/,rumah123
"Dekat Pakuwon City , Rumah Baru Sutorejo Prima Indah Hmilik",1990000000,90.0,160.0,4,3,1,1.0,Unfurnished,1,1,"Mulyosari, Surabaya",-7.28917,112.734,https://www.rumah123.com/properti/surabaya-mulyosari/dekat-pakuwon-city-rumah-baru-sutorejo-prima-indah-hmilik-hos42145138/,rumah123
Dekat East Coast Mall Pakuwon Mall Cluster Sorento,3700000000,126.0,210.0,4,3,2,1.0,Unfurnished,1,1,"Mulyosari, Surabaya",-7.28917,112.734,https://www.rumah123.com/properti/surabaya-mulyosari/dekat-east-coast-mall-pakuwon-mall-cluster-sorento-hos42159423/,rumah123
Row 10 Meter Terdepan Greenlake Wonorejo Dekat Merr Baru Hmilik,1350000000,126.0,150.0,3,3,2,1.0,Unfurnished,1,1,"Wonorejo, Surabaya",-7.28917,112.734,https://www.rumah123.com/properti/surabaya-wonorejo/row-10m-lokasi-terdepan-greenlake-wonorejo-dekat-merr-baru-hmilik-hos41166256/,rumah123
"Rumah Baru Nginden Intan Dkt Merr ,Unitomo Untag",1970000000,144.0,200.0,4,3,1,,Unfurnished,1,1,"Nginden, Surabaya",-7.28917,112.734,https://www.rumah123.com/properti/surabaya-nginden/rumah-baru-nginden-intan-dkt-merr-unitomo-untag-hos42273721/,rumah123
Prime Location Pusat Kota Dkt Ry Darmo Jl Tumapel Hitung Tanah,12000000000,450.0,250.0,3,2,1,2.0,Unfurnished,0,0,"Raya Darmo, Surabaya",-7.2879,112.73926,https://www.rumah123.com/properti/surabaya-raya-darmo/prime-location-pusat-kota-dkt-ry-darmo-jl-tumapel-hitung-tanah-hos39052140/,rumah123
"Hrg Bgs Dkt Merr , Universitas Hang Tuah Araya Galaxy Bumi Permai",2500000000,135.0,184.0,3.0,3.0,2,1.0,Semi Furnished,1,1,"Sukolilo, Surabaya",-7.28917,112.734,https://www.rumah123.com/properti/surabaya-sukolilo/hrg-bgs-dkt-merr-universitas-hang-tuah-araya-galaxy-bumi-permai-hos40242950/,rumah123
"Baru Gress Sisa 1 Unit Dkt Merr,Galaxymall Klampis Anom Wisma Multi",1690000000,75.0,112.0,3.0,3.0,2,,Unfurnished,1,1,"Sukolilo, Surabaya",-7.28917,112.734,https://www.rumah123.com/properti/surabaya-sukolilo/baru-gress-sisa-1-unit-dkt-merrgalaxymall-klampis-anom-wisma-multi-hos41145412/,rumah123
Rumah Minimalis Palm Spring Jambangan,4000000000,240.0,300.0,,,2,1.0,Unfurnished,0,0,"Jambangan, Surabaya",-7.31747,112.716637,https://www.rumah123.com/properti/surabaya-jambangan/rumah-minimalis-palm-spring-jambangan-hos42364055/,rumah123
Rumah Baru Gress American Style Manyar Indah Surabaya Timur,2470000000,109.0,173.0,4.0,4.0,2,2.0,Unfurnished,1,1,"Manyar, Surabaya",-7.29016,112.77136,https://www.rumah123.com/properti/surabaya-manyar/rumah-baru-gress-american-style-manyar-indah-surabaya-timur-hos41405094/,rumah123
Dkt Grand Kenjeran Msk Dr Kota Lama Annyeong Baru Babatan Pantai,2550000000,146.0,280.0,4.0,4.0,2,2.0,Semi Furnished,1,1,"Kenjeran, Surabaya",-7.28917,112.734,https://www.rumah123.com/properti/surabaya-kenjeran/dkt-grand-kenjeran-msk-dr-kota-lama-annyeong-baru-babatan-pantai-hos42302988/,rumah123
"Dkt Spbu Cland Jl Alternatif Ry Lidah Kulon Cck Utk Cafe, Bengkel",5980000000,520.0,200.0,2.0,2.0,1,4.0,Unfurnished,1,1,"Wiyung, Surabaya",-7.28917,112.734,https://www.rumah123.com/properti/surabaya-wiyung/dkt-spbu-cland-jl-alternatif-ry-lidah-kulon-cck-utk-cafe-bengkel-hos40546318/,rumah123
"Rumah Mewah 2,5 LT Hook Nginden Intan Dkt Merr,Untag ,Jemursari",7500000000,500.0,400.0,4.0,3.0,2,6.0,Furnished,1,1,"Nginden, Surabaya",-7.28917,112.734,https://www.rumah123.com/properti/surabaya-nginden/rumah-mewah-25-lt-hook-nginden-intan-dkt-merruntag-jemursari-hos42303051/,rumah123
Rumah Grand Island Zimbali Costa Semi Furnished,2100000000,60.0,72.0,3.0,2.0,2,1.0,Semi Furnished,0,0,"Surabaya Kota, Surabaya",-7.2771,112.717407,https://www.rumah123.com/properti/surabaya-surabaya-kota/rumah-grand-island-zimbali-costa-semi-furnished-hos40672392/,rumah123
"Row 20 Meter New Gress Nirwana , Dekat Merr, Iph ,Eksekutif",1800000000,84.0,128.0,4.0,3.0,2,1.0,Unfurnished,1,1,"Wonorejo, Surabaya",-7.28917,112.734,https://www.rumah123.com/properti/surabaya-wonorejo/row-20-meter-new-gress-nirwana-dekat-merr-iph-eksekutif-hos41202980/,rumah123
"Perumahan Ter Elite Di Sutorejo Prima Dktbits , Uwk Pakuwon City",2650000000,153.0,250.0,3.0,3.0,2,2.0,Semi Furnished,1,1,"Sutorejo, Surabaya",-7.28917,112.734,https://www.rumah123.com/properti/surabaya-sutorejo/perumahan-ter-elite-di-sutorejo-prima-dktbits-uwk-pakuwon-city-hos40611688/,rumah123
Rmh Hook Under Market Sutorejo Selatan Siap Huni Bagus Terawat,3500000000,252.0,400.0,4.0,3.0,2,2.0,Semi Furnished,1,1,"Sutorejo, Surabaya",-7.28917,112.734,https://www.rumah123.com/properti/surabaya-sutorejo/rmh-hook-under-market-sutorejo-selatan-siap-huni-bagus-terawat-hos40611744/,rumah123
Rumah Baru Dharmahusa Mas Lokasi Startegis Dekat dengan Its,2600000000,120.0,150.0,4.0,3.0,3,2.0,Semi Furnished,1,1,"Dharma Husada, Surabaya",-7.28917,112.734,https://www.rumah123.com/properti/surabaya-dharma-husada/rumah-baru-dharmahusa-mas-lokasi-startegis-dekat-dengan-its-hos40831167/,rumah123
Dijual Rumah 2 Lantai di Perumahan Villa Valencia Pakuwon Surabaya,2200000000,144.0,150.0,4.0,3.0,2,1.0,Unfurnished,1,1,"Pakuwon, Surabaya",-7.28917,112.734,https://www.rumah123.com/properti/surabaya-pakuwon/dijual-rumah-2-lantai-di-perumahan-villa-valencia-pakuwon-surabaya-hos12612351/,rumah123
"Cck Utk Kantor , Klinik, Homestay Imam Bonjol Pusat Kotastrategis",27000000000,682.0,700.0,6.0,7.0,2,4.0,Semi Furnished,1,1,"Surabaya Kota, Surabaya",-7.2771,112.71741,https://www.rumah123.com/properti/surabaya-surabaya-kota/cck-utk-kantor-klinik-homestay-imam-bonjol-pusat-kotastrategis-hos19388182/,rumah123
Rumah Baru Gress Modern Minimalis Sutorejo Surabaya Timur,4000000000,160.0,250.0,4.0,3.0,2,2.0,Unfurnished,1,1,"Mulyosari, Surabaya",-7.265063122770854,112.79346470114785,https://www.rumah123.com/properti/surabaya-mulyosari/rumah-baru-gress-modern-minimalis-sutorejo-surabaya-timur-hos40171861/,rumah123
Lokasi Bagus Citraland Cluster Distric Nine Furnish Hak Milik,4350000000,126.0,136.0,3.0,3.0,2,2.0,Furnished,1,1,"Citraland, Surabaya",-7.28917,112.734,https://www.rumah123.com/properti/surabaya-citraland/lokasi-bagus-citraland-cluster-distric-nine-furnish-hak-milik-hos42345524/,rumah123
"Rumah Kost Dkt Its, Uwk ,pakuwon City Central Park Mulyosari",5500000000,247.0,450.0,20.0,20.0,2,2.0,Furnished,1,1,"Mulyosari, Surabaya",-7.28917,112.734,https://www.rumah123.com/properti/surabaya-mulyosari/rumah-kost-dkt-its-uwk-pakuwon-city-central-park-mulyosari-hos40653081/,rumah123
"Row 3 Mbl Rmh Dekat Pusat Kota, Manyar Jaya Prime Location",2100000000,90.0,120.0,3.0,3.0,2,1.0,Unfurnished,1,1,"Manyar, Surabaya",-7.28917,112.734,https://www.rumah123.com/properti/surabaya-manyar/row-3-mbl-rmh-dekat-pusat-kota-manyar-jaya-prime-location-hos41869976/,rumah123
Rumah Baru Bagus Murah Kualitas Premium di Jl Rungkut Asri Surabaya 2 Lantai SHM Barat,1500000000,90.0,180.0,3.0,3.0,2,2.0,Unfurnished,0,0,"Rungkut, Surabaya",-7.31434,112.80023,https://www.rumah123.com/properti/surabaya-rungkut/rumah-baru-bagus-murah-kualitas-premium-di-jl-rungkut-asri-surabaya-2-lantai-shm-barat-hos17640991/,rumah123
Rumah Second Rasa Baru Pakuwon City Grand Island Suvadiva,2350000000,72.0,98.0,3.0,2.0,2,2.0,Furnished,1,1,"Pakuwon City, Surabaya",-7.275407405569581,112.81281393364196,https://www.rumah123.com/properti/surabaya-pakuwon-city/rumah-second-rasa-baru-pakuwon-city-grand-island-suvadiva-hos42329643/,rumah123
Rumah Pakuwon Indah Dkt Vbr dan Larizwood Granda,6990000000,240.0,360.0,5,5,2.0,2.0,,1,1,"Pakuwon Indah, Surabaya",-7.291713868223852,112.66949516082974,https://www.rumah123.com/properti/surabaya-pakuwon-indah/rumah-pakuwon-indah-dkt-vbr-dan-larizwood-granda-hos42323652/,rumah123
Rumah Pakuwon City Grand Island,7500000000,264.0,300.0,4,4,2.0,2.0,Semi Furnished,1,1,"Pakuwon City, Surabaya",-7.275407405569581,112.81281393364196,https://www.rumah123.com/properti/surabaya-pakuwon-city/rumah-pakuwon-city-grand-island-hos42323584/,rumah123
"Rumah Lebar 12 di Semalang Indah, Siap Huni",2750000000,192.0,190.0,3,2,2.0,2.0,Unfurnished,1,1,"Sukolilo, Surabaya",-7.28813,112.8029,https://www.rumah123.com/properti/surabaya-sukolilo/rumah-lebar-12-di-semalang-indah-siap-huni-hos42331011/,rumah123
Rumah 2 Lantai Siap Huni di Gunung Anyar dengan 3 Kamar,700000000,50.0,55.0,3,3,2.0,1.0,Unfurnished,0,0,"Gununganyar, Surabaya",-7.33182,112.80822,https://www.rumah123.com/properti/surabaya-gununganyar/rumah-2-lantai-siap-huni-di-gunung-anyar-dengan-3-kamar-hos42342593/,rumah123
Rumah Baru Mezanine dengan 3 Kamar Tidur Siap Huni Sertifikat SHM di Gunung Anyar,890000000,100.0,60.0,3,1,1.0,1.0,Unfurnished,0,1,"Gununganyar, Surabaya",-7.33182,112.80822,https://www.rumah123.com/properti/surabaya-gununganyar/rumah-baru-mezanine-dengan-3-kamar-tidur-siap-huni-sertifikat-shm-di-gunung-anyar-hos42343977/,rumah123
"Dijual Rumah Hook 2 Lantai dengan Taman yang Luas, Siap Huni di Klampis",2200000000,175.0,117.0,3,2,2.0,2.0,Unfurnished,1,1,"Sukolilo, Surabaya",-7.28813,112.8029,https://www.rumah123.com/properti/surabaya-sukolilo/dijual-rumah-hook-2-lantai-dengan-taman-yang-luas-siap-huni-di-klampis-hos42344045/,rumah123
Rumah Usaha Bagus & Strategis di Citraland Utama,7200000000,264.0,550.0,3,3,2.0,1.0,Semi Furnished,0,0,"Citraland, Surabaya",-7.309354,112.656548,https://www.rumah123.com/properti/surabaya-citraland/rumah-usaha-bagus-strategis-di-citraland-utama-hos42373985/,rumah123
"Row 4 Mobil Lokasi Dpn Margorejo Indah Dekat Jemursari,Ayani",7500000000,400.0,500.0,5,3,2.0,2.0,Semi Furnished,1,1,"Margorejo, Surabaya",-7.28917,112.734,https://www.rumah123.com/properti/surabaya-margorejo/row-4-mobil-lokasi-dpn-margorejo-indah-dekat-jemursariayani-hos41253336/,rumah123
"Termurah Hrg Terbaik Dkt Merr Rungkut Harapan 1,5Lantai,",2000000000,200.0,240.0,3,3,2.0,1.0,Semi Furnished,1,1,"Rungkut Industri, Surabaya",-7.28917,112.734,https://www.rumah123.com/properti/surabaya-rungkut-industri/termurah-hrg-terbaik-dkt-merr-rungkut-harapan-15lantai-hos40663255/,rumah123
RUMAH MEZANINE   DI SURABAYA TIMUR,454000000,27.0,28.0,1,1,1.0,1.0,Unfurnished,1,1,"Wonorejo, Surabaya",-7.271274,-7.271274,https://www.rumah123.com/properti/surabaya-wonorejo/rumah-mezanine-di-surabaya-timur-hos19332864/,rumah123
Rumah di Wisata Semanggi Mangrove di Surabaya Selatan Lokasi Strategis,750000000,72.0,40.0,2,1,1.0,1.0,Unfurnished,1,1,"Wonorejo, Surabaya",,,https://www.rumah123.com/properti/surabaya-wonorejo/rumah-di-wisata-semanggi-mangrove-di-surabaya-selatan-lokasi-strategis-hos18339244/,rumah123
"Dijual Murah Rumah Royal Residence Greenwich Paddington Town House (Hook) , Wiyung , Surabaya Barat",2750000000,96.0,125.0,4,3,2.0,,Semi Furnished,0,0,"Wiyung, Surabaya",-7.31097,112.698067,https://www.rumah123.com/properti/surabaya-wiyung/dijual-murah-rumah-royal-residence-greenwich-paddington-town-house-hook-wiyung-surabaya-barat-hos42376790/,rumah123
Dijual Rumah Simpang Darmo Permai Selatan Surabaya 2 Lantai,3500000000,231.0,130.0,3,2,2.0,,Semi Furnished,1,0,"Dukuh Pakis, Surabaya",-7.29503,112.710739,https://www.rumah123.com/properti/surabaya-dukuh-pakis/rumah-simpang-darmo-permai-selatan-surabaya-2-lantai-hos42295321/,rumah123
Rumah Baru Gress Modern Minimalis Manyar Jaya Surabaya Timur,3700000000,160.0,210.0,4,3,2.0,2.0,,1,1,"Manyar, Surabaya",-7.297935,112.769945,https://www.rumah123.com/properti/surabaya-manyar/rumah-baru-gress-modern-minimalis-manyar-jaya-surabaya-timur-hos41181422/,rumah123
Rumah Baru Gress Baruk Utara Surabaya Selatan,2300000000,115.0,180.0,4,3,1.0,2.0,Unfurnished,1,1,"Rungkut, Surabaya",-7.314255,112.777645,https://www.rumah123.com/properti/surabaya-rungkut/rumah-baru-gress-baruk-utara-surabaya-selatan-hos40174442/,rumah123
Rumah Didukuh Kupang dengan Taman dan Teras yang Asri Lokasi Strategis,2500000000,180.0,175.0,4,4,1.0,1.0,Unfurnished,1,1,"Dukuh Kupang, Surabaya",,,https://www.rumah123.com/properti/surabaya-dukuh-kupang/rumah-didukuh-kupang-dengan-taman-dan-teras-yang-asri-lokasi-strategis-hos17585470/,rumah123
"Rumah Mezanine dengan 1 Kamar Tidur di Surabaya Timur Asli Bukan Timur Surabaya Fasilitas Lengkap Harga Terjangkau Free All Biaya, Subsidi KPR 25 Juta, Legalitas SHM, Utj 5 Juta Dekat dengan Fasilitas Umum.universitas. Rumah Sakit",399000000,27.0,28.0,1,1,,1.0,Unfurnished,1,1,"Wonorejo, Surabaya",-7.28917,112.734,https://www.rumah123.com/properti/surabaya-wonorejo/rumah-mezanine-dengan-1-kamar-tidur-di-surabaya-timur-asli-bukan-timur-surabaya-fasilitas-lengkap-harga-terjangkau-free-hos17592962/,rumah123
RUMAH SEMI TOKO DI KARAH BIBIS,1400000000,119.0,270.0,1,1,2.0,1.0,Unfurnished,0,0,"Jambangan, Surabaya",,,https://www.rumah123.com/properti/surabaya-jambangan/rumah-semi-toko-di-karah-bibis-hos17585436/,rumah123
RUMAH COCOK UNTUK USAHA DI WIGUNA,1700000000,180.0,140.0,5,2,,1.0,Unfurnished,1,1,"Gununganyar, Surabaya",,,https://www.rumah123.com/properti/surabaya-gununganyar/rumah-cocok-untuk-usaha-di-wiguna-hos17585439/,rumah123
RUMAH 2 LANTAI MEWAH   POJOK ( HOOK) DI KARAH INDAH,5500000000,300.0,500.0,4,3,2.0,1.0,Furnished,1,1,"Ketintang, Surabaya",,,https://www.rumah123.com/properti/surabaya-ketintang/rumah-2-lantai-mewah-pojok-hook-di-karah-indah-hos17585452/,rumah123
Dijual Rumah Baru 2 Lantai di Kutisari Indah Wonocolo Winocolo Surabaya,1050000000,67.0,82.0,3,2,2.0,2.0,Unfurnished,0,0,"Wonocolo, Surabaya",-7.3273,112.737198,https://www.rumah123.com/properti/surabaya-wonocolo/dijual-rumah-baru-2-lantai-di-kutisari-indah-wonocolo-winocolo-surabaya-hos42208501/,rumah123
"Rumah Eksklusif Woodland Citraland, Modern, Semi Furnish & Elegan",3000000000,135.0,252.0,4,3,2.0,1.0,Semi Furnished,0,0,"Citraland, Surabaya",-7.3093542,112.6565456,https://www.rumah123.com/properti/surabaya-citraland/rumah-eksklusif-woodland-citraland-modern-semi-furnish-elegan-hos42322362/,rumah123
Dijual Rumah Prima Kebraon Perumahan Pondok Maritim Surabaya,1000000000,105.0,105.0,4,4,2.0,,,0,0,"Kebraon, Surabaya",-7.3305,112.704071,https://www.rumah123.com/properti/surabaya-kebraon/dijual-rumah-prima-kebraon-perumahan-pondok-maritim-surabaya-hos41831811/,rumah123
Rumah Lokasi Strategis Dekat Kampus Upn Rungkut Surabaya,614000000,72.0,48.0,2,2,2.0,1.0,Unfurnished,1,1,"Rungkut, Surabaya",-7.28917,112.734,https://www.rumah123.com/properti/surabaya-rungkut/rumah-lokasi-strategis-dekat-kampus-upn-rungkut-surabaya-hos40858333/,rumah123
Harga Dibawah Pasaran Rumah Kost Dekat Kampus Petra Surabaya,1075000000,45.0,75.0,2,2,2.0,1.0,Semi Furnished,1,1,"Jemursari, Surabaya",-7.32427978515625,112.74172973632812,https://www.rumah123.com/properti/surabaya-jemursari/harga-dibawah-pasaran-rumah-kost-dekat-kampus-petra-surabaya-hos15752516/,rumah123
Termurah Rumah Ex Kantor Murah di Darmo Indah,1500000000,198.0,200.0,1,1,2.0,,Unfurnished,1,0,"Tandes, Surabaya",-7.25834,112.67898,https://www.rumah123.com/properti/surabaya-tandes/termurah-rumah-ex-kantor-murah-di-darmo-indah-hos42334229/,rumah123
Rumah Murah Lokasi Tengah Kota Surabaya Dekat Rsud Eka Candrarini,590000000,50.0,41.0,3,1,2.0,1.0,Unfurnished,0,0,"Rungkut, Surabaya",-7.28917,112.734,https://www.rumah123.com/properti/surabaya-rungkut/rumah-murah-lokasi-tengah-kota-surabaya-dekat-rsud-eka-candrarini-hos40946755/,rumah123
Beli Rumah Gratis Motor Dekat Pakuwon Citraland Barat Surabaya,364000000,60.0,34.0,2,1,1.0,1.0,Furnished,1,1,"Menganti, Surabaya",-7.294023,112.587967,https://www.rumah123.com/properti/surabaya-menganti/beli-rumah-gratis-motor-dekat-pakuwon-citraland-barat-surabaya-hos40835660/,rumah123
Rumah Siap Huni di Rungkut Dekat Galaxy Mall dan Merr Surabay,800000000,78.0,78.0,2,1,1.0,1.0,Unfurnished,1,1,"Rungkut, Surabaya",-7.28917,112.734,https://www.rumah123.com/properti/surabaya-rungkut/rumah-siap-huni-di-rungkut-dekat-galaxy-mall-dan-merr-surabay-hos40835478/,rumah123
Rumah Murah Harga Dibawah Pasaran Rungkut dan Kampus Upn Surabaya,499000000,72.0,40.0,2,1,1.0,1.0,Unfurnished,1,1,"Rungkut, Surabaya",-7.31434,112.80023,https://www.rumah123.com/properti/surabaya-rungkut/rumah-murah-harga-dibawah-pasaran-rungkut-dan-kampus-upn-surabaya-hos39506123/,rumah123
Rumah Lokasi Wiyung Surabaya Barat Dekat Pakuwon dan Citraland,750000000,50.0,33.0,2,1,1.0,1.0,Unfurnished,1,1,"Wiyung, Surabaya",-7.310969829559326,112.69806671142578,https://www.rumah123.com/properti/surabaya-wiyung/rumah-surabaya-selatan-dekat-royal-plaza-masjid-agung-hos17777235/,rumah123
"Rumah Hunian Baru Elite di Rungkut, Dekat Mall Transmart Surabaya",2650000000,162.0,250.0,4,3,2.0,,Unfurnished,0,0,"Rungkut, Surabaya",-7.31434,112.800232,https://www.rumah123.com/properti/surabaya-rungkut/rumah-hunian-baru-elite-di-rungkut-dekat-mall-transmart-surabaya-hos41241127/,rumah123
Kavling Rumah Tumbuh Pondok Maritim Wiyung Surabaya Shm,650000000,95.0,36.0,2,1,1.0,1.0,Unfurnished,1,1,"Wiyung, Surabaya",-7.28917,112.734,https://www.rumah123.com/properti/surabaya-wiyung/kavling-rumah-tumbuh-pondok-maritim-wiyung-surabaya-shm-hos40249225/,rumah123
Rumah Murah Dekat Pintul Toll Taman Jivva Kebraon2 Free Biaya,600000000,50.0,45.0,2,2,1.0,1.0,Unfurnished,1,1,"Kebraon, Surabaya",-7.3305,112.70407,https://www.rumah123.com/properti/surabaya-kebraon/rumah-murah-dekat-pintul-toll-taman-jivva-kebraon2-free-biaya-hos19163579/,rumah123
"Royal residence wiyung surabaya, DP 25jt langsng huni free biaya2",700000000,60.0,80.0,3,3,,2.0,Unfurnished,0,1,"Wiyung, Surabaya",,,https://www.rumah123.com/properti/surabaya-wiyung/royal-residence-wiyung-surabaya-dp-25jt-langsng-huni-free-biaya2-hos14771006/,rumah123
Rumah Minimalis Modern Royal Residence 2 Lantai,2800000000,144.0,152.0,4,4,2.0,1.0,Semi Furnished,1,1,"Surabaya Kota, Surabaya",-7.2771,112.717407,https://www.rumah123.com/properti/surabaya-surabaya-kota/rumah-minimalis-modern-royal-residence-2-lantai-hos41430627/,rumah123
Dijual Rumah Murah Medayu Utara Surabaya Timur,650000000,77.0,47.0,2,1,1.0,1.0,Unfurnished,0,0,"Surabaya Kota, Surabaya",-7.2771,112.717407,https://www.rumah123.com/properti/surabaya-surabaya-kota/dijual-rumah-murah-medayu-utara-surabaya-timur-hos41119160/,rumah123
Rumah kecil tengah kota,650000000,54.0,55.0,2,1,1.0,,Unfurnished,0,0,"Gubeng, Surabaya",,,https://www.rumah123.com/properti/surabaya-gubeng/rumah-kecil-tengah-kota-hos4922631/,rumah123
Rumah Dijual Graha Family Dekat Kota,23500000000,731.0,1000.0,5,5,2.0,4.0,Unfurnished,1,1,"Surabaya Kota, Surabaya",-7.2771,112.717407,https://www.rumah123.com/properti/surabaya-surabaya-kota/rumah-dijual-graha-family-dekat-kota-hos41184226/,rumah123
Rumah Dijual 1 1/2 Lantai Dekat Jalan Raya Merr,1450000000,88.0,84.0,2,1,1.0,1.0,Semi Furnished,1,0,"Surabaya Kota, Surabaya",-7.2771,112.717407,https://www.rumah123.com/properti/surabaya-surabaya-kota/rumah-dijual-1-12-lantai-dekat-jalan-raya-merr-hos41185826/,rumah123
"Rumah Dijual 1,5 Lantai Ploso",525000000,50.0,80.0,3,1,1,1.0,Unfurnished,1,1,"Surabaya Kota, Surabaya",-7.2771,112.717407,https://www.rumah123.com/properti/surabaya-surabaya-kota/rumah-dijual-15-lantai-ploso-hos41192743/,rumah123
"Rumah Baruk Utara Baru Gress Minimalis, Dekat Raya Merr, Row Jalan Lebar, Serah Terima Agustus 2026",2600000000,120.0,150.0,5,5,2,2.0,Unfurnished,0,0,"Rungkut, Surabaya",-7.31434,112.800232,https://www.rumah123.com/properti/surabaya-rungkut/rumah-baruk-utara-baru-gress-minimalis-dekat-raya-merr-row-jalan-lebar-serah-terima-agustus-2026-hos41953991/,rumah123
Rumah Dijual 2 Lantai Strategis Puri Galaxi,2900000000,112.0,121.0,4,4,1,2.0,Furnished,1,1,"Surabaya Kota, Surabaya",-7.2771,112.717407,https://www.rumah123.com/properti/surabaya-surabaya-kota/rumah-dijual-2-lantai-strategis-puri-galaxi-hos41206878/,rumah123
"Rumah Baru Gress Minimalis Cluster Florence Pakuwon City, Selangkah Sekolah Islam Al Azhar",2600000000,140.0,104.0,5,4,2,,Unfurnished,0,0,"Pakuwon City, Surabaya",-7.28917,112.67556,https://www.rumah123.com/properti/surabaya-pakuwon-city/rumah-baru-gress-minimalis-cluster-florence-pakuwon-city-selangkah-sekolah-islam-al-azhar-hos42309833/,rumah123
Rumah Dijual Bu 2Lantai Wisata Bukit Mas Dekat Mall,2500000000,160.0,134.0,5,3,2,1.0,Unfurnished,1,1,"Surabaya Kota, Surabaya",-7.2771,112.717407,https://www.rumah123.com/properti/surabaya-surabaya-kota/rumah-dijual-bu-2lantai-wisata-bukit-mas-dekat-mall-hos41209843/,rumah123
Dijual Rumah Araya Strategis Dekat Jalan Raya Merr,7350000000,375.0,500.0,6,4,2,1.0,Unfurnished,1,1,"Surabaya Kota, Surabaya",-7.2771,112.717407,https://www.rumah123.com/properti/surabaya-surabaya-kota/dijual-rumah-araya-strategis-dekat-jalan-raya-merr-hos41228516/,rumah123
Rumah 2 Lantai Full Furnish Strategis Dekat Kampus,6500000000,299.0,399.0,5,4,2,1.0,Furnished,1,1,"Surabaya Kota, Surabaya",-7.2771,112.717407,https://www.rumah123.com/properti/surabaya-surabaya-kota/rumah-2-lantai-full-furnish-strategis-dekat-kampus-hos41249343/,rumah123
Rumah Siap Huni Dekat Pakuwon Mall,2300000000,96.0,96.0,3,2,1,1.0,Unfurnished,0,0,"Pakuwon Indah, Surabaya",-7.28921,112.674469,https://www.rumah123.com/properti/surabaya-pakuwon-indah/rumah-siap-huni-dekat-pakuwon-mall-hos40104007/,rumah123
Soho siap pakai,3990000000,106.0,224.0,3,2,3,2.0,Unfurnished,0,0,"Sambikerep, Surabaya",-7.27993,112.65465,https://www.rumah123.com/properti/surabaya-sambikerep/soho-siap-pakai-hos9594371/,rumah123
Dijual Rumah Lux & Semi Furnish di Forest Mansion Cluster - Blossom Dekat Ptc,2400000000,136.0,180.0,5,3,2,1.0,Semi Furnished,0,0,"Wiyung, Surabaya",-7.31097,112.698067,https://www.rumah123.com/properti/surabaya-wiyung/dijual-rumah-lux-semi-furnish-di-forest-mansion-cluster-blossom-dekat-ptc-hos42375716/,rumah123
Rumah Baru Gress Wisma Mukti Surabaya Timur,2200000000,100.0,150.0,4,3,2,2.0,Unfurnished,1,1,"Manyar, Surabaya",-7.295866,112.779809,https://www.rumah123.com/properti/surabaya-manyar/rumah-baru-gress-wisma-mukti-surabaya-timur-hos41136797/,rumah123
New Rumah 2Lt Dekat Dharmahusada Full Interior Elektronik Mewah,2750000000,100.0,175.0,3,3,2,,Furnished,1,0,"Dharma Husada, Surabaya",-7.2666095,112.7681843,https://www.rumah123.com/properti/surabaya-dharma-husada/new-rumah-2lt-dekat-dharmahusada-full-interior-elektronik-mewah-hos42370025/,rumah123
Dijual Rumah Wisata Bukit Mas De Louvre Wiyung Lt240m 5Kt,4900000000,240.0,360.0,5,4,2,,Unfurnished,0,0,"Wiyung, Surabaya",-7.31097,-7.31097,https://www.rumah123.com/properti/surabaya-wiyung/dijual-rumah-wisata-bukit-mas-de-louvre-wiyung-lt240m-5kt-hos42314588/,rumah123
Dijual Rumah Baru Gress Bukit Palma Citraland 2Lt 4Kt Modern Minimalis Siap Huni Dekat Universitas Ciputra Surabaya Barat,2000000000,120.0,170.0,4,4,2,,Unfurnished,0,0,"Citraland, Surabaya",-7.309354,-7.309354,https://www.rumah123.com/properti/surabaya-citraland/dijual-rumah-baru-gress-bukit-palma-citraland-2lt-4kt-modern-minimalis-hos40922901/,rumah123
"Jual Rumah Surabaya Kota , Mepet Plaza Marina N Uinsa",2200000000,209.0,180.0,4,3,1,1.0,Semi Furnished,0,0,"Surabaya Kota, Surabaya",-7.2771,112.717407,https://www.rumah123.com/properti/surabaya-surabaya-kota/jual-rumah-surabaya-kota-mepet-plaza-marina-n-uinsa-hos42359516/,rumah123
Jual Rumah Free Furniture Kompleks Elit Wisata Bukit Mas,3800000000,160.0,179.0,4,3,2,1.0,Furnished,0,0,"Surabaya Kota, Surabaya",-7.2771,112.717407,https://www.rumah123.com/properti/surabaya-surabaya-kota/jual-rumah-free-furniture-kompleks-elit-wisata-bukit-mas-hos42374389/,rumah123
Jual Rumah Ala American Classic Gres Mepet Galaxy Mall,2500000000,115.0,150.0,5,4,2,1.0,Semi Furnished,0,0,"Surabaya Kota, Surabaya",-7.2771,112.717407,https://www.rumah123.com/properti/surabaya-surabaya-kota/jual-rumah-ala-american-classic-gres-mepet-galaxy-mall-hos42372611/,rumah123
"Rumah Murah 1 Lantai, SHM, di Rungkut Mapan Tengah",3000000000,588.0,400.0,6,4,1,2.0,Unfurnished,0,0,"Rungkut, Surabaya",-7.31434,112.800232,https://www.rumah123.com/properti/surabaya-rungkut/rumah-murah-1-lantai-shm-di-rungkut-mapan-tengah-hos41048105/,rumah123
Dijual Rumah *villa Kalijudan Indah* Lebar Jalan 3 Mobil,7000000000,725.0,600.0,8,4,2,3.0,Unfurnished,0,0,"Mulyorejo, Surabaya",-7.27049,112.780548,https://www.rumah123.com/properti/surabaya-mulyorejo/dijual-rumah-villa-kalijudan-indah-lebar-jalan-3-mobil-hos40615809/,rumah123
Rumah Minimalis 2 Lantai SHM di Grand Harvest Wiyung 56339 89808,740000000,62.0,77.0,2,2,2,1.0,Unfurnished,0,0,"Wiyung, Surabaya",-7.31097,112.698067,https://www.rumah123.com/properti/surabaya-wiyung/rumah-minimalis-2-lantai-shm-di-grand-harvest-wiyung-56339-89808-hos41024520/,rumah123
Villa Bukit Permai Rumah Super Mewah Surabaya Barat,45000000000,3852.0,1800.0,6.0,7.0,3,8.0,Furnished,1,0,"Sambikerep, Surabaya",-7.27993,112.654648,https://www.rumah123.com/properti/surabaya-sambikerep/villa-bukit-permai-rumah-super-mewah-surabaya-barat-hos39954264/,rumah123
Rumah Kos Pesona Alam Gunung Anyar Surabaya.,2000000000,131.0,131.0,5.0,4.0,2,1.0,,0,0,"Gununganyar, Surabaya",-7.33182,112.80822,https://www.rumah123.com/properti/surabaya-gununganyar/rumah-kos-pesona-alam-gunung-anyar-surabaya-hos42321868/,rumah123
Rumah Minimalis Siap Huni Northwest Park Citraland Surabaya Barat,850000000,72.0,46.0,2.0,1.0,2,1.0,Unfurnished,0,0,"Citraland, Surabaya",-7.309354,112.656548,https://www.rumah123.com/properti/surabaya-citraland/rumah-minimalis-siap-huni-northwest-park-citraland-surabaya-barat-hos39659199/,rumah123
Rumah Baru Minimalis Mainroad Dalam Cluster Row 4Mobil Raya Eastwood Regency,7650000000,210.0,465.0,5.0,6.0,3,4.0,Unfurnished,0,0,"Citraland, Surabaya",-7.309354,112.656548,https://www.rumah123.com/properti/surabaya-citraland/rumah-baru-minimalis-mainroad-dalam-cluster-row-4mobil-raya-eastwood-regency-hos42178121/,rumah123
Rumah Modern Luxury Baru Gress Woodland Citraland Surabaya Barat,4700000000,162.0,250.0,5.0,6.0,2,2.0,Unfurnished,0,0,"Citraland, Surabaya",-7.309354,112.656548,https://www.rumah123.com/properti/surabaya-citraland/rumah-modern-luxury-baru-gress-woodland-citraland-surabaya-barat-hos41814222/,rumah123
Minimalis Citraland Surabaya Barat dekat supermal dan g walk,2300000000,160.0,160.0,,,1,,,0,0,"Citraland, Surabaya",-7.28917,112.734,https://www.rumah123.com/properti/surabaya-citraland/minimalis-citraland-surabaya-barat-dekat-supermal-dan-g-walk-hos11601602/,rumah123
Rumah New 3 Lantai Bukit Golf International Surabaya Barat,8250000000,300.0,726.0,5.0,5.0,3,2.0,Furnished,1,1,"Citraland, Surabaya",-7.28917,112.734,https://www.rumah123.com/properti/surabaya-citraland/rumah-new-3-lantai-bukit-golf-international-surabaya-barat-hos13686204/,rumah123
Murah Dijual Rumah Mewah Siap Huni Manyar Kertoarjo Dekat Bonnet,10500000000,510.0,800.0,5.0,5.0,2,2.0,Unfurnished,1,1,"Manyar, Surabaya",-7.28724,112.739052,https://www.rumah123.com/properti/surabaya-manyar/murah-dijual-rumah-mewah-siap-huni-manyar-kertoarjo-dekat-bonnet-hos41846159/,rumah123
Termurah Turun Harga Rumah Nginden Intan Barat Depan Rs Premier,3500000000,270.0,400.0,7.0,5.0,2,1.0,Semi Furnished,0,1,"Nginden, Surabaya",-7.29974,112.767357,https://www.rumah123.com/properti/surabaya-nginden/turun-harga-rumah-dijual-nginden-intan-barat-dpn-rs-premier-hos40963821/,rumah123
"Jual Cepat Rumah Lama 1,5 Lantai di Lebak Indah Surabaya",2200000000,180.0,160.0,3.0,2.0,1,1.0,Unfurnished,0,0,"Tambaksari, Surabaya",-7.25371,112.753212,https://www.rumah123.com/properti/surabaya-tambaksari/jual-cepat-rumah-lama-15-lantai-di-lebak-indah-surabaya-hos41532934/,rumah123
Rumah Baru Jual Murah Owner Rugi Banyak Lokasi Premium Grand Island Pakuwon City,1550000000,72.0,101.0,3.0,3.0,2,1.0,Unfurnished,0,0,"Pakuwon, Surabaya",-7.289141,112.67572,https://www.rumah123.com/properti/surabaya-pakuwon/rumah-baru-jual-murah-owner-rugi-banyak-lokasi-premium-grand-island-pakuwon-city-hos42364322/,rumah123
Rumah Compact Full Furnish di Pakuwon City Selangkah ke Mall,1500000000,78.0,60.0,1.0,1.0,1,1.0,Furnished,1,1,"Pakuwon City, Surabaya",-7.28917,112.67556,https://www.rumah123.com/properti/surabaya-pakuwon-city/rumah-compact-full-furnish-di-pakuwon-city-selangkah-ke-mall-hos38825332/,rumah123
Oasia Dian Istana Surabaya Barat,1700000000,46.0,103.0,3.0,3.0,3,1.0,Furnished,0,0,"Wiyung, Surabaya",-7.31097,112.69807,https://www.rumah123.com/properti/surabaya-wiyung/oasia-dian-istana-surabaya-barat-hos39107156/,rumah123
Citraland Dekat Pasar,1950000000,131.0,100.0,3.0,2.0,1,1.0,Unfurnished,0,0,"Surabaya Kota, Surabaya",-7.2771,112.717407,https://www.rumah123.com/properti/surabaya-surabaya-kota/citraland-dekat-pasar-hos39380522/,rumah123
Rumah Brand New Pakuwon City Minimalis 2.5 Lantai,6450000000,220.0,398.0,5.0,5.0,2,,Unfurnished,0,0,"Pakuwon City, Surabaya",-7.28917,-7.28917,https://www.rumah123.com/properti/surabaya-pakuwon-city/rumah-brand-new-pakuwon-city-minimalis-25-lantai-hos42223475/,rumah123
Dijual Rumah atau Ruko atau Gedung Komersil Lokasi Jalan Raya Menur Hitung Tanah dan Lokasi Strategis Row Jalan Besar bisa 1 Truk 4 Mobil atau Puluhan Motor,6700000000,623.0,900.0,8.0,10.0,4,3.0,Unfurnished,0,0,"Surabaya Kota, Surabaya",-7.2771,112.717407,https://www.rumah123.com/properti/surabaya-surabaya-kota/dijual-rumah-atau-ruko-atau-gedung-komersil-lokasi-jalan-raya-menur-hitung-tanah-dan-lokasi-strategis-row-jalan-besar-hos42374927/,rumah123
Dijual Rumah Pakuwon Indah Imperial Golf View Driving Range Konsep Villa Turun Harga 10M,39000000000,838.0,1000.0,5.0,5.0,2,2.0,Semi Furnished,1,1,"Surabaya Kota, Surabaya",-7.2771,112.717407,https://www.rumah123.com/properti/surabaya-surabaya-kota/dijual-rumah-pakuwon-indah-view-driving-range-konsep-villa-hos41772394/,rumah123
Dijual Rumah di Regency One Eastpoint Dekat Keputih Pakuwon City,1500000000,45.0,70.0,2.0,2.0,2,1.0,Unfurnished,1,0,"Mulyorejo, Surabaya",-7.27049,112.780548,https://www.rumah123.com/properti/surabaya-mulyorejo/dijual-rumah-di-regency-one-eastpoint-dekat-keputih-pakuwon-city-hos42326044/,rumah123
Dijual Rumah di Simpang Darmo Permai Selatan Surabaya Barat,975000000,90.0,60.0,2.0,2.0,1,1.0,Unfurnished,0,0,"Dukuh Pakis, Surabaya",-7.28917,112.734,https://www.rumah123.com/properti/surabaya-dukuh-pakis/dijual-rumah-di-simpang-darmo-permai-selatan-surabaya-barat-hos41815571/,rumah123
"Rumah Bagus SHM Satelit Sukomanunggal, Surabaya",1350000000,181.0,123.0,3.0,2.0,1,1.0,Unfurnished,0,0,"Sukomanunggal, Surabaya",-7.26548,112.698799,https://www.rumah123.com/properti/surabaya-sukomanunggal/rumah-bagus-shm-satelit-sukomanunggal-surabaya-hos40125657/,rumah123
rumah minimalis 2 lantai murah di royal residen wiyung 51 83449,1500000000,128.0,160.0,3,2,2,2.0,Unfurnished,0,0,"Wiyung, Surabaya",-7.3163705,112.6786133,https://www.rumah123.com/properti/surabaya-wiyung/rumah-minimalis-2-lantai-murah-di-royal-residen-wiyung-51-83449-hos19355960/,rumah123
Rumah Kos 2 Lantai Murah di Jeruk Lakarsantri Wiyung 83447,1400000000,465.0,800.0,20,20,2,,Unfurnished,1,0,"Lakarsantri, Surabaya",-7.30073,112.63566,https://www.rumah123.com/properti/surabaya-lakarsantri/rumah-kos-2-lantai-murah-di-jeruk-lakarsantri-wiyung-83447-hos19121328/,rumah123
Rumah dekat merr Purimas kuta paradise SHM Bagus,1700000000,128.0,84.0,3,1,1,,Unfurnished,0,0,"Rungkut, Surabaya",-7.31434,112.80023,https://www.rumah123.com/properti/surabaya-rungkut/rumah-dekat-merr-purimas-kuta-paradise-shm-bagus-hos16894123/,rumah123
"Rumah Bagus Murah Terawat di Graha Family, Surabaya",7000000000,345.0,500.0,4,3,2,2.0,Unfurnished,1,1,"Graha, Surabaya",-7.28917,112.734,https://www.rumah123.com/properti/surabaya-graha/rumah-bagus-murah-terawat-di-graha-family-surabaya-hos17889333/,rumah123
Rumah Komersial Gunung Sari Indah Raya Wiyung Surabaya 6097,2815000000,299.0,150.0,1,1,1,3.0,Unfurnished,1,1,"Karangpilang, Surabaya",-6.2,106.816666,https://www.rumah123.com/properti/surabaya-karangpilang/rumah-komersial-gunung-sari-indah-raya-wiyung-surabaya-6097-hos17272103/,rumah123
Rumah Baru Murah Kuwukan Lontar Surabaya dekat alam Galaxy,850000000,71.0,70.0,3,2,2,1.0,Unfurnished,0,0,"Sambikerep, Surabaya",-7.27993,112.65465,https://www.rumah123.com/properti/surabaya-sambikerep/rumah-baru-murah-kuwukan-lontar-surabaya-dekat-alam-galaxy-hos17714946/,rumah123
Rumah Termurah di Taman Pondok Indah Babatan Wiyung 9304,1350000000,171.0,130.0,2,1,1,1.0,Unfurnished,1,1,"Wiyung, Surabaya",-7.31097,112.69807,https://www.rumah123.com/properti/surabaya-wiyung/rumah-termurah-di-taman-pondok-indah-babatan-wiyung-9304-hos18176191/,rumah123
Dijual Rumah Siap Huni di Alam Galaxy Surabaya Barat,1250000000,90.0,90.0,2,2,2,1.0,Unfurnished,0,0,"Sambikerep, Surabaya",-7.28917,112.734,https://www.rumah123.com/properti/surabaya-sambikerep/dijual-rumah-siap-huni-di-alam-galaxy-surabaya-barat-hos42147245/,rumah123
Dijual Rumah Citraland Utama Komersial Mewah Strategis Siap Huni,9000000000,330.0,550.0,4,3,2,2.0,Semi Furnished,1,0,"Citraland, Surabaya",-7.309354,112.656548,https://www.rumah123.com/properti/surabaya-citraland/dijual-rumah-citraland-utama-komersial-mewah-strategis-siap-huni-hos42374379/,rumah123
Rumah Kost Murah Sudah Ada Penghuni Citraland Utama Dekat Uc,5490000000,240.0,510.0,27,19,3,6.0,Furnished,1,1,"Citraland, Surabaya",-7.309354,112.656548,https://www.rumah123.com/properti/surabaya-citraland/rumah-kost-murah-sudah-ada-penghuni-citraland-utama-dekat-uc-hos39228331/,rumah123
"Rumah Murah 2,5 Lt Baru Gres Kuwukan Sambikerep Alam galaxy",995000000,78.0,100.0,3,2,3,2.0,Unfurnished,1,0,"Sambikerep, Surabaya",-7.27993,112.65465,https://www.rumah123.com/properti/surabaya-sambikerep/rumah-murah-25-lt-baru-gres-kuwukan-sambikerep-alam-galaxy-hos17357091/,rumah123
Dijual Rumah 2 Lantai Daerah Sidosermo,1000000000,31.0,31.0,2,2,2,1.0,Semi Furnished,1,0,"Wonocolo, Surabaya",-7.3273,112.737198,https://www.rumah123.com/properti/surabaya-wonocolo/dijual-rumah-2-lantai-daerah-sidosermo-hos42275795/,rumah123
Rumah Mewah 2 Lantai di Rungkut Surabaya Model Kolonial Modern,3650000000,153.0,130.0,3,3,2,2.0,Unfurnished,1,1,"Rungkut, Surabaya",-7.31434,112.80023,https://www.rumah123.com/properti/surabaya-rungkut/rumah-mewah-2-lantai-di-rungkut-surabaya-model-kolonial-modern-hos16897357/,rumah123
Dijual Hitung Tanah Rumah Dharmahusada Indah Dekat Galaxy Mall,10000000000,600.0,400.0,4,3,1,2.0,Unfurnished,1,1,"Dharma Husada, Surabaya",-7.26661,112.768181,https://www.rumah123.com/properti/surabaya-dharma-husada/dijual-hitung-tanah-rumah-dharmahusada-indah-dekat-galaxy-mall-hos41236191/,rumah123
Dijual Rumah Baru Siap Huni Babatan Wiyung Shm Imb Lengkap,1350000000,70.0,140.0,3,3,2,2.0,Unfurnished,1,1,"Wiyung, Surabaya",-7.316135,112.682438,https://www.rumah123.com/properti/surabaya-wiyung/dijual-rumah-baru-siap-huni-babatan-wiyung-shm-imb-lengkap-hos40622375/,rumah123
Rumah Siap Huni Araya Tahap 1 Akses Mudah ke Merr Full Furnished,4650000000,189.0,300.0,4,3,2,2.0,Semi Furnished,0,1,"Surabaya Kota, Surabaya",-7.290337033155097,112.78615768976653,https://www.rumah123.com/properti/surabaya-surabaya-kota/rumah-siap-huni-araya-tahap-1-akses-mudah-ke-merr-full-furnished-hos41410392/,rumah123
"Rumah Bagus Murah Kendangsari Dekat Tenggilis, Jemursari",3900000000,386.0,480.0,6,5,2,4.0,Unfurnished,1,1,"Kendangsari, Surabaya",-7.32409,112.750252,https://www.rumah123.com/properti/surabaya-kendangsari/rumah-bagus-murah-kendangsari-dekat-tenggilis-jemursari-hos42374038/,rumah123
Dijual Rumah Siap Huni di Amerta Residence,890000000,84.0,65.0,2,1,1,1.0,Unfurnished,1,0,"Rungkut, Surabaya",-7.28917,112.734,https://www.rumah123.com/properti/surabaya-rungkut/dijual-rumah-siap-huni-di-amerta-residence-hos41036557/,rumah123
Dijual Rumah Usaha Raya Babatan Wiyung,3300000000,144.0,144.0,1,2,1,,Unfurnished,0,0,"Wiyung, Surabaya",-7.28917,112.734,https://www.rumah123.com/properti/surabaya-wiyung/dijual-rumah-usaha-diraya-babatan-wiyung-hos41132560/,rumah123
Dijual Rumah 1 Lantai Nirwana Eksekutif,1000000000,90.0,90.0,2.0,1.0,1,1.0,Unfurnished,1,0,"Rungkut, Surabaya",-7.28917,112.734,https://www.rumah123.com/properti/surabaya-rungkut/dijual-rumah-1-lantai-nirwana-eksekutif-hos41214362/,rumah123
Dijual Rumah 1 Lantai Citraland Utara,1800000000,144.0,60.0,2.0,1.0,1,,Unfurnished,0,1,"Citraland, Surabaya",-7.3093542,112.6565456,https://www.rumah123.com/properti/surabaya-citraland/dijual-rumah-1-lantai-citraland-utara-hos42168567/,rumah123
"Rumah Dijual Pinus Asri Lidah Harapan, Lakarsantri, Surabaya",1970000000,150.0,190.0,3.0,3.0,2,,,0,0,"Lakarsantri, Surabaya",-7.30073,112.63566,https://www.rumah123.com/properti/surabaya-lakarsantri/rumah-dijual-pinus-asri-lidah-harapan-lakarsantri-surabaya-hos42130363/,rumah123
"Rumah Dijual Tengger Kandangan, Benowo, Surabaya",1200000000,115.0,115.0,2.0,2.0,1,,,0,0,"Benowo, Surabaya",-7.23213,112.63014,https://www.rumah123.com/properti/surabaya-benowo/rumah-dijual-tengger-kandangan-benowo-surabaya-hos41315514/,rumah123
"Rumah Dijual Kencanasari Timur, Dukuh Pakis, Surabaya",1900000000,160.0,70.0,2.0,1.0,1,,,0,0,"Dukuh Pakis, Surabaya",-7.29503,112.71074,https://www.rumah123.com/properti/surabaya-dukuh-pakis/rumah-dijual-kencanasari-timur-dukuh-pakis-surabaya-hos41302568/,rumah123
"Rumah Dijual Taman Pradah Indah, Dukuh Pakis, Surabaya",3500000000,400.0,396.0,9.0,5.0,1,,,0,1,"Dukuh Pakis, Surabaya",-7.29503,112.71074,https://www.rumah123.com/properti/surabaya-dukuh-pakis/rumah-dijual-taman-pradah-indah-dukuh-pakis-surabaya-hos41934990/,rumah123
Rumah Dijual Griya Kebraon Surabaya,650000000,84.0,84.0,1.0,1.0,1,,,0,0,"Kebraon, Surabaya",-7.3305,112.70407,https://www.rumah123.com/properti/surabaya-kebraon/rumah-dijual-griya-kebraon-surabaya-hos41664961/,rumah123
"Rumah Dijual Kebraon Manis Utara, Surabaya",850000000,75.0,75.0,2.0,2.0,1,,,0,0,"Kebraon, Surabaya",-7.3305,112.70407,https://www.rumah123.com/properti/surabaya-kebraon/rumah-dijual-kebraon-manis-utara-surabaya-hos41302514/,rumah123
"Rumah Dijual Darmo Permai Timur, Surabaya",2000000000,135.0,135.0,4.0,1.0,1,,,0,0,"Darmo permai, Surabaya",-7.28567420000002,112.70133904550778,https://www.rumah123.com/properti/surabaya-darmo-permai/rumah-dijual-darmo-permai-timur-surabaya-hos41302635/,rumah123
"Rumah Dijual Simpang Darmo Permai Selatan, Surabaya",1500000000,90.0,60.0,3.0,1.0,1,,,0,0,"Darmo permai, Surabaya",-7.28567420000002,112.70133904550778,https://www.rumah123.com/properti/surabaya-darmo-permai/rumah-dijual-simpang-darmo-permai-selatan-surabaya-hos41736729/,rumah123
"Rumah Dijual Wiyung Indah, Surabaya",2500000000,161.0,161.0,4.0,3.0,2,,,0,0,"Wiyung, Surabaya",-7.31097,112.69807,https://www.rumah123.com/properti/surabaya-wiyung/rumah-dijual-wiyung-indah-surabaya-hos41920994/,rumah123
"Rumah Dijual Raya Menganti, Wiyung, Surabaya",11390000000,422.0,422.0,,,1,,,0,0,"Wiyung, Surabaya",-7.31097,112.69807,https://www.rumah123.com/properti/surabaya-wiyung/rumah-dijual-raya-menganti-wiyung-surabaya-hos42241113/,rumah123
Dijual Rumah Baru Gress di Citraland Cluster Eastwood Surabaya Barat,7650000000,210.0,465.0,4.0,5.0,3,,Unfurnished,0,0,"Citraland, Surabaya",-7.28917,112.734,https://www.rumah123.com/properti/surabaya-citraland/dijual-rumah-baru-gress-di-citraland-cluster-eastwood-surabaya-barat-hos42362786/,rumah123
Dijual Rumah Bagus SHM di Tenggilis Mejoyo,2300000000,232.0,250.0,4.0,4.0,2,2.0,Unfurnished,1,1,"Tenggilis Mejoyo, Surabaya",-7.31943,112.755386,https://www.rumah123.com/properti/surabaya-tenggilis-mejoyo/dijual-rumah-bagus-shm-di-tenggilis-mejoyo-hos40709577/,rumah123
"Full Furnished, Rumah, 2 Lantai, SHM Sby Selatan",4300000000,300.0,500.0,4.0,5.0,2,2.0,Furnished,1,1,"Ketintang, Surabaya",-7.31682,112.727997,https://www.rumah123.com/properti/surabaya-ketintang/full-furnished-rumah-2-lantai-shm-sby-selatan-hos41244004/,rumah123
Nginden Intan Timur,14000000000,960.0,1300.0,5.0,6.0,2,,Unfurnished,0,1,"Nginden, Surabaya",-7.29974,-7.29974,https://www.rumah123.com/properti/surabaya-nginden/nginden-intan-timur-hos42138754/,rumah123
Wisata Bukit Mas 2,2999999999,180.0,190.0,3.0,3.0,2,,Unfurnished,0,1,"Lakarsantri, Surabaya",-7.30073,-7.30073,https://www.rumah123.com/properti/surabaya-lakarsantri/wisata-bukit-mas-2-hos42150064/,rumah123
Dian Istana Oasia,1400000000,50.0,73.0,2.0,2.0,2,,Semi Furnished,0,1,"Wiyung, Surabaya",-7.31097,-7.31097,https://www.rumah123.com/properti/surabaya-wiyung/dian-istana-oasia-hos42150235/,rumah123
Crystal Golf Citraland,4000000000,280.0,200.0,4.0,2.0,2,,Unfurnished,1,1,"Lakarsantri, Surabaya",-7.30073,-7.30073,https://www.rumah123.com/properti/surabaya-lakarsantri/crystal-golf-citraland-hos42150257/,rumah123
Sutorejo Prima,1999999999,90.0,160.0,4.0,3.0,2,,Unfurnished,0,1,"Mulyorejo, Surabaya",-7.27049,-7.27049,https://www.rumah123.com/properti/surabaya-mulyorejo/sutorejo-prima-hos42150274/,rumah123
